ticker,ep_date,half,D1,D2,D3,D4,D5,D6,D7,D8,D9,D10,D11,D12,D13,D14,D15
ADEA,2026-03-09,holdout,0.029879854495124647,0.01859870080707815,0.03475929769934971,0.03914501149592764,0.08704037134954346,0.10212646654301238,0.09263480537930724,0.06110053832649276,0.0645492537839144,-0.019813108999046647,-0.043591835356263986,-0.0035420899575675513,0.012497279036318032,0.02200809231436529,0.059777583501359643
AHG,2026-03-09,discovery,0.3071890106987878,0.13112161210600948,0.1194903115017979,-0.03528408496653246,-5.435281176247031e-06,0.008936605290162047,-0.022128675325647995,-0.006631113910513298,0.022326009999274476,0.014886375023505316,0.008753189114961257,-0.018278288008379495,-0.07196792228996707,-0.0857843212619902,-0.07290634424496867
DNTH,2026-03-09,holdout,-0.08283250320162416,-0.0592833253453281,0.005414507418513015,0.01943162006555621,0.03732578113475704,0.021816631016169707,0.01648025020348698,0.05291953779975456,0.06566442338156186,0.037358683294315576,0.07271194141749038,0.0645836351818051,0.02640761255866675,0.014690010146353627,0.04183995963211995
HIMS,2026-03-09,discovery,0.073773676698204,-0.08345614713012373,0.02282137328420719,-0.09030543780415357,-0.07686417925215905,-0.11946394497401458,-0.09281427055731595,-0.11429479731082404,-0.0975650545836182,-0.12812698716704052,-0.022831095855407324,-0.04557908889677298,-0.09910333826495343,0.00984545518372637,-0.004780517218302638
XENE,2026-03-09,holdout,-0.0798229817383731,-0.04521186601391747,-0.03775174842372908,0.015465170865661348,0.016011898041190076,-0.006718401987233502,0.01604907889645768,0.0288198727076433,0.013953256159251248,0.05648423217157128,0.09370722432628087,0.022560296317586492,0.007122105791493416,0.00414446646320199,-0.005315315300817636
AHG,2026-03-10,discovery,0.13112161210600948,0.1194903115017979,-0.03528408496653246,-5.435281176247031e-06,0.008936605290162047,-0.022128675325647995,-0.006631113910513298,0.022326009999274476,0.014886375023505316,0.008753189114961257,-0.018278288008379495,-0.07196792228996707,-0.0857843212619902,-0.07290634424496867,-0.03508567228451631
FIGR,2026-03-10,discovery,-0.09351555195707095,-0.07527209145515701,-0.0015252402128564935,-0.04304907016379178,-0.007177668910950619,-0.06636760244504603,-0.012167371873567867,-0.07362035417937307,-0.03955874563649542,0.02540056146003722,0.05623446801596954,0.06381447433456566,0.0027612651104944597,-0.0411653316347218,-0.027984169714583285
NIO,2026-03-10,discovery,0.08601614800894164,0.07065976811179919,-0.052662933001217827,-0.014423167637039325,-0.012338000458826937,9.687981961725711e-05,-0.03373257705607202,0.0002265828624973265,-0.01754480640640599,0.05670396099073449,0.07506984359133229,0.11644474728056808,0.1359670183477053,0.07121836013701355,0.018571466840507478
STGW,2026-03-10,holdout,0.009189621837454864,-0.00017080151429971213,0.004534742203833653,0.06053644898584121,0.0427270549239942,0.008595701213126472,0.028735793596858294,0.022326009999274476,0.035719787001853076,0.02379683466248661,0.012145806358014544,-0.011848790295958977,0.011812639184280771,-0.035080521255989705,-0.0013157905554026517
AHG,2026-03-11,discovery,0.1194903115017979,-0.03528408496653246,-5.435281176247031e-06,0.008936605290162047,-0.022128675325647995,-0.006631113910513298,0.022326009999274476,0.014886375023505316,0.008753189114961257,-0.018278288008379495,-0.07196792228996707,-0.0857843212619902,-0.07290634424496867,-0.03508567228451631,-0.06351234612291379
PZZA,2026-03-11,discovery,-0.057600276488708135,-0.04397556268108915,-0.026376057924919483,-0.0007591846926484624,-0.028276497675982615,-0.009159470026373295,-0.054686475623551556,-0.012472967875534091,-0.05840518354271784,-0.006954274304021846,0.05534879662374381,0.07008271039542535,0.03437398342429443,0.051858175582860655,0.04525117079593288
FLY,2026-03-12,holdout,0.010064060646007733,0.023745788888328456,-0.008328369235771071,0.1941193610287254,0.18997752607686869,0.04321320313853627,0.01947658059074664,0.2040950566428812,0.08340807969807462,0.2116242444355021,0.43097972216707414,0.4628079765279547,0.2994816458656524,0.22478247465787415,0.10396325855990063
HIMX,2026-03-12,discovery,-0.1063165613601853,-0.07164750901128158,-0.0024449891564182202,0.024590854013791907,-0.048895569319409526,-0.03588120666175976,-0.102529089024885,-0.10133394363474946,-0.13179355708706986,-0.0669482890082147,0.054768972049147546,0.12399309788991819,0.1142767857037672,0.09609966077581156,0.12538170289700767
LWLG,2026-03-12,holdout,-0.08966513864880787,-0.008468655851625595,0.024893879795667484,0.294825805405902,0.13593096729186172,0.09174990830293861,-0.07373966331445425,-0.03918946707483406,-0.20131970264810262,-0.0396080460173972,0.047842398993769075,0.2027078501634041,0.15398499465862803,0.1962677387038292,0.34778140262143475
LXU,2026-03-12,holdout,0.003289668285196945,-0.003277903115242786,0.06890657681518642,0.06167290481707022,0.17529995606377768,0.13419500090775272,0.12927483892456104,-0.02811962633623566,-0.05262295895450286,-0.1333549501270349,-0.1189287523034156,-0.12867043338571005,-0.04886756550077642,-0.1347051772479646,-0.0957221270901698
APEI,2026-03-13,holdout,0.023113252494723402,0.02982532471660493,0.08465752434640283,0.07548602288055928,0.08448971990389642,0.0539212339469366,0.01680787060832567,-0.015360090034216678,-0.012469066182951405,-0.02065571882612871,-0.030906772326419363,-0.024879544447895086,-0.02686771095748086,-0.023370269923520537,-0.05958682923750547
ORKA,2026-03-13,discovery,0.01585184281379526,-0.007879560037402422,0.08074428883817497,0.19334041422203596,0.16547686367872216,0.13100368867702472,0.23367114907243813,0.15351257973241605,0.15603050844686983,0.22813694595869993,0.2881637682385436,0.2247485358617669,0.22350373598896311,0.08158327647451347,0.04764361238435466
VEON,2026-03-13,discovery,-0.009498248737853543,0.010146573334413267,-0.014490356567622542,-0.050905158984405174,-0.03545984749780451,-0.050216174519462586,-0.036265419890830985,-0.028543452489756538,0.004755285164498302,0.004294719229022803,0.021418590790908576,0.043249790131080657,0.04399099989595112,0.028512440075082912,0.046619638481982806
BCRX,2026-03-16,discovery,0.07511252046277583,0.03317057410791702,-0.0031896227593284365,-0.0158183088496463,5.463057183741071e-06,-0.010144783733178842,0.0002779487611583864,-0.07313417304425218,-0.02416879817229134,-0.028304285956632702,-0.01216078614619387,0.016720724792673725,0.023836269850276315,-0.04756933084940196,-0.045115181282051386
CTMX,2026-03-16,holdout,-0.19576575687205489,-0.03393943408442446,-0.05301925621079029,0.038056386327748215,0.024508982000237656,0.11283848782669703,0.08297431620861884,0.015025353525892404,-0.06572284150913765,-0.06806237107059288,-0.13521627722372787,-0.10782577819933226,-0.0733114041416425,-0.04350626870552765,0.0023567016499939086
DSGR,2026-03-16,holdout,0.06520330398469243,0.04212595987108647,-0.012610753552172116,0.0207911286102328,0.02646410754587336,0.008173476323632078,0.014481015847563117,0.007591309788547385,-0.021879849504093052,-0.00847533159528413,0.004354572287705194,-0.00483892605378311,-0.008983379002911462,0.0018341843774629663,-0.030883818286607356
AGRO,2026-03-17,holdout,0.08547300378769618,-0.029724540621846707,0.018073744414421,0.19189874721049582,0.07950897856508354,0.011249100980326054,0.08226813265638433,0.04267631139627959,-0.0575453844191971,-0.08940505365109519,-0.08957204807995856,-0.0912212330102895,-0.10307556789627437,-0.15126154340450781,-0.10267287520273483
ANDG,2026-03-18,holdout,-0.0665787275857852,-0.06692129484528864,-0.029931264357504594,0.02422044856019001,0.12246697126793638,0.12275206066394007,0.10879905462894057,0.06907027890228101,0.020822460447407654,-0.07908869012537723,-0.08389047867138155,-0.04054783784497218,0.03729325468901523,0.11127239994060201,0.1555775285984844
NEXT,2026-03-18,discovery,0.14179998578858022,0.13146655557384823,0.1522246619177452,0.06382229520722138,0.002405555665517034,-0.05345860643456146,-0.017033935521967303,0.04259509415617968,0.015358665189484144,-0.03424435856896424,-0.07552112423871715,-0.13509632585599396,-0.2056311044336121,-0.14926026994207953,-0.008228470745746064
RGC,2026-03-18,holdout,-0.037312998903642036,-0.03978581721348162,-0.039037310657270896,0.045494318379041054,0.39867892019301754,0.19594958950596997,0.16183865478214976,0.1510514884653329,0.09619485588842736,-0.20224107638838762,-0.10031638620397998,0.004501241585840976,0.027303749691512946,-0.003196645716744495,0.053207475042613916
ELVN,2026-03-19,discovery,0.35990785335477316,0.22332124064792547,0.26277491313108814,0.0660138363825814,-0.028356613983743673,-0.03634141561572668,0.13643810959077607,0.05568141462585441,0.16875348426526182,0.1311080621134948,0.0843444092730734,-0.014300601308457672,-0.011639254126635246,-0.03747318796803778,0.01640875278581344
FIVE,2026-03-19,holdout,-0.002737735467858049,-0.010614237621926703,-0.006946396806344346,0.007841054512666923,0.021271747403761587,0.01494812198764417,-0.012594202310809877,-0.04078467166047184,-0.07906863839791367,-0.11258450786211638,-0.09484464261190328,-0.08294553194757015,-0.056697784266660944,-0.032566841254329626,0.04174902357710719
TSEM,2026-03-19,holdout,0.0729890487987287,-0.042999800910682895,-0.025184287403465677,-0.006442585270909018,0.11570754976296027,0.06709619013995938,0.16043741706102077,0.12123042776315418,0.05188837077930386,-0.0067587276716234435,0.060138814715547495,0.06835984214321655,0.023271652228242568,0.021636181058129367,0.06713100634843205
TWO,2026-03-19,discovery,0.06994507881956513,0.02167230708406498,0.009629634174101787,0.0015222274431591076,-0.041210204772366144,-0.05789077464409598,-0.06894282161054699,-0.07887616951903476,-0.06771220558414914,-0.04502343957901367,-0.026701260209516686,-0.03883189382869334,-0.02263685083930156,-0.01740431110175744,-0.03607913415151054
VET,2026-03-19,discovery,0.023765859070190465,0.07943142016839344,0.035785039202535396,-0.022556616576573374,-0.0098768033351051,-0.05067669948146081,-0.012994169625087038,-0.09534968234411734,-0.07256114288898996,-0.10927436886010833,-0.10086983090522395,-0.15973399186489678,-0.09150959450570095,-0.030381775395553534,-0.1193470488360171
PL,2026-03-20,holdout,-0.1396202590858262,-0.11754964788904587,-0.12934451468043617,0.0907585643552502,0.09562813135712966,0.21790628169604287,0.2682206116311465,0.07697036198699836,-0.06975428784019044,-0.06122208894345671,-0.08871445881066808,-0.09394878940965457,0.13336249884695373,0.06473983289288099,0.05968840335409653
YSS,2026-03-20,discovery,-0.0573836516352082,0.04081357822597642,0.05176085231505423,0.3061449458467116,0.2581480856023419,0.2667667117771306,0.221241071791332,0.48819706076467506,0.1526956394135608,0.16410453445414608,0.19690563957826068,0.38427909530242976,0.03188170533894907,0.026875365965287168,0.10284452703281644
AAPG,2026-03-23,holdout,0.07379240360229677,0.17666836496516292,0.2662212128388073,0.15049589084338555,0.1374424338325433,0.07322206329176395,-0.05287105889409738,-0.10887108758023822,-0.1127402058218615,-0.11346449193477226,-0.015444027755060707,0.017469540577507825,0.03656777530010458,0.0027874289820337683,-0.015409543920163138
APGE,2026-03-23,holdout,0.1573615804827384,0.0751166109721676,0.058842100735231995,0.04036837158782869,0.01480765995531419,-0.051946332429930075,-0.01058478781611627,-0.013147114059814058,-0.008737409733430956,0.008862718821025517,0.039192040373403625,0.014589372294760539,0.02358419821375235,0.015221048768650602,0.013162317772742238
ARM,2026-03-25,holdout,-0.053405944855168364,-0.006981040521164772,0.0072604884624196675,-0.055137915038323104,-0.07166725410569241,-0.03723790089372547,0.017985420972668864,0.06721568400400946,0.03464338323991756,0.05169152692307466,0.07436577158087943,0.07821269883507442,0.07466013508566749,0.21754997801326104,0.2507799755116502
BRZE,2026-03-25,discovery,-0.0007757716254612745,-0.0337394115408276,-0.08994759172990163,-0.13011124516879935,-0.16063586629830695,-0.2349327515363404,-0.1499902198266383,-0.1374232172158374,0.023753455469459395,0.0739099147019715,0.1493642026421791,0.11841381854448008,0.14168142797767036,0.041506308793923585,-0.027604599503724625
CORT,2026-03-25,holdout,0.0861283114741882,0.04726197957098566,0.05053248366033758,-0.0007716205300447587,-0.031218655991273936,-0.04968099839479101,0.018742051649264013,-0.005723884932138601,0.013084590907427529,0.008483821822470095,0.05625428692862755,0.03723892555563624,0.018656633127431377,0.04471859376811582,0.015800662410728084
ELVN,2026-03-25,discovery,-0.028356613983743673,-0.03634141561572668,0.13643810959077607,0.05568141462585441,0.16875348426526182,0.1311080621134948,0.0843444092730734,-0.014300601308457672,-0.011639254126635246,-0.03747318796803778,0.01640875278581344,0.02589479518735671,0.00933594476426336,-0.0049524237737397225,-0.04165771541435881
GSAT,2026-03-25,holdout,0.2728336733312695,0.09330709504684576,0.15147806154252175,0.08835139805433023,0.029473565201193486,-0.0948239374391745,-0.03806812040280838,0.028601101945572083,0.04109285608812541,0.062363018024049977,0.04861349319093278,0.06951426243987191,-0.008346352941295487,-0.007420890189273166,0.006067015291661759
JBLU,2026-03-25,discovery,-0.01443158405660494,0.043764288995242984,0.06124987160876172,0.10079983183077146,0.04586609929075558,0.012641834970976484,0.0069065065820237415,0.1773119620815098,0.08761697795439938,0.08565761487675294,0.19324316811404452,0.1674485970751951,-0.03885245881873589,-0.11857489548261313,-0.05686408003397059
SRPT,2026-03-25,discovery,0.054845604882038046,0.10253837575595304,0.08383400906316063,-0.0330378376565581,-0.03313153084395659,-0.12427860931475843,-0.08553166294284964,-0.09375183687304556,-0.0431614339826113,-0.0796728170882317,-0.02768423202535053,-0.049949252997543936,-0.08021814086559098,-0.0662624836934077,-0.045104599211278185
CAR,2026-03-26,discovery,0.3929579073933258,0.8390732386073521,0.752437829848797,0.7091596817430768,0.5391190119316889,0.7038746907544584,0.5595547866351882,0.4789304925870863,0.4793206608271581,0.6013757516073943,0.6079570954763374,0.720937037977154,0.1056107348562978,-0.49932031268643895,-0.5922784973090578
KOD,2026-03-26,discovery,0.014879859904530779,0.19841387225357887,0.05706562842855334,-0.04816188128053289,0.025007943338388516,0.034407555740113116,0.025030449413411482,-0.031092645810882225,-0.0780235409711435,-0.003631782661256633,0.07406317927899408,0.009888358725200996,0.06036355438422536,0.10910535354744755,-0.006687373673414321
MDGL,2026-03-26,discovery,0.00625545365295177,-0.0301575306450399,-0.04657800193702766,-0.04810636098529697,-0.08591279779995709,-0.05661151804210984,-0.02786580890060053,-0.037649922656220025,-0.031112127070413553,-0.021270128472710814,-0.0302295830896131,-0.008709503783341566,0.0042618864349155405,-0.02114905558009894,-0.04224815719252051
NAVN,2026-03-26,holdout,-0.00723313419012106,-0.00391978160434836,-0.06213025813861439,-0.05030859195858839,-0.007057143492933626,0.03733791856396196,0.058099813421644386,0.07974801798986153,0.1394848634845296,0.16643138730006868,0.09653805680274496,0.10094890080633157,0.06359364360744313,0.04983040897255009,0.0305055299351491
PGEN,2026-03-26,discovery,0.10251517100482932,0.22457313507880294,0.025127852045373267,0.04886367052428042,0.01980682420168378,-0.04600675453586944,-0.08743774719604835,-0.08879688209733272,-0.10693096598068863,-0.08842268310529666,-0.04735742424267997,-0.013852482234846697,-0.0007168076298111892,-0.007145464480675656,0.03233742575414644
U,2026-03-27,holdout,0.0284484988129301,-0.02579801275191196,-0.05540983686536616,-0.08570097796926623,-0.004398588400560177,0.007424227702728992,0.10039251560083406,0.1701430934291681,0.15373638172104487,0.13062761126143818,0.07437019152481517,0.006068008536784575,-0.07215303588023436,-0.0018788121390787005,-0.004954731391098033
SGML,2026-03-30,discovery,0.13313777439470953,0.12295828985970148,-0.002627727656423051,0.15725025384027824,0.14749971141084406,0.22375793232028296,0.47565806379778186,0.2827925555811175,0.21429967060871546,0.1978721213688155,0.16501831040768566,-0.03576410739399427,-0.006872276563589241,-0.05428310921629376,-0.042748300630373604
AGIO,2026-03-31,holdout,-0.07479568009959348,-0.10080348475014678,-0.08864721783574536,-0.10500949866424436,-0.015262648946138047,0.028763815523652925,0.022282757809570786,-0.2163777439270752,-0.2243629471639741,-0.24048460908080094,-0.2725636734469161,-0.28480465052222703,-0.10662584582976731,-0.06748401369452173,0.049255214253073554
ALKS,2026-03-31,holdout,-0.04135931879319288,-0.07851058001479239,-0.05091664126288464,-0.027715268141052407,-0.07997751052083202,-0.06492188242454866,-0.010081605097074897,-0.018746740360375602,-0.024186066089542657,-0.0004481738105099886,-0.005531434293236881,-0.04068256207795806,-0.02370800194181788,0.007687978137418838,-0.0014094624515941234
MLTX,2026-03-31,holdout,0.13728912444139918,-0.001468562318152733,0.044161139631355706,0.046074464903928414,-0.0665816642435979,-0.1154516078374832,-0.023995302287316056,-0.062269052469347,-0.09691964497464012,-0.06049658688344117,-0.05801890446277913,-0.06860075876363914,-0.06723391368322051,-0.04332870527890231,-0.064980090837223
UNIT,2026-03-31,discovery,0.028283748105701223,0.013340102096148554,0.015077181698250675,-0.0024466364174571265,0.014981327275658707,0.004561580413983579,0.02772473222361782,0.06353842043761482,0.059407607979948596,0.05448680194387512,0.05270983219614078,0.02474349324023195,-0.019997839813653995,-0.030433025037612915,-0.0529293532689451
NCNO,2026-04-01,holdout,-0.015562827079436126,-0.054482420425355116,-0.08397890148600007,-0.016233137267170017,0.0013626547002845157,0.012726065428955158,0.058683221388850404,0.029650680830584752,-0.01776073798689215,-0.0824342122961631,-0.047604497333358586,-0.06845925091210159,-0.05633775398073326,-0.033207223717189205,0.016856674591105847
RGC,2026-04-01,holdout,-0.10031638620397998,0.004501241585840976,0.027303749691512946,-0.003196645716744495,0.053207475042613916,-0.05035819777772055,-0.16138089323330806,-0.0706442775572752,-0.033545170453094686,-0.0836058040869877,-0.0465090556560156,0.030044988592640598,0.012078901026346234,-0.01212829547670935,0.01773242534071362
RZLV,2026-04-01,discovery,-0.2707573106798634,-0.18312540530170507,-0.1541517061162666,-0.04603716126473645,0.03887663978964051,0.08930025498451455,0.05364523677380095,0.0015916110459190946,-0.012517181944811773,-0.053794799780164326,-0.03498072939047048,-0.0743183476417697,-0.052633553795708554,-0.12194877611520061,-0.025950139519510973
TH,2026-04-01,discovery,0.005756052486318941,0.018972068665333186,0.004809389255871155,0.00016599585309617915,-0.04742574057285065,-0.018874092744114,0.04805598936673716,0.08043519228246954,-0.032263072520338,-0.0553485508779995,-0.045108462510290104,-0.09302146329907024,-0.10892158610525882,-0.029267672434994396,0.024159737284888738
AKO-A,2026-04-02,discovery,-0.06439777262504975,-0.05258305022096721,-0.08123222251393514,-0.034602746551279484,-0.06484531477922695,0.0005880973878844564,0.017151928404826933,0.04940077653094188,0.05582507689188421,0.03176688096855096,-0.0026074420522481656,-0.0065729810957135815,-0.03740546411682888,-0.05908382666130363,-0.02792491791825158
GSAT,2026-04-02,holdout,-0.03806812040280838,0.028601101945572083,0.04109285608812541,0.062363018024049977,0.04861349319093278,0.06951426243987191,-0.008346352941295487,-0.007420890189273166,0.006067015291661759,0.017018379789783822,0.010062842388791848,0.0007659563907023159,0.003045059677848405,-0.0019870099437790945,-0.010743166045200314
KODK,2026-04-02,holdout,-0.0011986724651844582,0.04203350975751641,0.08544176640061729,0.012798760832403833,0.043349376581797605,0.05406033788056486,0.04425884088085574,0.027648549658512156,-0.010456548676398003,-0.037265940022440436,-0.059909235161109686,-0.02377561656203353,0.002473775925144306,0.02536992150237971,0.09578196797652483
PENG,2026-04-02,discovery,0.16152914547415764,0.193270887222468,0.1626119311709917,0.10980476904889414,0.11644508484903571,0.11961519161886836,0.07168409714589852,0.024653306135803854,0.04858277928132759,0.14236776293143505,0.024706856071552652,-0.0036450587041341187,0.03319986490543991,0.08700081325509545,0.008522542139860478
RLAY,2026-04-02,discovery,0.18446935894345318,0.04075649087542832,0.03214072194331119,0.04201051140079559,0.07666717061121875,0.04173612126581627,0.12513051688790222,0.049747557355528826,-0.0729918449808763,-0.1026064156664157,-0.09751555649740318,-0.23521315236988394,-0.23916350882895132,-0.15556477622926201,-0.1686847547368706
SBAC,2026-04-02,holdout,-0.004419595330956039,0.005903540213072267,-0.05601983084251405,-0.01688384544992738,-0.04787975172478398,-0.03219707213626033,-0.03668811909162306,-0.02702576077316976,-0.019417315293071558,-0.0217981056631803,-0.0336461139591725,0.010261464002576659,0.018879373064252913,-0.007125755955850854,-0.013453800787164516
VFS,2026-04-02,discovery,-0.08950936136022536,-0.028704744258864823,0.03746543838815364,0.0074193006779574855,-0.040380226941308495,0.017755699512036927,0.1359060642364489,0.08225926607819134,0.035346604874917587,0.030278435773507528,-0.04128480998327655,-0.15786728635640135,-0.13271636930552821,-0.0552279775791471,-0.03462796729028761
AEHR,2026-04-06,holdout,0.4267417541824652,0.12387917290768313,0.14213184389533096,0.14553229879961815,0.22505501021685137,0.24616371407385151,0.3135899193649261,0.17164637957814466,0.1383408625053657,-0.0276255923870099,-0.13127363352803556,-0.16023677963936067,-0.06623876914936078,-0.03900971360988148,-0.0364078601162694
FUBO,2026-04-06,holdout,-0.08395479752094948,0.05505756948033458,0.022827733958467267,0.07450467850146203,0.09905832704154616,0.06644555362236026,-0.02371178687475195,-0.043535324767527084,-0.0885571563331713,-0.13626418137796892,-0.13034867008513562,-0.0917778700719557,-0.010336771267933642,0.1413091165650302,0.10378749570165802
AEHR,2026-04-08,holdout,0.14213184389533096,0.14553229879961815,0.22505501021685137,0.24616371407385151,0.3135899193649261,0.17164637957814466,0.1383408625053657,-0.0276255923870099,-0.13127363352803556,-0.16023677963936067,-0.06623876914936078,-0.03900971360988148,-0.0364078601162694,0.08929830755948176,0.15110542513480962
LEVI,2026-04-08,holdout,-0.056154781436856815,-0.03856010218820893,0.001961668504751657,0.029470485480443953,0.008595458928848831,0.0029298576439569235,-0.03111523947010586,-0.021216928430544124,-0.05618517972400883,-0.04127397199351368,-0.023749131274509505,-0.010743213439316945,-0.036384602547741784,-0.016973706316519843,0.020810191276198875
SIM,2026-04-08,holdout,0.0283552982968982,0.025536136850441205,0.037720679844926996,0.056837146629310054,-0.0063453352163749255,7.89651445674e-05,-0.016301125936579064,-0.02005101762330108,-0.021758495491325913,-0.09842680598993792,-0.11231826127916322,-0.09731778954390813,-0.09189033134608704,-0.10489291621828656,0.04049164915053649
EOSE,2026-04-09,discovery,0.22886785909167284,0.12936871733966027,0.09848929290158193,0.020621788599167967,-0.03499360574821908,0.06587804352608151,-0.00910093192468131,-0.04210289918999821,-0.13676001245665326,-0.047600725325213755,-0.16845989058000244,-0.11290963395743336,-0.10214256513876008,0.00027726636313385455,-0.0687241868467855
STAA,2026-04-09,discovery,-0.09659073039802402,-0.08177667847135028,0.006204814735974562,-0.013270850096519737,-0.0007413112668119837,0.018173686810792233,0.035944096966830985,0.060620188971175715,0.0268991347151748,0.04677995589986095,0.04981452722369695,0.018892469386794675,0.011116180521274721,0.05782105739458121,0.01692340265095571
WOLF,2026-04-09,discovery,0.055621711336186985,0.05730021618204262,0.0600605944146948,0.14498647667468756,0.028378592722142937,0.21647995329742709,0.1177505744279923,0.035750277778500816,-0.07691665991157204,0.05745769453867777,0.16767471079508534,0.2073533994283543,0.40004759068790996,0.6495744447493081,0.511314239306514
CVLT,2026-04-10,discovery,0.037104679488178194,0.031008544611324407,0.009325078138834764,-0.0593292165466236,-0.008640917951472704,-0.0872030981874038,0.0356511248769571,0.05806941275007094,0.0824268647358053,0.05075901869719779,0.1478216351789532,0.03201583499710181,-0.03097195489892135,0.027531744861139407,0.03189020729679215
OGN,2026-04-10,discovery,0.05134021611483908,0.0022395116033209206,-0.023701809110099226,-0.08791928854917763,0.14833748074805397,0.412065323165272,0.49597885999312297,0.458998328160944,0.5262859175162098,0.17088558480789606,0.003627691825376811,-0.014721402462701816,-0.0260210907431202,-0.012694969305053982,-0.01903343994149842
LEG,2026-04-13,discovery,0.0009301330950615139,-0.011696188990092393,0.010036178240223848,-0.06270761510904477,-0.06081068149886848,-0.057080899794652584,-0.05490618996601104,-0.059227173953066314,-0.049081101971071295,-0.07872920731510258,-0.044826394225703114,0.023462554694663407,-0.07041584010176949,-0.09976484738619207,-0.11235106255573546
MAAS,2026-04-13,holdout,0.3393516715781808,0.2910051962403364,0.20823728189294277,-0.07039172452640774,-0.1628727045672519,0.15879511166023952,-0.006345516622590419,0.050352326237678824,0.038427566355655474,0.07945739766840298,-0.14032582308289576,-0.12404186506539394,-0.05921504002699074,-0.031846891191412596,-0.024377084629632728
RVMD,2026-04-13,discovery,-0.0009962176251603339,-0.08847582629622508,-0.10875936205433268,-0.09503684655657407,-0.10867008999073535,-0.03814213868633631,-0.007233992624065544,0.057271830890307296,0.0214956744709367,0.11929155003164049,-0.0005406133611749464,0.04358039290805915,-0.02914921593808739,-0.0068432266462601365,-0.055006337227782254
SYRE,2026-04-13,discovery,0.09956720632233718,0.04202299064794546,-0.016276807815029604,-0.05109825116192268,-0.029403396513333346,-0.0478506367324667,-0.015725721085565803,0.060833823356418515,-0.012986924791710153,-0.04249691022978974,0.01770507815179756,-0.015828179550447796,-0.03611092053988363,0.05748037996244948,0.07594683014931758
IONQ,2026-04-14,holdout,0.0789275078799676,-0.03317753799679213,-0.07911978648709572,-0.1018161548247386,-0.07995268448256843,-0.11137327238445371,0.019739075300095443,0.07282213361959311,0.03959639317165209,0.09723237445942567,0.21712858587142803,0.038759655291188855,0.042252740316294446,0.21384588781114444,0.1440487089204785
TVTX,2026-04-14,holdout,-0.037102643481058406,0.022695142006649016,-0.011973567947846986,0.0038055075379017644,0.04360109708634008,-0.00027083637816449624,0.0174354267439647,0.07998411003402572,0.09649440994878633,0.07864869294431132,0.08494103280782972,-0.005157430259050466,-0.057999651344243675,-0.06082485871685506,-0.06365958246963366
BULL,2026-04-15,holdout,0.056680890399715134,0.0214347202971088,0.009443951578766985,0.0005875907661849755,-0.07067150608995942,-0.025989101799473446,0.009442016393240937,0.00023058869144132466,0.015420663002192025,0.05157178129880191,0.03765894828312022,-0.02354814421455509,-0.0435983545527977,-0.062201545681076276,-0.044342701394809
IONQ,2026-04-15,holdout,-0.03317753799679213,-0.07911978648709572,-0.1018161548247386,-0.07995268448256843,-0.11137327238445371,0.019739075300095443,0.07282213361959311,0.03959639317165209,0.09723237445942567,0.21712858587142803,0.038759655291188855,0.042252740316294446,0.21384588781114444,0.1440487089204785,0.03961405987627198
NEXA,2026-04-15,discovery,-0.015057062166346946,-0.10347602116447308,-0.10160090331445182,-0.08280313422272356,-0.04826737810179771,0.007224531563299719,0.06475247179203159,0.06421067882475762,0.12110455375799711,0.14952248056604578,-0.0960719014951058,-0.09903202010448697,-0.1714953238478668,-0.15561942751101432,-0.12818251364651057
QBTS,2026-04-15,holdout,-0.11237231879547827,-0.15288449732178067,-0.141141588919112,-0.12131921198079842,-0.14035071092597462,0.035821415919367716,0.0987679982246712,0.10879488521881986,0.1724244267357351,0.27305554748738015,0.06634151348711748,0.0779647863340307,0.1190102299035738,0.017694828271973773,-0.11184950512973213
QUBT,2026-04-15,discovery,-0.050990604107939985,-0.07118177529865577,-0.08336334778450849,-0.10007516496899904,-0.16076363882235445,-0.017726576113018644,0.020802815261290464,0.03998487874934864,0.0985456355791845,0.23201662538427548,0.04964948782144574,0.018797169760190746,0.04192761288478675,0.2123078890437462,0.04293749542103398
CDNA,2026-04-16,holdout,-0.014221279891594718,0.017202470699127836,0.046113940966231004,0.0077201973241531885,0.022976148924149342,0.0033192942902868783,-0.0447034455385501,-0.07219958915081726,-0.024056832032576247,0.012295993738697941,-0.00866443747854495,-0.0015025031360769159,0.013906766428482209,-0.027784906681636246,-0.06698663451213249
NN,2026-04-16,discovery,-0.22961739399808023,-0.27591129099784806,-0.2589253994776429,0.019969272510307334,0.019628523924544172,0.08489843688103438,0.0612846454819409,0.09086365359815862,0.04681296105200383,0.03490921812529635,-0.002392222000133115,0.08624258355038195,0.048175543509245244,0.07639045439247094,0.11417599971734549
PII,2026-04-16,holdout,0.031430190529224245,-0.0030033885821640904,0.07158861652000836,0.14795068117553267,0.10105703409896494,0.09686386466385111,0.021581726922367483,-0.022389692531959104,-0.03394622308140827,-0.006057021191166356,0.003853237071166804,0.02896543794727857,-0.04093515618882282,-0.06301760756417463,-0.03579943485601933
RUM,2026-04-16,holdout,0.026294498343183204,0.0358265953934227,0.07770093284655344,-0.007971826484245659,0.14049632245610777,0.11636831821985094,-0.019227727953670004,0.025822257178842012,0.17744032092222017,-0.025946148134855962,0.10996677702026347,0.11964440198661275,0.06353774917871147,0.021984527228188444,0.07103130839099725
ABTC,2026-04-17,holdout,-0.048783472408156836,-0.06726008306553277,-0.14977396178318847,-0.10171325744181858,-0.03359216855129887,-0.03702899439640339,0.03430843413955276,0.06522275949126422,-0.009282335081118198,-0.040077028146556115,-0.012557283561763555,-0.09308035151789995,-0.11555582373421991,-0.014056230617841337,-0.06932826852619756
CRML,2026-04-17,discovery,0.2011168500763847,0.136193474313546,-0.040992371226268864,0.18201680123854502,0.07140066736115869,-0.11054551467480334,0.10528605801012536,0.19280889903568998,-0.008551347422968147,-0.01631340501650791,-0.0931679974761912,-0.1311042264468194,-0.18887094549325534,-0.11995316024212332,-0.10984271368479515
INFQ,2026-04-17,holdout,-0.17785092000375236,-0.17003561211639295,-0.1883990137562318,-0.1626924685880996,-0.07420646062819036,-0.08066288408611577,-0.058178104795507446,0.09228045466082224,0.0005249202251802476,-0.04691639283814408,0.01595127441816291,0.06273502333323,-0.03074399154758256,0.13091522888377072,0.024301278868922527
LION,2026-04-17,discovery,-0.025968405126624128,0.04995546012479779,0.08585557318949211,0.08259002334248766,0.09733801535182773,0.027074640119954863,0.014122865380471916,0.014633230338502834,-0.022801073498258995,-0.05595920032332535,-0.06055472214300772,-0.06117947851128458,-0.02958089995516766,-5.979592272109535e-05,0.030578449457042245
MAAS,2026-04-17,holdout,-0.1628727045672519,0.15879511166023952,-0.006345516622590419,0.050352326237678824,0.038427566355655474,0.07945739766840298,-0.14032582308289576,-0.12404186506539394,-0.05921504002699074,-0.031846891191412596,-0.024377084629632728,-0.04246599621866376,0.054106182422197335,0.06764569666156217,0.05438401271407156
MXL,2026-04-17,holdout,0.6186961771526993,0.5325149475981226,0.9918078239445525,1.051281742095178,0.27011071571016343,0.5085167863719167,0.5534935680759616,0.17178261327955258,0.14626235636561558,0.26992168522725635,0.2794883293399477,0.10558011333542705,0.06846391080519121,0.055142645215053854,-0.07712893694354372
PLBL,2026-04-17,discovery,-0.01656357600245617,0.0038974581231241423,0.05550813130051213,0.03931967617896759,0.04025106909657561,0.04866044240729339,-0.005669348695290344,-0.07760830430275723,-0.012312248118574898,0.0275882386640105,-0.001079965283809603,-0.009591455841970964,-0.022823378083639212,-0.03816987529788851,-0.049398620265149074
AOSL,2026-04-20,holdout,0.0006946775085738821,-0.015761111523111326,0.07460534107666184,-0.0402197024401193,-0.007750050278413134,0.0886618847224796,0.20013445503257965,-0.15590109745436032,-0.14378955751555733,-0.1140515882179769,-0.15773814568723987,-0.16845830465712408,0.07507951122810108,0.02349226160775597,-0.0011922537128149502
ATAI,2026-04-20,discovery,-0.12169136144415871,-0.125785657435884,-0.14229431664426584,-0.11523016405766162,-0.0362292639329268,-0.09318616117116274,-0.019132475156131257,-0.05403556707166801,-0.05011811045240999,-0.0677465701022083,0.01759042168140379,0.005230714208524612,-0.015195668798094308,-0.005823505830099718,0.028106916620758482
BB,2026-04-20,holdout,-0.09458742152944477,-0.009728284005195875,0.010256264931872483,0.05543440931921917,0.044901010821698506,0.07252046685385638,0.0821143892835885,0.11165162687817332,0.15172857089477776,0.08504395153527944,0.09080466500340623,0.006808179846966356,-0.009562156742269234,-0.0303587668530223,0.026602686209872384
GHRS,2026-04-20,holdout,-0.049549293659002736,0.01056151216377299,0.07702910195061907,0.013317424529347699,0.10294397394306931,0.05506660994013424,0.13992157220575985,0.005402430679043224,0.010734860286087944,-0.04947618424632094,-0.007691546686188877,-0.03651128036868534,0.03443870557948636,-0.0035019287402662247,0.02063457313838979
LEGN,2026-04-20,holdout,-0.07662918269546759,-0.12238678977933315,-0.03400315658337427,-0.022369268800731867,0.11653629620640493,0.19312819840105133,0.24058041412802322,0.19673288259613364,0.16848240505818635,-0.06436835061849289,-0.02867845512407985,-0.021569561267409942,-0.02162682199082555,-0.022371663106468986,0.055609403807766467
MXL,2026-04-20,holdout,0.5325149475981226,0.9918078239445525,1.051281742095178,0.27011071571016343,0.5085167863719167,0.5534935680759616,0.17178261327955258,0.14626235636561558,0.26992168522725635,0.2794883293399477,0.10558011333542705,0.06846391080519121,0.055142645215053854,-0.07712893694354372,-0.14393357090017045
NKTR,2026-04-20,holdout,-0.15699836056850114,-0.10781637412491107,-0.08256861465318965,-0.06633576554230802,-0.0022417978384505766,-0.01279752073351803,-0.008552104467077548,-0.03761576089538765,-0.07640495364337851,-0.1236782767965452,-0.08799423984581778,-0.1189714580119896,-0.13110919574020274,-0.1397249379676968,-0.12983731247453334
POET,2026-04-20,discovery,-0.22739380169795576,-0.48368392410701133,-0.4069031797446222,-0.5252926353965932,-0.1096314605517219,0.12997527804405218,0.4414588903483221,0.3275276637477731,0.4743998578344748,0.9253415106795984,0.4708612431563681,0.46683922629590735,1.1245047150984038,0.4563462019100548,0.023181349616959612
USAR,2026-04-20,discovery,-0.01430950048725732,-0.13353869769848936,0.1103175943197694,0.19508445734541358,0.08407650402023559,0.1872423466060793,0.2669612195243878,-0.0021905235446759708,0.00037890335825507826,-0.0015044035307023584,-0.08810802790918759,-0.12274460342036098,-0.08143350530006366,-0.09742773787802173,-0.19018546927806312
NVTS,2026-04-21,holdout,-0.1624043633361567,-0.12300165096194882,0.00043938734505477584,-0.13402572581537997,0.14374053772407214,0.04625098730460797,-0.06100827048308499,0.01943179659970884,0.39308729608003246,0.07695654238897354,0.2576288505871511,0.39087596711999173,0.16932716908979528,-0.13068815038058512,0.01537902177169026
PBI,2026-04-21,discovery,0.034302350411605786,-0.008556115805867348,-0.012607834518888028,-0.034466645536836205,-0.034672804823000836,-0.07698274678669359,-0.010216006197572014,-0.012601584058921311,0.012288304431210761,-0.03471008754017879,0.009069661075929991,-0.007272548583813432,0.001083389098317955,0.03609925358589605,0.025623342122172987
POET,2026-04-21,discovery,-0.48368392410701133,-0.4069031797446222,-0.5252926353965932,-0.1096314605517219,0.12997527804405218,0.4414588903483221,0.3275276637477731,0.4743998578344748,0.9253415106795984,0.4708612431563681,0.46683922629590735,1.1245047150984038,0.4563462019100548,0.023181349616959612,-0.04204155380491703
DQ,2026-04-22,discovery,-0.18093381525387675,-0.1768627127347565,-0.09879871063536572,-0.10535641550225827,-0.03126844411819785,-0.06116214585667523,-0.049671447032966665,-0.06674418115212355,-0.08487717485107305,-0.022408547265370782,-0.0031010082557139107,-0.026242906761327345,-0.09073970491288896,-0.0810907904406144,-0.08425642980451586
HCSG,2026-04-22,holdout,-0.02136899942659265,-0.05935401387149475,-0.031160067612263864,-0.009556003503547572,0.003424466044250618,0.02405844891541542,0.059080977471963836,0.029088554532635813,-0.0019620041294909907,-0.037382683937000394,-0.05405291253879452,-0.0805922084449826,-0.035362425681220166,-0.054098219980430184,-0.030199949619889477
INBX,2026-04-22,discovery,0.06296683545289716,-0.011490662995376821,-0.030597215634174835,-0.03645098255509294,0.10508788246952094,-0.0542755413896151,0.0196230112107747,-0.0325430831061293,-0.1718764639566942,-0.17998499910767074,-0.08981465316690718,-0.193467213248381,-0.1698372406693498,0.013943686510447861,-0.06588864580751319
MAAS,2026-04-22,holdout,0.050352326237678824,0.038427566355655474,0.07945739766840298,-0.14032582308289576,-0.12404186506539394,-0.05921504002699074,-0.031846891191412596,-0.024377084629632728,-0.04246599621866376,0.054106182422197335,0.06764569666156217,0.05438401271407156,-0.00017008137569274329,0.1313030095193961,0.03072089811950074
MCRI,2026-04-22,discovery,0.0030765316597820558,0.013561929251331817,-0.00839255048744858,-0.007579724033554003,-0.04559724533276388,-0.02985768232937025,-0.015131226677981724,-0.03007834947465593,-0.0501770045463239,-0.02422260187060532,-0.02608755278507091,-0.007581494314427117,0.030868925655827995,0.027729847380158157,0.0016002142974699263
NMAX,2026-04-22,discovery,-0.07551449706864455,0.01467848214087586,-0.012346283195557195,-0.010307046007681953,-0.0038242160725825425,-0.04178750336721293,-0.029817730599434378,0.04805134153765467,0.06287185531601303,0.12533907555256607,0.10252634845116448,0.1335452938157471,0.13254054936509918,0.08095194231904257,0.07484941122820021
POET,2026-04-22,discovery,-0.4069031797446222,-0.5252926353965932,-0.1096314605517219,0.12997527804405218,0.4414588903483221,0.3275276637477731,0.4743998578344748,0.9253415106795984,0.4708612431563681,0.46683922629590735,1.1245047150984038,0.4563462019100548,0.023181349616959612,-0.04204155380491703,0.029959624346992064
TFX,2026-04-22,holdout,-0.10764250307628753,-0.11770263046186558,-0.11635734422827704,-0.1264040587627846,-0.10681232607080537,0.04472874766710522,0.06916764150251864,0.052340474923156854,0.04919302580526841,0.04370665097103399,-0.03330868752960636,-0.027277880175939018,0.0061983282499681325,0.034781412050711946,0.04095426849834516
WOLF,2026-04-22,discovery,0.05745769453867777,0.16767471079508534,0.2073533994283543,0.40004759068790996,0.6495744447493081,0.511314239306514,0.24413413548848362,0.3701817801836207,0.4466478549580488,0.44155461188152234,0.5264816338099769,0.3311605326877194,0.1805650451401487,0.10115122503824447,-0.06215029744651168
MBLY,2026-04-23,discovery,-0.06248631479054889,-0.04392679305435754,-0.04791290267784665,0.0076777380600425715,0.0027355347288349208,0.027939249498221352,0.0385567465263823,0.03254183004733324,0.14941445811037046,0.147559882562315,0.08821432352187486,0.011701712918464335,0.052615607543022413,-0.07074670028940122,-0.048592220784125506
TXN,2026-04-23,discovery,0.004601471451729955,0.03829238374468713,0.04340365217404618,0.04383742145278924,-0.003177894481811938,0.000578249082567428,0.030407710744644323,0.030517491888422565,0.04683280786914468,0.05771163034389559,0.04977504931209831,0.010417030790270343,0.030217751851998376,-0.003337946946446735,-0.024451267750577377
MXL,2026-04-24,holdout,0.5085167863719167,0.5534935680759616,0.17178261327955258,0.14626235636561558,0.26992168522725635,0.2794883293399477,0.10558011333542705,0.06846391080519121,0.055142645215053854,-0.07712893694354372,-0.14393357090017045,0.03790043636160956,0.10447131978113677,0.1299472138792379,0.06510446145559601
OGN,2026-04-24,discovery,0.003627691825376811,-0.014721402462701816,-0.0260210907431202,-0.012694969305053982,-0.01903343994149842,-0.024372355022487247,-0.022905853899034656,-0.016775745431939937,-0.019673898330543782,0.0016439246311321654,0.007630859950845115,0.014292793322775887,0.010423465118279407,0.011775506672142111,-0.006514246729582229
POET,2026-04-24,discovery,-0.1096314605517219,0.12997527804405218,0.4414588903483221,0.3275276637477731,0.4743998578344748,0.9253415106795984,0.4708612431563681,0.46683922629590735,1.1245047150984038,0.4563462019100548,0.023181349616959612,-0.04204155380491703,0.029959624346992064,-0.2722488478865964,-0.09516513226906409
SXT,2026-04-24,holdout,-0.08556610073465198,-0.0766145315061807,-0.04304875072314318,0.019068841503684375,0.023117902264016443,-0.004666649390202782,-0.018008681181215014,-0.03976263775263755,-0.027852975061581353,-0.038226520503056194,-0.028269378752502128,-0.009926783775604298,-0.012998477719151302,-0.028113031740170324,-0.004276652369889833
WKC,2026-04-24,holdout,0.04060031003354436,0.01284363394943,-0.03867313724091748,-0.020573430346864874,-0.02465518060655536,-0.038404093465547295,-0.028595804781080703,0.009704929607083912,0.019702332434157643,0.04887764704722297,0.07262304699272815,0.049109785245029736,0.06388235592781533,0.0375982391516998,0.028153722317806107
MANE,2026-04-27,holdout,0.09650839601904426,-0.0010479514003847168,0.07141595884017682,0.027342938851270926,-0.002385595574325272,-0.1148573481196995,-0.03551494614739792,-0.03918129171862483,-0.0625874699288308,-0.07079382749756913,-0.030834028175337536,-0.015559145353835513,-0.005631567615659083,0.010300260440985642,0.004955145484805801
OGN,2026-04-27,discovery,-0.014721402462701816,-0.0260210907431202,-0.012694969305053982,-0.01903343994149842,-0.024372355022487247,-0.022905853899034656,-0.016775745431939937,-0.019673898330543782,0.0016439246311321654,0.007630859950845115,0.014292793322775887,0.010423465118279407,0.011775506672142111,-0.006514246729582229,-0.01690980095793626
ORKA,2026-04-27,discovery,-0.08509103380728422,-0.006451961309487109,-0.08141903713261467,0.008570654890984297,-0.041387731188228694,-0.08227357043722006,-0.10626850010443212,-0.02533021787286227,-0.043284123019007414,-0.11087479984776849,-0.10456717873191412,-0.03829982401882648,-0.07424923256161864,-0.030067486184251258,-0.0038231598405573664
CECO,2026-04-28,holdout,0.15871494447596302,0.07967509560062092,0.07712474165771677,0.012948120523937234,-0.10341383926444792,-0.04761376113514837,0.035076907510472655,-0.013595619363361733,-0.024396883120458845,-0.020447682390809963,-0.02082363402629117,-0.05544790121508436,0.0020089294677818614,0.11512943079139548,0.08738757359148397
CNC,2026-04-28,discovery,-0.0062591388149983995,0.006048873162809887,0.025570695762757056,0.02262643707571943,0.09956948213074779,0.051339561743007245,0.04498409185215069,0.03917817409772195,0.03405870120390653,0.0033306691000852817,-0.007584145123261887,-0.008558818677586455,0.006177373513639894,-0.03368137936945981,-0.028380427264655617
KNSA,2026-04-28,discovery,0.06761809480974623,0.040594024397607065,0.03670150276893169,-0.016635052586176702,0.028380806417545257,0.003728424351470583,0.0056034563134805815,-0.03776686900770443,-0.0801556112365982,-0.09719960975542152,-0.08043942087165112,-0.0762481583465584,-0.06661891076893667,-0.030705991856773918,-0.05092284483813925
OMCL,2026-04-28,discovery,-0.01595522205837785,0.028135114205967593,0.0002836426066104014,-0.03287418875459902,-0.016695658514109812,-0.025038419589317962,-0.011829970632979636,-0.01807579488146438,-0.0009683687354148374,0.008774327501157586,0.03733260711978603,0.006371194256733714,0.021163430026836627,0.004196252459432337,-0.038775818520765726
SANM,2026-04-28,discovery,0.11192418129516302,0.07048952345394355,0.08878222417854564,0.10381131950751676,0.04295937339777023,-0.011262376779038075,-0.0017987635487946019,-0.054487120422556434,-0.08182945602221614,-0.04120705541761671,-0.02975132018326576,-0.02444580594919943,0.03841272533163864,0.1385391210235034,0.1423967301500233
COCO,2026-04-29,holdout,0.015587787836718103,0.04911100895579845,0.0478207387379177,0.08069520094793603,0.07775070454222344,0.09806205592634187,0.09342944723697966,0.09431007909142586,0.030689880798264513,0.04302220386324296,0.0385508008958233,-0.03934975687639897,-0.0507475553184098,0.005714014548498181,-0.024430218872699694
ICLR,2026-04-29,discovery,0.03838980352080412,0.0795976204911284,0.03277604955375146,-0.014799127810457335,-0.06593425842762457,-0.08595692783533682,-0.0672471373285537,-0.04266489077685243,-0.06277596704770605,-0.018081322784509912,0.002843457446161435,-0.005316074143845828,-0.015549407740650834,0.020351381109310784,0.17062496054954113
MXL,2026-04-29,holdout,0.14626235636561558,0.26992168522725635,0.2794883293399477,0.10558011333542705,0.06846391080519121,0.055142645215053854,-0.07712893694354372,-0.14393357090017045,0.03790043636160956,0.10447131978113677,0.1299472138792379,0.06510446145559601,0.0828521088298193,0.0429797681228834,-0.007779584668244244
NXPI,2026-04-29,discovery,-0.02945654124773922,-0.025207777904374784,0.02272853419473031,-0.0134789373971127,-0.028488691420198498,-0.009066491983376057,-0.013127629933927465,-0.045887067161216266,0.006198250158149454,0.040769783455172015,0.024995274797380285,0.07690727754048221,0.12436616584678228,0.09599703462224918,0.04689401058475973
PRCH,2026-04-29,holdout,0.15336155707328047,0.04046735729370243,-0.013242092290062457,-0.10005204697047831,-0.08903331284557814,-0.09803145952403358,-0.10510954858291299,-0.05230217660234737,-0.048182627950964285,-0.04740015454031654,-0.058870913272975445,-0.03720836098018787,0.007907565624130974,0.018140257069680477,0.0435915982158257
PRG,2026-04-29,holdout,-0.02132719038364128,-0.019403310515439864,-0.04581180199945878,-0.0407429824794302,-0.08392785395969449,-0.06412186017890764,-0.08768198030894181,-0.04330099557734368,-0.04428791891876849,0.002614590258099514,-0.014041851667622618,-0.001831661170739629,0.01790949186126789,0.11797979937903746,0.08450840628427825
RSI,2026-04-29,holdout,-0.02509542991751157,-0.04437412918373207,-0.01595770315635181,-0.07681737874840022,-0.04206548738180682,-0.048841757040878675,-0.037068867876490996,-0.015473455816359172,0.023840052934215983,0.02512287655756007,0.015749659303859964,0.002079880798953937,-0.07145919491325825,-0.05565850568611397,-0.06430298915655375
SIMO,2026-04-29,holdout,0.09140135686340645,0.05776684690779965,0.12394074277976408,0.06523778042060258,0.09017925871712551,0.06442292761155999,0.02313622806410609,-0.08418092083228557,-0.016351889566413202,-0.04248208261544817,0.0059958601403526934,0.05336476599195494,0.19471297507750207,0.10395814111946611,0.07663379702381556
TEVA,2026-04-29,holdout,0.008825531719399926,-0.0012305830623398073,-0.015789932389078887,-0.0213038920714842,-0.014032397028980625,-0.04211585940682716,-0.04240356554850977,-0.04962310970184847,-0.042561467831543576,-0.05181341617791002,-0.025284262191379248,-0.015169004117340013,0.0008792118901062018,-0.008419156322094556,-0.012182556998009186
AXSM,2026-04-30,holdout,0.028986626364271073,-0.0619714194736144,-0.015560990884026848,0.04544463093011908,0.03204112427946271,0.04546511907671191,0.05137111145630746,0.017812489960751465,-0.018544882693125264,0.013182744057205875,0.02747559771475716,0.013738640976463268,0.011830510751807966,-0.008427192207241196,-0.014931251961776137
BAND,2026-04-30,discovery,0.08857844318759023,0.07985552488632464,0.024670932680553648,0.08661423813340785,0.04978083119378063,0.07967861705223611,0.12099927882866612,0.09583423368619726,0.1376757855410179,0.13089295296191872,0.12873064624666486,0.07731168126085652,0.019143671015543262,-0.023186055462909527,0.09131291845005052
GKOS,2026-04-30,holdout,-0.07133017880244918,-0.03318475611613836,0.002126093250689687,0.003377232035880917,0.03695784140922043,0.07646359686876747,0.05118571150900075,0.03198899950034151,0.048991627734499166,-0.014664155205161067,-0.17388047055642308,-0.20754170476800338,-0.23738318964507332,-0.2773621139046212,-0.2751617741043444
GTX,2026-04-30,discovery,0.0974413826207039,0.1359486089785371,0.1113069389743584,0.1517095043016632,0.15638340592461386,0.06617450981912554,0.04343234506936844,0.01583562469491895,-0.019305668341140336,0.04964405385570703,0.06581117641472578,0.09970115474682739,0.10445916097373953,0.06668041683084658,-0.0323736779139685
IRM,2026-04-30,discovery,-0.01057547446997753,-0.01608089806428281,-0.0615952361087001,-0.056535299338413614,-0.01526421452691995,-0.03136241027910236,-0.04528894748557133,-0.015285346474157024,-0.0010300460610156437,0.003996800284457036,0.002360667426649421,0.019653336796715992,0.005453218814310379,-0.009902587354904346,-0.011301205528463143
MICC,2026-04-30,holdout,-0.027588576408184573,-0.04942725251551394,-0.01990960216045412,-0.03212641822792761,0.0011813413831121,0.12433543773269773,0.059386214494490885,0.03253595196109571,0.0949238482019642,0.09050682482096395,-0.04536778683511211,-0.021247214772785683,0.031427185086246645,-0.0031402102503781393,-0.022828889250502304
NVCR,2026-04-30,holdout,0.052865723793024344,0.03945672879743278,0.13311302592452168,0.08574639704543197,0.0498126628926141,-0.01942942346983878,-0.03448002639090919,-0.06497105768556843,-0.017909065691642967,-0.0010257713404552282,0.012862320477591727,0.029654455414329428,-0.023977165953367185,-0.04617909919201124,-0.06657113238210921
PI,2026-04-30,discovery,0.015172028927759262,0.04410204418718622,-0.03098293697172494,-0.05919324296188566,-0.06695098079032147,-0.09490103629853708,-0.09304566009847626,-0.09859217973468115,-0.07004903145926478,-0.022861435529284324,0.07083162198181281,0.12956403450726084,0.16591332089873623,0.12559695133250592,0.057968786566639396
QCOM,2026-04-30,holdout,0.21417855561554755,0.38102681305300945,0.10745568391913807,0.09541825268951531,-0.03487142425304279,-0.08243357955636432,-0.1417975521406637,-0.0638684487143949,-0.04857908269518174,0.07390781638586241,0.1732410255750625,0.2056975218098318,0.17038913715167237,0.18336268604192307,0.157707029828281
VIAV,2026-04-30,discovery,-0.0980105083974101,0.016833650513678355,-0.030471019279814215,0.0003310295618321746,0.017675724460120446,0.0021947233796031362,-0.09342268319234337,-0.07112525071417464,-0.10168600353481771,-0.07047869515342109,-0.04608543867900483,0.06504142112928046,0.053903239888257515,-0.009901910123766067,-0.027101402317410206
VISN,2026-04-30,holdout,-0.04115082927533109,-0.05796847320265275,-0.061440488666762105,-0.06888582457385939,-0.06217264042257287,-0.03196484956175516,-0.0698952245750295,-0.044948734182821526,0.011853678169046478,0.048404256029870085,0.0730411189087008,0.11914005443328679,0.0953722912662951,0.04561844144765104,0.030212979870740897
BAND,2026-05-01,discovery,0.07985552488632464,0.024670932680553648,0.08661423813340785,0.04978083119378063,0.07967861705223611,0.12099927882866612,0.09583423368619726,0.1376757855410179,0.13089295296191872,0.12873064624666486,0.07731168126085652,0.019143671015543262,-0.023186055462909527,0.09131291845005052,0.1374478073354759
FIVN,2026-05-01,holdout,-0.11234203895350958,-0.15717258205695273,-0.04717216628080301,-0.08799224597574995,-0.022915860622405027,-0.012198872555333251,0.08199587350059834,0.05682570023489919,0.05981458501978576,0.04300294362939461,0.06239674601146494,-0.03079426869730084,0.006215979764594648,0.09640023852499802,0.13647803277874848
OLED,2026-05-01,discovery,-0.08888916036596162,-0.08349512476973375,-0.045499200020711394,-0.025372607032732364,0.007598929362345075,-0.014972830540653459,-0.04365167065608366,-3.873939693588291e-06,-0.002662544547793688,0.009273646641437594,0.028242544309112105,0.025024258115374343,0.020485367383064723,-0.01252014377949573,-0.006379107882010127
TEAM,2026-05-01,discovery,-0.09244662072453813,-0.09949810888014565,-0.10367290043214106,-0.1472844745261802,-0.047297837104763873,0.02521772496223884,0.025087212409895088,0.07101368749288672,0.023608964788238262,-0.0320780632656964,-0.06664821341273297,0.005483064630939616,0.06386394114493776,0.2909161782707641,0.3401099113401056
CELC,2026-05-04,holdout,-0.13996043032855088,-0.11891379336108798,0.008001659344364143,0.04840984345656851,0.05293259350970969,0.05639735234349952,0.1289285336266549,0.06525652879814303,-0.004758311145293348,-0.00042849528369748313,0.00018271405986225453,-0.08520399220350461,-0.0862315133879421,-0.12776856415819082,-0.3310462585210061
GBTG,2026-05-04,discovery,-0.029403189002162322,-0.015797560409814393,-0.031151467104364894,-0.013741512009587842,0.006203892729896965,0.009223216192281836,0.0035578441131774996,0.014763159221205857,0.0019534726711740724,-0.01510528109708864,-0.020678270515293473,-0.007383051835316845,-0.028070535434538857,-0.027893684744990654,-0.020429495828704125
BLDP,2026-05-05,discovery,-0.14544706238119642,-0.14395343427375584,0.07538042768938391,0.03924842780580218,0.010836044466818073,0.1511865180223727,0.3220543549748178,0.2361907610071905,0.3556598903317092,0.4341365352756825,0.28241003245088137,0.13985289236547516,0.11988363323246554,0.06211018772792398,-0.009963010957776741
BLLN,2026-05-05,discovery,0.10134341400430213,-0.07606763054066701,-0.1132244209398311,-0.18620786265919342,-0.12068290328627351,-0.07816138020891372,-0.013070340016514526,0.031062955838036643,-0.03520781527058159,0.08328681136758864,0.15493314196544605,0.13051581173578097,0.043220945287671286,0.10368473464486794,0.0756047955325807
BLSH,2026-05-05,discovery,-0.0679764538298977,-0.0649099482046156,-0.18533541864443925,-0.19148962530345093,-0.14747631193549393,-0.11433380777476077,-0.08141295997758236,-0.022213551125417674,-0.040911563141988294,-0.0755200979331917,-0.049116427761204395,-0.047725600728148465,-0.1042818021721521,-0.13134103924540408,-0.18627228109536575
CYTK,2026-05-05,holdout,0.020245459597147297,0.03587739437462267,-0.015883746262254084,0.009194648296534269,0.027950552038538357,0.021500432025834404,-9.094764227923768e-05,0.005617416616780835,-0.0014000543215353378,-0.013644988546571257,-0.04289264405128679,-0.03518030896525215,-0.059671229421175975,-0.08248424116754605,-0.08851065067983843
ECG,2026-05-05,discovery,-0.06115379207707328,-0.005507341335194926,-0.04204255217829733,-0.09310929585962113,-0.07663601706968381,-0.07333724554806742,-0.05744182254326091,-0.06024625906795156,0.0035727117124026986,0.012888516941850447,0.0005444998124011224,-0.03139893065926502,-0.04098023634418135,-0.016059616998903237,-0.0016040435451558643
EWTX,2026-05-05,holdout,-0.09887676737415685,-0.06680290833959579,-0.0652383568925251,-0.08129682172192243,-0.06983163001518955,-0.026415591050921727,-0.031527649842210126,-0.02053912358409271,0.04184300497720295,0.044331970785538966,-0.0033848704000212226,0.026441408237794395,0.21389205594562677,0.09798838351003769,0.07456951504988085
IART,2026-05-05,discovery,0.05272990399376076,0.04664460229449108,0.010829719870546928,0.010900591249955904,0.05032753132437606,0.03431392707708236,0.05004306998140273,0.06216887989116837,0.06037682898875785,0.033526835966475765,0.05151549756177376,0.04232011834796423,0.020447798656887173,0.019635874923305874,0.054871020238529855
LTH,2026-05-05,discovery,-0.005601607336139569,0.02609600490371311,0.054585207725269314,0.028399240489131006,-0.018666728703951474,-0.020176039175684224,-0.016708362687365863,-0.05824930734191236,-0.01646550980955619,-0.013344331890787542,-0.007120890288984549,-0.014581106978421854,-0.04006321707210003,-0.04417339723754665,-0.04492806465133892
OPLN,2026-05-05,discovery,-0.020737698151707895,-0.07417673185430984,-0.08101392321426437,-0.05337180741687775,-0.040773150295743577,-0.007839139524421168,-0.011747177685290322,0.005573542932418851,0.004097902996108349,0.0492498743195009,0.04945026496234539,0.0684920139840497,0.06207793413562013,0.057686501334806906,-0.008830992877653099
PHOE,2026-05-05,discovery,-0.4842830654718263,-0.2787104398555271,-0.4576291555733961,-0.3845682383639729,-0.11841607516103347,0.05845712679167547,0.02985143094567233,0.2897201580976585,0.26543540919706077,0.06856923083138056,0.003947339256218818,0.05664591323767687,-0.14546044670418712,-0.0756343340058413,-0.05852524241166723
STRL,2026-05-05,discovery,-0.047596430357568775,0.07298381395134856,0.0026809068126674163,-0.11133257404174823,-0.13851854081589687,-0.11829861199209402,-0.1673553239808936,-0.14529240557868128,0.00040346039766547825,0.051111529972439174,0.10294739091996408,0.15464764968269584,0.1361226913100222,0.1054406543939399,0.21859893606050695
VRDN,2026-05-05,discovery,-0.03950785103755572,0.0026172370601136308,0.010541594104411134,-0.06307434717051508,-0.046759324992371676,0.03605227985740089,0.022201280152072345,0.01621717446723614,0.0397359686757115,0.05797509201124096,-0.02821986425642853,-0.022483531582456973,-0.03354186389821834,-0.07843449023277571,-0.05775991781200551
BV,2026-05-06,holdout,-0.040382791247382865,-0.03294178087269628,-0.019059507374096563,-0.06011953107709567,-0.010524265096323981,-0.011524301970413209,-0.007161977653302953,-0.016164627424033018,0.04969863035906963,0.018280300116942483,-0.031306127311667264,-0.04668891859885482,-0.07299673949639207,-0.07108189042753221,-0.052327074317001565
DOC,2026-05-06,holdout,-0.02776338797111,-0.01635789389861264,-0.01278483007597453,-0.018238652174517922,0.007054601456158438,0.011374432945489676,0.010358410468505719,0.011541936037684497,0.00673240283391241,-0.025639770748118074,-0.04347558370326443,-0.05429999536468988,-0.04092045561629509,-0.045298625206721566,0.0013131972190765229
DVA,2026-05-06,discovery,-0.04142749865453943,0.003385759584297432,0.003845086338285175,-0.023541768466210367,-0.004781069077045674,0.038855761438279623,-0.01486105027157103,-0.03596212573827784,-0.021208443205664507,-0.016841745634588623,-0.040171547686457476,-0.06117523000244385,-0.05123376102702315,-0.004472531033157701,-0.028312552911254563
FLEX,2026-05-06,discovery,0.056941265765239724,-0.03241713877271202,-0.10486296961597352,-0.0898983475032813,-0.08396840201420674,-0.07997179801582366,-0.04785073468741252,0.0879748176584978,0.131605103030203,0.08334333184829079,0.13185107611650815,0.100009003214244,0.10106309832370708,0.10573897301621482,0.09790823252134762
FLYW,2026-05-06,holdout,-0.10051103257096261,-0.07000615987627912,-0.02585222774241236,-0.0437915672802639,0.00648166227069924,-0.0043363703157521805,-0.005017028334044271,-0.017413095413556623,-0.024064752661720146,-0.02178126464979324,-0.02595218762686269,0.013096482001338838,-0.06571387380799076,-0.0809382427710249,-0.0834260394302998
GEO,2026-05-06,discovery,0.07958512533108175,0.05120747949148763,0.06767039432969113,0.07141834388713675,0.027035032631623213,-0.0046864186859473245,0.017424923021926775,-0.02316987463695741,-0.029377406664566896,-0.023175773194005878,-0.037565910578378325,-0.024953598600725657,0.018900251390943312,0.03644594464770834,0.08497359992506337
HNGE,2026-05-06,holdout,-0.043040515481821195,-0.029234511140771136,0.0003310678674518508,0.0013198790146420336,0.014006593228873432,0.030298522499515368,0.0050083638842390865,-0.0477858954040451,-0.04791048085393346,-0.01417378481460041,0.0012485283572269967,0.08532387669785413,0.09184886516321056,0.08977458830946516,0.14283299428748597
HUT,2026-05-06,holdout,0.05826797610775136,0.03862588447272697,-0.05773719477582073,-0.12443479056218354,-0.10760080976231545,-0.030294408200598588,0.024720110245476823,0.15368988905871106,0.23794242370929664,0.269317602321165,0.16739405986612144,0.23274671789937829,0.1700158736194104,0.11099504238119717,0.025032465505141044
MNKD,2026-05-06,discovery,-0.1156346247746941,-0.1242604470010229,-0.1092398564540612,-0.09153259954018533,0.013889018709231649,0.03523474083939493,0.08509809610012997,0.164437365930707,0.17652293265449281,0.10198994717070331,0.12044631251615323,0.027078129849418486,-0.040292480377010054,-0.05855801185343068,-0.036266895589173065
NVAX,2026-05-06,holdout,-0.009675723545518489,-0.10595883129349004,-0.05912080733296532,-0.06881574692435011,0.0057617654309468636,-0.03228782347222159,0.007803144513425231,0.15516792360448273,0.22326612617951103,0.09525843541140988,0.20307714440396363,0.12385041848476153,-0.03586446879226568,-0.08528937782065149,-0.015896740198997783
SMCI,2026-05-06,discovery,-0.0402259815644086,-0.12452141413285789,-0.07877477859250936,-0.0619802249303022,0.04705294294084761,0.02030293496404556,0.13750980777331434,0.18642850111302423,0.22687139166630454,0.21629954929490958,0.35893916177528684,0.3002935916818006,0.3403272161191835,0.2366494337644216,0.13229344875069504
TBLA,2026-05-06,holdout,-0.0725809728144976,-0.05162518958523554,-0.022512629492229652,-0.011413441574134042,-0.03755843812546367,0.0032440568413644177,-0.02278109960385999,-0.054088788809323884,-0.058304377674460284,-0.00381126683189259,-0.0286684412285636,-0.011203017943116622,-0.0036651482888054865,-0.07047648043576549,-0.055299875288815414
TGTX,2026-05-06,discovery,-0.07462345358988332,-0.08049612327083966,-0.08396089275284602,-0.06707931958221092,-0.06633294523557587,-0.03071503294254585,-0.024702498135168782,-0.009832307188503586,-0.02863447043784695,-0.04165190267266994,-0.05165604716820427,-0.054861603134851666,-0.08973888112497463,0.01817741311439347,0.04152247064585879
URGN,2026-05-06,holdout,0.09353220769906323,-0.02318973578221084,-0.08689613491465464,-0.04564946382170143,-0.02184291430138363,0.014022963031070868,-0.004931050483134802,0.0146261060649715,0.015061332258096138,-0.06863876856418294,-0.07709411647203224,-0.08168262016437744,-0.11108128357828995,-0.09811561184017648,-0.04129216594666896
VCYT,2026-05-06,discovery,-0.06830979530606729,-0.0500973462271892,0.046219190832155976,0.05987055018446119,0.1828658441447758,0.1689810344104632,0.1614651734106587,0.049136555334344134,0.04436110437150065,0.04395059506173382,0.0069216314489675135,0.052652875655865294,0.06923945752627958,0.08936629627109594,0.03733357078012034
VECO,2026-05-06,holdout,0.008334831589292158,-0.01522820962767446,-0.08995563183960198,-0.10412459752615677,-0.05864502932372051,-0.022458387597976248,0.006765311016223574,0.10656669025942245,0.07867977339592147,0.02595180940695574,-0.020258452296452845,-0.0559235181105211,-0.03549144378475988,-0.001384852985343299,0.07331100589204476
AAON,2026-05-07,discovery,-0.031959549694166034,-0.053884386908820914,-0.01933449916146157,-0.010465362780196275,-0.047072690032572084,-0.015321849695869472,0.03744140919614858,0.048358451898916854,0.045536568219889606,0.04046584177722523,0.012862903195077768,0.004901219283385494,0.05738256081816129,0.0064710086945056755,-0.029041849398893427
ACVA,2026-05-07,discovery,-0.07854436029990053,-0.010615120229718444,0.019726973282789606,0.056295217134615716,0.03875304315942629,-0.0036855816096268423,-0.024470306974411993,-0.009287859652319597,0.040714730730145865,0.09503282205077634,0.08185916813923577,0.04666263635411316,-0.036703544458940196,-0.07303042558383899,-0.11348463173878587
AGL,2026-05-07,discovery,0.5049981296392811,0.4570107183860067,0.2743630673392099,0.12543852619988505,0.03378467234112703,0.048263852329981205,-0.03379142874775054,0.00021458636894777783,0.0984959690157623,0.12681293448198483,0.053888288615030255,0.005392776661143683,-0.08849033305153686,0.05047908453694139,0.07454697301881241
COLD,2026-05-07,discovery,-0.04118488887340188,-0.003928576165600495,-0.04735001854521348,-0.0321065693689071,-0.002996596320629652,0.029816333715720678,0.00937021670319571,0.0714170319914118,0.0791447092734281,0.06803858838970278,0.018486087060679557,-0.0038885326592337233,-0.05200361780622109,-0.05643076754491261,-0.03743635282523616
DDOG,2026-05-07,discovery,0.03696736818317481,0.0330064824328119,0.08210113474797542,0.03518184626237841,0.08222035356889057,0.060195890567182,0.054853407496539885,0.008153805366622136,0.0432413268013534,0.11589842801452854,0.23085520184710284,0.19138961346449324,0.12354166556338408,0.07821322395313035,-0.02850362584446764
FA,2026-05-07,holdout,-0.07039708521066368,-0.0458790009820399,-0.03638814621423592,-0.024082268526695927,0.02556472094328477,0.028234131701641907,-0.016164627424033018,0.007400034154898316,0.022565824342366092,0.04530327885357677,0.08970334123249968,0.06194062515684551,0.03861134409909317,-0.011475877555562342,0.017523792532907256
FLNC,2026-05-07,holdout,-0.14241588162460184,-0.22464595756795613,-0.15233633941406,-0.14155844441576093,-0.028532160813476426,0.025912244934434447,0.07544227760718925,0.1620115653085763,0.10976182661669731,-0.08341018312624782,0.24607778665028346,0.2965218031516672,0.16602822060291977,0.26776753203869097,0.23847722106799618
FUN,2026-05-07,discovery,-0.033450747045636,-0.002594769786728124,0.03936174708790752,0.014367930347607305,-0.010643860132477645,-0.07864052391402354,-0.015168588686997886,0.026865781690527113,0.01929188492928602,0.04688935912638548,0.04170099238368197,0.017886869415061568,-0.015280726034684333,0.041527750862568436,0.011220790979203032
HIMX,2026-05-07,discovery,0.06928699883905254,-0.12260748760041063,0.015447524512639976,-0.08939285532484542,-0.03091674706477221,0.09512945134922224,0.1678132650358597,0.04770142053115278,0.09416942656435956,0.015661539501587773,0.024049232770694262,0.10702813463387328,0.1663917506753252,0.1460758023769555,0.0012026974665051426
JMIA,2026-05-07,holdout,-0.1012004333524893,-0.0776827748237745,-0.13056314092380228,-0.10000248410619894,-0.024093444789503815,-0.01303884826400481,0.015627249420782308,0.05557309161092827,0.05290167448375449,0.004008746160481413,0.011393921952504549,-0.048378427045290606,-0.07771519589067022,-0.06546199602849234,-0.07414980199289745
LIFE,2026-05-07,holdout,-0.2723534680792503,-0.3033519060917931,-0.25011198622109687,-0.17942309144847512,-0.07104221316132442,-0.19346054254265277,-0.08469745191011879,0.08516506936015111,-0.039988133259196035,-0.10592388171885792,0.04936604872481065,-0.11714518332492863,-0.2060775552330848,-0.1258738656657642,-0.08502912285710573
NP,2026-05-07,holdout,-0.06627246184583768,-0.11189792411789401,-0.05844256472036846,-0.004298579785852019,0.00036535182939534394,-0.013395931175904985,0.047024250757138564,0.03824729585799136,-0.013330489803206946,0.01080972741160724,-0.0754275712113539,-0.145343319561422,-0.1469359317426362,-0.14052662795906967,-0.06688928735765154
PTRN,2026-05-07,holdout,0.03495897444971319,0.09626561266097211,0.06954917891767853,0.051191016240099585,0.09031030973444731,0.09482043086813774,0.06351662714893558,0.03976976539316923,0.042937994212799424,0.04848088609774481,0.05789162094194822,0.06605410700928038,0.05920289812489776,0.07808318903732947,0.0654707403831658
RGC,2026-05-07,holdout,-0.02600846578605165,0.017710517773616652,0.030696273422410325,0.003990185885123565,0.010628944478844549,-0.10602394704509122,-0.14138957650420925,-0.14465324586445916,-0.1377617774181108,-0.13334134002205245,-0.08047878846350509,-0.05968087893064533,-0.003349777699987566,-0.08417916230276856,-0.13857453720625768
RXO,2026-05-07,holdout,-0.1427909670829265,-0.07641554102671,0.05989369147059853,0.20536542861527185,0.398489499556012,0.2951527356343817,0.2927358699945055,0.16271687141436653,0.06794375993533697,0.0315555612852616,0.08528461758814188,0.0660361352519152,0.06602104555119181,0.06349552059244479,0.07506290541409455
SEZL,2026-05-07,discovery,0.0215649132274518,0.014133403743164519,0.07759319727207181,0.026134990511984868,0.026715958145127505,0.03363180969096535,0.0574394406727059,0.06421625632179295,0.11607930452275772,0.10190976151661468,0.17472279527255186,0.06486822594111885,-0.029681422629872056,0.013254802594300674,0.006911222011658835
SITM,2026-05-07,holdout,-0.07294689549944489,-0.19423327392457468,-0.1751943075978255,-0.1641512720385363,-0.12490125262282625,-0.06753407724225069,0.007994977329204067,0.024123718591888554,0.02863268356627624,-0.020760268042713248,-0.10452736654783545,-0.06853615587441453,-0.023571481611724288,-0.03418361314156304,-0.09398497001039419
WRBY,2026-05-07,discovery,-0.029850903842058685,-0.003983683935543825,-0.04740394373992751,-0.1403761365793229,-0.14496466657386198,-0.13544991735915457,-0.125763211419041,-0.016137303860805696,0.033932594270242866,-0.01771016586388563,-0.045598690652190355,-0.028428029821743195,-0.06189048875673542,-0.06550816998041742,-0.0483857215855954
XMTR,2026-05-07,holdout,0.0742641234428425,0.0903694487639971,0.044517434587405535,0.06640068666299614,-0.027056550284153436,0.027127019535237995,0.03704137932775575,0.0622244104405727,0.020447249505069376,0.07814746273740614,0.05040490059865266,-0.09443366469554193,-0.13521874089111208,-0.13569599807084243,-0.12850750974879133
AD,2026-05-08,holdout,-0.03586875050688265,-0.005619837834735408,0.009492484654569755,0.01690546368007073,0.004241652196512291,-0.014385616704198467,-0.02397993746562621,-0.020156438480217642,-0.02941716799306504,-0.006248592568029343,0.027104761607137373,0.00400940338603184,0.012539071210240671,0.01696244360898025,0.025274826836140574
AKAM,2026-05-08,discovery,-0.01376034220029232,-0.048932872068819244,-0.1077317430108965,-0.05329235778783603,-0.032944574294315965,-0.03314411595656297,-0.0009392091352313781,-0.02093588211214714,0.004039050115283382,0.028749865832678134,0.06974449189965859,0.1052588372239418,0.10743859223010488,0.02355270090936734,-0.05335605690432177
AMN,2026-05-08,discovery,-0.045701606754027124,-0.08050029278667648,-0.12847161121101458,-0.14618088062485213,-0.04195830298059422,-0.07299072798928496,-0.012400145919493344,0.02182609026517457,0.11090817680429699,0.043437013933113056,0.09935134217297126,0.10930131614777183,0.09265435150770518,0.11891406101626512,0.08341139486246207
AVPT,2026-05-08,holdout,-0.03159458768180001,0.02292687699804441,0.08067721209219936,0.05324970856507982,0.027500636740905193,0.007527353662524883,-0.040396605417572284,-0.025739546050257966,0.04690318533431892,0.10223305178335607,0.07675356726537408,0.059639709475235225,0.05707016639055973,0.009441743338958863,-0.047446684814069995
BILL,2026-05-08,holdout,-0.07092805734194452,-0.0783761930532425,-0.039112543188680515,-0.06969707703497996,-0.1068314752336933,-0.11014175330319842,-0.10359604188062554,-0.10903777588937891,-0.0028886596961921196,0.0759479256104374,0.09032835512799409,0.009372353329675231,0.028550978491914458,-0.0033392406617079873,-0.0851348956133815
FLNC,2026-05-08,holdout,-0.22464595756795613,-0.15233633941406,-0.14155844441576093,-0.028532160813476426,0.025912244934434447,0.07544227760718925,0.1620115653085763,0.10976182661669731,-0.08341018312624782,0.24607778665028346,0.2965218031516672,0.16602822060291977,0.26776753203869097,0.23847722106799618,-0.08797383715412421
FROG,2026-05-08,discovery,-0.015060535733651514,0.05162412359237112,0.14555386678349003,0.10501033965825868,0.10959625766681946,0.05893474231678564,-0.012182642432303048,-0.02699828692374273,0.09401549117164287,0.17623914443591326,0.19403528944144033,0.1698020759465304,0.1807046728475059,0.08189339348501656,-0.004424690877548487
INOD,2026-05-08,holdout,-0.08686041809195844,-0.03632145396079478,0.054346285033282205,0.10024060928159728,-0.015204666201629635,-0.003601257216367282,-0.013616673221658493,0.03098156766941096,0.04693583193910067,0.19049163758179466,0.17894421504053426,0.21147994795869884,0.21964935887277948,-0.0036483620761177393,-0.08318417717550652
LASR,2026-05-08,discovery,-0.165336208785002,-0.16483431032127416,-0.11197659602959265,-0.05296393105579511,0.030064480108884073,0.13546600346860505,0.14844632865251794,0.09208806549737947,-0.04875021315082417,-0.11870731713481075,-0.07583540567346836,-0.06646947714477347,-0.05712171269760036,-0.08655209111733819,-0.028511377722093
MBX,2026-05-08,holdout,-0.2261667943740172,-0.17217608459404765,-0.1604386869775687,-0.09367707090407251,-0.027243099918241698,0.008690132716098642,0.026227919298354996,-0.00305624136614413,-0.028592619696441113,-0.05497715715809248,-0.045034737377806056,-0.062439627724801605,-0.03433430546720939,-0.012789962718589454,-0.028363601243621694
MRNA,2026-05-08,holdout,-0.08932508229741154,-0.13570243322352382,-0.04418883369659077,-0.048082333248517406,-0.052798777070251046,-0.038613220592878306,0.01853720811948545,-0.029439828442268,-0.020007672680724897,-0.03479198521856841,-0.04151948586160259,0.025418933978258895,0.08120722290615956,0.030321518104980738,0.0589045787163579
MRVI,2026-05-08,discovery,-0.13836132031785553,-0.08839225966140996,0.015157935933413635,0.0515735152051926,0.05148785846540882,0.057364832464377846,0.012743687958627792,0.029393988545864058,0.05290209836300819,0.06224490659691262,0.090775784530573,0.10251468308019196,0.07213118658748607,0.07085707318235923,0.08652261574863085
NAMS,2026-05-08,discovery,-0.13678188370866529,-0.12691065731974582,-0.051552160899254074,-0.02362658827759412,-0.008753104005669199,0.04153898288418656,0.06142165442062275,-0.027240905556586426,-0.07616504707611738,-0.12029143461261327,-0.13381383853643558,-0.12675460884047496,-0.08093958507886945,-0.039109226135097486,-0.0009534154243053816
PTCT,2026-05-08,holdout,-0.08630362515969292,-0.056754891835763654,-0.03178741739278146,-0.03300707548892956,-0.045971567930066515,-0.05180254539439444,-0.017823318350965067,-0.01758757862891036,0.03964797674665266,0.0552180871373964,-0.0033903281115983397,-0.033058425774856515,-0.00907046490300123,-0.013974147089847677,-0.014231907311776038
QURE,2026-05-08,discovery,-0.09716711819462465,-0.14551802795464353,-0.1552398269703975,-0.10046328231552881,-0.11448318842964633,-0.007339945889279109,-0.0033603098063466064,-0.0078474836390785,0.13373521844121106,0.1492971889813557,0.052052034546333115,0.18209062758062222,0.12305829287977055,-0.04788192347508924,-0.017761735050946914
RKLB,2026-05-08,discovery,0.11856135370523713,0.08896473120607751,0.08302279337076424,-0.04628028019826491,0.0793289522534888,0.07563159817801779,0.15723161930417762,0.08438789020525661,0.1251960813318198,-0.11578310895020527,-0.15079069468663875,-0.24154089401437395,-0.19299112224102644,-0.20776123616306597,-0.04594105369655099
RXT,2026-05-08,holdout,0.024333346507520948,-0.25226544623650105,-0.30533112494415326,-0.3987512154681764,-0.29569468940724264,0.01925195438880234,-0.036645887227486074,0.19448989105063785,0.17546890864149378,0.40920548514918753,0.08461558951032688,0.12023309057169329,0.14927754420017747,-0.0649182157271666,-0.21270565463058266
WSC,2026-05-08,holdout,-0.10058093595100914,-0.14793166478438602,-0.08084314513416457,-0.06887320967502586,0.0035018449330175283,0.05758539164945331,0.09837092670497061,0.06953199838025914,0.047339279840457715,-0.0011584903512185107,-0.020888984056921966,0.006278033228011903,0.021467948578464124,0.04367903414739316,0.09417529487215537
DXYZ,2026-05-11,discovery,-0.08610650940707665,-0.06753758852941749,0.36185386024528454,0.39065892632574095,0.1198730911509227,0.07620852608359496,0.09536444800414778,-0.16708310968528217,-0.2802056958919854,-0.22754269844793518,-0.24621552382100786,-0.19919711595214784,-0.17897619718103408,-0.17587364796034088,-0.235649078038922
INOD,2026-05-11,holdout,-0.03632145396079478,0.054346285033282205,0.10024060928159728,-0.015204666201629635,-0.003601257216367282,-0.013616673221658493,0.03098156766941096,0.04693583193910067,0.19049163758179466,0.17894421504053426,0.21147994795869884,0.21964935887277948,-0.0036483620761177393,-0.08318417717550652,-0.10561693706486386
LQDA,2026-05-11,discovery,0.06574569153659904,0.07401002215188701,0.05230978632409289,0.0623868786985351,0.03877652030900425,0.01137668678987791,-0.013800949287422926,-0.02030157333764071,-0.05386988432333495,-0.09499214801875078,-0.1072454814645305,0.0049220332356882945,0.02486209549784446,0.113129592641117,0.19114359643606815
LXRX,2026-05-11,discovery,-0.11015420003711862,-0.0928343291373468,-0.03563395822649784,-0.04014320833036833,-0.05354787892075019,-0.004022036299537346,-0.018010085107504237,-0.04094801416780025,-0.058967260203546146,-0.0944881485699014,-0.15250232503035344,-0.14357134835312546,-0.09882946776997426,-0.06631742042673738,0.024357378816307507
MLTX,2026-05-11,holdout,-0.09402659897865162,-0.07244495738013834,0.011634643500765929,0.027714207949853353,0.09271608729799463,0.10181677695109737,0.07759115483696455,0.01991425872183772,0.01733384280950534,-0.031711493293236304,-0.012641397902939278,-0.0011585550196622219,-0.04171243288238369,-0.018100661790922623,0.025731109997638946
P,2026-05-11,holdout,-0.08157518227001137,-0.07555888118498211,-0.04999481342383427,0.06540305047124306,0.13019580885418858,0.10491137487374247,-0.08075869758664034,-0.012070787835305685,-0.04883722290142811,-0.07274482576857,-0.06218640928612873,0.07159065723644065,-0.06729169405718016,-0.10099538010390385,-0.12677488953954708
TH,2026-05-11,discovery,0.05865994125807239,0.04485655605861083,0.0007413362335704221,-0.049481948330243886,0.0032798382131740134,-0.026605691423505884,-0.07496522763167457,-0.065727319828079,-0.058082622750777024,-0.08825815082023103,-0.07432221812185458,-0.02710934541028831,-0.046980820383007105,-0.0013209798306679232,-0.00044012862279152465
WYFI,2026-05-11,discovery,-0.015819082738132484,-0.10364047389631892,-0.007387117921332842,0.23876753988998778,0.3056695951761461,0.2146594297563713,0.3122916757324292,-0.012096712805864218,0.02807870392462375,-0.05206574841086686,-0.11744976393751161,-0.14997481944226398,-0.19252831156478178,-0.23308514041963613,-0.19813673252459785
AMBQ,2026-05-12,discovery,0.07605273836975013,0.0517591416468437,0.14853750846595304,0.15498770423626618,0.1097541696411215,0.065007804981015,0.02196468801180207,-0.06958406488062885,-0.020820932562305994,0.022640969219710927,0.021166830116698954,-0.03987711294585716,0.048079810876337725,-0.052104994194751786,-0.054556235446873824
HLIO,2026-05-12,discovery,0.05464776672275462,0.004725969875450042,0.01837923404970776,0.04875700345721001,0.035705150233965144,0.031004531793974888,0.047139707172245915,0.03237086282041557,0.0038550758578494992,0.02611464319688439,0.031623117186805105,0.003119828525867896,0.03269453707809078,0.03372116688558613,-0.021518162118089212
NOVT,2026-05-12,discovery,-0.010409369603007201,0.001954023716452258,0.035105914323328324,0.0632958649021389,0.07173643590453715,0.019294573094641,0.010205389799045061,0.00624368232208683,0.020493715547454272,0.02858339129032994,0.03291434362601153,0.0059438349003057,0.03085350858309932,-0.017448142719989956,-0.03584119129888408
PACS,2026-05-12,discovery,-0.10268823465945331,-0.04013044813143296,-0.0015492496550466583,0.03979835768165252,0.04473675154593115,0.009016941919522736,-0.04817964632656202,-0.07584354665526072,-0.06238836499377709,-0.07391443739813341,-0.0172471658097344,0.03484634419798316,0.012245422459610134,-0.016680504440716892,-0.021254616620027145
PBT,2026-05-12,holdout,0.06691651450594216,0.10464902076861038,0.0601886396765261,-0.0067338839326112065,-0.11922991162768204,-0.05410766593194516,-0.08490408951446682,-0.08469814264618103,-0.04533059606349721,0.03377017186904019,-0.02016892567628359,0.042172750945244974,0.02512420282111416,-0.019367848373535113,0.03473836407234265
QUBT,2026-05-12,discovery,-0.1318448615352491,-0.019995995272059863,0.16306986462947615,0.18609992447764157,0.2158103259640276,0.26232456278667615,0.029676836694286335,-0.010801749490799706,0.03683744719420301,-0.024301339845639314,-0.08908416042497591,-0.1426183641218136,-0.13110793195602166,-0.19443324420948183,-0.11090976419977039
RAL,2026-05-12,holdout,-0.026440331373681625,0.0036220429704606483,0.028315149060904155,0.03856007027061015,0.043751568691557274,0.027086286357665523,0.015224541707631545,-0.018762752879894595,-0.013091831025818124,-0.002476870696936695,-0.0018561312069045321,-0.002453195261124752,0.018473566694910848,0.05884659671052184,0.03484598224761504
SE,2026-05-12,discovery,-0.07310147500045194,0.014416770558597136,-0.019633832525915218,-0.007896468856026129,0.048005243832678346,0.04426604660360778,-0.0008781330326210757,0.07413987494456609,0.03431787177485446,-0.04783592709550155,-0.0016683971380584417,-0.01882909514803266,-0.0874959094920833,-0.059142652649235794,-0.04027340021974257
VPG,2026-05-12,discovery,0.012572556163093718,0.04415913042197439,0.16017417191869154,0.156822776206909,0.26275251526226895,0.22565986960020945,0.18591405462576405,0.09240407718331478,0.06517724995087204,0.02680870484760578,0.020572469834170937,-0.03722181013740666,-0.024276513546894418,-0.04761025009834807,-0.020911309818728463
VSTS,2026-05-12,holdout,0.0414279545968671,-0.03873036747526948,-0.05038577575112524,-0.047388958735346765,-0.011821620850340775,0.07600704304651895,0.09430729239716285,0.08065523308412192,0.07370194291497567,0.09354285815865815,0.03107513719277022,0.019605852376413324,-0.007889223759251052,0.03511710517811539,0.02831151998292636
WEN,2026-05-12,holdout,-0.052296033690289234,-0.05313475266305678,-0.03493770537696239,-0.07738911846119756,-0.10038758218792565,-0.05026814962363324,-0.008027833269341755,-0.01217889047242049,-0.03234434263609065,-0.0904841160583233,-0.1032998295124482,-0.10354761665097645,-0.11593130041077393,-0.039699748132181134,0.006080629869262166
ZBRA,2026-05-12,holdout,-0.011904794534884577,-0.0540871477057292,-0.023405130079812042,-0.04546553947787779,-0.0011141226260567016,0.0001851449149639084,-0.01287138680298816,-0.039174898532162716,-0.0040412206473079415,-0.0177492025191599,-0.013061823173310838,-0.022261048349395796,-0.042220890233631514,-0.04989888272433762,-0.09220778394349438
F,2026-05-13,discovery,-0.04865473422111466,0.10542605496458468,0.1595836464656739,0.19312510269963123,0.2414452312479738,0.2572599144313541,0.09656409841327696,0.042213646525441906,-0.01574216265533024,-0.08197847791820834,-0.12061846449040659,-0.07254559667637772,-0.04465501641616065,-0.05155435253806906,-0.015537114675645003
KC,2026-05-13,discovery,-0.18811107500374613,-0.08116012698032449,-0.1399037105947596,-0.12355531840816081,-0.1139986344575199,-0.11757275980468562,-0.07988845187843363,0.039455912103831814,-0.03400029186494491,-0.010431378910549016,-0.023021830695990064,-0.12156677069247235,-0.13604501766443888,-0.09288582284668756,-0.10615193809415979
OUST,2026-05-13,discovery,0.01388226378805002,0.05349583836241978,0.3729050238730478,0.4654220774502633,0.35322414489797427,0.293813159391872,0.19604005839095318,0.06602200536335134,-0.011141332658832992,0.10914992516819333,-0.1133040981684138,-0.06467020832356685,-0.13350605324040754,-0.08850870413941192,-0.1333127623399436
SLS,2026-05-13,holdout,0.0261523635246681,0.0901169939668569,0.09768995804225811,0.10763338972656378,0.005401289685746491,0.2129550352284979,0.148509173422676,0.013898178762249858,-0.05049145412856815,-0.018550411066766692,-0.0909806000872112,-0.09470638182645907,-0.048382845546884656,-0.08878668260195088,-0.11716711865934437
VPG,2026-05-13,discovery,0.04415913042197439,0.16017417191869154,0.156822776206909,0.26275251526226895,0.22565986960020945,0.18591405462576405,0.09240407718331478,0.06517724995087204,0.02680870484760578,0.020572469834170937,-0.03722181013740666,-0.024276513546894418,-0.04761025009834807,-0.020911309818728463,0.13049137266838218
WOLF,2026-05-13,discovery,0.0007092843641502977,0.11614627130619759,0.22225157964712405,0.052500294707933604,0.09167951293129106,-0.16557688835503326,-0.2596813912640973,-0.18121557726170345,-0.03017123744261696,0.027599392817128976,-0.046163756672698675,0.07211772346439205,-0.1714653175543912,-0.25773257051034326,-0.2953746196176096
CSCO,2026-05-14,holdout,0.009857881483507525,-0.020791103156454604,0.014380135975284203,0.019506320426145418,0.0002552256219512383,-0.009659978574069417,0.06975669984386523,0.052036767037856535,0.09245203047401374,0.03515500311207154,0.04871238610374984,-0.030039116130164745,-0.02267215308421222,-0.03731414699385094,-0.010133882546339845
KLAR,2026-05-14,holdout,0.08353427974444982,0.07579674453488816,0.11731760020802295,0.06589298317510206,0.12962167254589874,0.06296501245668318,0.019838279651017032,-0.022428128374982426,-0.0015797160733292959,-0.08049836927068144,-0.04994902513120725,-0.028570823587636518,-0.030829218322075302,-0.03571584563455177,-0.013640821090205701
KNX,2026-05-14,discovery,0.006595943568346696,0.036672153859046874,0.06217739264106115,0.03860958592160002,0.05805707971725593,0.0939372837334822,0.05234437872008946,0.05009923744768363,0.04402092776041844,0.06389728198454803,0.0612759596170781,0.06481967040445547,0.050718192901483716,0.07491467405132413,0.03210615713905418
ONDS,2026-05-14,discovery,-0.15564571066790156,-0.008948065581251052,0.1607603046338799,0.3975882574146241,0.42156061610526807,0.46835062498010105,0.378005325556102,0.06996308097014348,-0.09990358294423629,-0.18602008039107498,-0.20929968376195718,-0.2597478158363097,-0.15990763396163044,-0.15324831596984745,-0.11115958411179194
PCT,2026-05-14,discovery,-0.10962684843549908,-0.05981228675937489,0.007304407732063867,0.06715013901722422,0.07503045509554496,0.06308815671718238,0.03489835312987921,0.07158242706200402,0.08061624922177768,0.03511256637601501,0.007890335049283936,-0.12994680564889471,-0.23656415668068553,-0.32787298349854777,-0.29614601440027
PGEN,2026-05-14,discovery,-0.04947715424747523,0.02560431416974418,0.03489100930890876,0.038196062205696935,-0.004507833546415041,-0.04560238587947385,-0.10158651237305161,-0.13912780911916267,-0.1474240647227789,-0.15009146857388256,-0.10802514556480947,-0.009211688521706285,0.059194806204442285,0.19910720854998443,0.23732218715927145
PLSE,2026-05-14,holdout,0.045829388631032586,-0.0009362252235738389,-0.03201985479564251,-0.06975406263047179,-0.040435723819072344,-0.06442294023622552,-0.07811771501006648,0.0058854806628942935,0.08562502025686203,0.038223782328592026,0.03236095595288313,0.09101574849934413,0.0381973880086115,0.0236759740806316,-0.043594233447505015
STUB,2026-05-14,discovery,0.1227661576211565,0.0267077864882046,-0.007078129587408721,-0.03801006603401791,-0.016494041182466557,-0.007280445786842948,-0.00476958367349134,-0.03083666297441845,-0.046156979320569946,-0.03278551631046833,0.018525577978994345,0.08985247513257288,0.1144686061265654,0.15772812880026443,0.2278899628039257
WYFI,2026-05-14,discovery,0.23876753988998778,0.3056695951761461,0.2146594297563713,0.3122916757324292,-0.012096712805864218,0.02807870392462375,-0.05206574841086686,-0.11744976393751161,-0.14997481944226398,-0.19252831156478178,-0.23308514041963613,-0.19813673252459785,-0.14767492252270864,-0.08044032858862049,0.05575798004265908
FIG,2026-05-15,holdout,-0.1146868550819028,-0.1057407785489285,0.020962419929695608,0.1625758427785231,0.17688714310937015,0.09413819618215369,0.06291068341136175,-0.04379424096447537,-0.12203503814906191,-0.19650641898940646,-0.12679464276684904,-0.09343928945883129,-0.11529430861262491,-0.15328071063283644,-0.14386573666514624
GLOB,2026-05-15,discovery,-0.0520492035829111,-0.05832931799675323,-0.06251835430116359,-0.02517185812932443,0.09010035867641975,0.08850463139531928,0.016859022543109115,-0.01206513057546188,-0.02601688216519682,-0.11561913137093416,-0.08411694013854198,-0.03288907090208726,-0.05430639823629335,-0.026843307571766784,-0.055175058991992265
MICC,2026-05-15,holdout,-0.021247214772785683,0.031427185086246645,-0.0031402102503781393,-0.022828889250502304,-0.006085551731823902,0.060833001334360315,0.018845519464648408,0.036382805358241566,0.07872742062184024,0.07168071439123447,0.0689340860886496,0.10039840225725927,0.08425189644784481,0.04410043932961072,0.02835305849749359
SEDG,2026-05-15,holdout,0.2648420824510047,0.3201292284938899,0.2838398055405573,0.19337822660573245,0.20626690270179027,0.09771811372699402,0.005750968012648849,-0.003983024622297382,-0.14760228624482707,-0.130862485526677,-0.23413970312574028,-0.22497468185075387,-0.17545243279481426,-0.04321233909500011,-0.07991288351374681
RAMP,2026-05-18,holdout,-0.022536011870317285,-0.021720644114845755,-0.02566371553802249,-0.020483520026320146,-0.014088112384132101,-0.012731140248009698,-0.008886397312932726,0.021296330661850882,0.023075097357551422,0.028583958835941226,0.04541654929339334,0.031952481181170334,-0.00034978974382005035,-0.018983067119621833,-0.016153144101668238
TE,2026-05-18,holdout,0.570221874756268,0.22566806800019723,0.19248267427016508,0.2710658053641657,0.1401892321610163,0.04423320108511963,0.0743341978701686,-0.08198379696233493,-0.09748867751437928,-0.2676938081949449,-0.28962869728934626,-0.24805288048565244,-0.10431599599692976,-0.04411801566695139,0.002076757971355203
AGYS,2026-05-19,discovery,-0.002648158625911501,0.07027848965829886,0.15441800429164854,0.12040200837811676,0.10810405925849542,0.07900463909451516,0.047667028676953604,-0.022205118097336274,0.03410571736088874,0.06988955665735208,0.05192430610519272,0.01825487607491727,-0.03907626702996925,-0.04730558160403486,-0.05969654440652283
CMBT,2026-05-19,holdout,-0.11824186222044808,-0.11701133598612401,-0.08851718542672837,-0.0765193407401763,-0.06471938129573995,-0.07348657589556307,-0.01957870473907275,-0.05376322194271266,-0.013971418507235156,0.04224866851113673,0.06015803255463992,0.043019952143236395,0.04966729368421752,0.008530883091930397,-0.03216794222462893
PURR,2026-05-19,holdout,0.033714062948321466,0.1595395632601877,0.3999093551676478,0.286261017710143,0.2353937910060906,0.1079413664487523,-0.12112236793268039,-0.15392281642817107,-0.21830059089117904,-0.23181223058327405,-0.07984208775098522,0.014235123762033064,0.025968293457320435,0.19895187874183407,0.27449688065688793
IMVT,2026-05-20,discovery,-0.042845345098048715,-0.05507507382932075,-0.09798226940862464,-0.07268129325414019,-0.02807600357378215,-0.04074194065221037,-0.037220249279226736,0.051964049617474695,0.039160491925558594,0.03195999738740618,0.07498685154399132,0.06459735153407586,0.04525330190953292,0.09180552509959883,0.06264553456032829
TE,2026-05-20,holdout,0.19248267427016508,0.2710658053641657,0.1401892321610163,0.04423320108511963,0.0743341978701686,-0.08198379696233493,-0.09748867751437928,-0.2676938081949449,-0.28962869728934626,-0.24805288048565244,-0.10431599599692976,-0.04411801566695139,0.002076757971355203,0.14806155804185006,0.09172416071907974
AAP,2026-05-21,holdout,0.005995393592299836,0.03374625182194757,-0.024604314573617336,-0.06962126586767259,-0.031915129121736885,0.009955688983394273,0.07110543593390051,0.0774131044013584,0.110162509745093,0.06453952858201095,0.024446629226535066,-0.012521510950333159,-0.042634483966468295,-0.02074998816916107,-0.09204603118902444
IBM,2026-05-21,holdout,0.24499075361883382,0.30133144072715967,0.19257288306746112,0.13881654176711744,-0.018495328072696826,-0.0981178126929877,-0.12750625147716155,-0.0706597889691748,-0.06367496581116427,-0.049929928028310755,-0.06424068100960856,-0.04209072762203625,-0.05816078602680763,-0.10585941722287096,-0.07709718734597348
INFQ,2026-05-21,holdout,0.0646566694147277,0.2392955944092814,0.12109507252413221,-0.049444999670053,-0.07731893743167007,-0.137333853333252,-0.280366746258948,-0.18179112188648527,-0.14142970339784844,-0.08399127044956067,-0.020441745999015826,-0.04208782985401349,-0.03908106494851338,-0.05395666710761893,0.05530818856312525
QBTS,2026-05-21,holdout,-0.024783494489107216,0.06316191981393704,-0.0024895721860151987,-0.06603297280943698,-0.1836689530255775,-0.08933468039821402,-0.18399252435047386,-0.11788244343022725,-0.11267349851993136,-0.02582031247767025,-0.004469595292620365,-0.00016066785060342426,-0.03560157820830989,0.024352011758393077,0.043509654353352856
RGTI,2026-05-21,discovery,-0.04720214882125995,0.06044777790557099,-0.02636105623209173,-0.1094781782481683,-0.16526597327807158,-0.12532984773985179,-0.23783669720773992,-0.1547886983596516,-0.12057730809945566,0.00881218688972285,0.021842026748251087,0.030229968509965177,0.019733708062903643,0.023213479417060867,0.015506588758152251
RL,2026-05-21,holdout,-0.047662113987701815,-0.059818652120627314,-0.04969045202069522,-0.014223010764907729,0.032305989120199996,0.0433237460935304,0.10571229248396397,0.08549449828436595,0.09801232240238023,0.09641982994426668,0.08485057339188984,0.021837990138558583,0.05143423228862676,0.037942520485942044,0.013619903441188796
HLIT,2026-05-22,discovery,-0.09007038784669719,-0.14822802404410473,-0.143888085002022,-0.09674982419749423,-0.08332192566008989,-0.10963275613090184,-0.040929478259186025,0.018687404803864216,0.11939963579435764,0.048435924650410245,0.08563620273748174,0.07859199515434367,0.02711127786438139,-0.0015498112390692764,0.0009456728977603746
HYLN,2026-05-22,discovery,0.016823992607956084,-0.07420113556329344,0.05650543125480323,0.012148294865657716,0.1806699586312891,-0.03662552543362996,0.10940482383378547,0.01109634206788701,0.06676922128489782,0.005198881676866662,0.15390642133563026,0.08552834882789995,0.06638998195416668,-0.007613252759999578,-0.1486360864794416
INFQ,2026-05-22,holdout,0.2392955944092814,0.12109507252413221,-0.049444999670053,-0.07731893743167007,-0.137333853333252,-0.280366746258948,-0.18179112188648527,-0.14142970339784844,-0.08399127044956067,-0.020441745999015826,-0.04208782985401349,-0.03908106494851338,-0.05395666710761893,0.05530818856312525,0.10507513526876044
QBTS,2026-05-22,holdout,0.06316191981393704,-0.0024895721860151987,-0.06603297280943698,-0.1836689530255775,-0.08933468039821402,-0.18399252435047386,-0.11788244343022725,-0.11267349851993136,-0.02582031247767025,-0.004469595292620365,-0.00016066785060342426,-0.03560157820830989,0.024352011758393077,0.043509654353352856,-0.018687247878827806
RGTI,2026-05-22,discovery,0.06044777790557099,-0.02636105623209173,-0.1094781782481683,-0.16526597327807158,-0.12532984773985179,-0.23783669720773992,-0.1547886983596516,-0.12057730809945566,0.00881218688972285,0.021842026748251087,0.030229968509965177,0.019733708062903643,0.023213479417060867,0.015506588758152251,-0.03440303374231368
BRAI,2026-05-26,discovery,-0.16722407920890858,-0.40666734711353425,-0.4065633918980127,-0.37470065202833125,-0.2449210301760386,-0.11003271799165626,-0.03213669584506551,0.04519952384448067,0.02440224215813047,0.028071562197511835,0.194176368005323,0.10110934630616897,-0.014030364791067451,-0.024909173417555275,-0.14544759088555903
HLIT,2026-05-26,discovery,-0.14822802404410473,-0.143888085002022,-0.09674982419749423,-0.08332192566008989,-0.10963275613090184,-0.040929478259186025,0.018687404803864216,0.11939963579435764,0.048435924650410245,0.08563620273748174,0.07859199515434367,0.02711127786438139,-0.0015498112390692764,0.0009456728977603746,0.005209097409509145
HYLN,2026-05-26,discovery,-0.07420113556329344,0.05650543125480323,0.012148294865657716,0.1806699586312891,-0.03662552543362996,0.10940482383378547,0.01109634206788701,0.06676922128489782,0.005198881676866662,0.15390642133563026,0.08552834882789995,0.06638998195416668,-0.007613252759999578,-0.1486360864794416,-0.3150429442843714
MOD,2026-05-26,holdout,0.07391146411952931,0.10940788335131346,0.016418881056473822,-0.020592598030216736,-0.06390312339869242,-0.1070199265920233,-0.07307025328034644,-0.012963757411849519,0.0169966242451145,0.006390874021637849,0.07817747302844347,0.08307309988694733,0.07323495189762297,-0.0007574222715623913,-0.0062438797669535084
CRSR,2026-05-27,discovery,-0.1731742868657683,-0.2328015874304904,-0.21756137305233292,-0.24095005609512432,-0.137936282620424,-0.07225029146343975,-0.07006745470544096,-0.04067953223231224,-0.020395875964536736,-0.03878932744977148,-0.012171953412875913,0.09252617201652491,0.049278716908924824,0.05495778784866101,0.04672431288143397
MANU,2026-05-27,discovery,0.12263350385886129,0.06976441002658018,0.03921889910277965,0.07254507154079692,0.12014904562192319,0.06576186958644692,0.05170856477360686,0.032228397846735035,-0.019786982752484805,-0.06650438510636625,-0.06147071302024254,-0.06000033876486022,-0.053393017080223815,-0.04191091855322204,0.015865947083883003
QFIN,2026-05-27,discovery,-0.008504769284843339,-0.07136926176449276,-0.13065061178935433,-0.11044822534563037,0.013855289969008422,0.006565350348918475,0.054181565770485385,0.07138481108714312,0.040268698829073024,-0.007921869225798739,0.0018280491302555824,-0.02044224064258926,-0.0013540622123772161,0.030075990937570185,0.007657746295626877
APPS,2026-05-28,discovery,0.051219742431115156,0.030846356685507392,0.18169518164347997,0.21697480174508543,0.11351489784760871,0.07754629556314385,0.030219930855745147,-0.06370316847828972,-0.17796383933210724,-0.16305958998509962,-0.055813290991964526,-0.029833693693233188,0.10150016477131352,0.18764267560373826,0.3094842887247985
ARXS,2026-05-28,holdout,-0.09783400274051479,-0.032302582089942855,-0.0186709413339069,0.006985172707956511,0.011239508711438528,0.03439684816117006,-0.012252089967702107,-0.008451971434020766,-0.011168276907934649,0.04171880262083105,0.12012952164641844,0.13505945665909436,0.06966687244915859,0.1026843270702188,0.04050925643776415
AVAV,2026-05-28,discovery,-0.07785213991932416,-0.0696351281403752,-0.10658852212268899,-0.058632446569763186,-0.07578890778797698,-0.08820313279683867,-0.09004693723836577,-0.07353867983226903,-0.05506322486770909,-0.08882284156094455,-0.11640944472488834,-0.10485172053700309,-0.12436514121193698,-0.17310728713794366,-0.1628935559304716
BBY,2026-05-28,discovery,-0.057208367072086985,0.014667042724451407,0.061800124176111915,0.09270729808429379,0.11160046430147819,0.09201299924061312,0.02256658861162708,-0.01189429033915923,-0.05498816181794319,-0.04291119030122681,-0.03564877542593792,-0.0010431870389774334,0.04990019665782597,0.06083518414617661,0.06364681836170949
BTU,2026-05-28,holdout,0.06384083432764154,-0.004468030781941801,-0.05441649625021583,-0.0896671189135877,-0.12986687350613935,-0.030605604670657316,-0.09773982554998895,-0.07920468786724522,-0.04425648612019539,-0.07135258077137452,-0.12326715671818911,-0.04061480729228628,-0.06281415043206728,-0.0677847762242565,-0.02824610345252554
CRSR,2026-05-28,discovery,-0.2328015874304904,-0.21756137305233292,-0.24095005609512432,-0.137936282620424,-0.07225029146343975,-0.07006745470544096,-0.04067953223231224,-0.020395875964536736,-0.03878932744977148,-0.012171953412875913,0.09252617201652491,0.049278716908924824,0.05495778784866101,0.04672431288143397,-0.014218857487009906
ICLR,2026-05-28,discovery,0.12335544484842398,0.12841867610656565,0.13347282824461848,0.042992401703348726,0.0066837936488614025,-0.027574802365020745,-0.050806906695485154,-0.07255617244099888,-0.030537240508868857,-0.03831922006724087,-0.04084195342192187,-0.006034285183456611,0.12469952797314565,0.13246156123260044,0.18719464890188198
KSS,2026-05-28,discovery,0.10162548508570035,0.11406057801397063,0.042266603125271196,0.060748896866352986,0.11074500363359696,0.16248135464786562,0.039302410952872346,0.011265752940854412,0.023960604088305804,-0.01621350630303775,-0.029029773842890294,0.04733807482039243,0.16744976274728318,0.15968157259576132,0.14029173958609242
MDB,2026-05-28,holdout,0.07029275570967775,-0.10159747017377374,-0.11636375241347763,-0.01621184349230298,-0.04225166105496003,-0.02833240482042676,-0.016521967745017685,0.007049774293911071,-0.06042835119593959,-0.07328762012176426,-0.07252062015096927,-0.06561382597263543,-0.11016100919043814,-0.11228800789117044,-0.03254854094020265
ONDS,2026-05-28,discovery,-0.18602008039107498,-0.20929968376195718,-0.2597478158363097,-0.15990763396163044,-0.15324831596984745,-0.11115958411179194,-0.09781594048912379,-0.06361362684509853,-0.04181625281201662,-0.06914036341172936,-0.05071882570917452,-0.0748974377320033,-0.1433471203783896,-0.1494545656681786,-0.1315698685786234
RCAT,2026-05-28,discovery,-0.10049343495235497,-0.13490737235256056,-0.20145529767349168,-0.1717373119259591,-0.15967829112877097,-0.12399107295084966,-0.060442740693710695,-0.06977947284300112,0.00658639908517733,-0.05963245613025214,-0.0527541771786767,-0.1213884778432206,-0.12034254185204574,-0.19547590047641006,-0.16504119521149418
SNOW,2026-05-28,discovery,-0.04263423981411674,-0.11627046394871154,-0.05260638761916259,0.032477871721334095,0.010010683078454208,-0.028694612369755457,-0.019744482154335774,-0.023609052515006668,-0.04383400125982506,-0.045867224114991556,-0.030150812616670408,-0.014916307503274107,-0.029128363405571123,-0.02282129649558784,0.09553379066360568
UHAL,2026-05-28,discovery,0.01915057487469063,0.07612299148784374,0.12760390481760941,0.14880399899104568,0.12457522963124801,0.07823250708251006,0.021718680759073683,-0.00846470206541139,-0.019445663047228612,-0.00894769471748158,-0.0035591704057127416,0.039266701868003295,0.050683623380894605,0.08651402836620015,0.1012246480416753
UMAC,2026-05-28,discovery,-0.13482517037630481,-0.0794468660869998,-0.25521095878028566,-0.17004932376471238,-0.1781831799611665,-0.09071328713659399,-0.06444383419301691,0.036375540586748745,0.048613864260937056,-0.040943329418859475,-0.07969509292379395,-0.10205416830334046,-0.20262015046733828,-0.22168650716078486,-0.2116182941786997
CHA,2026-05-29,holdout,-0.11933667255869296,-0.11544969003341699,0.028899023056231377,0.06007427438778834,0.04803161427523306,0.024982415966517957,0.03886299932552717,-0.03847286285594409,-0.039717857946729884,-0.08086176844672766,0.0010333350085395265,0.04274191746366418,-0.0014283537889622222,0.0658301366152273,0.07139900218578232
DELL,2026-05-29,holdout,-0.11443472845539937,-0.09332145637099554,-0.08351345466807902,-0.0469712093912128,-0.0027026022407792283,-0.00040673723667539186,0.04039275757383942,0.1124102686814703,0.033938628347490285,0.0549386522360662,0.07388990515802263,0.09696993893318362,-0.014549711950214483,-0.0006744811049793631,-0.0052379109156773795
ESTC,2026-05-29,discovery,-0.06151205865602838,-0.06400450385939627,-0.013596680226266589,-0.0492874171449218,-0.02899932686315987,-0.018542087890354164,-0.03679022207102145,-0.057933163912021746,-0.032929176505894775,-0.030402566807444797,-0.02513849185365069,-0.0005139787705852328,-0.07571111575940515,-0.022524730223813294,-0.02575408548281477
FPS,2026-05-29,holdout,0.07817631520198443,0.034395222503248,-0.0718728386678773,-0.07324487075881525,-0.007385773412988628,-0.0010562517391512483,0.02082728432659775,0.14250169022350478,0.07715979104211645,0.044043767615633334,0.008155353409798005,0.03540932319179835,-0.043014158310538564,-0.10680876694030494,-0.1062156193926782
HPE,2026-05-29,discovery,0.08653379926200311,-0.11069001544841772,-0.13696126258325103,-0.10279729696791451,-0.026629557577910412,-0.03816120147430291,-0.015738952835220532,0.03816547721784769,0.0008622478754973795,0.0012156555373339373,0.02611200324289209,0.03042444631148966,-0.021716998893773876,-0.05427263620133427,-0.07788396461846248
IBM,2026-05-29,holdout,-0.0981178126929877,-0.12750625147716155,-0.0706597889691748,-0.06367496581116427,-0.049929928028310755,-0.06424068100960856,-0.04209072762203625,-0.05816078602680763,-0.10585941722287096,-0.07709718734597348,0.014122078872718657,-0.0062104553195269085,-0.00656342331930948,0.11421558424559886,0.10676643294989707
NTAP,2026-05-29,holdout,-0.026783761550706275,-0.03093007356662214,-0.07457043815916664,-0.07733598061434765,-0.038201687197012,-0.07096713289265433,-0.040684513562557534,-0.057820369528477134,-0.016908006887385918,-0.02397871770658966,0.003433211330297725,-0.012569947233220247,0.007567280577950752,-0.021687463570037924,-0.01597525749211115
OKTA,2026-05-29,holdout,-0.1386332763720859,-0.08386039571661941,-0.039861201945866065,-0.02289692846986391,-0.02616287703055742,-0.010248244779104132,-0.048778087608389975,-0.03785425151341437,-0.009533676318460804,-0.006568874347286702,0.028490680010979208,0.04264427507833213,0.06410652584488041,0.07868893595874848,0.13712260903397044
TBBB,2026-05-29,discovery,0.026481041225943636,0.07129313103201351,0.05957687726833116,0.12003462465867465,0.06279862739105702,0.04984271688609132,0.05561578492094488,0.03864678332560101,-0.005235883302738831,-0.013768104785582325,0.02060665052603905,0.01334935231083434,0.0056973795161721075,0.02115723660184754,0.0007162367206416942
AMC,2026-06-01,holdout,-0.033153495398447586,0.1748093415211589,0.18879726165232913,0.30156800391207983,0.24554976784049432,0.26548730809394594,0.2574382089160354,0.22905609887566536,0.1759280482692689,-0.05956728666476363,-0.174010471455033,-0.2804853272011638,-0.2129790785152882,-0.2599386774572324,-0.10451875811650313
AVAL,2026-06-01,holdout,0.06001277052453391,0.0743419317132743,0.12349117842673019,0.15055544796168707,0.1043974127146885,0.056638301565391735,0.05998733292715097,0.05660125805340899,-0.04139701381651939,0.0007297988087131557,-0.03206787653105503,-0.07703312465678025,-0.09275176521180184,-0.03851707939921323,-0.07249158788726062
MGM,2026-06-01,discovery,0.004627720102264754,0.009418932281807013,0.010513272979387756,0.025035888831626663,0.007660075867249816,-0.00041446281932500106,-0.020768536632955747,-0.020219413351284965,-0.05256879805637027,-0.006813017829561452,0.004227297178154843,0.014527416925260828,0.0739407486402971,0.07154998161413595,0.0009882073608766806
SAIC,2026-06-01,holdout,0.03599983655406147,0.03383933008679252,0.011463198103615069,-0.01041689758055031,-0.05477413964323463,-0.06368751031549624,-0.08706503896447648,-0.12128185406744518,-0.11962980890714714,-0.01051691010265754,0.019102559559948995,0.00805138446718423,0.10092597481260845,0.12741691498285224,0.031943605087198845
HPE,2026-06-02,discovery,-0.13696126258325103,-0.10279729696791451,-0.026629557577910412,-0.03816120147430291,-0.015738952835220532,0.03816547721784769,0.0008622478754973795,0.0012156555373339373,0.02611200324289209,0.03042444631148966,-0.021716998893773876,-0.05427263620133427,-0.07788396461846248,-0.0958625283758886,-0.11553645011769742
LEGN,2026-06-02,holdout,0.007069012629673077,0.08635064685956151,0.09393758496200011,0.1045175704091863,-0.021302394220246157,-0.05984750898122437,-0.24232627411494867,-0.18560542002219582,-0.14603061535913675,-0.09705560796150658,-0.14286125916929127,0.05098087943840668,0.006258216124176097,-0.03231479258808401,0.0002838284272892455
MRVL,2026-06-02,discovery,-0.12444142701297733,-0.08735237991387257,0.05590643686732588,0.04822702796898204,0.026159375878974656,0.12487651000173017,0.09423678167472982,0.09712002843424838,-0.06845504962833593,0.015707382746332543,-0.019608694657559878,-0.11728867548492639,-0.09325006979441652,0.04957274017426139,-0.033880218990043454
VSXY,2026-06-02,holdout,-0.021579730474553527,0.10352866498163504,0.051678093136195535,0.020320218894722908,0.032008867903493776,0.03624281418251507,0.028447551883151956,0.01786581058125125,0.019841834049644902,0.047297075687965484,0.0660439577599713,0.10330153605375025,0.07753406755378556,0.041948593170099135,-0.053409256762455115
MMED,2026-06-03,discovery,0.12581647394301843,0.05966036176663092,-0.013052408110721503,-0.04579559663790678,-0.0581177516922492,-0.05742080908077429,-0.06556442039545884,-0.055847981663295854,-0.015998809731278985,0.012516980265606548,-0.01211360592181232,0.05096757449817335,0.07008373220147157,0.05794272714230031,0.08207101613199308
GENB,2026-06-04,holdout,-0.04376756645694546,0.04148090882229094,-0.004371087985930222,0.03254333820274469,0.108477654407932,0.2799626548313905,0.16438181208321256,0.23668839907561112,0.1928384366314818,0.16041592048680708,0.0687453666872816,0.07534440630281036,-0.0004390391127930826,0.0460201595792169,-0.00325415327903511
PAYO,2026-06-09,holdout,0.03106571511758749,0.02782804376142245,0.03644082676858562,0.03241942080400784,0.03274821466745392,0.011837385453624782,0.03943952191838129,0.01452561844234268,-0.009481743087776051,-0.017074927306198973,-0.0071698527738341955,-0.03057660511268967,-0.007644958054338291,-0.003081148034235648,-0.00797845436751321
CASY,2026-06-10,holdout,-0.09296606321540357,-0.07446431451683688,-0.0182721566404771,-0.05110697772902162,-0.06874559307369099,-0.05176577430550844,-0.05728533997881935,-0.06257760428131942,-0.03837641455785967,0.0019248635665045644,0.006090345318106705,0.01882067820402633,0.06261791113676218,0.040116574568697105,0.014448160479137107
FRMI,2026-06-10,holdout,0.354734558920466,0.2527434114939091,0.189916680416937,0.03673602730699932,0.025154706998606335,0.02271733151537303,0.05806573705043816,0.036104870069712414,0.04925807667727122,-0.0983630338916005,-0.1654554000381373,-0.2281029514620363,-0.1946719613069139,-0.1488235508027863,-0.1960371732186903
PLBL,2026-06-10,discovery,0.14628143696449936,0.07644081482771714,-0.023453447538106187,0.05319996339216104,0.022652938614639795,0.0486391050589835,-0.03248288974671509,-0.002260953014064482,0.09717415455272405,0.24308084010497133,0.34107088859951507,0.23288008732405463,-0.1088797093553111,-0.26834713517668607,-0.2222320424486064
ATEX,2026-06-11,discovery,-0.0699834535200593,-0.008349577069740155,0.04158383126716492,0.03223240063437316,0.22690965762350201,0.2800669656522189,0.2690914258248296,0.35105008016981687,0.2837525311902085,0.15198169845434806,0.018021224810237824,0.02106902452761661,-0.020408574952910152,-0.05341153384469077,-0.022559206820020106
MBX,2026-06-11,holdout,0.2329939673843604,0.2182495178035957,0.23006032555520062,0.2200967947172271,0.23943354417657836,0.23092617830279594,0.1719313323640297,0.13829689926379718,0.13323629411608384,0.07246295229784638,0.14229100474207934,0.12031283676864413,0.1670930984953789,0.04257335885597713,0.043363196554876304
TUYA,2026-06-11,discovery,-0.08813626388394447,-0.047224838484553056,-0.05494351679714926,-0.07909449639842281,-0.013663195846861487,-0.011750312778383565,-0.0614586020255824,-0.00022101052419620792,-0.014272152632611723,-0.019465438076231134,0.07381762319890517,0.06433456941753968,-0.002453531721830826,0.03179955449592464,-0.0026859638701585142
AKTS,2026-06-12,holdout,0.3336135866013006,0.291004776869611,0.33283023442228366,0.2458538538364775,0.21915672611841142,0.17528140922481716,0.05923164302452211,0.005310531727637402,-0.12840272657568041,-0.0930806221720919,-0.10800096677032722,-0.08793958619525344,-0.13582129519045294,-0.034277193560843355,-0.09271104632269078
ELVN,2026-06-12,discovery,0.17546076291228774,0.14545591204409958,0.1039504509307757,0.13419135138721694,0.11095093967065817,0.02625839729202628,0.0036493317325851926,-2.1322458324535276e-05,-0.031974438718160414,-0.007678768410392722,0.0028197675925576426,0.062161047301260375,0.011836764129207644,0.02000517519525047,0.010397182129801674
MAAS,2026-06-12,holdout,0.4338436453575103,0.17265074175780437,-0.018324867558523472,-0.30056859929391067,-0.290684030583076,-0.40592758132891305,-0.1616532575488826,-0.1529541540172703,0.16441162369385975,0.3104995270058424,0.08106530964106207,0.016349338028454286,0.014954452995215028,-0.12956364122758002,-0.1555101912043546
PLBL,2026-06-12,discovery,-0.023453447538106187,0.05319996339216104,0.022652938614639795,0.0486391050589835,-0.03248288974671509,-0.002260953014064482,0.09717415455272405,0.24308084010497133,0.34107088859951507,0.23288008732405463,-0.1088797093553111,-0.26834713517668607,-0.2222320424486064,-0.32214482895351726,-0.22529039432569598
ROKU,2026-06-12,holdout,-0.013331298369711142,0.008133662331300529,-0.009658258169125467,0.004431874011960102,0.014391375862414235,0.004862277959259975,0.016618900971853368,0.04287916624528454,0.02008809887242391,0.025222878755085,0.009869891885210702,-0.0097576872318903,-0.025871475069444205,0.003370965244149926,-0.0016153293276803815
SENEA,2026-06-12,discovery,-0.009980803508745861,0.029671559947720305,0.08686806984104345,0.11700064621994655,0.11065142601025768,0.06286234811425984,0.07404712073717401,0.07980486759163496,0.033867551553998565,0.016369401167686926,0.02379611097863865,-0.045578161506274806,-0.053278852176442903,-0.0244851616818601,-0.0517178141064909
ELVR,2026-06-15,holdout,-0.13366264415801288,-0.19585869705687886,-0.21280276056198588,-0.14105840026754823,-0.19341891187347238,-0.1509393656090876,-0.00309658476593766,0.02682028168504358,-0.05166260352403862,-0.052457507938150516,-0.047936258017589495,-0.1147027733876067,-0.1352452820806137,-0.02003232918842912,-0.016968492333985896
PLBL,2026-06-15,discovery,0.05319996339216104,0.022652938614639795,0.0486391050589835,-0.03248288974671509,-0.002260953014064482,0.09717415455272405,0.24308084010497133,0.34107088859951507,0.23288008732405463,-0.1088797093553111,-0.26834713517668607,-0.2222320424486064,-0.32214482895351726,-0.22529039432569598,0.034230077377346735
LION,2026-06-16,discovery,0.03960723232851626,0.08251755728774957,0.03216750116613276,0.0026863760199331566,-0.03728355941396344,-0.08759704958514614,-0.15313753937859242,-0.11718079353609889,-0.11116350883967396,-0.11044019683013895,-0.09482824838327475,-0.07363339655271395,-0.052138532488192224,0.015358277531578368,0.010953842034823413
WYFI,2026-06-16,discovery,0.10743704855955605,0.01805418539163095,-0.19033093275296065,-0.1500178536755309,-0.11446579651125388,-0.16038837222407654,-0.10191184184071811,-0.08188099860985198,-0.05247681301368512,0.10364151355365459,0.210899670989517,0.023911583736880515,-0.07403196827361114,-0.21839436360877806,-0.3344193111150755
CPAC,2026-06-17,holdout,-0.028985925124377365,0.0012068067946134908,-0.022143531758730517,-0.031253416008379276,-0.015110394763879542,-0.04138293240500224,-0.011574229586359008,-0.007362734728494025,-0.04181937051452722,-0.055601324044994405,-0.00979640863896114,0.0012238492579148552,-0.0008097638994148948,0.02758678421468419,0.03996314170877979
LZB,2026-06-17,holdout,0.05629648543451016,0.0035538110761133,-0.022446827519032708,-0.06677619593691664,-0.036085863571116095,-0.06842762362752508,-0.030582283789559184,-0.04053834054949301,-0.019544938631479547,-0.03194615928764566,-0.013181272480370043,-0.01855692304193446,0.026678446113335363,0.03311558884923316,0.03305576730924442
QURE,2026-06-17,discovery,0.05012551498746165,0.0721368738362217,-0.07874702919627696,-0.09240758687885586,-0.1627446032921036,-0.16002299384039131,-0.13524231152679822,-0.05396221755964625,-0.023254049999114623,0.005957509354927115,-0.0034777167558347477,-0.0028537730428588315,-0.06987863566266539,-0.11379082542865915,-0.04038447543613122
SHAZ,2026-06-17,holdout,-0.0911166821450089,-0.11414903022341338,-0.01442409470478312,-0.07180072127736392,-0.17348960360994792,-0.05604892552158425,-0.12312940798784378,-0.09844898648482858,0.003271695838300115,0.08515221048454258,-0.14351452336447212,-0.012477820792900496,-0.08535611850969194,-0.17868295366183573,-0.13170080049687127
ALAB,2026-06-18,discovery,0.04162815863277458,0.19863345997886528,0.06029047298632473,0.006883659999886715,0.07408465241036799,-0.16931059797452186,-0.1842032581775025,-0.03910219200954379,0.0024612867010198602,-0.16054584675766725,-0.06064351843549731,-0.12082430255776266,-0.232746940134953,-0.2493444474032902,-0.13682771964482654
BFLY,2026-06-18,discovery,0.23013866044010933,0.07980325276600442,0.0035170736982887973,-0.05666624365737161,-0.1048174122665555,-0.15832583688439528,-0.12643146207992428,0.0033709316820833557,0.025407510119744625,-0.012987165953262436,0.01691729993497204,-0.01807364397442457,-0.12461811803389611,-0.15498130502314567,-0.16462370584249397
BWIN,2026-06-18,holdout,0.12062549084017193,0.07181060343136747,0.06495156804319135,0.1689848059923813,0.002604205795657233,0.03094461064865439,0.012745054418229707,-0.02507243753663213,-0.08088485922364719,0.011298802572473066,-0.03444784440515947,-0.05914433939454178,0.041014577955081455,0.043746663255997076,-0.00409275279137411
CDNA,2026-06-18,holdout,0.17341642245030087,0.11657378360192117,0.061067383965936584,0.033842753443995566,-0.022249062653996843,-0.04218381650131664,-0.031498799152168244,-0.012764758287117983,-0.036950674812159634,-0.007514840895625818,0.0163902676236658,0.06723078133750615,0.38709512473065066,0.4089908733866916,0.34359499764858814
COAG,2026-06-18,holdout,0.16176894873856085,0.2420539874817791,0.11296678831806983,0.10405399339529686,-0.10471932051964794,-0.151718029397357,-0.0754864351825072,0.1366369537229315,0.21311913858222775,0.3211268942431712,0.3698471588896872,0.2656291280391232,0.1983600187994352,0.3115268826339046,0.25951371284180813
HQ,2026-06-18,holdout,-0.38330732852260885,-0.1865936538616717,-0.06564934364475827,-0.0968338572371441,0.007571675751387508,-0.009055360286985392,-0.14225765688115877,-0.11785641016684434,-0.04687624741017582,-0.11444987197803458,-0.10380800060374296,-0.09048602617122081,-0.1287743406666083,-0.014133314530177854,-0.07380492496689295
QS,2026-06-18,discovery,0.0019259656494718946,0.0008875877192631165,0.051745333344247024,-0.022687291737310877,-0.01940343117261345,-0.11445722783004397,-0.12118129028945901,-0.09996272162389563,-0.08296197967039243,-0.1297880269565156,-0.060002034293706985,-0.04279001315503572,-0.14412427464570787,-0.09397768532063844,-0.05265156335816201
APGE,2026-06-22,holdout,-0.019109225527871976,-0.016472004481700386,-0.012538575612524028,-0.02340952154897802,-0.002042369777213393,0.005752320984116155,-0.0019529740179298205,-0.00808741184184969,0.005205660334015705,-0.0023649252227289086,-0.004819230340909142,0.005135246731338583,0.018063602647604426,0.01191629869087829,0.006513302354670514
DFTX,2026-06-22,holdout,0.28218553319607276,0.013069872730961052,-0.027668050747236772,-0.04436968456455803,-0.05352366810118181,-0.034730090138042846,0.1083809709668222,0.05151812669732858,-0.012530903735413546,0.028212870940619084,-0.005121848055444023,-0.08846626214911568,-0.043616171004500215,-0.010022733019398822,-0.014851882355980561
MLTX,2026-06-22,holdout,-0.100449689810022,-0.06057496926786887,-0.06629811661893037,-0.08183291050547381,-0.047227145053755026,-0.01870984750496152,0.03384073954284972,0.0607513058174074,0.08384677729001322,0.013811042044969746,0.034046073295807,-0.04484450318877842,-0.01795405874228817,-0.057183633278106605,0.03238567873499132
ORKA,2026-06-22,discovery,0.12314673686711264,0.11936075398603041,-0.03066368228707317,-0.11302695110068495,-0.09544305677648202,-0.1113313195815433,-0.06178919746104661,0.004887430697369188,0.02001057877871426,0.02963779245110021,0.014034709286349756,-0.05793291676165091,0.0835401327300691,0.09400576586746179,0.0830343415382856
WYFI,2026-06-22,discovery,-0.1500178536755309,-0.11446579651125388,-0.16038837222407654,-0.10191184184071811,-0.08188099860985198,-0.05247681301368512,0.10364151355365459,0.210899670989517,0.023911583736880515,-0.07403196827361114,-0.21839436360877806,-0.3344193111150755,-0.33130848019800707,-0.24296077446505682,-0.11027981104916917
MAAS,2026-06-23,holdout,-0.1616532575488826,-0.1529541540172703,0.16441162369385975,0.3104995270058424,0.08106530964106207,0.016349338028454286,0.014954452995215028,-0.12956364122758002,-0.1555101912043546,0.16841656994991006,0.3106921130953664,0.2935819161870097,0.3636800537753826,0.4214475404535206,0.005579340286344214
ABSI,2026-06-24,holdout,0.12382773396327629,0.02911114493672362,-0.010817515096805952,-0.04044324445602532,0.024424841894984617,-0.10143466396514011,-0.11244269187077194,-0.10259756395271369,-0.13334478832280627,-0.2811590156139143,-0.20200807468967308,-0.1913331634102624,-0.1819839650217333,-0.14593392410880968,-0.0027371162222301626
DFTX,2026-06-24,holdout,-0.027668050747236772,-0.04436968456455803,-0.05352366810118181,-0.034730090138042846,0.1083809709668222,0.05151812669732858,-0.012530903735413546,0.028212870940619084,-0.005121848055444023,-0.08846626214911568,-0.043616171004500215,-0.010022733019398822,-0.014851882355980561,-0.033779217664950956,-0.00982663606488443
KBH,2026-06-24,discovery,-0.007025798583478959,-0.06994669640244777,-0.0722737370918719,-0.0978619027533646,-0.07247861794893384,-0.09279170892845623,-0.08032952988180575,-0.059872772156842724,-0.01138182736143123,0.020714037842911592,0.011538504767961144,0.009085494805023187,-0.0012252545306374873,0.01069008874142463,-0.021178825006897828
RUN,2026-06-24,discovery,-0.07750748985534683,-0.06912364091047107,-0.10401083331653715,-0.10055705891758637,-0.057558899489738136,-0.034848069665567305,-0.04036799103360156,0.04203082710703776,0.05065655934784963,-0.024365093002837623,-0.03427453967780236,-0.06871239437205334,-0.10012954856579537,-0.13271775646229445,-0.1282713674792466
WEN,2026-06-24,holdout,0.15898848460919046,-0.017756104832272745,-0.06716674113115573,-0.09949235780092414,-0.1589851088597195,-0.13574805560725167,-0.047824321127364455,-0.051782660475811704,-0.01262405800419475,0.03293758797993185,0.043259350349870385,0.056117054015338175,0.033023687410573044,0.0030924528942265495,-0.06758723349571394
AYI,2026-06-25,discovery,-0.05333648082983966,-0.08622742789485283,-0.12268089978416241,-0.09746770487794554,-0.08587544388699464,-0.07869218798548772,-0.04020429693956962,0.0018106190551310242,0.01808130491079174,0.01727605110545194,0.013968476308753308,0.0004161782805248704,0.0009254271971276262,-0.022326185743022364,-0.004861722488166298
CDNL,2026-06-25,discovery,-0.16003316665735678,-0.20479281720934062,-0.2732184844005172,-0.186931935642495,-0.09594458609842482,-0.18735242242131822,-0.08632751917289783,0.023545237464968283,0.01236364199506057,0.06079264841780452,0.07713463300199863,0.06553645138381492,0.001607077118040201,0.015022989400020226,-0.1054637553200789
KYMR,2026-06-25,holdout,0.030836632225193616,0.08168739672580094,-0.0026129363454415744,0.03405309712134774,0.03779416270387492,-0.03518373470858527,-0.06555708289951345,-0.012974451436606693,-0.040783792876000535,-0.01455104990281264,0.015428624915713174,0.016231439722812158,-0.023319259692424432,-0.01496551505859478,-0.039050826742965894
TECH,2026-06-25,holdout,-0.03170339146557255,-0.013145641094969407,0.006222353617616028,-0.005865756819922963,-0.007019392144435921,0.00901281002747567,0.003270513806503228,-0.005295925546894287,0.010030981137456818,0.026945472953402216,0.013374149740646324,0.01033732121563713,0.01400073799683954,0.016703935577468076,-0.0013444709088766826
AHG,2026-06-26,discovery,0.0668066338360791,0.07566007343490311,-0.021223474932300035,-0.013655015588639463,-0.02669956731579748,-0.031151153117517927,-0.056374090134823085,0.04829688607927696,0.008865835286741341,0.07701798287048334,0.05735340360961183,-0.049019650354213296,-0.040988319211306856,0.005865793271064512,-0.07190673185204532
APOG,2026-06-26,discovery,-0.16371908023093484,-0.15863767086452096,-0.12157333404139836,-0.05679033757936802,-0.017045655558863726,-0.016800949747796334,0.009511318046461215,0.062047908779751415,0.07237417115303768,0.020219583883439585,0.020034543530292992,0.03349809935013426,-0.00634314678075143,-0.0012021353045613692,0.04387022580216415
ASMB,2026-06-26,holdout,0.06549954687691995,0.04732218907406294,0.036232871281208556,-0.025911690260348785,-0.06431944532159417,-0.08179593410460118,-0.08223770338764747,-0.07152113428398121,-0.006088076120471353,-0.06102436562750524,-0.006115308605926573,-0.01600981748700403,-0.007289904808454262,-0.04113160523625192,0.03796124750782148
ATAI,2026-06-26,discovery,-0.040771791641340815,-0.0171407530897304,0.08423461913908259,-0.017508576418314048,0.004824680751395749,0.08697540079915411,0.02412643608025755,0.342780517140163,0.41196309051494806,0.4561305531319415,0.2630992442469057,0.3493559974711794,0.019501135669740988,0.00032563218859926746,0.0012609976982393967
CCXI,2026-06-26,discovery,-0.04198218799513265,-0.12366689683170029,-0.0566302685345077,-0.1995188962081902,-0.16443874296694516,0.001425574908225924,0.018830695274763665,-0.09849808746886901,-0.05400859398397195,0.012937163676799424,-0.06666206924520035,-0.059446504304248915,0.0023302159962360625,-0.04872991835812701,-0.04251747918773496
CHYM,2026-06-26,holdout,-0.0033410346092044296,0.026248623996667275,0.006300423966250079,-0.011259268820553503,-0.02050142075529049,0.010588250134355937,0.04028350322415242,0.03041142743752867,0.08284438651468773,0.05622841946993895,0.045262377144977495,-0.0024189217942336416,-0.03664764034648693,-0.06757797722834213,0.0008506756877305621
CNXC,2026-06-26,discovery,-0.10338747300788975,-0.04391422255564459,-0.14890432718853752,-0.0729770323640937,0.06514844287493127,0.025999665261787097,0.14967722155201568,0.2230624959380889,0.11589520284186561,-0.016273048940350088,0.014055746703604766,-0.028828006004727458,-0.12693385461106244,-0.08336876579334629,0.01724394385851591
DMRA,2026-06-26,discovery,0.2301020595594625,0.06027363993551571,0.12823418916416696,-0.062020555206077965,-0.05759405878255641,0.027489841381431956,0.1116040564525167,-0.016226823590328343,0.11884466376083647,0.18766474572385738,0.06925880519429073,-0.021213977820017993,-0.018679652482150977,-0.07863229713847375,-0.1035657591946284
EIKN,2026-06-26,discovery,-0.0985372606110998,-0.17670949189588614,-0.09206006522230437,-0.16995485961649726,-0.1293609899519188,-0.12706194018900963,-0.09471361887365748,-0.11187370353117254,-0.06111471992430184,-0.06622009740747503,-0.022756098687458648,-0.013570209715770276,-0.0164618865362941,-0.08318239490399926,0.027876885414688468
FROG,2026-06-26,discovery,0.05876571706588152,0.022191142810858988,0.048554355067783384,-0.056582974660771446,-0.059168991807748594,-0.05779704224555404,-0.028260901799567084,-0.09260964894126178,-0.00880028635368324,-0.007828413192511485,-0.04584309074002235,-0.11727766837359188,-0.044315350840922196,-0.08878066219275471,-0.09769347922578064
GLIBA,2026-06-26,holdout,0.03202175631722026,0.04977981952169386,0.008296350756563209,-0.024615121062261935,-0.024750499380860047,-0.051980974784021416,-0.0553256448018522,0.005765481048040533,-0.005831799493869361,-0.020239202319968452,0.030928678288678513,0.060327294475202575,0.017589695445991316,0.016735348159988894,0.06662958104880912
GTM,2026-06-26,holdout,0.014917218964328072,-0.001578404999683758,0.027232864672402046,-0.03706636442460265,0.05400309098544842,0.004523284226239266,0.04217040885595025,0.06594293395673123,0.0668145891449301,0.02568422862712305,0.0047217957680246725,-0.04214417963428907,-0.06316826597504055,-0.042994096048349806,-0.011931865056543756
KMTS,2026-06-26,holdout,0.08956396761753971,0.05529362834297946,0.007622757074633224,-0.05034885502211872,-0.10909954123712673,-0.1372875307387198,-0.0941538911439227,-0.10021912558104762,-0.04496306149915208,-0.05193895549757599,-0.0755098216667508,-0.1415266823844593,-0.08379647699207105,-0.13172636888512357,-0.014029656425873838
CCXI,2026-06-29,discovery,-0.12366689683170029,-0.0566302685345077,-0.1995188962081902,-0.16443874296694516,0.001425574908225924,0.018830695274763665,-0.09849808746886901,-0.05400859398397195,0.012937163676799424,-0.06666206924520035,-0.059446504304248915,0.0023302159962360625,-0.04872991835812701,-0.04251747918773496,-0.010987405395360916
IRDM,2026-06-29,holdout,-0.07783725406187003,-0.09968700602585212,-0.08230615282973686,-0.0732514855227796,-0.049158605394655996,-0.04847987000309539,-0.07771869731825265,-0.05207422024824182,-0.0354148046759446,-0.028434137749126176,-0.027385360791783775,0.038802171273867536,-0.013414444946481252,-0.0056535664461597746,-0.028187232996481737
AMBA,2026-06-30,holdout,-0.12072465651106745,-0.0271822941789579,-0.09414365001738867,0.009527468554739071,-0.09102920622259225,-0.19120649757217678,-0.18455525314600651,-0.07804964232119627,-0.017226056641184262,0.011691235324949534,0.13078200661967898,0.10644789855337777,0.04255110691018005,-0.022762713624646436,0.026624527027143463
AVAV,2026-06-30,discovery,-0.14738931150369583,-0.25625545409597517,-0.19533658042637836,-0.12278079457341262,-0.11758031156430493,0.0073143661276415806,-0.0010167317164986311,0.015092170406645566,0.04215118917080807,0.07445475738216512,0.0799365892444377,0.05727224696637945,0.08566955688892763,0.060373065823795646,-0.030722808266548163
AMPL,2026-07-01,discovery,0.02480653947008471,0.05331363168877734,0.05235008283178311,0.08158705257168486,0.030101660379157735,0.061196417240412915,0.05966410564855096,-0.005598063068486758,-0.08355722782391617,-0.14909912048929408,-0.1503842005201187,-0.11396345296558674,-0.07871789957405961,0.04117874236552699,0.06481019830393242
DLO,2026-07-01,holdout,0.007178281693497768,-0.018830737533777953,-0.008198320447869167,0.015671308033652354,0.0026897804550678472,-0.031296504495007205,-0.004624669444593832,4.835248855639129e-06,-0.03314915621168635,-0.018251528682165508,0.006556416834460843,0.021037877479965328,0.017363637836142476,0.047157854307881,0.05845530090240669
CCXI,2026-07-02,discovery,-0.16443874296694516,0.001425574908225924,0.018830695274763665,-0.09849808746886901,-0.05400859398397195,0.012937163676799424,-0.06666206924520035,-0.059446504304248915,0.0023302159962360625,-0.04872991835812701,-0.04251747918773496,-0.010987405395360916,-0.05311684547438722,-0.03253270311923362,0.0021960012595805267
CRTO,2026-07-06,discovery,-0.03875714852098511,-0.022698501412208083,-0.007758089731465079,-0.0020377249875997983,-0.04553244567844528,-0.03190168423096684,-0.058780296217358474,-0.0748791587758153,-0.08488149541752632,-0.0482300737415825,-0.009555359453531032,0.0990755865694144,0.048533604564379385,0.056552788502435725,-0.00019889247867777016
CRNX,2026-07-07,holdout,-0.007713246259075657,0.00478514608615388,0.01879484553703925,0.011840797841473405,0.006991565729609683,0.0076584092568606765,0.013605352275321558,0.0043156233155217105,0.0038041209679818833,0.009439363588272576,0.025927289981069412,-0.004994093620112938,-0.013469987489697188,-0.026212263543492376,-0.04112792206454796
BZH,2026-07-08,holdout,0.06148896604297627,0.04742973968981379,0.041841589579374894,0.01239757109324613,0.01805315071775182,0.0013886703156715807,0.014373808482097572,0.020652938972515633,0.027588339619524338,0.008561710458647953,-0.010854394748738172,-0.043803068969242465,-0.0275594768620685,-0.04382253728838725,-0.006657126783108147
KC,2026-07-08,discovery,-0.037842422358683514,-0.11012808373077121,-0.024235872303761785,0.03760983929870154,-0.017115369488082677,-0.0200754703668804,-0.0014717009746505472,-0.006913504953327654,0.015886228537385194,0.03836040447323841,0.041684758132173316,0.16644040386526382,0.17324968386262096,0.25264066031787036,0.2083490244303554
BBIO,2026-07-09,holdout,-0.03706427195046735,-0.018474487317618804,-0.014781111368022626,0.009803824059031574,0.04945607945625219,0.038306189913343336,0.045647397477820206,0.04751475252801385,0.03466219119175862,-0.014281068456012402,-0.05773642876143359,-0.07459216600807339,-0.08180592595460268,-0.07384143345779648,-0.028192960288337954
FBRX,2026-07-09,holdout,0.12792206807006323,0.08583305709441769,0.1790273199882172,0.2924765106029056,0.34366545004020677,0.1270282593986457,0.6149080246147731,0.5208564482778529,0.37542000755527605,0.28469232483583506,0.38735871247332665,-0.023701045463915493,-0.042302142097078166,-0.05424204537748478,-0.0381766448247266
FBRX,2026-07-10,holdout,0.08583305709441769,0.1790273199882172,0.2924765106029056,0.34366545004020677,0.1270282593986457,0.6149080246147731,0.5208564482778529,0.37542000755527605,0.28469232483583506,0.38735871247332665,-0.023701045463915493,-0.042302142097078166,-0.05424204537748478,-0.0381766448247266,-0.03263190115325054
BRAI,2026-07-13,discovery,-0.03148510617008815,-0.05380035728062815,0.03659537364326493,0.13154886904283714,0.20479314031495588,0.0474832224144236,0.08061992261686557,0.004110331158504232,-0.11452169760133368,-0.13920146321966786,-0.06009346170196428,-0.04635880537577686,-0.04325793722315696,-0.01164662603947142,-0.03438207355607448
CNMD,2026-07-13,discovery,0.007835593806712837,-0.008658454478585265,-0.066388666138544,-0.006171254149771932,0.0054234775619281805,0.06650636346920347,0.052825707061816995,0.13360218534972534,0.0738553731995879,0.16677100383733978,0.0978551632660487,0.08565219281675573,0.023158926225417487,0.025794771012799478,-0.06655121059646762
FBRX,2026-07-27,holdout,-0.042302142097078166,-0.05424204537748478,-0.0381766448247266,-0.03263190115325054,-0.017531595224316465,0.005047480705551499,-0.0012884585021499806,-0.01173612736714924,-0.003462245307345402,0.0013769769640646912,0.004166025047026123,0.006003120306789955,0.020033474333202905,0.0148510149612201,0.01268708471473834
