ticker,date,close
AEVA,2026-03-18,14.600000381469727
AEVA,2026-03-19,15.210000038146973
AEVA,2026-03-20,14.109999656677246
AEVA,2026-03-23,15.380000114440918
AEVA,2026-03-24,15.460000038146973
AEVA,2026-03-25,15.260000228881836
AEVA,2026-03-26,14.199999809265137
AEVA,2026-03-27,12.765000343322754
AEVA,2026-03-30,11.619999885559082
AEVA,2026-03-31,13.15999984741211
AEVA,2026-04-01,13.199999809265137
AEVA,2026-04-02,13.229999542236328
AEVA,2026-04-06,12.6899995803833
AEVA,2026-04-07,12.550000190734863
AEVA,2026-04-08,13.010000228881836
AEVA,2026-04-09,13.050000190734863
AEVA,2026-04-10,13.350000381469727
AEVA,2026-04-13,13.600000381469727
AEVA,2026-04-14,14.119999885559082
AEVA,2026-04-15,14.930000305175781
AEVA,2026-04-16,14.760000228881836
AEVA,2026-04-17,15.729999542236328
AEVA,2026-04-20,15.789999961853027
AEVA,2026-04-21,16.530000686645508
AEVA,2026-04-22,16.31999969482422
AEVA,2026-04-23,15.489999771118164
AEVA,2026-04-24,16.170000076293945
AEVA,2026-04-27,16.079999923706055
AEVA,2026-04-28,15.609999656677246
AEVA,2026-04-29,14.739999771118164
AEVA,2026-04-30,15.989999771118164
AEVA,2026-05-01,16.479999542236328
AEVA,2026-05-04,15.729999542236328
AEVA,2026-05-05,15.239999771118164
AEVA,2026-05-06,16.56999969482422
AEVA,2026-05-07,13.65999984741211
AEVA,2026-05-08,13.569999694824219
AEVA,2026-05-11,15.529999732971191
AEVA,2026-05-12,19.09000015258789
AEVA,2026-05-13,20.260000228881836
AEVA,2026-05-14,21.229999542236328
AEVA,2026-05-15,20.475000381469727
AEVA,2026-05-18,19.450000762939453
AEVA,2026-05-19,19.0
AEVA,2026-05-20,21.110000610351562
AEVA,2026-05-21,21.489999771118164
AEVA,2026-05-22,25.31999969482422
AEVA,2026-05-26,28.1299991607666
AEVA,2026-05-27,29.290000915527344
AEVA,2026-05-28,25.84000015258789
AEVA,2026-05-29,28.18000030517578
AEVA,2026-06-01,27.809999465942383
AEVA,2026-06-02,27.760000228881836
AEVA,2026-06-03,25.309999465942383
AEVA,2026-06-04,24.399999618530273
AEVA,2026-06-05,23.010000228881836
AEVA,2026-06-08,23.09000015258789
AEVA,2026-06-09,22.170000076293945
AEVA,2026-06-10,22.690000534057617
AEVA,2026-06-11,23.510000228881836
AEVA,2026-06-12,24.889999389648438
AEVA,2026-06-15,26.8700008392334
AEVA,2026-06-16,23.93000030517578
AEVA,2026-06-17,23.489999771118164
AEVA,2026-06-18,24.389999389648438
AEVA,2026-06-22,25.270000457763672
AEVA,2026-06-23,23.540000915527344
AEVA,2026-06-24,20.040000915527344
AEVA,2026-06-25,20.149999618530273
AEVA,2026-06-26,20.889999389648438
AEVA,2026-06-29,25.670000076293945
AEVA,2026-06-30,28.719999313354492
AEVA,2026-07-01,27.799999237060547
AEVA,2026-07-02,23.979999542236328
AEVA,2026-07-06,24.200000762939453
AEVA,2026-07-07,21.56999969482422
AEVA,2026-07-08,21.5
AEVA,2026-07-09,22.030000686645508
AEVA,2026-07-10,20.989999771118164
AEVA,2026-07-13,18.809999465942383
AEVA,2026-07-14,19.81999969482422
AEVA,2026-07-15,18.674999237060547
AEVA,2026-07-16,16.774999618530273
AEVA,2026-07-17,16.709999084472656
AEVA,2026-07-20,15.899999618530273
AEVA,2026-07-21,17.690000534057617
AEVA,2026-07-22,16.75
AEVA,2026-07-23,16.100000381469727
AEVA,2026-07-24,14.850000381469727
AEVA,2026-07-27,15.529999732971191
AEVA,2026-07-28,14.699999809265137
AEVA,2026-07-29,13.989999771118164
AEVA,2026-07-30,16.459999084472656
AEVA,2026-07-31,17.540000915527344
AEVA,2026-08-03,18.40999984741211
AEVA,2026-08-04,20.43000030517578
AEVA,2026-08-05,19.610000610351562
AEVA,2026-08-06,25.260000228881836
AEVA,2026-08-07,26.6200008392334
AEVA,2026-08-10,23.690000534057617
AEVA,2026-08-11,24.059999465942383
AEVA,2026-08-12,25.15999984741211
AEVA,2026-08-13,22.420000076293945
AEVA,2026-08-14,23.280000686645508
AEVA,2026-08-17,23.75
AEVA,2026-08-18,21.030000686645508
AEVA,2026-08-19,19.780000686645508
AEVA,2026-08-20,18.8700008392334
AEVA,2026-08-21,18.290000915527344
AEVA,2026-08-24,16.459999084472656
AEVA,2026-08-25,16.15999984741211
AEVA,2026-08-26,15.789999961853027
AEVA,2026-08-27,16.389999389648438
AEVA,2026-08-28,15.630000114440918
AEVA,2026-08-31,15.65999984741211
AEVA,2026-09-01,14.779999732971191
AEVA,2026-09-02,15.170000076293945
AEVA,2026-09-03,15.260000228881836
AEVA,2026-09-04,15.6899995803833
AEVA,2026-09-08,16.25
AGL,2026-03-18,14.75
AGL,2026-03-19,11.800000190734863
AGL,2026-03-20,10.649999618530273
AGL,2026-03-23,11.0
AGL,2026-03-24,10.925000190734863
AGL,2026-03-25,10.675000190734863
AGL,2026-03-26,9.524999618530273
AGL,2026-03-27,9.899999618530273
AGL,2026-03-30,8.024999618530273
AGL,2026-03-31,7.909999847412109
AGL,2026-04-01,9.75
AGL,2026-04-02,10.739999771118164
AGL,2026-04-06,13.960000038146973
AGL,2026-04-07,16.59000015258789
AGL,2026-04-08,18.469999313354492
AGL,2026-04-09,19.84000015258789
AGL,2026-04-10,19.020000457763672
AGL,2026-04-13,21.6299991607666
AGL,2026-04-14,22.68000030517578
AGL,2026-04-15,26.8799991607666
AGL,2026-04-16,30.940000534057617
AGL,2026-04-17,30.049999237060547
AGL,2026-04-20,28.299999237060547
AGL,2026-04-21,24.479999542236328
AGL,2026-04-22,28.31999969482422
AGL,2026-04-23,26.31999969482422
AGL,2026-04-24,26.209999084472656
AGL,2026-04-27,25.31999969482422
AGL,2026-04-28,27.899999618530273
AGL,2026-04-29,27.889999389648438
AGL,2026-04-30,27.950000762939453
AGL,2026-05-01,29.579999923706055
AGL,2026-05-04,26.940000534057617
AGL,2026-05-05,26.739999771118164
AGL,2026-05-06,27.850000381469727
AGL,2026-05-07,60.65999984741211
AGL,2026-05-08,54.22999954223633
AGL,2026-05-11,59.61000061035156
AGL,2026-05-12,69.54000091552734
AGL,2026-05-13,72.01000213623047
AGL,2026-05-14,78.48999786376953
AGL,2026-05-15,81.7300033569336
AGL,2026-05-18,86.80000305175781
AGL,2026-05-19,88.19999694824219
AGL,2026-05-20,80.94000244140625
AGL,2026-05-21,80.56999969482422
AGL,2026-05-22,86.38999938964844
AGL,2026-05-26,85.2699966430664
AGL,2026-05-27,90.2300033569336
AGL,2026-05-28,90.37000274658203
AGL,2026-05-29,92.27999877929688
AGL,2026-06-01,92.54000091552734
AGL,2026-06-02,86.75
AGL,2026-06-03,82.69999694824219
AGL,2026-06-04,95.2300033569336
AGL,2026-06-05,96.8499984741211
AGL,2026-06-08,95.33000183105469
AGL,2026-06-09,102.16000366210938
AGL,2026-06-10,101.69999694824219
AGL,2026-06-11,116.16000366210938
AGL,2026-06-12,112.91000366210938
AGL,2026-06-15,114.33999633789062
AGL,2026-06-16,113.2699966430664
AGL,2026-06-17,104.66999816894531
AGL,2026-06-18,113.80000305175781
AGL,2026-06-22,113.11000061035156
AGL,2026-06-23,111.7300033569336
AGL,2026-06-24,106.95999908447266
AGL,2026-06-25,107.25
AGL,2026-06-26,119.25
AGL,2026-06-29,115.1500015258789
AGL,2026-06-30,107.18000030517578
AGL,2026-07-01,111.73999786376953
AGL,2026-07-02,111.01000213623047
AGL,2026-07-06,107.5999984741211
AGL,2026-07-07,107.47000122070312
AGL,2026-07-08,111.79000091552734
AGL,2026-07-09,115.66999816894531
AGL,2026-07-10,114.8499984741211
AGL,2026-07-13,115.8499984741211
AGL,2026-07-14,122.61000061035156
AGL,2026-07-15,124.29000091552734
AGL,2026-07-16,121.22000122070312
AGL,2026-07-17,129.83999633789062
AGL,2026-07-20,122.0999984741211
AGL,2026-07-21,125.77999877929688
AGL,2026-07-22,119.87999725341797
AGL,2026-07-23,100.2699966430664
AGL,2026-07-24,98.0
AGL,2026-07-27,98.43000030517578
AGL,2026-07-28,99.13999938964844
AGL,2026-07-29,92.66000366210938
AGL,2026-07-30,96.75
AGL,2026-07-31,91.61000061035156
AGL,2026-08-03,94.11000061035156
AGL,2026-08-04,94.77999877929688
AGL,2026-08-05,107.8499984741211
AGL,2026-08-06,86.83000183105469
AGL,2026-08-07,95.51000213623047
AGL,2026-08-10,96.77999877929688
AGL,2026-08-11,86.38999938964844
AGL,2026-08-12,86.26000213623047
AGL,2026-08-13,88.9000015258789
AGL,2026-08-14,96.9000015258789
AGL,2026-08-17,96.86000061035156
AGL,2026-08-18,95.4000015258789
AGL,2026-08-19,93.63999938964844
AGL,2026-08-20,92.7300033569336
AGL,2026-08-21,96.58000183105469
AGL,2026-08-24,93.79000091552734
AGL,2026-08-25,96.11000061035156
AGL,2026-08-26,95.73999786376953
AGL,2026-08-27,94.18000030517578
AGL,2026-08-28,92.54000091552734
AGL,2026-08-31,87.88999938964844
AGL,2026-09-01,87.47000122070312
AGL,2026-09-02,87.37999725341797
AGL,2026-09-03,86.4800033569336
AGL,2026-09-04,88.5
AGL,2026-09-08,91.37000274658203
AIAI,2026-05-14,15.09000015258789
AIAI,2026-05-15,14.960000038146973
AIAI,2026-05-18,14.0
AIAI,2026-05-19,13.170000076293945
AIAI,2026-05-20,13.369999885559082
AIAI,2026-05-21,14.569999694824219
AIAI,2026-05-22,15.680000305175781
AIAI,2026-05-26,13.920000076293945
AIAI,2026-05-27,13.880000114440918
AIAI,2026-05-28,12.710000038146973
AIAI,2026-05-29,12.829999923706055
AIAI,2026-06-01,12.920000076293945
AIAI,2026-06-02,13.0
AIAI,2026-06-03,12.989999771118164
AIAI,2026-06-04,12.630000114440918
AIAI,2026-06-05,11.720000267028809
AIAI,2026-06-08,12.949999809265137
AIAI,2026-06-09,14.760000228881836
AIAI,2026-06-10,14.699999809265137
AIAI,2026-06-11,15.199999809265137
AIAI,2026-06-12,14.789999961853027
AIAI,2026-06-15,14.84000015258789
AIAI,2026-06-16,14.859999656677246
AIAI,2026-06-17,15.34000015258789
AIAI,2026-06-18,16.6299991607666
AIAI,2026-06-22,16.8700008392334
AIAI,2026-06-23,18.209999084472656
AIAI,2026-06-24,17.209999084472656
AIAI,2026-06-25,16.0
AIAI,2026-06-26,14.430000305175781
AIAI,2026-06-29,14.9399995803833
AIAI,2026-06-30,13.90999984741211
AIAI,2026-07-01,14.529999732971191
AIAI,2026-07-02,14.149999618530273
AIAI,2026-07-06,13.300000190734863
AIAI,2026-07-07,12.6899995803833
AIAI,2026-07-08,12.699999809265137
AIAI,2026-07-09,11.279999732971191
AIAI,2026-07-10,10.5600004196167
AIAI,2026-07-13,10.09000015258789
AIAI,2026-07-14,9.449999809265137
AIAI,2026-07-15,8.34000015258789
AIAI,2026-07-16,6.929999828338623
AIAI,2026-07-17,6.989999771118164
AIAI,2026-07-20,6.139999866485596
AIAI,2026-07-21,6.78000020980835
AIAI,2026-07-22,6.949999809265137
AIAI,2026-07-23,7.239999771118164
AIAI,2026-07-24,6.239999771118164
AIAI,2026-07-27,5.559999942779541
AIAI,2026-07-28,5.510000228881836
AIAI,2026-07-29,4.630000114440918
AIAI,2026-07-30,5.019999980926514
AIAI,2026-07-31,4.989999771118164
AIAI,2026-08-03,4.980000019073486
AIAI,2026-08-04,4.630000114440918
AIAI,2026-08-05,4.179999828338623
AIAI,2026-08-06,4.019999980926514
AIAI,2026-08-07,4.0
AIAI,2026-08-10,4.179999828338623
AIAI,2026-08-11,5.400000095367432
AIAI,2026-08-12,5.53000020980835
AIAI,2026-08-13,5.800000190734863
AIAI,2026-08-14,5.880000114440918
AIAI,2026-08-17,5.010000228881836
AIAI,2026-08-18,5.900000095367432
AIAI,2026-08-19,5.230000019073486
AIAI,2026-08-20,4.53000020980835
AIAI,2026-08-21,6.619999885559082
AIAI,2026-08-24,5.309999942779541
AIAI,2026-08-25,4.289999961853027
AIAI,2026-08-26,3.940000057220459
AIAI,2026-08-27,3.990000009536743
AIAI,2026-08-28,4.059999942779541
AIAI,2026-08-31,3.7300000190734863
AIAI,2026-09-01,3.4800000190734863
AIAI,2026-09-02,3.700000047683716
AIAI,2026-09-03,4.199999809265137
AIAI,2026-09-04,4.179999828338623
AIAI,2026-09-08,3.950000047683716
ALTI,2026-03-18,3.5999999046325684
ALTI,2026-03-19,3.315000057220459
ALTI,2026-03-20,3.2799999713897705
ALTI,2026-03-23,3.5
ALTI,2026-03-24,3.4200000762939453
ALTI,2026-03-25,3.369999885559082
ALTI,2026-03-26,3.359999895095825
ALTI,2026-03-27,3.2799999713897705
ALTI,2026-03-30,3.5999999046325684
ALTI,2026-03-31,3.619999885559082
ALTI,2026-04-01,3.6500000953674316
ALTI,2026-04-02,3.819999933242798
ALTI,2026-04-06,3.7699999809265137
ALTI,2026-04-07,3.809999942779541
ALTI,2026-04-08,3.8399999141693115
ALTI,2026-04-09,3.880000114440918
ALTI,2026-04-10,3.8499999046325684
ALTI,2026-04-13,3.869999885559082
ALTI,2026-04-14,3.7899999618530273
ALTI,2026-04-15,3.7699999809265137
ALTI,2026-04-16,3.690000057220459
ALTI,2026-04-17,3.759999990463257
ALTI,2026-04-20,3.8299999237060547
ALTI,2026-04-21,3.7699999809265137
ALTI,2026-04-22,3.7899999618530273
ALTI,2026-04-23,3.75
ALTI,2026-04-24,3.819999933242798
ALTI,2026-04-27,3.7699999809265137
ALTI,2026-04-28,3.740000009536743
ALTI,2026-04-29,3.4000000953674316
ALTI,2026-04-30,3.5399999618530273
ALTI,2026-05-01,3.5999999046325684
ALTI,2026-05-04,3.509999990463257
ALTI,2026-05-05,3.609999895095825
ALTI,2026-05-06,3.759999990463257
ALTI,2026-05-07,3.819999933242798
ALTI,2026-05-08,3.869999885559082
ALTI,2026-05-11,3.569999933242798
ALTI,2026-05-12,3.450000047683716
ALTI,2026-05-13,3.259999990463257
ALTI,2026-05-14,3.490000009536743
ALTI,2026-05-15,3.4800000190734863
ALTI,2026-05-18,3.700000047683716
ALTI,2026-05-19,3.7200000286102295
ALTI,2026-05-20,3.7699999809265137
ALTI,2026-05-21,3.4600000381469727
ALTI,2026-05-22,3.299999952316284
ALTI,2026-05-26,3.130000114440918
ALTI,2026-05-27,3.450000047683716
ALTI,2026-05-28,3.3299999237060547
ALTI,2026-05-29,3.299999952316284
ALTI,2026-06-01,3.2300000190734863
ALTI,2026-06-02,3.200000047683716
ALTI,2026-06-03,3.0899999141693115
ALTI,2026-06-04,3.0399999618530273
ALTI,2026-06-05,2.9800000190734863
ALTI,2026-06-08,2.9100000858306885
ALTI,2026-06-09,2.809999942779541
ALTI,2026-06-10,2.809999942779541
ALTI,2026-06-11,2.940000057220459
ALTI,2026-06-12,3.059999942779541
ALTI,2026-06-15,2.880000114440918
ALTI,2026-06-16,2.9100000858306885
ALTI,2026-06-17,3.0
ALTI,2026-06-18,2.890000104904175
ALTI,2026-06-22,2.950000047683716
ALTI,2026-06-23,3.0899999141693115
ALTI,2026-06-24,3.180000066757202
ALTI,2026-06-25,3.244999885559082
ALTI,2026-06-26,3.549999952316284
ALTI,2026-06-29,3.609999895095825
ALTI,2026-06-30,3.609999895095825
ALTI,2026-07-01,3.690000057220459
ALTI,2026-07-02,3.700000047683716
ALTI,2026-07-06,3.6500000953674316
ALTI,2026-07-07,4.010000228881836
ALTI,2026-07-08,3.615000009536743
ALTI,2026-07-09,3.6600000858306885
ALTI,2026-07-10,3.5799999237060547
ALTI,2026-07-13,3.440000057220459
ALTI,2026-07-14,3.4600000381469727
ALTI,2026-07-15,3.5799999237060547
ALTI,2026-07-16,3.5799999237060547
ALTI,2026-07-17,3.4600000381469727
ALTI,2026-07-20,3.559999942779541
ALTI,2026-07-21,3.369999885559082
ALTI,2026-07-22,3.3399999141693115
ALTI,2026-07-23,3.319999933242798
ALTI,2026-07-24,3.4100000858306885
ALTI,2026-07-27,3.630000114440918
ALTI,2026-07-28,3.630000114440918
ALTI,2026-07-29,3.569999933242798
ALTI,2026-07-30,3.5999999046325684
ALTI,2026-07-31,3.5999999046325684
ALTI,2026-08-03,3.880000114440918
ALTI,2026-08-04,3.7200000286102295
ALTI,2026-08-05,4.619999885559082
ALTI,2026-08-06,4.340000152587891
ALTI,2026-08-07,4.449999809265137
ALTI,2026-08-10,4.300000190734863
ALTI,2026-08-11,4.070000171661377
ALTI,2026-08-12,4.130000114440918
ALTI,2026-08-13,4.190000057220459
ALTI,2026-08-14,4.010000228881836
ALTI,2026-08-17,3.990000009536743
ALTI,2026-08-18,3.9000000953674316
ALTI,2026-08-19,4.0
ALTI,2026-08-20,4.03000020980835
ALTI,2026-08-21,4.039999961853027
ALTI,2026-08-24,4.110000133514404
ALTI,2026-08-25,4.019999980926514
ALTI,2026-08-26,3.990000009536743
ALTI,2026-08-27,3.9600000381469727
ALTI,2026-08-28,4.010000228881836
ALTI,2026-08-31,3.9000000953674316
ALTI,2026-09-01,3.8299999237060547
ALTI,2026-09-02,3.890000104904175
ALTI,2026-09-03,3.8399999141693115
ALTI,2026-09-04,3.0
ALTI,2026-09-08,3.4200000762939453
ALVO,2026-03-18,3.799999952316284
ALVO,2026-03-19,3.5799999237060547
ALVO,2026-03-20,3.5299999713897705
ALVO,2026-03-23,3.3299999237060547
ALVO,2026-03-24,3.130000114440918
ALVO,2026-03-25,3.140000104904175
ALVO,2026-03-26,3.240000009536743
ALVO,2026-03-27,3.109999895095825
ALVO,2026-03-30,3.2899999618530273
ALVO,2026-03-31,3.430000066757202
ALVO,2026-04-01,3.619999885559082
ALVO,2026-04-02,3.6500000953674316
ALVO,2026-04-06,3.7899999618530273
ALVO,2026-04-07,3.390000104904175
ALVO,2026-04-08,3.5799999237060547
ALVO,2026-04-09,3.5999999046325684
ALVO,2026-04-10,3.619999885559082
ALVO,2026-04-13,3.7100000381469727
ALVO,2026-04-14,3.5299999713897705
ALVO,2026-04-15,3.6600000858306885
ALVO,2026-04-16,3.619999885559082
ALVO,2026-04-17,3.609999895095825
ALVO,2026-04-20,3.619999885559082
ALVO,2026-04-21,3.509999990463257
ALVO,2026-04-22,3.5
ALVO,2026-04-23,3.380000114440918
ALVO,2026-04-24,3.380000114440918
ALVO,2026-04-27,3.299999952316284
ALVO,2026-04-28,3.5199999809265137
ALVO,2026-04-29,3.299999952316284
ALVO,2026-04-30,3.3399999141693115
ALVO,2026-05-01,3.4600000381469727
ALVO,2026-05-04,3.5199999809265137
ALVO,2026-05-05,3.5
ALVO,2026-05-06,3.569999933242798
ALVO,2026-05-07,3.200000047683716
ALVO,2026-05-08,3.259999990463257
ALVO,2026-05-11,3.5899999141693115
ALVO,2026-05-12,3.549999952316284
ALVO,2026-05-13,3.6700000762939453
ALVO,2026-05-14,3.430000066757202
ALVO,2026-05-15,3.309999942779541
ALVO,2026-05-18,3.25
ALVO,2026-05-19,3.2799999713897705
ALVO,2026-05-20,3.299999952316284
ALVO,2026-05-21,3.380000114440918
ALVO,2026-05-22,3.3399999141693115
ALVO,2026-05-26,3.4200000762939453
ALVO,2026-05-27,3.440000057220459
ALVO,2026-05-28,3.430000066757202
ALVO,2026-05-29,3.359999895095825
ALVO,2026-06-01,3.2200000286102295
ALVO,2026-06-02,3.0
ALVO,2026-06-03,3.140000104904175
ALVO,2026-06-04,3.740000009536743
ALVO,2026-06-05,3.5399999618530273
ALVO,2026-06-08,4.239999771118164
ALVO,2026-06-09,4.159999847412109
ALVO,2026-06-10,4.139999866485596
ALVO,2026-06-11,4.21999979019165
ALVO,2026-06-12,4.170000076293945
ALVO,2026-06-15,4.239999771118164
ALVO,2026-06-16,3.869999885559082
ALVO,2026-06-17,3.9149999618530273
ALVO,2026-06-18,3.9200000762939453
ALVO,2026-06-22,3.6500000953674316
ALVO,2026-06-23,3.700000047683716
ALVO,2026-06-24,3.700000047683716
ALVO,2026-06-25,3.4800000190734863
ALVO,2026-06-26,3.680000066757202
ALVO,2026-06-29,3.7200000286102295
ALVO,2026-06-30,3.690000057220459
ALVO,2026-07-01,3.5799999237060547
ALVO,2026-07-02,3.609999895095825
ALVO,2026-07-06,3.4600000381469727
ALVO,2026-07-07,3.490000009536743
ALVO,2026-07-08,3.4000000953674316
ALVO,2026-07-09,3.319999933242798
ALVO,2026-07-10,3.2799999713897705
ALVO,2026-07-13,3.380000114440918
ALVO,2026-07-14,3.299999952316284
ALVO,2026-07-15,3.380000114440918
ALVO,2026-07-16,3.369999885559082
ALVO,2026-07-17,3.4600000381469727
ALVO,2026-07-20,3.4100000858306885
ALVO,2026-07-21,3.5199999809265137
ALVO,2026-07-22,3.190000057220459
ALVO,2026-07-23,3.180000066757202
ALVO,2026-07-24,3.059999942779541
ALVO,2026-07-27,3.0799999237060547
ALVO,2026-07-28,3.0999999046325684
ALVO,2026-07-29,3.5299999713897705
ALVO,2026-07-30,3.569999933242798
ALVO,2026-07-31,4.119999885559082
ALVO,2026-08-03,3.7899999618530273
ALVO,2026-08-04,3.8399999141693115
ALVO,2026-08-05,3.759999990463257
ALVO,2026-08-06,3.799999952316284
ALVO,2026-08-07,3.809999942779541
ALVO,2026-08-10,3.7699999809265137
ALVO,2026-08-11,3.799999952316284
ALVO,2026-08-12,4.010000228881836
ALVO,2026-08-13,4.090000152587891
ALVO,2026-08-14,4.054999828338623
ALVO,2026-08-17,3.880000114440918
ALVO,2026-08-18,3.950000047683716
ALVO,2026-08-19,3.990000009536743
ALVO,2026-08-20,4.269999980926514
ALVO,2026-08-21,4.429999828338623
ALVO,2026-08-24,5.25
ALVO,2026-08-25,5.050000190734863
ALVO,2026-08-26,4.909999847412109
ALVO,2026-08-27,4.880000114440918
ALVO,2026-08-28,4.949999809265137
ALVO,2026-08-31,5.190000057220459
ALVO,2026-09-01,5.239999771118164
ALVO,2026-09-02,5.340000152587891
ALVO,2026-09-03,5.380000114440918
ALVO,2026-09-04,5.320000171661377
ALVO,2026-09-08,5.190000057220459
AMBA,2026-03-18,53.959999084472656
AMBA,2026-03-19,55.86000061035156
AMBA,2026-03-20,54.02000045776367
AMBA,2026-03-23,54.58000183105469
AMBA,2026-03-24,54.529998779296875
AMBA,2026-03-25,54.09000015258789
AMBA,2026-03-26,52.66999816894531
AMBA,2026-03-27,50.470001220703125
AMBA,2026-03-30,48.650001525878906
AMBA,2026-03-31,51.47999954223633
AMBA,2026-04-01,51.08000183105469
AMBA,2026-04-02,50.540000915527344
AMBA,2026-04-06,51.0
AMBA,2026-04-07,50.9900016784668
AMBA,2026-04-08,53.279998779296875
AMBA,2026-04-09,53.2400016784668
AMBA,2026-04-10,52.779998779296875
AMBA,2026-04-13,54.29999923706055
AMBA,2026-04-14,56.20000076293945
AMBA,2026-04-15,57.13999938964844
AMBA,2026-04-16,57.31999969482422
AMBA,2026-04-17,58.22999954223633
AMBA,2026-04-20,59.279998779296875
AMBA,2026-04-21,59.97999954223633
AMBA,2026-04-22,61.279998779296875
AMBA,2026-04-23,61.34000015258789
AMBA,2026-04-24,66.87000274658203
AMBA,2026-04-27,64.86000061035156
AMBA,2026-04-28,63.75
AMBA,2026-04-29,65.94000244140625
AMBA,2026-04-30,68.80000305175781
AMBA,2026-05-01,71.55999755859375
AMBA,2026-05-04,70.72000122070312
AMBA,2026-05-05,74.36000061035156
AMBA,2026-05-06,75.4800033569336
AMBA,2026-05-07,74.2699966430664
AMBA,2026-05-08,76.30000305175781
AMBA,2026-05-11,79.72000122070312
AMBA,2026-05-12,78.19000244140625
AMBA,2026-05-13,82.0999984741211
AMBA,2026-05-14,81.04000091552734
AMBA,2026-05-15,81.16000366210938
AMBA,2026-05-18,78.87999725341797
AMBA,2026-05-19,76.69000244140625
AMBA,2026-05-20,83.0
AMBA,2026-05-21,83.63999938964844
AMBA,2026-05-22,87.55000305175781
AMBA,2026-05-26,93.56999969482422
AMBA,2026-05-27,90.58000183105469
AMBA,2026-05-28,91.83999633789062
AMBA,2026-05-29,72.18000030517578
AMBA,2026-06-01,75.66999816894531
AMBA,2026-06-02,78.37999725341797
AMBA,2026-06-03,73.80000305175781
AMBA,2026-06-04,72.05000305175781
AMBA,2026-06-05,63.52000045776367
AMBA,2026-06-08,68.72000122070312
AMBA,2026-06-09,65.75
AMBA,2026-06-10,62.630001068115234
AMBA,2026-06-11,65.80000305175781
AMBA,2026-06-12,67.77999877929688
AMBA,2026-06-15,70.13999938964844
AMBA,2026-06-16,67.12000274658203
AMBA,2026-06-17,65.87999725341797
AMBA,2026-06-18,69.97000122070312
AMBA,2026-06-22,70.70999908447266
AMBA,2026-06-23,65.51000213623047
AMBA,2026-06-24,62.9900016784668
AMBA,2026-06-25,64.11000061035156
AMBA,2026-06-26,62.130001068115234
AMBA,2026-06-29,67.01000213623047
AMBA,2026-06-30,85.80000305175781
AMBA,2026-07-01,88.33999633789062
AMBA,2026-07-02,78.36000061035156
AMBA,2026-07-06,79.7300033569336
AMBA,2026-07-07,71.81999969482422
AMBA,2026-07-08,74.73999786376953
AMBA,2026-07-09,78.37999725341797
AMBA,2026-07-10,77.30000305175781
AMBA,2026-07-13,72.0
AMBA,2026-07-14,72.9000015258789
AMBA,2026-07-15,68.87999725341797
AMBA,2026-07-16,63.290000915527344
AMBA,2026-07-17,61.84000015258789
AMBA,2026-07-20,65.69999694824219
AMBA,2026-07-21,71.30000305175781
AMBA,2026-07-22,69.01000213623047
AMBA,2026-07-23,70.51000213623047
AMBA,2026-07-24,68.05999755859375
AMBA,2026-07-27,68.2300033569336
AMBA,2026-07-28,68.97000122070312
AMBA,2026-07-29,69.19000244140625
AMBA,2026-07-30,74.08999633789062
AMBA,2026-07-31,86.0
AMBA,2026-08-03,82.68000030517578
AMBA,2026-08-04,82.2300033569336
AMBA,2026-08-05,81.8499984741211
AMBA,2026-08-06,83.79000091552734
AMBA,2026-08-07,86.77999877929688
AMBA,2026-08-10,82.04000091552734
AMBA,2026-08-11,82.88999938964844
AMBA,2026-08-12,83.52999877929688
AMBA,2026-08-13,81.95999908447266
AMBA,2026-08-14,82.04000091552734
AMBA,2026-08-17,78.54000091552734
AMBA,2026-08-18,74.81999969482422
AMBA,2026-08-19,74.58999633789062
AMBA,2026-08-20,72.44999694824219
AMBA,2026-08-21,73.7300033569336
AMBA,2026-08-24,70.0
AMBA,2026-08-25,70.77999877929688
AMBA,2026-08-26,69.63999938964844
AMBA,2026-08-27,71.16000366210938
AMBA,2026-08-28,70.62999725341797
AMBA,2026-08-31,69.37999725341797
AMBA,2026-09-01,67.83000183105469
AMBA,2026-09-02,67.13999938964844
AMBA,2026-09-03,63.380001068115234
AMBA,2026-09-04,62.88999938964844
AMBA,2026-09-08,63.47999954223633
AMLX,2026-03-18,13.789999961853027
AMLX,2026-03-19,14.050000190734863
AMLX,2026-03-20,13.8100004196167
AMLX,2026-03-23,13.529999732971191
AMLX,2026-03-24,13.65999984741211
AMLX,2026-03-25,13.829999923706055
AMLX,2026-03-26,13.470000267028809
AMLX,2026-03-27,13.550000190734863
AMLX,2026-03-30,12.760000228881836
AMLX,2026-03-31,13.899999618530273
AMLX,2026-04-01,14.350000381469727
AMLX,2026-04-02,14.949999809265137
AMLX,2026-04-06,15.819999694824219
AMLX,2026-04-07,16.270000457763672
AMLX,2026-04-08,16.920000076293945
AMLX,2026-04-09,17.31999969482422
AMLX,2026-04-10,16.360000610351562
AMLX,2026-04-13,16.469999313354492
AMLX,2026-04-14,16.920000076293945
AMLX,2026-04-15,17.1200008392334
AMLX,2026-04-16,17.729999542236328
AMLX,2026-04-17,18.360000610351562
AMLX,2026-04-20,17.56999969482422
AMLX,2026-04-21,17.59000015258789
AMLX,2026-04-22,17.520000457763672
AMLX,2026-04-23,17.31999969482422
AMLX,2026-04-24,17.040000915527344
AMLX,2026-04-27,16.8799991607666
AMLX,2026-04-28,16.309999465942383
AMLX,2026-04-29,15.600000381469727
AMLX,2026-04-30,16.0
AMLX,2026-05-01,16.010000228881836
AMLX,2026-05-04,16.459999084472656
AMLX,2026-05-05,16.43000030517578
AMLX,2026-05-06,16.059999465942383
AMLX,2026-05-07,15.199999809265137
AMLX,2026-05-08,14.729999542236328
AMLX,2026-05-11,14.880000114440918
AMLX,2026-05-12,14.4399995803833
AMLX,2026-05-13,14.579999923706055
AMLX,2026-05-14,13.880000114440918
AMLX,2026-05-15,13.28499984741211
AMLX,2026-05-18,12.859999656677246
AMLX,2026-05-19,12.739999771118164
AMLX,2026-05-20,13.609999656677246
AMLX,2026-05-21,13.930000305175781
AMLX,2026-05-22,13.579999923706055
AMLX,2026-05-26,13.680000305175781
AMLX,2026-05-27,14.069999694824219
AMLX,2026-05-28,14.220000267028809
AMLX,2026-05-29,14.350000381469727
AMLX,2026-06-01,14.069999694824219
AMLX,2026-06-02,13.289999961853027
AMLX,2026-06-03,13.199999809265137
AMLX,2026-06-04,14.3100004196167
AMLX,2026-06-05,13.319999694824219
AMLX,2026-06-08,13.010000228881836
AMLX,2026-06-09,13.550000190734863
AMLX,2026-06-10,13.460000038146973
AMLX,2026-06-11,13.90999984741211
AMLX,2026-06-12,14.59000015258789
AMLX,2026-06-15,15.1899995803833
AMLX,2026-06-16,15.050000190734863
AMLX,2026-06-17,15.25
AMLX,2026-06-18,15.670000076293945
AMLX,2026-06-22,16.280000686645508
AMLX,2026-06-23,16.3700008392334
AMLX,2026-06-24,17.0
AMLX,2026-06-25,17.440000534057617
AMLX,2026-06-26,17.790000915527344
AMLX,2026-06-29,18.700000762939453
AMLX,2026-06-30,17.959999084472656
AMLX,2026-07-01,17.950000762939453
AMLX,2026-07-02,18.270000457763672
AMLX,2026-07-06,17.969999313354492
AMLX,2026-07-07,18.170000076293945
AMLX,2026-07-08,17.8799991607666
AMLX,2026-07-09,18.3799991607666
AMLX,2026-07-10,17.770000457763672
AMLX,2026-07-13,17.40999984741211
AMLX,2026-07-14,18.200000762939453
AMLX,2026-07-15,17.780000686645508
AMLX,2026-07-16,17.020000457763672
AMLX,2026-07-17,17.75
AMLX,2026-07-20,17.450000762939453
AMLX,2026-07-21,18.5
AMLX,2026-07-22,17.700000762939453
AMLX,2026-07-23,17.59000015258789
AMLX,2026-07-24,18.40999984741211
AMLX,2026-07-27,19.489999771118164
AMLX,2026-07-28,19.549999237060547
AMLX,2026-07-29,19.729999542236328
AMLX,2026-07-30,20.75
AMLX,2026-07-31,20.309999465942383
AMLX,2026-08-03,20.170000076293945
AMLX,2026-08-04,21.8700008392334
AMLX,2026-08-05,21.850000381469727
AMLX,2026-08-06,24.190000534057617
AMLX,2026-08-07,22.81999969482422
AMLX,2026-08-10,22.670000076293945
AMLX,2026-08-11,23.6299991607666
AMLX,2026-08-12,23.350000381469727
AMLX,2026-08-13,22.479999542236328
AMLX,2026-08-14,21.6299991607666
AMLX,2026-08-17,21.43000030517578
AMLX,2026-08-18,35.11000061035156
AMLX,2026-08-19,38.599998474121094
AMLX,2026-08-20,39.65999984741211
AMLX,2026-08-21,38.65999984741211
AMLX,2026-08-24,38.150001525878906
AMLX,2026-08-25,37.459999084472656
AMLX,2026-08-26,37.08000183105469
AMLX,2026-08-27,37.18000030517578
AMLX,2026-08-28,34.7400016784668
AMLX,2026-08-31,33.75
AMLX,2026-09-01,33.810001373291016
AMLX,2026-09-02,34.4900016784668
AMLX,2026-09-03,33.959999084472656
AMLX,2026-09-04,34.099998474121094
AMLX,2026-09-08,33.880001068115234
AMRC,2026-03-18,26.68000030517578
AMRC,2026-03-19,26.829999923706055
AMRC,2026-03-20,26.65999984741211
AMRC,2026-03-23,27.719999313354492
AMRC,2026-03-24,28.31999969482422
AMRC,2026-03-25,28.770000457763672
AMRC,2026-03-26,27.25
AMRC,2026-03-27,26.75
AMRC,2026-03-30,24.770000457763672
AMRC,2026-03-31,25.5
AMRC,2026-04-01,24.670000076293945
AMRC,2026-04-02,24.59000015258789
AMRC,2026-04-06,24.0
AMRC,2026-04-07,24.010000228881836
AMRC,2026-04-08,25.260000228881836
AMRC,2026-04-09,26.0
AMRC,2026-04-10,26.399999618530273
AMRC,2026-04-13,24.81999969482422
AMRC,2026-04-14,25.809999465942383
AMRC,2026-04-15,25.6200008392334
AMRC,2026-04-16,25.010000228881836
AMRC,2026-04-17,25.8700008392334
AMRC,2026-04-20,26.90999984741211
AMRC,2026-04-21,26.75
AMRC,2026-04-22,27.540000915527344
AMRC,2026-04-23,27.760000228881836
AMRC,2026-04-24,27.920000076293945
AMRC,2026-04-27,27.90999984741211
AMRC,2026-04-28,27.739999771118164
AMRC,2026-04-29,27.290000915527344
AMRC,2026-04-30,29.59000015258789
AMRC,2026-05-01,31.360000610351562
AMRC,2026-05-04,31.479999542236328
AMRC,2026-05-05,30.770000457763672
AMRC,2026-05-06,31.549999237060547
AMRC,2026-05-07,29.690000534057617
AMRC,2026-05-08,29.959999084472656
AMRC,2026-05-11,30.579999923706055
AMRC,2026-05-12,29.229999542236328
AMRC,2026-05-13,28.979999542236328
AMRC,2026-05-14,33.279998779296875
AMRC,2026-05-15,33.029998779296875
AMRC,2026-05-18,31.020000457763672
AMRC,2026-05-19,28.93000030517578
AMRC,2026-05-20,29.510000228881836
AMRC,2026-05-21,30.219999313354492
AMRC,2026-05-22,31.770000457763672
AMRC,2026-05-26,35.5099983215332
AMRC,2026-05-27,35.939998626708984
AMRC,2026-05-28,36.560001373291016
AMRC,2026-05-29,35.97999954223633
AMRC,2026-06-01,34.599998474121094
AMRC,2026-06-02,36.06999969482422
AMRC,2026-06-03,33.33000183105469
AMRC,2026-06-04,32.72999954223633
AMRC,2026-06-05,28.459999084472656
AMRC,2026-06-08,27.760000228881836
AMRC,2026-06-09,26.93000030517578
AMRC,2026-06-10,25.790000915527344
AMRC,2026-06-11,27.8799991607666
AMRC,2026-06-12,28.059999465942383
AMRC,2026-06-15,28.139999389648438
AMRC,2026-06-16,27.149999618530273
AMRC,2026-06-17,27.290000915527344
AMRC,2026-06-18,28.639999389648438
AMRC,2026-06-22,28.940000534057617
AMRC,2026-06-23,27.770000457763672
AMRC,2026-06-24,27.68000030517578
AMRC,2026-06-25,27.760000228881836
AMRC,2026-06-26,26.81999969482422
AMRC,2026-06-29,26.56999969482422
AMRC,2026-06-30,27.600000381469727
AMRC,2026-07-01,26.530000686645508
AMRC,2026-07-02,25.399999618530273
AMRC,2026-07-06,27.049999237060547
AMRC,2026-07-07,25.489999771118164
AMRC,2026-07-08,25.239999771118164
AMRC,2026-07-09,25.649999618530273
AMRC,2026-07-10,24.940000534057617
AMRC,2026-07-13,23.75
AMRC,2026-07-14,25.0
AMRC,2026-07-15,24.68000030517578
AMRC,2026-07-16,23.59000015258789
AMRC,2026-07-17,23.110000610351562
AMRC,2026-07-20,22.549999237060547
AMRC,2026-07-21,23.1200008392334
AMRC,2026-07-22,23.389999389648438
AMRC,2026-07-23,23.56999969482422
AMRC,2026-07-24,21.75
AMRC,2026-07-27,21.09000015258789
AMRC,2026-07-28,19.65999984741211
AMRC,2026-07-29,18.510000228881836
AMRC,2026-07-30,20.65999984741211
AMRC,2026-07-31,21.06999969482422
AMRC,2026-08-03,22.729999542236328
AMRC,2026-08-04,27.940000534057617
AMRC,2026-08-05,25.65999984741211
AMRC,2026-08-06,25.549999237060547
AMRC,2026-08-07,25.649999618530273
AMRC,2026-08-10,25.280000686645508
AMRC,2026-08-11,25.889999389648438
AMRC,2026-08-12,27.610000610351562
AMRC,2026-08-13,27.790000915527344
AMRC,2026-08-14,27.899999618530273
AMRC,2026-08-17,28.5
AMRC,2026-08-18,25.489999771118164
AMRC,2026-08-19,25.350000381469727
AMRC,2026-08-20,22.190000534057617
AMRC,2026-08-21,21.3799991607666
AMRC,2026-08-24,20.969999313354492
AMRC,2026-08-25,22.06999969482422
AMRC,2026-08-26,22.15999984741211
AMRC,2026-08-27,22.90999984741211
AMRC,2026-08-28,21.989999771118164
AMRC,2026-08-31,22.1200008392334
AMRC,2026-09-01,22.600000381469727
AMRC,2026-09-02,21.81999969482422
AMRC,2026-09-03,22.770000457763672
AMRC,2026-09-04,23.149999618530273
AMRC,2026-09-08,23.93000030517578
ANDG,2026-03-18,28.270000457763672
ANDG,2026-03-19,28.579999923706055
ANDG,2026-03-20,27.899999618530273
ANDG,2026-03-23,27.56999969482422
ANDG,2026-03-24,26.670000076293945
ANDG,2026-03-25,26.06999969482422
ANDG,2026-03-26,26.040000915527344
ANDG,2026-03-27,25.40999984741211
ANDG,2026-03-30,25.760000228881836
ANDG,2026-03-31,27.200000762939453
ANDG,2026-04-01,29.200000762939453
ANDG,2026-04-02,29.670000076293945
ANDG,2026-04-06,29.170000076293945
ANDG,2026-04-07,28.649999618530273
ANDG,2026-04-08,28.84000015258789
ANDG,2026-04-09,27.989999771118164
ANDG,2026-04-10,28.25
ANDG,2026-04-13,29.190000534057617
ANDG,2026-04-14,31.25
ANDG,2026-04-15,33.06999969482422
ANDG,2026-04-16,33.2400016784668
ANDG,2026-04-17,33.52000045776367
ANDG,2026-04-20,33.709999084472656
ANDG,2026-04-21,34.849998474121094
ANDG,2026-04-22,35.959999084472656
ANDG,2026-04-23,35.540000915527344
ANDG,2026-04-24,35.959999084472656
ANDG,2026-04-27,33.869998931884766
ANDG,2026-04-28,35.59000015258789
ANDG,2026-04-29,33.91999816894531
ANDG,2026-04-30,35.380001068115234
ANDG,2026-05-01,34.2400016784668
ANDG,2026-05-04,34.279998779296875
ANDG,2026-05-05,34.81999969482422
ANDG,2026-05-06,35.18000030517578
ANDG,2026-05-07,35.97999954223633
ANDG,2026-05-08,36.5099983215332
ANDG,2026-05-11,36.650001525878906
ANDG,2026-05-12,36.380001068115234
ANDG,2026-05-13,35.5
ANDG,2026-05-14,34.97999954223633
ANDG,2026-05-15,35.099998474121094
ANDG,2026-05-18,37.29999923706055
ANDG,2026-05-19,34.939998626708984
ANDG,2026-05-20,37.5099983215332
ANDG,2026-05-21,38.130001068115234
ANDG,2026-05-22,38.52000045776367
ANDG,2026-05-26,38.310001373291016
ANDG,2026-05-27,37.439998626708984
ANDG,2026-05-28,38.310001373291016
ANDG,2026-05-29,37.0
ANDG,2026-06-01,38.689998626708984
ANDG,2026-06-02,37.65999984741211
ANDG,2026-06-03,36.869998931884766
ANDG,2026-06-04,40.060001373291016
ANDG,2026-06-05,38.380001068115234
ANDG,2026-06-08,36.08000183105469
ANDG,2026-06-09,36.5
ANDG,2026-06-10,36.869998931884766
ANDG,2026-06-11,35.0099983215332
ANDG,2026-06-12,37.779998779296875
ANDG,2026-06-15,37.41999816894531
ANDG,2026-06-16,37.5
ANDG,2026-06-17,38.369998931884766
ANDG,2026-06-18,37.16999816894531
ANDG,2026-06-22,35.93000030517578
ANDG,2026-06-23,37.470001220703125
ANDG,2026-06-24,36.7400016784668
ANDG,2026-06-25,35.790000915527344
ANDG,2026-06-26,36.90999984741211
ANDG,2026-06-29,37.93000030517578
ANDG,2026-06-30,37.720001220703125
ANDG,2026-07-01,36.880001068115234
ANDG,2026-07-02,36.36000061035156
ANDG,2026-07-06,37.90999984741211
ANDG,2026-07-07,40.5099983215332
ANDG,2026-07-08,39.400001525878906
ANDG,2026-07-09,43.459999084472656
ANDG,2026-07-10,42.93000030517578
ANDG,2026-07-13,41.970001220703125
ANDG,2026-07-14,42.90999984741211
ANDG,2026-07-15,42.220001220703125
ANDG,2026-07-16,42.810001373291016
ANDG,2026-07-17,44.45000076293945
ANDG,2026-07-20,42.58000183105469
ANDG,2026-07-21,42.79999923706055
ANDG,2026-07-22,41.41999816894531
ANDG,2026-07-23,43.369998931884766
ANDG,2026-07-24,42.81999969482422
ANDG,2026-07-27,46.939998626708984
ANDG,2026-07-28,46.54999923706055
ANDG,2026-07-29,46.119998931884766
ANDG,2026-07-30,46.08000183105469
ANDG,2026-07-31,47.33000183105469
ANDG,2026-08-03,47.68000030517578
ANDG,2026-08-04,48.59000015258789
ANDG,2026-08-05,49.75
ANDG,2026-08-06,49.0
ANDG,2026-08-07,49.68000030517578
ANDG,2026-08-10,49.119998931884766
ANDG,2026-08-11,48.470001220703125
ANDG,2026-08-12,50.0
ANDG,2026-08-13,48.29999923706055
ANDG,2026-08-14,48.88999938964844
ANDG,2026-08-17,49.0
ANDG,2026-08-18,45.75
ANDG,2026-08-19,45.02000045776367
ANDG,2026-08-20,50.31999969482422
ANDG,2026-08-21,50.15999984741211
ANDG,2026-08-24,49.9900016784668
ANDG,2026-08-25,52.209999084472656
ANDG,2026-08-26,53.130001068115234
ANDG,2026-08-27,56.560001373291016
ANDG,2026-08-28,55.720001220703125
ANDG,2026-08-31,55.7400016784668
ANDG,2026-09-01,55.720001220703125
ANDG,2026-09-02,56.119998931884766
ANDG,2026-09-03,57.45000076293945
ANDG,2026-09-04,56.2599983215332
ANDG,2026-09-08,53.849998474121094
ANF,2026-03-18,85.97000122070312
ANF,2026-03-19,88.73999786376953
ANF,2026-03-20,87.9800033569336
ANF,2026-03-23,87.51000213623047
ANF,2026-03-24,88.83999633789062
ANF,2026-03-25,88.55000305175781
ANF,2026-03-26,89.76000213623047
ANF,2026-03-27,89.12999725341797
ANF,2026-03-30,87.19000244140625
ANF,2026-03-31,91.37000274658203
ANF,2026-04-01,94.26000213623047
ANF,2026-04-02,92.25
ANF,2026-04-06,97.41000366210938
ANF,2026-04-07,97.95999908447266
ANF,2026-04-08,101.97000122070312
ANF,2026-04-09,103.48999786376953
ANF,2026-04-10,98.38999938964844
ANF,2026-04-13,93.30000305175781
ANF,2026-04-14,91.26000213623047
ANF,2026-04-15,91.44999694824219
ANF,2026-04-16,92.88999938964844
ANF,2026-04-17,94.36000061035156
ANF,2026-04-20,97.27999877929688
ANF,2026-04-21,95.23999786376953
ANF,2026-04-22,92.5
ANF,2026-04-23,89.2300033569336
ANF,2026-04-24,87.0999984741211
ANF,2026-04-27,86.58999633789062
ANF,2026-04-28,85.2300033569336
ANF,2026-04-29,84.08999633789062
ANF,2026-04-30,85.3499984741211
ANF,2026-05-01,84.54000091552734
ANF,2026-05-04,78.97000122070312
ANF,2026-05-05,78.51000213623047
ANF,2026-05-06,79.4000015258789
ANF,2026-05-07,78.51000213623047
ANF,2026-05-08,77.98999786376953
ANF,2026-05-11,72.33000183105469
ANF,2026-05-12,73.05999755859375
ANF,2026-05-13,71.9000015258789
ANF,2026-05-14,72.31999969482422
ANF,2026-05-15,70.56999969482422
ANF,2026-05-18,71.94999694824219
ANF,2026-05-19,72.13999938964844
ANF,2026-05-20,74.7300033569336
ANF,2026-05-21,76.48999786376953
ANF,2026-05-22,77.26000213623047
ANF,2026-05-26,74.77999877929688
ANF,2026-05-27,81.41999816894531
ANF,2026-05-28,82.18000030517578
ANF,2026-05-29,77.22000122070312
ANF,2026-06-01,75.6500015258789
ANF,2026-06-02,76.43000030517578
ANF,2026-06-03,76.41999816894531
ANF,2026-06-04,77.66000366210938
ANF,2026-06-05,75.33999633789062
ANF,2026-06-08,79.5199966430664
ANF,2026-06-09,83.66999816894531
ANF,2026-06-10,85.33000183105469
ANF,2026-06-11,90.62000274658203
ANF,2026-06-12,90.56999969482422
ANF,2026-06-15,91.0999984741211
ANF,2026-06-16,89.05999755859375
ANF,2026-06-17,84.70999908447266
ANF,2026-06-18,87.23999786376953
ANF,2026-06-22,86.06999969482422
ANF,2026-06-23,84.22000122070312
ANF,2026-06-24,88.83000183105469
ANF,2026-06-25,89.3499984741211
ANF,2026-06-26,91.51000213623047
ANF,2026-06-29,89.38999938964844
ANF,2026-06-30,90.01000213623047
ANF,2026-07-01,92.31999969482422
ANF,2026-07-02,92.41999816894531
ANF,2026-07-06,89.7699966430664
ANF,2026-07-07,89.0199966430664
ANF,2026-07-08,86.87999725341797
ANF,2026-07-09,89.2300033569336
ANF,2026-07-10,93.06999969482422
ANF,2026-07-13,91.58999633789062
ANF,2026-07-14,92.87000274658203
ANF,2026-07-15,97.19000244140625
ANF,2026-07-16,97.37000274658203
ANF,2026-07-17,95.23999786376953
ANF,2026-07-20,94.44000244140625
ANF,2026-07-21,92.05999755859375
ANF,2026-07-22,96.04000091552734
ANF,2026-07-23,90.88999938964844
ANF,2026-07-24,93.80999755859375
ANF,2026-07-27,99.3499984741211
ANF,2026-07-28,103.16000366210938
ANF,2026-07-29,102.48999786376953
ANF,2026-07-30,100.26000213623047
ANF,2026-07-31,99.54000091552734
ANF,2026-08-03,108.81999969482422
ANF,2026-08-04,110.19999694824219
ANF,2026-08-05,109.44999694824219
ANF,2026-08-06,110.4800033569336
ANF,2026-08-07,112.62000274658203
ANF,2026-08-10,118.52999877929688
ANF,2026-08-11,117.97000122070312
ANF,2026-08-12,112.2300033569336
ANF,2026-08-13,108.81999969482422
ANF,2026-08-14,108.12999725341797
ANF,2026-08-17,105.16000366210938
ANF,2026-08-18,103.37999725341797
ANF,2026-08-19,105.44999694824219
ANF,2026-08-20,105.0199966430664
ANF,2026-08-21,109.01000213623047
ANF,2026-08-24,112.36000061035156
ANF,2026-08-25,108.9000015258789
ANF,2026-08-26,147.75
ANF,2026-08-27,145.75
ANF,2026-08-28,148.4199981689453
ANF,2026-08-31,143.0800018310547
ANF,2026-09-01,140.67999267578125
ANF,2026-09-02,136.60000610351562
ANF,2026-09-03,143.5399932861328
ANF,2026-09-04,149.6699981689453
ANF,2026-09-08,151.42999267578125
APPS,2026-03-18,3.259999990463257
APPS,2026-03-19,3.240000009536743
APPS,2026-03-20,3.119999885559082
APPS,2026-03-23,3.140000104904175
APPS,2026-03-24,2.9600000381469727
APPS,2026-03-25,2.950000047683716
APPS,2026-03-26,2.9800000190734863
APPS,2026-03-27,2.9100000858306885
APPS,2026-03-30,2.869999885559082
APPS,2026-03-31,2.880000114440918
APPS,2026-04-01,2.9700000286102295
APPS,2026-04-02,2.890000104904175
APPS,2026-04-06,3.0299999713897705
APPS,2026-04-07,3.0199999809265137
APPS,2026-04-08,3.0899999141693115
APPS,2026-04-09,3.009999990463257
APPS,2026-04-10,2.819999933242798
APPS,2026-04-13,2.930000066757202
APPS,2026-04-14,3.119999885559082
APPS,2026-04-15,3.390000104904175
APPS,2026-04-16,3.869999885559082
APPS,2026-04-17,3.75
APPS,2026-04-20,3.809999942779541
APPS,2026-04-21,3.690000057220459
APPS,2026-04-22,3.7100000381469727
APPS,2026-04-23,3.450000047683716
APPS,2026-04-24,3.4600000381469727
APPS,2026-04-27,3.569999933242798
APPS,2026-04-28,3.4600000381469727
APPS,2026-04-29,3.369999885559082
APPS,2026-04-30,3.5299999713897705
APPS,2026-05-01,3.680000066757202
APPS,2026-05-04,3.950000047683716
APPS,2026-05-05,3.890000104904175
APPS,2026-05-06,3.9800000190734863
APPS,2026-05-07,3.990000009536743
APPS,2026-05-08,4.039999961853027
APPS,2026-05-11,3.990000009536743
APPS,2026-05-12,3.869999885559082
APPS,2026-05-13,4.119999885559082
APPS,2026-05-14,4.210000038146973
APPS,2026-05-15,4.21999979019165
APPS,2026-05-18,4.050000190734863
APPS,2026-05-19,4.170000076293945
APPS,2026-05-20,4.550000190734863
APPS,2026-05-21,4.460000038146973
APPS,2026-05-22,4.550000190734863
APPS,2026-05-26,4.809999942779541
APPS,2026-05-27,6.679999828338623
APPS,2026-05-28,8.40999984741211
APPS,2026-05-29,8.779999732971191
APPS,2026-06-01,9.300000190734863
APPS,2026-06-02,8.550000190734863
APPS,2026-06-03,8.670000076293945
APPS,2026-06-04,9.319999694824219
APPS,2026-06-05,9.010000228881836
APPS,2026-06-08,9.350000381469727
APPS,2026-06-09,9.850000381469727
APPS,2026-06-10,10.220000267028809
APPS,2026-06-11,10.140000343322754
APPS,2026-06-12,9.760000228881836
APPS,2026-06-15,9.829999923706055
APPS,2026-06-16,9.399999618530273
APPS,2026-06-17,8.619999885559082
APPS,2026-06-18,8.609999656677246
APPS,2026-06-22,9.25
APPS,2026-06-23,9.260000228881836
APPS,2026-06-24,10.140000343322754
APPS,2026-06-25,10.15999984741211
APPS,2026-06-26,11.069999694824219
APPS,2026-06-29,12.90999984741211
APPS,2026-06-30,12.899999618530273
APPS,2026-07-01,13.3100004196167
APPS,2026-07-02,12.710000038146973
APPS,2026-07-06,11.180000305175781
APPS,2026-07-07,10.390000343322754
APPS,2026-07-08,10.5
APPS,2026-07-09,11.210000038146973
APPS,2026-07-10,10.5600004196167
APPS,2026-07-13,9.949999809265137
APPS,2026-07-14,9.819999694824219
APPS,2026-07-15,9.729999542236328
APPS,2026-07-16,8.630000114440918
APPS,2026-07-17,8.34000015258789
APPS,2026-07-20,8.34000015258789
APPS,2026-07-21,9.180000305175781
APPS,2026-07-22,8.489999771118164
APPS,2026-07-23,8.029999732971191
APPS,2026-07-24,8.449999809265137
APPS,2026-07-27,8.59000015258789
APPS,2026-07-28,8.460000038146973
APPS,2026-07-29,8.119999885559082
APPS,2026-07-30,8.1899995803833
APPS,2026-07-31,8.0600004196167
APPS,2026-08-03,9.0
APPS,2026-08-04,9.510000228881836
APPS,2026-08-05,13.170000076293945
APPS,2026-08-06,14.270000457763672
APPS,2026-08-07,14.34000015258789
APPS,2026-08-10,14.390000343322754
APPS,2026-08-11,13.039999961853027
APPS,2026-08-12,12.40999984741211
APPS,2026-08-13,12.619999885559082
APPS,2026-08-14,12.4399995803833
APPS,2026-08-17,12.239999771118164
APPS,2026-08-18,12.119999885559082
APPS,2026-08-19,11.229999542236328
APPS,2026-08-20,10.710000038146973
APPS,2026-08-21,10.869999885559082
APPS,2026-08-24,10.739999771118164
APPS,2026-08-25,10.829999923706055
APPS,2026-08-26,10.84000015258789
APPS,2026-08-27,11.4399995803833
APPS,2026-08-28,11.09000015258789
APPS,2026-08-31,10.760000228881836
APPS,2026-09-01,10.0
APPS,2026-09-02,9.779999732971191
APPS,2026-09-03,10.880000114440918
APPS,2026-09-04,10.710000038146973
APPS,2026-09-08,11.300000190734863
ARVN,2026-03-18,10.890000343322754
ARVN,2026-03-19,11.170000076293945
ARVN,2026-03-20,10.9399995803833
ARVN,2026-03-23,10.319999694824219
ARVN,2026-03-24,10.289999961853027
ARVN,2026-03-25,10.920000076293945
ARVN,2026-03-26,10.869999885559082
ARVN,2026-03-27,10.100000381469727
ARVN,2026-03-30,10.180000305175781
ARVN,2026-03-31,10.600000381469727
ARVN,2026-04-01,11.329999923706055
ARVN,2026-04-02,10.850000381469727
ARVN,2026-04-06,11.220000267028809
ARVN,2026-04-07,11.369999885559082
ARVN,2026-04-08,11.210000038146973
ARVN,2026-04-09,11.170000076293945
ARVN,2026-04-10,10.819999694824219
ARVN,2026-04-13,10.579999923706055
ARVN,2026-04-14,11.0
ARVN,2026-04-15,10.970000267028809
ARVN,2026-04-16,11.0
ARVN,2026-04-17,11.0
ARVN,2026-04-20,10.8100004196167
ARVN,2026-04-21,10.619999885559082
ARVN,2026-04-22,10.630000114440918
ARVN,2026-04-23,10.420000076293945
ARVN,2026-04-24,10.4399995803833
ARVN,2026-04-27,10.289999961853027
ARVN,2026-04-28,10.220000267028809
ARVN,2026-04-29,9.819999694824219
ARVN,2026-04-30,9.899999618530273
ARVN,2026-05-01,10.510000228881836
ARVN,2026-05-04,10.779999732971191
ARVN,2026-05-05,10.609999656677246
ARVN,2026-05-06,10.260000228881836
ARVN,2026-05-07,10.1899995803833
ARVN,2026-05-08,10.109999656677246
ARVN,2026-05-11,9.65999984741211
ARVN,2026-05-12,9.569999694824219
ARVN,2026-05-13,9.869999885559082
ARVN,2026-05-14,9.420000076293945
ARVN,2026-05-15,9.079999923706055
ARVN,2026-05-18,8.779999732971191
ARVN,2026-05-19,8.550000190734863
ARVN,2026-05-20,9.100000381469727
ARVN,2026-05-21,9.100000381469727
ARVN,2026-05-22,9.09000015258789
ARVN,2026-05-26,8.920000076293945
ARVN,2026-05-27,8.850000381469727
ARVN,2026-05-28,8.84000015258789
ARVN,2026-05-29,8.979999542236328
ARVN,2026-06-01,8.579999923706055
ARVN,2026-06-02,8.0
ARVN,2026-06-03,7.699999809265137
ARVN,2026-06-04,7.739999771118164
ARVN,2026-06-05,7.420000076293945
ARVN,2026-06-08,7.150000095367432
ARVN,2026-06-09,7.210000038146973
ARVN,2026-06-10,6.980000019073486
ARVN,2026-06-11,7.090000152587891
ARVN,2026-06-12,7.579999923706055
ARVN,2026-06-15,7.489999771118164
ARVN,2026-06-16,7.420000076293945
ARVN,2026-06-17,7.670000076293945
ARVN,2026-06-18,7.670000076293945
ARVN,2026-06-22,7.739999771118164
ARVN,2026-06-23,8.140000343322754
ARVN,2026-06-24,8.050000190734863
ARVN,2026-06-25,8.029999732971191
ARVN,2026-06-26,8.0
ARVN,2026-06-29,8.289999961853027
ARVN,2026-06-30,8.3100004196167
ARVN,2026-07-01,8.199999809265137
ARVN,2026-07-02,8.390000343322754
ARVN,2026-07-06,8.449999809265137
ARVN,2026-07-07,8.59000015258789
ARVN,2026-07-08,8.5600004196167
ARVN,2026-07-09,8.539999961853027
ARVN,2026-07-10,8.270000457763672
ARVN,2026-07-13,8.100000381469727
ARVN,2026-07-14,8.270000457763672
ARVN,2026-07-15,8.279999732971191
ARVN,2026-07-16,8.029999732971191
ARVN,2026-07-17,8.010000228881836
ARVN,2026-07-20,8.020000457763672
ARVN,2026-07-21,8.260000228881836
ARVN,2026-07-22,8.260000228881836
ARVN,2026-07-23,8.119999885559082
ARVN,2026-07-24,8.029999732971191
ARVN,2026-07-27,8.220000267028809
ARVN,2026-07-28,8.199999809265137
ARVN,2026-07-29,8.220000267028809
ARVN,2026-07-30,8.300000190734863
ARVN,2026-07-31,8.029999732971191
ARVN,2026-08-03,8.0600004196167
ARVN,2026-08-04,9.0
ARVN,2026-08-05,8.399999618530273
ARVN,2026-08-06,8.680000305175781
ARVN,2026-08-07,8.75
ARVN,2026-08-10,8.989999771118164
ARVN,2026-08-11,8.989999771118164
ARVN,2026-08-12,8.869999885559082
ARVN,2026-08-13,9.010000228881836
ARVN,2026-08-14,8.970000267028809
ARVN,2026-08-17,9.199999809265137
ARVN,2026-08-18,9.260000228881836
ARVN,2026-08-19,9.680000305175781
ARVN,2026-08-20,9.029999732971191
ARVN,2026-08-21,9.369999885559082
ARVN,2026-08-24,9.34000015258789
ARVN,2026-08-25,9.600000381469727
ARVN,2026-08-26,9.319999694824219
ARVN,2026-08-27,9.239999771118164
ARVN,2026-08-28,9.180000305175781
ARVN,2026-08-31,9.199999809265137
ARVN,2026-09-01,9.279999732971191
ARVN,2026-09-02,9.59000015258789
ARVN,2026-09-03,9.3100004196167
ARVN,2026-09-04,9.390000343322754
ARVN,2026-09-08,9.079999923706055
ASPN,2026-03-18,3.2300000190734863
ASPN,2026-03-19,3.2300000190734863
ASPN,2026-03-20,3.059999942779541
ASPN,2026-03-23,3.259999990463257
ASPN,2026-03-24,3.240000009536743
ASPN,2026-03-25,3.440000057220459
ASPN,2026-03-26,3.4200000762939453
ASPN,2026-03-27,3.299999952316284
ASPN,2026-03-30,3.1700000762939453
ASPN,2026-03-31,3.4200000762939453
ASPN,2026-04-01,3.4700000286102295
ASPN,2026-04-02,3.690000057220459
ASPN,2026-04-06,3.7799999713897705
ASPN,2026-04-07,3.690000057220459
ASPN,2026-04-08,3.7100000381469727
ASPN,2026-04-09,3.740000009536743
ASPN,2026-04-10,3.3399999141693115
ASPN,2026-04-13,3.5299999713897705
ASPN,2026-04-14,3.309999942779541
ASPN,2026-04-15,3.3299999237060547
ASPN,2026-04-16,3.5199999809265137
ASPN,2026-04-17,3.4800000190734863
ASPN,2026-04-20,3.559999942779541
ASPN,2026-04-21,3.549999952316284
ASPN,2026-04-22,3.25
ASPN,2026-04-23,3.359999895095825
ASPN,2026-04-24,3.5
ASPN,2026-04-27,3.640000104904175
ASPN,2026-04-28,3.609999895095825
ASPN,2026-04-29,3.609999895095825
ASPN,2026-04-30,3.7100000381469727
ASPN,2026-05-01,4.269999980926514
ASPN,2026-05-04,3.880000114440918
ASPN,2026-05-05,4.139999866485596
ASPN,2026-05-06,4.119999885559082
ASPN,2026-05-07,5.119999885559082
ASPN,2026-05-08,5.039999961853027
ASPN,2026-05-11,5.119999885559082
ASPN,2026-05-12,5.059999942779541
ASPN,2026-05-13,5.400000095367432
ASPN,2026-05-14,5.820000171661377
ASPN,2026-05-15,5.599999904632568
ASPN,2026-05-18,5.329999923706055
ASPN,2026-05-19,5.059999942779541
ASPN,2026-05-20,5.099999904632568
ASPN,2026-05-21,5.46999979019165
ASPN,2026-05-22,5.789999961853027
ASPN,2026-05-26,5.96999979019165
ASPN,2026-05-27,6.360000133514404
ASPN,2026-05-28,6.369999885559082
ASPN,2026-05-29,6.400000095367432
ASPN,2026-06-01,6.21999979019165
ASPN,2026-06-02,6.21999979019165
ASPN,2026-06-03,5.900000095367432
ASPN,2026-06-04,6.230000019073486
ASPN,2026-06-05,5.639999866485596
ASPN,2026-06-08,5.639999866485596
ASPN,2026-06-09,5.519999980926514
ASPN,2026-06-10,5.440000057220459
ASPN,2026-06-11,5.71999979019165
ASPN,2026-06-12,5.920000076293945
ASPN,2026-06-15,6.039999961853027
ASPN,2026-06-16,5.820000171661377
ASPN,2026-06-17,6.050000190734863
ASPN,2026-06-18,6.320000171661377
ASPN,2026-06-22,6.369999885559082
ASPN,2026-06-23,5.900000095367432
ASPN,2026-06-24,5.730000019073486
ASPN,2026-06-25,5.679999828338623
ASPN,2026-06-26,5.630000114440918
ASPN,2026-06-29,5.980000019073486
ASPN,2026-06-30,6.340000152587891
ASPN,2026-07-01,5.929999828338623
ASPN,2026-07-02,5.579999923706055
ASPN,2026-07-06,5.46999979019165
ASPN,2026-07-07,5.139999866485596
ASPN,2026-07-08,5.190000057220459
ASPN,2026-07-09,5.239999771118164
ASPN,2026-07-10,5.159999847412109
ASPN,2026-07-13,5.179999828338623
ASPN,2026-07-14,5.269999980926514
ASPN,2026-07-15,5.300000190734863
ASPN,2026-07-16,5.050000190734863
ASPN,2026-07-17,5.130000114440918
ASPN,2026-07-20,5.03000020980835
ASPN,2026-07-21,5.429999828338623
ASPN,2026-07-22,5.309999942779541
ASPN,2026-07-23,5.159999847412109
ASPN,2026-07-24,4.670000076293945
ASPN,2026-07-27,4.650000095367432
ASPN,2026-07-28,4.389999866485596
ASPN,2026-07-29,4.090000152587891
ASPN,2026-07-30,4.510000228881836
ASPN,2026-07-31,4.630000114440918
ASPN,2026-08-03,4.730000019073486
ASPN,2026-08-04,5.059999942779541
ASPN,2026-08-05,5.010000228881836
ASPN,2026-08-06,6.889999866485596
ASPN,2026-08-07,6.25
ASPN,2026-08-10,6.289999961853027
ASPN,2026-08-11,6.139999866485596
ASPN,2026-08-12,6.150000095367432
ASPN,2026-08-13,6.070000171661377
ASPN,2026-08-14,5.849999904632568
ASPN,2026-08-17,5.820000171661377
ASPN,2026-08-18,5.579999923706055
ASPN,2026-08-19,5.449999809265137
ASPN,2026-08-20,5.110000133514404
ASPN,2026-08-21,5.179999828338623
ASPN,2026-08-24,5.010000228881836
ASPN,2026-08-25,5.230000019073486
ASPN,2026-08-26,5.190000057220459
ASPN,2026-08-27,5.230000019073486
ASPN,2026-08-28,4.929999828338623
ASPN,2026-08-31,4.929999828338623
ASPN,2026-09-01,4.840000152587891
ASPN,2026-09-02,4.920000076293945
ASPN,2026-09-03,4.78000020980835
ASPN,2026-09-04,4.920000076293945
ASPN,2026-09-08,4.909999847412109
ASST,2026-03-18,10.03499984741211
ASST,2026-03-19,10.260000228881836
ASST,2026-03-20,10.020000457763672
ASST,2026-03-23,10.4399995803833
ASST,2026-03-24,9.930000305175781
ASST,2026-03-25,10.850000381469727
ASST,2026-03-26,10.40999984741211
ASST,2026-03-27,9.854999542236328
ASST,2026-03-30,9.369999885559082
ASST,2026-03-31,10.020000457763672
ASST,2026-04-01,10.15999984741211
ASST,2026-04-02,9.75
ASST,2026-04-06,10.119999885559082
ASST,2026-04-07,9.265000343322754
ASST,2026-04-08,10.25
ASST,2026-04-09,9.640000343322754
ASST,2026-04-10,10.630000114440918
ASST,2026-04-13,11.579999923706055
ASST,2026-04-14,12.430000305175781
ASST,2026-04-15,13.529999732971191
ASST,2026-04-16,13.979999542236328
ASST,2026-04-17,15.609999656677246
ASST,2026-04-20,15.619999885559082
ASST,2026-04-21,15.3100004196167
ASST,2026-04-22,16.65999984741211
ASST,2026-04-23,16.200000762939453
ASST,2026-04-24,15.800000190734863
ASST,2026-04-27,15.6899995803833
ASST,2026-04-28,15.279999732971191
ASST,2026-04-29,14.40999984741211
ASST,2026-04-30,15.359999656677246
ASST,2026-05-01,16.309999465942383
ASST,2026-05-04,16.354999542236328
ASST,2026-05-05,16.510000228881836
ASST,2026-05-06,16.280000686645508
ASST,2026-05-07,15.460000038146973
ASST,2026-05-08,15.920000076293945
ASST,2026-05-11,17.950000762939453
ASST,2026-05-12,17.06999969482422
ASST,2026-05-13,16.739999771118164
ASST,2026-05-14,17.709999084472656
ASST,2026-05-15,16.790000915527344
ASST,2026-05-18,15.789999961853027
ASST,2026-05-19,16.15999984741211
ASST,2026-05-20,16.979999542236328
ASST,2026-05-21,18.530000686645508
ASST,2026-05-22,18.209999084472656
ASST,2026-05-26,18.100000381469727
ASST,2026-05-27,17.81999969482422
ASST,2026-05-28,17.799999237060547
ASST,2026-05-29,17.670000076293945
ASST,2026-06-01,17.200000762939453
ASST,2026-06-02,16.1200008392334
ASST,2026-06-03,14.739999771118164
ASST,2026-06-04,15.020000457763672
ASST,2026-06-05,13.920000076293945
ASST,2026-06-08,15.210000038146973
ASST,2026-06-09,14.210000038146973
ASST,2026-06-10,14.430000305175781
ASST,2026-06-11,14.579999923706055
ASST,2026-06-12,15.149999618530273
ASST,2026-06-15,16.670000076293945
ASST,2026-06-16,15.789999961853027
ASST,2026-06-17,15.4399995803833
ASST,2026-06-18,14.850000381469727
ASST,2026-06-22,14.8100004196167
ASST,2026-06-23,13.949999809265137
ASST,2026-06-24,12.550000190734863
ASST,2026-06-25,11.399999618530273
ASST,2026-06-26,11.34000015258789
ASST,2026-06-29,11.619999885559082
ASST,2026-06-30,10.90999984741211
ASST,2026-07-01,12.020000457763672
ASST,2026-07-02,13.109999656677246
ASST,2026-07-06,13.109999656677246
ASST,2026-07-07,12.699999809265137
ASST,2026-07-08,12.390000343322754
ASST,2026-07-09,12.600000381469727
ASST,2026-07-10,12.359999656677246
ASST,2026-07-13,11.829999923706055
ASST,2026-07-14,12.40999984741211
ASST,2026-07-15,12.609999656677246
ASST,2026-07-16,11.649999618530273
ASST,2026-07-17,11.859999656677246
ASST,2026-07-20,12.34000015258789
ASST,2026-07-21,13.0
ASST,2026-07-22,12.670000076293945
ASST,2026-07-23,12.09000015258789
ASST,2026-07-24,11.489999771118164
ASST,2026-07-27,12.1899995803833
ASST,2026-07-28,11.979999542236328
ASST,2026-07-29,11.0600004196167
ASST,2026-07-30,11.9399995803833
ASST,2026-07-31,11.109999656677246
ASST,2026-08-03,11.800000190734863
ASST,2026-08-04,12.420000076293945
ASST,2026-08-05,12.449999809265137
ASST,2026-08-06,12.3100004196167
ASST,2026-08-07,12.479999542236328
ASST,2026-08-10,12.4399995803833
ASST,2026-08-11,12.619999885559082
ASST,2026-08-12,12.390000343322754
ASST,2026-08-13,12.579999923706055
ASST,2026-08-14,12.3149995803833
ASST,2026-08-17,13.199999809265137
ASST,2026-08-18,12.800000190734863
ASST,2026-08-19,14.729999542236328
ASST,2026-08-20,16.1299991607666
ASST,2026-08-21,18.219999313354492
ASST,2026-08-24,19.729999542236328
ASST,2026-08-25,21.389999389648438
ASST,2026-08-26,21.5
ASST,2026-08-27,23.1200008392334
ASST,2026-08-28,21.739999771118164
ASST,2026-08-31,24.219999313354492
ASST,2026-09-01,24.0
ASST,2026-09-02,24.31999969482422
ASST,2026-09-03,26.81999969482422
ASST,2026-09-04,27.139999389648438
ASST,2026-09-08,27.15999984741211
ASTL,2026-03-18,3.619999885559082
ASTL,2026-03-19,3.640000104904175
ASTL,2026-03-20,3.569999933242798
ASTL,2026-03-23,3.7699999809265137
ASTL,2026-03-24,4.03000020980835
ASTL,2026-03-25,4.159999847412109
ASTL,2026-03-26,4.159999847412109
ASTL,2026-03-27,3.9600000381469727
ASTL,2026-03-30,3.9600000381469727
ASTL,2026-03-31,4.130000114440918
ASTL,2026-04-01,4.110000133514404
ASTL,2026-04-02,4.139999866485596
ASTL,2026-04-06,4.190000057220459
ASTL,2026-04-07,4.409999847412109
ASTL,2026-04-08,4.579999923706055
ASTL,2026-04-09,4.670000076293945
ASTL,2026-04-10,4.710000038146973
ASTL,2026-04-13,5.010000228881836
ASTL,2026-04-14,5.070000171661377
ASTL,2026-04-15,4.909999847412109
ASTL,2026-04-16,4.769999980926514
ASTL,2026-04-17,4.739999771118164
ASTL,2026-04-20,4.690000057220459
ASTL,2026-04-21,4.590000152587891
ASTL,2026-04-22,4.730000019073486
ASTL,2026-04-23,4.440000057220459
ASTL,2026-04-24,4.519999980926514
ASTL,2026-04-27,4.699999809265137
ASTL,2026-04-28,4.619999885559082
ASTL,2026-04-29,4.460000038146973
ASTL,2026-04-30,4.670000076293945
ASTL,2026-05-01,4.820000171661377
ASTL,2026-05-04,4.71999979019165
ASTL,2026-05-05,4.860000133514404
ASTL,2026-05-06,5.090000152587891
ASTL,2026-05-07,5.210000038146973
ASTL,2026-05-08,5.139999866485596
ASTL,2026-05-11,5.139999866485596
ASTL,2026-05-12,4.989999771118164
ASTL,2026-05-13,5.0
ASTL,2026-05-14,5.150000095367432
ASTL,2026-05-15,5.210000038146973
ASTL,2026-05-18,5.21999979019165
ASTL,2026-05-19,5.179999828338623
ASTL,2026-05-20,4.929999828338623
ASTL,2026-05-21,4.730000019073486
ASTL,2026-05-22,4.730000019073486
ASTL,2026-05-26,4.980000019073486
ASTL,2026-05-27,5.329999923706055
ASTL,2026-05-28,5.559999942779541
ASTL,2026-05-29,5.619999885559082
ASTL,2026-06-01,5.800000190734863
ASTL,2026-06-02,5.610000133514404
ASTL,2026-06-03,5.53000020980835
ASTL,2026-06-04,5.480000019073486
ASTL,2026-06-05,4.960000038146973
ASTL,2026-06-08,4.940000057220459
ASTL,2026-06-09,4.679999828338623
ASTL,2026-06-10,4.559999942779541
ASTL,2026-06-11,4.710000038146973
ASTL,2026-06-12,5.010000228881836
ASTL,2026-06-15,4.929999828338623
ASTL,2026-06-16,4.909999847412109
ASTL,2026-06-17,4.755000114440918
ASTL,2026-06-18,4.519999980926514
ASTL,2026-06-22,4.289999961853027
ASTL,2026-06-23,4.159999847412109
ASTL,2026-06-24,3.990000009536743
ASTL,2026-06-25,4.179999828338623
ASTL,2026-06-26,4.179999828338623
ASTL,2026-06-29,4.010000228881836
ASTL,2026-06-30,4.050000190734863
ASTL,2026-07-01,3.8299999237060547
ASTL,2026-07-02,3.7699999809265137
ASTL,2026-07-06,3.7699999809265137
ASTL,2026-07-07,3.759999990463257
ASTL,2026-07-08,3.75
ASTL,2026-07-09,3.5899999141693115
ASTL,2026-07-10,3.619999885559082
ASTL,2026-07-13,3.609999895095825
ASTL,2026-07-14,3.6600000858306885
ASTL,2026-07-15,3.799999952316284
ASTL,2026-07-16,3.700000047683716
ASTL,2026-07-17,3.8299999237060547
ASTL,2026-07-20,3.7100000381469727
ASTL,2026-07-21,3.8499999046325684
ASTL,2026-07-22,4.070000171661377
ASTL,2026-07-23,4.349999904632568
ASTL,2026-07-24,4.320000171661377
ASTL,2026-07-27,4.389999866485596
ASTL,2026-07-28,4.389999866485596
ASTL,2026-07-29,4.269999980926514
ASTL,2026-07-30,3.8350000381469727
ASTL,2026-07-31,3.8499999046325684
ASTL,2026-08-03,3.9200000762939453
ASTL,2026-08-04,4.21999979019165
ASTL,2026-08-05,4.460000038146973
ASTL,2026-08-06,3.9700000286102295
ASTL,2026-08-07,4.074999809265137
ASTL,2026-08-10,4.429999828338623
ASTL,2026-08-11,4.420000076293945
ASTL,2026-08-12,4.449999809265137
ASTL,2026-08-13,4.460000038146973
ASTL,2026-08-14,4.28000020980835
ASTL,2026-08-17,4.159999847412109
ASTL,2026-08-18,4.090000152587891
ASTL,2026-08-19,4.789999961853027
ASTL,2026-08-20,4.559999942779541
ASTL,2026-08-21,4.650000095367432
ASTL,2026-08-24,4.010000228881836
ASTL,2026-08-25,3.990000009536743
ASTL,2026-08-26,4.159999847412109
ASTL,2026-08-27,4.289999961853027
ASTL,2026-08-28,4.179999828338623
ASTL,2026-08-31,4.204999923706055
ASTL,2026-09-01,4.130000114440918
ASTL,2026-09-02,4.385000228881836
ASTL,2026-09-03,4.449999809265137
ASTL,2026-09-04,4.710000038146973
ASTL,2026-09-08,4.40500020980835
ATKR,2026-03-18,55.29999923706055
ATKR,2026-03-19,56.790000915527344
ATKR,2026-03-20,56.119998931884766
ATKR,2026-03-23,58.119998931884766
ATKR,2026-03-24,60.33000183105469
ATKR,2026-03-25,60.88999938964844
ATKR,2026-03-26,60.52000045776367
ATKR,2026-03-27,59.130001068115234
ATKR,2026-03-30,58.150001525878906
ATKR,2026-03-31,58.90999984741211
ATKR,2026-04-01,60.2400016784668
ATKR,2026-04-02,61.5099983215332
ATKR,2026-04-06,62.77000045776367
ATKR,2026-04-07,63.77000045776367
ATKR,2026-04-08,65.91000366210938
ATKR,2026-04-09,67.8499984741211
ATKR,2026-04-10,67.83000183105469
ATKR,2026-04-13,68.69999694824219
ATKR,2026-04-14,68.88999938964844
ATKR,2026-04-15,67.68000030517578
ATKR,2026-04-16,66.98999786376953
ATKR,2026-04-17,69.12000274658203
ATKR,2026-04-20,69.05000305175781
ATKR,2026-04-21,69.44999694824219
ATKR,2026-04-22,71.31999969482422
ATKR,2026-04-23,72.06999969482422
ATKR,2026-04-24,75.41999816894531
ATKR,2026-04-27,77.20999908447266
ATKR,2026-04-28,77.91999816894531
ATKR,2026-04-29,75.3499984741211
ATKR,2026-04-30,78.1500015258789
ATKR,2026-05-01,74.54000091552734
ATKR,2026-05-04,73.66999816894531
ATKR,2026-05-05,76.38999938964844
ATKR,2026-05-06,76.2300033569336
ATKR,2026-05-07,73.97000122070312
ATKR,2026-05-08,74.29000091552734
ATKR,2026-05-11,74.62999725341797
ATKR,2026-05-12,74.05000305175781
ATKR,2026-05-13,75.44999694824219
ATKR,2026-05-14,76.38999938964844
ATKR,2026-05-15,74.2699966430664
ATKR,2026-05-18,74.51000213623047
ATKR,2026-05-19,71.73999786376953
ATKR,2026-05-20,75.37999725341797
ATKR,2026-05-21,76.18000030517578
ATKR,2026-05-22,84.75
ATKR,2026-05-26,85.41000366210938
ATKR,2026-05-27,82.23999786376953
ATKR,2026-05-28,82.05999755859375
ATKR,2026-05-29,82.80999755859375
ATKR,2026-06-01,81.91000366210938
ATKR,2026-06-02,84.16000366210938
ATKR,2026-06-03,85.0199966430664
ATKR,2026-06-04,84.93000030517578
ATKR,2026-06-05,80.61000061035156
ATKR,2026-06-08,80.08999633789062
ATKR,2026-06-09,80.77999877929688
ATKR,2026-06-10,76.12000274658203
ATKR,2026-06-11,78.98999786376953
ATKR,2026-06-12,79.2699966430664
ATKR,2026-06-15,79.25
ATKR,2026-06-16,78.86000061035156
ATKR,2026-06-17,76.83999633789062
ATKR,2026-06-18,81.16999816894531
ATKR,2026-06-22,81.94999694824219
ATKR,2026-06-23,77.81999969482422
ATKR,2026-06-24,77.88999938964844
ATKR,2026-06-25,79.95999908447266
ATKR,2026-06-26,77.83000183105469
ATKR,2026-06-29,75.12999725341797
ATKR,2026-06-30,76.04000091552734
ATKR,2026-07-01,72.43000030517578
ATKR,2026-07-02,69.20999908447266
ATKR,2026-07-06,70.44999694824219
ATKR,2026-07-07,69.26000213623047
ATKR,2026-07-08,68.91999816894531
ATKR,2026-07-09,70.5999984741211
ATKR,2026-07-10,72.23999786376953
ATKR,2026-07-13,71.68000030517578
ATKR,2026-07-14,73.58000183105469
ATKR,2026-07-15,73.83000183105469
ATKR,2026-07-16,73.12000274658203
ATKR,2026-07-17,73.41999816894531
ATKR,2026-07-20,73.4000015258789
ATKR,2026-07-21,74.54000091552734
ATKR,2026-07-22,72.95999908447266
ATKR,2026-07-23,73.05000305175781
ATKR,2026-07-24,76.62999725341797
ATKR,2026-07-27,75.29000091552734
ATKR,2026-07-28,77.44999694824219
ATKR,2026-07-29,71.43000030517578
ATKR,2026-07-30,71.0
ATKR,2026-07-31,72.95999908447266
ATKR,2026-08-03,93.55000305175781
ATKR,2026-08-04,93.52999877929688
ATKR,2026-08-05,93.68000030517578
ATKR,2026-08-06,93.66000366210938
ATKR,2026-08-07,93.70999908447266
ATKR,2026-08-10,93.75
ATKR,2026-08-11,93.87000274658203
ATKR,2026-08-12,93.80999755859375
ATKR,2026-08-13,93.83000183105469
ATKR,2026-08-14,93.80000305175781
ATKR,2026-08-17,93.70999908447266
ATKR,2026-08-18,93.44000244140625
ATKR,2026-08-19,93.43000030517578
ATKR,2026-08-20,93.48999786376953
ATKR,2026-08-21,93.5999984741211
ATKR,2026-08-24,93.48999786376953
ATKR,2026-08-25,93.62000274658203
ATKR,2026-08-26,93.62999725341797
ATKR,2026-08-27,93.66000366210938
ATKR,2026-08-28,93.5999984741211
ATKR,2026-08-31,93.69000244140625
ATKR,2026-09-01,93.62999725341797
ATKR,2026-09-02,93.55000305175781
ATKR,2026-09-03,93.6500015258789
ATKR,2026-09-04,93.76000213623047
ATKR,2026-09-08,93.87000274658203
AVTR,2026-03-18,7.699999809265137
AVTR,2026-03-19,7.610000133514404
AVTR,2026-03-20,7.510000228881836
AVTR,2026-03-23,7.590000152587891
AVTR,2026-03-24,7.730000019073486
AVTR,2026-03-25,7.690000057220459
AVTR,2026-03-26,7.670000076293945
AVTR,2026-03-27,7.409999847412109
AVTR,2026-03-30,7.590000152587891
AVTR,2026-03-31,7.840000152587891
AVTR,2026-04-01,7.769999980926514
AVTR,2026-04-02,7.900000095367432
AVTR,2026-04-06,7.980000019073486
AVTR,2026-04-07,8.0
AVTR,2026-04-08,8.0
AVTR,2026-04-09,7.920000076293945
AVTR,2026-04-10,7.900000095367432
AVTR,2026-04-13,8.180000305175781
AVTR,2026-04-14,8.199999809265137
AVTR,2026-04-15,8.369999885559082
AVTR,2026-04-16,8.260000228881836
AVTR,2026-04-17,8.520000457763672
AVTR,2026-04-20,8.5
AVTR,2026-04-21,8.529999732971191
AVTR,2026-04-22,8.279999732971191
AVTR,2026-04-23,7.760000228881836
AVTR,2026-04-24,7.900000095367432
AVTR,2026-04-27,7.96999979019165
AVTR,2026-04-28,7.860000133514404
AVTR,2026-04-29,7.849999904632568
AVTR,2026-04-30,8.100000381469727
AVTR,2026-05-01,7.960000038146973
AVTR,2026-05-04,7.989999771118164
AVTR,2026-05-05,8.050000190734863
AVTR,2026-05-06,8.430000305175781
AVTR,2026-05-07,8.3100004196167
AVTR,2026-05-08,8.3100004196167
AVTR,2026-05-11,7.96999979019165
AVTR,2026-05-12,8.170000076293945
AVTR,2026-05-13,7.869999885559082
AVTR,2026-05-14,7.940000057220459
AVTR,2026-05-15,7.619999885559082
AVTR,2026-05-18,7.599999904632568
AVTR,2026-05-19,7.639999866485596
AVTR,2026-05-20,7.880000114440918
AVTR,2026-05-21,7.869999885559082
AVTR,2026-05-22,8.119999885559082
AVTR,2026-05-26,8.140000343322754
AVTR,2026-05-27,8.399999618530273
AVTR,2026-05-28,9.149999618530273
AVTR,2026-05-29,9.119999885559082
AVTR,2026-06-01,9.1899995803833
AVTR,2026-06-02,8.989999771118164
AVTR,2026-06-03,9.069999694824219
AVTR,2026-06-04,9.520000457763672
AVTR,2026-06-05,9.15999984741211
AVTR,2026-06-08,9.6899995803833
AVTR,2026-06-09,9.90999984741211
AVTR,2026-06-10,9.649999618530273
AVTR,2026-06-11,9.65999984741211
AVTR,2026-06-12,9.390000343322754
AVTR,2026-06-15,9.710000038146973
AVTR,2026-06-16,9.569999694824219
AVTR,2026-06-17,9.460000038146973
AVTR,2026-06-18,9.579999923706055
AVTR,2026-06-22,9.350000381469727
AVTR,2026-06-23,9.430000305175781
AVTR,2026-06-24,9.6899995803833
AVTR,2026-06-25,10.079999923706055
AVTR,2026-06-26,10.279999732971191
AVTR,2026-06-29,10.029999732971191
AVTR,2026-06-30,9.899999618530273
AVTR,2026-07-01,10.010000228881836
AVTR,2026-07-02,10.319999694824219
AVTR,2026-07-06,10.369999885559082
AVTR,2026-07-07,10.199999809265137
AVTR,2026-07-08,9.760000228881836
AVTR,2026-07-09,10.510000228881836
AVTR,2026-07-10,10.390000343322754
AVTR,2026-07-13,10.5600004196167
AVTR,2026-07-14,11.289999961853027
AVTR,2026-07-15,11.199999809265137
AVTR,2026-07-16,11.260000228881836
AVTR,2026-07-17,11.069999694824219
AVTR,2026-07-20,10.65999984741211
AVTR,2026-07-21,10.989999771118164
AVTR,2026-07-22,10.949999809265137
AVTR,2026-07-23,11.350000381469727
AVTR,2026-07-24,11.4399995803833
AVTR,2026-07-27,11.760000228881836
AVTR,2026-07-28,12.420000076293945
AVTR,2026-07-29,14.380000114440918
AVTR,2026-07-30,13.859999656677246
AVTR,2026-07-31,13.779999732971191
AVTR,2026-08-03,13.670000076293945
AVTR,2026-08-04,13.680000305175781
AVTR,2026-08-05,13.359999656677246
AVTR,2026-08-06,13.180000305175781
AVTR,2026-08-07,13.59000015258789
AVTR,2026-08-10,13.729999542236328
AVTR,2026-08-11,13.770000457763672
AVTR,2026-08-12,13.930000305175781
AVTR,2026-08-13,13.850000381469727
AVTR,2026-08-14,13.65999984741211
AVTR,2026-08-17,13.5
AVTR,2026-08-18,13.329999923706055
AVTR,2026-08-19,13.960000038146973
AVTR,2026-08-20,14.25
AVTR,2026-08-21,14.460000038146973
AVTR,2026-08-24,14.260000228881836
AVTR,2026-08-25,14.420000076293945
AVTR,2026-08-26,14.5
AVTR,2026-08-27,14.609999656677246
AVTR,2026-08-28,14.579999923706055
AVTR,2026-08-31,14.539999961853027
AVTR,2026-09-01,14.199999809265137
AVTR,2026-09-02,14.649999618530273
AVTR,2026-09-03,15.1899995803833
AVTR,2026-09-04,14.970000267028809
AVTR,2026-09-08,15.25
AXTI,2026-03-18,48.7599983215332
AXTI,2026-03-19,58.09000015258789
AXTI,2026-03-20,54.2400016784668
AXTI,2026-03-23,64.44000244140625
AXTI,2026-03-24,68.44000244140625
AXTI,2026-03-25,67.3499984741211
AXTI,2026-03-26,58.5099983215332
AXTI,2026-03-27,60.630001068115234
AXTI,2026-03-30,52.72999954223633
AXTI,2026-03-31,56.97999954223633
AXTI,2026-04-01,47.13999938964844
AXTI,2026-04-02,52.84000015258789
AXTI,2026-04-06,41.9900016784668
AXTI,2026-04-07,45.459999084472656
AXTI,2026-04-08,53.18000030517578
AXTI,2026-04-09,63.119998931884766
AXTI,2026-04-10,64.18000030517578
AXTI,2026-04-13,66.44999694824219
AXTI,2026-04-14,67.30000305175781
AXTI,2026-04-15,62.93000030517578
AXTI,2026-04-16,81.77999877929688
AXTI,2026-04-17,82.55999755859375
AXTI,2026-04-20,78.76000213623047
AXTI,2026-04-21,74.97000122070312
AXTI,2026-04-22,86.94000244140625
AXTI,2026-04-23,75.2699966430664
AXTI,2026-04-24,76.16000366210938
AXTI,2026-04-27,70.1500015258789
AXTI,2026-04-28,68.70999908447266
AXTI,2026-04-29,71.06999969482422
AXTI,2026-04-30,79.22000122070312
AXTI,2026-05-01,96.0
AXTI,2026-05-04,106.0
AXTI,2026-05-05,107.55000305175781
AXTI,2026-05-06,104.83000183105469
AXTI,2026-05-07,108.41999816894531
AXTI,2026-05-08,116.36000061035156
AXTI,2026-05-11,125.80999755859375
AXTI,2026-05-12,122.9000015258789
AXTI,2026-05-13,121.94000244140625
AXTI,2026-05-14,114.9800033569336
AXTI,2026-05-15,123.77999877929688
AXTI,2026-05-18,105.87999725341797
AXTI,2026-05-19,112.87999725341797
AXTI,2026-05-20,104.61000061035156
AXTI,2026-05-21,121.0199966430664
AXTI,2026-05-22,140.8300018310547
AXTI,2026-05-26,132.60000610351562
AXTI,2026-05-27,122.7699966430664
AXTI,2026-05-28,115.69999694824219
AXTI,2026-05-29,103.16000366210938
AXTI,2026-06-01,109.55000305175781
AXTI,2026-06-02,110.8499984741211
AXTI,2026-06-03,106.69999694824219
AXTI,2026-06-04,105.98999786376953
AXTI,2026-06-05,89.04000091552734
AXTI,2026-06-08,90.77999877929688
AXTI,2026-06-09,78.36000061035156
AXTI,2026-06-10,85.29000091552734
AXTI,2026-06-11,88.33999633789062
AXTI,2026-06-12,97.18000030517578
AXTI,2026-06-15,110.73999786376953
AXTI,2026-06-16,93.04000091552734
AXTI,2026-06-17,92.11000061035156
AXTI,2026-06-18,84.56999969482422
AXTI,2026-06-22,92.44000244140625
AXTI,2026-06-23,77.91000366210938
AXTI,2026-06-24,70.13999938964844
AXTI,2026-06-25,69.05999755859375
AXTI,2026-06-26,70.1500015258789
AXTI,2026-06-29,71.45999908447266
AXTI,2026-06-30,72.08000183105469
AXTI,2026-07-01,65.02999877929688
AXTI,2026-07-02,56.619998931884766
AXTI,2026-07-06,63.52000045776367
AXTI,2026-07-07,58.150001525878906
AXTI,2026-07-08,60.119998931884766
AXTI,2026-07-09,62.54999923706055
AXTI,2026-07-10,57.209999084472656
AXTI,2026-07-13,50.459999084472656
AXTI,2026-07-14,57.56999969482422
AXTI,2026-07-15,53.41999816894531
AXTI,2026-07-16,45.56999969482422
AXTI,2026-07-17,45.86000061035156
AXTI,2026-07-20,48.83000183105469
AXTI,2026-07-21,56.5099983215332
AXTI,2026-07-22,52.97999954223633
AXTI,2026-07-23,52.93000030517578
AXTI,2026-07-24,47.22999954223633
AXTI,2026-07-27,47.880001068115234
AXTI,2026-07-28,42.7599983215332
AXTI,2026-07-29,36.970001220703125
AXTI,2026-07-30,46.939998626708984
AXTI,2026-07-31,60.43000030517578
AXTI,2026-08-03,68.66999816894531
AXTI,2026-08-04,65.2699966430664
AXTI,2026-08-05,68.61000061035156
AXTI,2026-08-06,75.16999816894531
AXTI,2026-08-07,88.58000183105469
AXTI,2026-08-10,73.80999755859375
AXTI,2026-08-11,73.77999877929688
AXTI,2026-08-12,78.47000122070312
AXTI,2026-08-13,77.44999694824219
AXTI,2026-08-14,81.63999938964844
AXTI,2026-08-17,95.97000122070312
AXTI,2026-08-18,82.30999755859375
AXTI,2026-08-19,73.43000030517578
AXTI,2026-08-20,73.12000274658203
AXTI,2026-08-21,70.73999786376953
AXTI,2026-08-24,65.4000015258789
AXTI,2026-08-25,67.44999694824219
AXTI,2026-08-26,65.18000030517578
AXTI,2026-08-27,66.91999816894531
AXTI,2026-08-28,58.630001068115234
AXTI,2026-08-31,60.61000061035156
AXTI,2026-09-01,56.11000061035156
AXTI,2026-09-02,56.95000076293945
AXTI,2026-09-03,56.20000076293945
AXTI,2026-09-04,61.63999938964844
AXTI,2026-09-08,69.55999755859375
BHC,2026-03-18,5.090000152587891
BHC,2026-03-19,5.03000020980835
BHC,2026-03-20,5.010000228881836
BHC,2026-03-23,5.099999904632568
BHC,2026-03-24,4.989999771118164
BHC,2026-03-25,5.079999923706055
BHC,2026-03-26,5.119999885559082
BHC,2026-03-27,5.019999980926514
BHC,2026-03-30,5.03000020980835
BHC,2026-03-31,5.400000095367432
BHC,2026-04-01,5.579999923706055
BHC,2026-04-02,5.349999904632568
BHC,2026-04-06,5.409999847412109
BHC,2026-04-07,5.260000228881836
BHC,2026-04-08,5.349999904632568
BHC,2026-04-09,5.389999866485596
BHC,2026-04-10,5.599999904632568
BHC,2026-04-13,5.71999979019165
BHC,2026-04-14,5.679999828338623
BHC,2026-04-15,5.739999771118164
BHC,2026-04-16,5.820000171661377
BHC,2026-04-17,5.900000095367432
BHC,2026-04-20,5.909999847412109
BHC,2026-04-21,5.730000019073486
BHC,2026-04-22,5.679999828338623
BHC,2026-04-23,5.539999961853027
BHC,2026-04-24,5.630000114440918
BHC,2026-04-27,5.579999923706055
BHC,2026-04-28,5.670000076293945
BHC,2026-04-29,5.590000152587891
BHC,2026-04-30,5.71999979019165
BHC,2026-05-01,5.650000095367432
BHC,2026-05-04,5.53000020980835
BHC,2026-05-05,5.639999866485596
BHC,2026-05-06,5.650000095367432
BHC,2026-05-07,5.730000019073486
BHC,2026-05-08,5.75
BHC,2026-05-11,5.369999885559082
BHC,2026-05-12,5.409999847412109
BHC,2026-05-13,5.289999961853027
BHC,2026-05-14,5.449999809265137
BHC,2026-05-15,5.420000076293945
BHC,2026-05-18,5.340000152587891
BHC,2026-05-19,5.320000171661377
BHC,2026-05-20,5.5
BHC,2026-05-21,5.449999809265137
BHC,2026-05-22,5.46999979019165
BHC,2026-05-26,5.400000095367432
BHC,2026-05-27,5.389999866485596
BHC,2026-05-28,5.409999847412109
BHC,2026-05-29,5.360000133514404
BHC,2026-06-01,5.309999942779541
BHC,2026-06-02,5.010000228881836
BHC,2026-06-03,4.949999809265137
BHC,2026-06-04,5.260000228881836
BHC,2026-06-05,5.369999885559082
BHC,2026-06-08,5.110000133514404
BHC,2026-06-09,5.170000076293945
BHC,2026-06-10,5.150000095367432
BHC,2026-06-11,5.159999847412109
BHC,2026-06-12,5.059999942779541
BHC,2026-06-15,4.989999771118164
BHC,2026-06-16,4.960000038146973
BHC,2026-06-17,4.760000228881836
BHC,2026-06-18,4.769999980926514
BHC,2026-06-22,4.670000076293945
BHC,2026-06-23,4.800000190734863
BHC,2026-06-24,4.989999771118164
BHC,2026-06-25,5.28000020980835
BHC,2026-06-26,4.760000228881836
BHC,2026-06-29,4.849999904632568
BHC,2026-06-30,4.929999828338623
BHC,2026-07-01,4.769999980926514
BHC,2026-07-02,4.900000095367432
BHC,2026-07-06,4.809999942779541
BHC,2026-07-07,4.909999847412109
BHC,2026-07-08,4.909999847412109
BHC,2026-07-09,4.860000133514404
BHC,2026-07-10,4.78000020980835
BHC,2026-07-13,4.849999904632568
BHC,2026-07-14,4.75
BHC,2026-07-15,4.889999866485596
BHC,2026-07-16,4.929999828338623
BHC,2026-07-17,4.829999923706055
BHC,2026-07-20,4.679999828338623
BHC,2026-07-21,4.519999980926514
BHC,2026-07-22,4.559999942779541
BHC,2026-07-23,4.449999809265137
BHC,2026-07-24,4.429999828338623
BHC,2026-07-27,4.480000019073486
BHC,2026-07-28,4.519999980926514
BHC,2026-07-29,4.679999828338623
BHC,2026-07-30,6.03000020980835
BHC,2026-07-31,6.889999866485596
BHC,2026-08-03,7.0
BHC,2026-08-04,6.440000057220459
BHC,2026-08-05,6.289999961853027
BHC,2026-08-06,5.909999847412109
BHC,2026-08-07,6.25
BHC,2026-08-10,6.349999904632568
BHC,2026-08-11,6.239999771118164
BHC,2026-08-12,6.210000038146973
BHC,2026-08-13,6.340000152587891
BHC,2026-08-14,6.510000228881836
BHC,2026-08-17,6.579999923706055
BHC,2026-08-18,6.929999828338623
BHC,2026-08-19,6.889999866485596
BHC,2026-08-20,6.809999942779541
BHC,2026-08-21,6.440000057220459
BHC,2026-08-24,6.679999828338623
BHC,2026-08-25,6.730000019073486
BHC,2026-08-26,6.510000228881836
BHC,2026-08-27,6.300000190734863
BHC,2026-08-28,6.320000171661377
BHC,2026-08-31,6.369999885559082
BHC,2026-09-01,6.46999979019165
BHC,2026-09-02,6.829999923706055
BHC,2026-09-03,6.760000228881836
BHC,2026-09-04,6.559999942779541
BHC,2026-09-08,6.429999828338623
BHVN,2026-03-18,9.09000015258789
BHVN,2026-03-19,8.960000038146973
BHVN,2026-03-20,8.930000305175781
BHVN,2026-03-23,8.739999771118164
BHVN,2026-03-24,8.390000343322754
BHVN,2026-03-25,8.609999656677246
BHVN,2026-03-26,8.920000076293945
BHVN,2026-03-27,8.369999885559082
BHVN,2026-03-30,8.09000015258789
BHVN,2026-03-31,8.460000038146973
BHVN,2026-04-01,9.619999885559082
BHVN,2026-04-02,9.800000190734863
BHVN,2026-04-06,9.149999618530273
BHVN,2026-04-07,9.260000228881836
BHVN,2026-04-08,9.380000114440918
BHVN,2026-04-09,9.390000343322754
BHVN,2026-04-10,9.170000076293945
BHVN,2026-04-13,10.119999885559082
BHVN,2026-04-14,10.4399995803833
BHVN,2026-04-15,10.369999885559082
BHVN,2026-04-16,10.010000228881836
BHVN,2026-04-17,10.979999542236328
BHVN,2026-04-20,10.819999694824219
BHVN,2026-04-21,10.1899995803833
BHVN,2026-04-22,10.680000305175781
BHVN,2026-04-23,10.520000457763672
BHVN,2026-04-24,9.880000114440918
BHVN,2026-04-27,9.59000015258789
BHVN,2026-04-28,9.609999656677246
BHVN,2026-04-29,9.199999809265137
BHVN,2026-04-30,9.59000015258789
BHVN,2026-05-01,9.630000114440918
BHVN,2026-05-04,10.140000343322754
BHVN,2026-05-05,9.710000038146973
BHVN,2026-05-06,10.039999961853027
BHVN,2026-05-07,9.739999771118164
BHVN,2026-05-08,9.859999656677246
BHVN,2026-05-11,9.079999923706055
BHVN,2026-05-12,9.199999809265137
BHVN,2026-05-13,9.029999732971191
BHVN,2026-05-14,9.020000457763672
BHVN,2026-05-15,8.760000228881836
BHVN,2026-05-18,8.489999771118164
BHVN,2026-05-19,8.390000343322754
BHVN,2026-05-20,8.850000381469727
BHVN,2026-05-21,9.479999542236328
BHVN,2026-05-22,9.449999809265137
BHVN,2026-05-26,10.069999694824219
BHVN,2026-05-27,11.289999961853027
BHVN,2026-05-28,10.239999771118164
BHVN,2026-05-29,11.010000228881836
BHVN,2026-06-01,11.430000305175781
BHVN,2026-06-02,10.130000114440918
BHVN,2026-06-03,10.8100004196167
BHVN,2026-06-04,11.399999618530273
BHVN,2026-06-05,10.800000190734863
BHVN,2026-06-08,11.119999885559082
BHVN,2026-06-09,11.09000015258789
BHVN,2026-06-10,11.069999694824219
BHVN,2026-06-11,11.369999885559082
BHVN,2026-06-12,11.279999732971191
BHVN,2026-06-15,12.140000343322754
BHVN,2026-06-16,12.09000015258789
BHVN,2026-06-17,13.619999885559082
BHVN,2026-06-18,13.569999694824219
BHVN,2026-06-22,15.5
BHVN,2026-06-23,14.779999732971191
BHVN,2026-06-24,14.960000038146973
BHVN,2026-06-25,15.34000015258789
BHVN,2026-06-26,15.829999923706055
BHVN,2026-06-29,14.949999809265137
BHVN,2026-06-30,14.880000114440918
BHVN,2026-07-01,15.760000228881836
BHVN,2026-07-02,15.960000038146973
BHVN,2026-07-06,16.049999237060547
BHVN,2026-07-07,15.550000190734863
BHVN,2026-07-08,16.639999389648438
BHVN,2026-07-09,16.790000915527344
BHVN,2026-07-10,15.550000190734863
BHVN,2026-07-13,15.170000076293945
BHVN,2026-07-14,14.9399995803833
BHVN,2026-07-15,14.859999656677246
BHVN,2026-07-16,14.170000076293945
BHVN,2026-07-17,15.4399995803833
BHVN,2026-07-20,14.859999656677246
BHVN,2026-07-21,15.510000228881836
BHVN,2026-07-22,14.75
BHVN,2026-07-23,14.649999618530273
BHVN,2026-07-24,14.319999694824219
BHVN,2026-07-27,14.510000228881836
BHVN,2026-07-28,13.770000457763672
BHVN,2026-07-29,13.430000305175781
BHVN,2026-07-30,13.819999694824219
BHVN,2026-07-31,13.5
BHVN,2026-08-03,13.369999885559082
BHVN,2026-08-04,13.75
BHVN,2026-08-05,13.630000114440918
BHVN,2026-08-06,14.420000076293945
BHVN,2026-08-07,14.65999984741211
BHVN,2026-08-10,14.539999961853027
BHVN,2026-08-11,14.489999771118164
BHVN,2026-08-12,14.390000343322754
BHVN,2026-08-13,14.850000381469727
BHVN,2026-08-14,14.640000343322754
BHVN,2026-08-17,14.460000038146973
BHVN,2026-08-18,13.569999694824219
BHVN,2026-08-19,14.140000343322754
BHVN,2026-08-20,13.5
BHVN,2026-08-21,13.850000381469727
BHVN,2026-08-24,13.680000305175781
BHVN,2026-08-25,14.380000114440918
BHVN,2026-08-26,16.950000762939453
BHVN,2026-08-27,16.1200008392334
BHVN,2026-08-28,15.40999984741211
BHVN,2026-08-31,15.270000457763672
BHVN,2026-09-01,15.739999771118164
BHVN,2026-09-02,15.6899995803833
BHVN,2026-09-03,15.859999656677246
BHVN,2026-09-04,15.6899995803833
BHVN,2026-09-08,14.720000267028809
BLMN,2026-03-18,5.699999809265137
BLMN,2026-03-19,6.03000020980835
BLMN,2026-03-20,5.820000171661377
BLMN,2026-03-23,5.590000152587891
BLMN,2026-03-24,5.730000019073486
BLMN,2026-03-25,5.619999885559082
BLMN,2026-03-26,5.519999980926514
BLMN,2026-03-27,5.260000228881836
BLMN,2026-03-30,5.340000152587891
BLMN,2026-03-31,5.400000095367432
BLMN,2026-04-01,5.480000019073486
BLMN,2026-04-02,5.489999771118164
BLMN,2026-04-06,5.75
BLMN,2026-04-07,5.659999847412109
BLMN,2026-04-08,5.920000076293945
BLMN,2026-04-09,6.079999923706055
BLMN,2026-04-10,5.929999828338623
BLMN,2026-04-13,5.829999923706055
BLMN,2026-04-14,6.409999847412109
BLMN,2026-04-15,6.550000190734863
BLMN,2026-04-16,6.400000095367432
BLMN,2026-04-17,6.730000019073486
BLMN,2026-04-20,6.670000076293945
BLMN,2026-04-21,6.489999771118164
BLMN,2026-04-22,6.599999904632568
BLMN,2026-04-23,6.389999866485596
BLMN,2026-04-24,6.130000114440918
BLMN,2026-04-27,6.079999923706055
BLMN,2026-04-28,6.03000020980835
BLMN,2026-04-29,6.010000228881836
BLMN,2026-04-30,6.099999904632568
BLMN,2026-05-01,5.920000076293945
BLMN,2026-05-04,5.630000114440918
BLMN,2026-05-05,5.760000228881836
BLMN,2026-05-06,8.119999885559082
BLMN,2026-05-07,7.949999809265137
BLMN,2026-05-08,8.119999885559082
BLMN,2026-05-11,8.369999885559082
BLMN,2026-05-12,8.319999694824219
BLMN,2026-05-13,8.279999732971191
BLMN,2026-05-14,8.140000343322754
BLMN,2026-05-15,8.039999961853027
BLMN,2026-05-18,7.650000095367432
BLMN,2026-05-19,7.610000133514404
BLMN,2026-05-20,7.860000133514404
BLMN,2026-05-21,7.75
BLMN,2026-05-22,7.820000171661377
BLMN,2026-05-26,7.920000076293945
BLMN,2026-05-27,8.3100004196167
BLMN,2026-05-28,8.319999694824219
BLMN,2026-05-29,8.4399995803833
BLMN,2026-06-01,8.140000343322754
BLMN,2026-06-02,7.809999942779541
BLMN,2026-06-03,7.489999771118164
BLMN,2026-06-04,7.139999866485596
BLMN,2026-06-05,7.269999980926514
BLMN,2026-06-08,7.070000171661377
BLMN,2026-06-09,7.429999828338623
BLMN,2026-06-10,7.409999847412109
BLMN,2026-06-11,8.0600004196167
BLMN,2026-06-12,8.289999961853027
BLMN,2026-06-15,7.650000095367432
BLMN,2026-06-16,7.630000114440918
BLMN,2026-06-17,7.679999828338623
BLMN,2026-06-18,8.0600004196167
BLMN,2026-06-22,8.329999923706055
BLMN,2026-06-23,8.25
BLMN,2026-06-24,8.550000190734863
BLMN,2026-06-25,8.649999618530273
BLMN,2026-06-26,8.970000267028809
BLMN,2026-06-29,9.15999984741211
BLMN,2026-06-30,9.140000343322754
BLMN,2026-07-01,8.90999984741211
BLMN,2026-07-02,8.699999809265137
BLMN,2026-07-06,8.039999961853027
BLMN,2026-07-07,7.980000019073486
BLMN,2026-07-08,7.769999980926514
BLMN,2026-07-09,8.0600004196167
BLMN,2026-07-10,8.34000015258789
BLMN,2026-07-13,8.4399995803833
BLMN,2026-07-14,8.3100004196167
BLMN,2026-07-15,8.420000076293945
BLMN,2026-07-16,8.569999694824219
BLMN,2026-07-17,8.539999961853027
BLMN,2026-07-20,8.34000015258789
BLMN,2026-07-21,8.4399995803833
BLMN,2026-07-22,8.420000076293945
BLMN,2026-07-23,8.1899995803833
BLMN,2026-07-24,7.940000057220459
BLMN,2026-07-27,8.539999961853027
BLMN,2026-07-28,8.600000381469727
BLMN,2026-07-29,8.8100004196167
BLMN,2026-07-30,8.859999656677246
BLMN,2026-07-31,8.65999984741211
BLMN,2026-08-03,9.039999961853027
BLMN,2026-08-04,8.920000076293945
BLMN,2026-08-05,11.850000381469727
BLMN,2026-08-06,10.880000114440918
BLMN,2026-08-07,10.949999809265137
BLMN,2026-08-10,11.020000457763672
BLMN,2026-08-11,11.119999885559082
BLMN,2026-08-12,11.390000343322754
BLMN,2026-08-13,10.789999961853027
BLMN,2026-08-14,10.550000190734863
BLMN,2026-08-17,10.6899995803833
BLMN,2026-08-18,10.65999984741211
BLMN,2026-08-19,10.609999656677246
BLMN,2026-08-20,10.479999542236328
BLMN,2026-08-21,11.630000114440918
BLMN,2026-08-24,11.4399995803833
BLMN,2026-08-25,11.039999961853027
BLMN,2026-08-26,11.149999618530273
BLMN,2026-08-27,10.4399995803833
BLMN,2026-08-28,10.579999923706055
BLMN,2026-08-31,10.300000190734863
BLMN,2026-09-01,9.739999771118164
BLMN,2026-09-02,9.930000305175781
BLMN,2026-09-03,9.729999542236328
BLMN,2026-09-04,9.789999961853027
BLMN,2026-09-08,9.579999923706055
BLZE,2026-03-18,3.609999895095825
BLZE,2026-03-19,3.6500000953674316
BLZE,2026-03-20,3.6600000858306885
BLZE,2026-03-23,3.6500000953674316
BLZE,2026-03-24,3.559999942779541
BLZE,2026-03-25,3.630000114440918
BLZE,2026-03-26,3.509999990463257
BLZE,2026-03-27,3.4000000953674316
BLZE,2026-03-30,3.309999942779541
BLZE,2026-03-31,3.450000047683716
BLZE,2026-04-01,3.569999933242798
BLZE,2026-04-02,3.640000104904175
BLZE,2026-04-06,3.700000047683716
BLZE,2026-04-07,3.619999885559082
BLZE,2026-04-08,3.5999999046325684
BLZE,2026-04-09,3.4800000190734863
BLZE,2026-04-10,3.430000066757202
BLZE,2026-04-13,3.509999990463257
BLZE,2026-04-14,3.5799999237060547
BLZE,2026-04-15,3.819999933242798
BLZE,2026-04-16,4.0
BLZE,2026-04-17,4.099999904632568
BLZE,2026-04-20,4.130000114440918
BLZE,2026-04-21,4.159999847412109
BLZE,2026-04-22,4.179999828338623
BLZE,2026-04-23,4.03000020980835
BLZE,2026-04-24,4.210000038146973
BLZE,2026-04-27,4.199999809265137
BLZE,2026-04-28,4.289999961853027
BLZE,2026-04-29,4.179999828338623
BLZE,2026-04-30,4.28000020980835
BLZE,2026-05-01,4.449999809265137
BLZE,2026-05-04,4.639999866485596
BLZE,2026-05-05,7.590000152587891
BLZE,2026-05-06,7.400000095367432
BLZE,2026-05-07,7.5
BLZE,2026-05-08,7.480000019073486
BLZE,2026-05-11,7.150000095367432
BLZE,2026-05-12,7.03000020980835
BLZE,2026-05-13,7.369999885559082
BLZE,2026-05-14,7.269999980926514
BLZE,2026-05-15,7.03000020980835
BLZE,2026-05-18,7.409999847412109
BLZE,2026-05-19,7.510000228881836
BLZE,2026-05-20,7.429999828338623
BLZE,2026-05-21,7.369999885559082
BLZE,2026-05-22,7.670000076293945
BLZE,2026-05-26,7.769999980926514
BLZE,2026-05-27,7.639999866485596
BLZE,2026-05-28,7.650000095367432
BLZE,2026-05-29,8.279999732971191
BLZE,2026-06-01,9.109999656677246
BLZE,2026-06-02,8.899999618530273
BLZE,2026-06-03,7.949999809265137
BLZE,2026-06-04,8.380000114440918
BLZE,2026-06-05,7.760000228881836
BLZE,2026-06-08,7.599999904632568
BLZE,2026-06-09,7.380000114440918
BLZE,2026-06-10,7.400000095367432
BLZE,2026-06-11,7.650000095367432
BLZE,2026-06-12,7.920000076293945
BLZE,2026-06-15,8.109999656677246
BLZE,2026-06-16,8.289999961853027
BLZE,2026-06-17,8.270000457763672
BLZE,2026-06-18,8.1899995803833
BLZE,2026-06-22,8.119999885559082
BLZE,2026-06-23,11.65999984741211
BLZE,2026-06-24,11.970000267028809
BLZE,2026-06-25,13.420000076293945
BLZE,2026-06-26,14.5600004196167
BLZE,2026-06-29,14.970000267028809
BLZE,2026-06-30,15.859999656677246
BLZE,2026-07-01,16.360000610351562
BLZE,2026-07-02,15.619999885559082
BLZE,2026-07-06,15.300000190734863
BLZE,2026-07-07,15.84000015258789
BLZE,2026-07-08,16.420000076293945
BLZE,2026-07-09,17.829999923706055
BLZE,2026-07-10,17.600000381469727
BLZE,2026-07-13,16.190000534057617
BLZE,2026-07-14,16.549999237060547
BLZE,2026-07-15,14.979999542236328
BLZE,2026-07-16,13.729999542236328
BLZE,2026-07-17,13.220000267028809
BLZE,2026-07-20,13.15999984741211
BLZE,2026-07-21,13.479999542236328
BLZE,2026-07-22,13.420000076293945
BLZE,2026-07-23,12.760000228881836
BLZE,2026-07-24,11.609999656677246
BLZE,2026-07-27,12.3100004196167
BLZE,2026-07-28,12.069999694824219
BLZE,2026-07-29,11.380000114440918
BLZE,2026-07-30,12.630000114440918
BLZE,2026-07-31,13.720000267028809
BLZE,2026-08-03,15.59000015258789
BLZE,2026-08-04,19.790000915527344
BLZE,2026-08-05,18.6200008392334
BLZE,2026-08-06,18.110000610351562
BLZE,2026-08-07,18.81999969482422
BLZE,2026-08-10,19.270000457763672
BLZE,2026-08-11,18.709999084472656
BLZE,2026-08-12,19.34000015258789
BLZE,2026-08-13,20.43000030517578
BLZE,2026-08-14,19.020000457763672
BLZE,2026-08-17,19.389999389648438
BLZE,2026-08-18,19.200000762939453
BLZE,2026-08-19,16.8799991607666
BLZE,2026-08-20,16.239999771118164
BLZE,2026-08-21,15.800000190734863
BLZE,2026-08-24,15.550000190734863
BLZE,2026-08-25,15.279999732971191
BLZE,2026-08-26,14.979999542236328
BLZE,2026-08-27,15.239999771118164
BLZE,2026-08-28,14.329999923706055
BLZE,2026-08-31,14.130000114440918
BLZE,2026-09-01,13.529999732971191
BLZE,2026-09-02,13.199999809265137
BLZE,2026-09-03,13.3100004196167
BLZE,2026-09-04,13.454999923706055
BLZE,2026-09-08,13.890000343322754
BNTX,2026-03-18,90.0
BNTX,2026-03-19,89.30999755859375
BNTX,2026-03-20,89.2699966430664
BNTX,2026-03-23,88.41000366210938
BNTX,2026-03-24,86.80999755859375
BNTX,2026-03-25,88.7699966430664
BNTX,2026-03-26,87.45999908447266
BNTX,2026-03-27,85.68000030517578
BNTX,2026-03-30,85.25
BNTX,2026-03-31,88.87999725341797
BNTX,2026-04-01,89.41999816894531
BNTX,2026-04-02,91.18000030517578
BNTX,2026-04-06,91.27999877929688
BNTX,2026-04-07,89.62000274658203
BNTX,2026-04-08,92.08000183105469
BNTX,2026-04-09,91.9800033569336
BNTX,2026-04-10,95.5
BNTX,2026-04-13,96.69999694824219
BNTX,2026-04-14,98.41000366210938
BNTX,2026-04-15,99.47000122070312
BNTX,2026-04-16,102.12000274658203
BNTX,2026-04-17,102.91999816894531
BNTX,2026-04-20,105.19000244140625
BNTX,2026-04-21,111.5999984741211
BNTX,2026-04-22,108.5999984741211
BNTX,2026-04-23,105.55999755859375
BNTX,2026-04-24,105.45999908447266
BNTX,2026-04-27,102.05999755859375
BNTX,2026-04-28,102.05999755859375
BNTX,2026-04-29,101.56999969482422
BNTX,2026-04-30,103.44999694824219
BNTX,2026-05-01,97.54000091552734
BNTX,2026-05-04,99.3499984741211
BNTX,2026-05-05,95.5
BNTX,2026-05-06,95.26000213623047
BNTX,2026-05-07,93.0199966430664
BNTX,2026-05-08,94.125
BNTX,2026-05-11,93.33999633789062
BNTX,2026-05-12,93.66000366210938
BNTX,2026-05-13,92.2300033569336
BNTX,2026-05-14,91.98999786376953
BNTX,2026-05-15,89.55000305175781
BNTX,2026-05-18,88.8499984741211
BNTX,2026-05-19,87.79000091552734
BNTX,2026-05-20,90.36000061035156
BNTX,2026-05-21,90.93000030517578
BNTX,2026-05-22,92.13999938964844
BNTX,2026-05-26,92.25
BNTX,2026-05-27,93.0
BNTX,2026-05-28,93.44000244140625
BNTX,2026-05-29,95.94999694824219
BNTX,2026-06-01,91.69999694824219
BNTX,2026-06-02,89.13999938964844
BNTX,2026-06-03,88.44999694824219
BNTX,2026-06-04,89.58999633789062
BNTX,2026-06-05,88.08000183105469
BNTX,2026-06-08,85.5
BNTX,2026-06-09,86.5
BNTX,2026-06-10,86.1500015258789
BNTX,2026-06-11,89.54000091552734
BNTX,2026-06-12,90.54000091552734
BNTX,2026-06-15,90.80000305175781
BNTX,2026-06-16,89.5
BNTX,2026-06-17,92.22000122070312
BNTX,2026-06-18,90.88999938964844
BNTX,2026-06-22,90.19000244140625
BNTX,2026-06-23,90.62000274658203
BNTX,2026-06-24,90.20999908447266
BNTX,2026-06-25,90.0
BNTX,2026-06-26,91.22000122070312
BNTX,2026-06-29,94.26000213623047
BNTX,2026-06-30,93.05000305175781
BNTX,2026-07-01,93.91999816894531
BNTX,2026-07-02,97.54499816894531
BNTX,2026-07-06,93.93000030517578
BNTX,2026-07-07,94.29000091552734
BNTX,2026-07-08,93.52999877929688
BNTX,2026-07-09,92.9800033569336
BNTX,2026-07-10,91.48999786376953
BNTX,2026-07-13,90.06999969482422
BNTX,2026-07-14,90.4000015258789
BNTX,2026-07-15,91.98999786376953
BNTX,2026-07-16,91.55999755859375
BNTX,2026-07-17,91.4800033569336
BNTX,2026-07-20,92.16000366210938
BNTX,2026-07-21,92.33000183105469
BNTX,2026-07-22,91.83000183105469
BNTX,2026-07-23,92.05999755859375
BNTX,2026-07-24,89.33000183105469
BNTX,2026-07-27,91.08999633789062
BNTX,2026-07-28,92.44999694824219
BNTX,2026-07-29,92.94999694824219
BNTX,2026-07-30,92.8499984741211
BNTX,2026-07-31,90.58000183105469
BNTX,2026-08-03,92.25
BNTX,2026-08-04,91.3499984741211
BNTX,2026-08-05,92.18000030517578
BNTX,2026-08-06,91.19000244140625
BNTX,2026-08-07,93.66999816894531
BNTX,2026-08-10,92.80000305175781
BNTX,2026-08-11,92.80000305175781
BNTX,2026-08-12,92.73999786376953
BNTX,2026-08-13,92.12000274658203
BNTX,2026-08-14,93.08999633789062
BNTX,2026-08-17,91.5999984741211
BNTX,2026-08-18,92.75
BNTX,2026-08-19,113.12000274658203
BNTX,2026-08-20,110.88999938964844
BNTX,2026-08-21,116.56999969482422
BNTX,2026-08-24,112.81999969482422
BNTX,2026-08-25,114.05000305175781
BNTX,2026-08-26,112.55999755859375
BNTX,2026-08-27,111.4000015258789
BNTX,2026-08-28,102.07499694824219
BNTX,2026-08-31,101.61000061035156
BNTX,2026-09-01,101.94499969482422
BNTX,2026-09-02,103.80999755859375
BNTX,2026-09-03,102.87999725341797
BNTX,2026-09-04,103.76000213623047
BNTX,2026-09-08,98.66000366210938
BOW,2026-03-18,22.049999237060547
BOW,2026-03-19,21.440000534057617
BOW,2026-03-20,21.670000076293945
BOW,2026-03-23,22.239999771118164
BOW,2026-03-24,22.56999969482422
BOW,2026-03-25,22.399999618530273
BOW,2026-03-26,22.479999542236328
BOW,2026-03-27,21.670000076293945
BOW,2026-03-30,22.25
BOW,2026-03-31,22.43000030517578
BOW,2026-04-01,22.290000915527344
BOW,2026-04-02,22.389999389648438
BOW,2026-04-06,22.600000381469727
BOW,2026-04-07,23.0
BOW,2026-04-08,23.90999984741211
BOW,2026-04-09,24.06999969482422
BOW,2026-04-10,23.8799991607666
BOW,2026-04-13,24.510000228881836
BOW,2026-04-14,24.1200008392334
BOW,2026-04-15,24.239999771118164
BOW,2026-04-16,24.469999313354492
BOW,2026-04-17,24.65999984741211
BOW,2026-04-20,24.059999465942383
BOW,2026-04-21,23.969999313354492
BOW,2026-04-22,23.739999771118164
BOW,2026-04-23,23.829999923706055
BOW,2026-04-24,23.950000762939453
BOW,2026-04-27,24.059999465942383
BOW,2026-04-28,24.34000015258789
BOW,2026-04-29,23.8700008392334
BOW,2026-04-30,23.780000686645508
BOW,2026-05-01,24.31999969482422
BOW,2026-05-04,23.280000686645508
BOW,2026-05-05,25.06999969482422
BOW,2026-05-06,24.719999313354492
BOW,2026-05-07,26.360000610351562
BOW,2026-05-08,27.059999465942383
BOW,2026-05-11,27.8700008392334
BOW,2026-05-12,27.8799991607666
BOW,2026-05-13,27.420000076293945
BOW,2026-05-14,27.270000457763672
BOW,2026-05-15,28.25
BOW,2026-05-18,28.68000030517578
BOW,2026-05-19,28.739999771118164
BOW,2026-05-20,28.559999465942383
BOW,2026-05-21,28.459999084472656
BOW,2026-05-22,28.299999237060547
BOW,2026-05-26,27.760000228881836
BOW,2026-05-27,26.979999542236328
BOW,2026-05-28,26.81999969482422
BOW,2026-05-29,26.6200008392334
BOW,2026-06-01,25.950000762939453
BOW,2026-06-02,25.690000534057617
BOW,2026-06-03,24.31999969482422
BOW,2026-06-04,24.399999618530273
BOW,2026-06-05,25.75
BOW,2026-06-08,25.6299991607666
BOW,2026-06-09,26.170000076293945
BOW,2026-06-10,27.079999923706055
BOW,2026-06-11,27.450000762939453
BOW,2026-06-12,27.31999969482422
BOW,2026-06-15,27.219999313354492
BOW,2026-06-16,27.399999618530273
BOW,2026-06-17,27.520000457763672
BOW,2026-06-18,27.280000686645508
BOW,2026-06-22,27.540000915527344
BOW,2026-06-23,28.239999771118164
BOW,2026-06-24,29.06999969482422
BOW,2026-06-25,28.260000228881836
BOW,2026-06-26,29.770000457763672
BOW,2026-06-29,30.010000228881836
BOW,2026-06-30,29.93000030517578
BOW,2026-07-01,31.200000762939453
BOW,2026-07-02,31.479999542236328
BOW,2026-07-06,31.530000686645508
BOW,2026-07-07,32.0
BOW,2026-07-08,31.719999313354492
BOW,2026-07-09,32.29999923706055
BOW,2026-07-10,31.389999389648438
BOW,2026-07-13,31.56999969482422
BOW,2026-07-14,30.84000015258789
BOW,2026-07-15,29.8700008392334
BOW,2026-07-16,30.440000534057617
BOW,2026-07-17,30.700000762939453
BOW,2026-07-20,30.510000228881836
BOW,2026-07-21,30.459999084472656
BOW,2026-07-22,29.229999542236328
BOW,2026-07-23,29.549999237060547
BOW,2026-07-24,31.110000610351562
BOW,2026-07-27,31.209999084472656
BOW,2026-07-28,32.15999984741211
BOW,2026-07-29,31.959999084472656
BOW,2026-07-30,30.450000762939453
BOW,2026-07-31,30.59000015258789
BOW,2026-08-03,33.689998626708984
BOW,2026-08-04,33.47999954223633
BOW,2026-08-05,33.619998931884766
BOW,2026-08-06,33.869998931884766
BOW,2026-08-07,33.45000076293945
BOW,2026-08-10,33.459999084472656
BOW,2026-08-11,33.470001220703125
BOW,2026-08-12,33.59000015258789
BOW,2026-08-13,33.4900016784668
BOW,2026-08-14,33.5099983215332
BOW,2026-08-17,33.45000076293945
BOW,2026-08-18,33.47999954223633
BOW,2026-08-19,33.650001525878906
BOW,2026-08-20,33.4900016784668
BOW,2026-08-21,33.5
BOW,2026-08-24,33.75
BOW,2026-08-25,33.599998474121094
BOW,2026-08-26,33.61000061035156
BOW,2026-08-27,33.59000015258789
BOW,2026-08-28,33.599998474121094
BOW,2026-08-31,33.52000045776367
BOW,2026-09-01,33.61000061035156
BOW,2026-09-02,33.650001525878906
BOW,2026-09-03,33.63999938964844
BOW,2026-09-04,33.650001525878906
BOW,2026-09-08,33.63999938964844
BSBR,2026-03-18,5.730000019073486
BSBR,2026-03-19,5.760000228881836
BSBR,2026-03-20,5.539999961853027
BSBR,2026-03-23,5.78000020980835
BSBR,2026-03-24,5.690000057220459
BSBR,2026-03-25,5.789999961853027
BSBR,2026-03-26,5.650000095367432
BSBR,2026-03-27,5.610000133514404
BSBR,2026-03-30,5.639999866485596
BSBR,2026-03-31,5.929999828338623
BSBR,2026-04-01,6.059999942779541
BSBR,2026-04-02,6.050000190734863
BSBR,2026-04-06,6.039999961853027
BSBR,2026-04-07,6.0
BSBR,2026-04-08,6.210000038146973
BSBR,2026-04-09,6.320000171661377
BSBR,2026-04-10,6.409999847412109
BSBR,2026-04-13,6.449999809265137
BSBR,2026-04-14,6.449999809265137
BSBR,2026-04-15,6.369999885559082
BSBR,2026-04-16,6.340000152587891
BSBR,2026-04-17,6.360000133514404
BSBR,2026-04-20,6.349999904632568
BSBR,2026-04-21,6.210000038146973
BSBR,2026-04-22,6.150000095367432
BSBR,2026-04-23,5.949999809265137
BSBR,2026-04-24,5.96999979019165
BSBR,2026-04-27,5.940000057220459
BSBR,2026-04-28,5.900000095367432
BSBR,2026-04-29,5.75
BSBR,2026-04-30,5.860000133514404
BSBR,2026-05-01,5.800000190734863
BSBR,2026-05-04,5.769999980926514
BSBR,2026-05-05,5.849999904632568
BSBR,2026-05-06,5.980000019073486
BSBR,2026-05-07,5.800000190734863
BSBR,2026-05-08,5.829999923706055
BSBR,2026-05-11,5.699999809265137
BSBR,2026-05-12,5.659999847412109
BSBR,2026-05-13,5.409999847412109
BSBR,2026-05-14,5.449999809265137
BSBR,2026-05-15,5.329999923706055
BSBR,2026-05-18,5.400000095367432
BSBR,2026-05-19,5.289999961853027
BSBR,2026-05-20,5.53000020980835
BSBR,2026-05-21,5.559999942779541
BSBR,2026-05-22,5.389999866485596
BSBR,2026-05-26,5.460000038146973
BSBR,2026-05-27,5.489999771118164
BSBR,2026-05-28,5.449999809265137
BSBR,2026-05-29,5.440000057220459
BSBR,2026-06-01,5.429999828338623
BSBR,2026-06-02,5.480000019073486
BSBR,2026-06-03,5.300000190734863
BSBR,2026-06-04,5.349999904632568
BSBR,2026-06-05,5.239999771118164
BSBR,2026-06-08,5.21999979019165
BSBR,2026-06-09,5.28000020980835
BSBR,2026-06-10,5.28000020980835
BSBR,2026-06-11,5.369999885559082
BSBR,2026-06-12,5.420000076293945
BSBR,2026-06-15,5.400000095367432
BSBR,2026-06-16,5.409999847412109
BSBR,2026-06-17,5.369999885559082
BSBR,2026-06-18,5.199999809265137
BSBR,2026-06-22,5.309999942779541
BSBR,2026-06-23,5.260000228881836
BSBR,2026-06-24,5.139999866485596
BSBR,2026-06-25,5.159999847412109
BSBR,2026-06-26,5.199999809265137
BSBR,2026-06-29,5.230000019073486
BSBR,2026-06-30,5.25
BSBR,2026-07-01,5.190000057220459
BSBR,2026-07-02,5.190000057220459
BSBR,2026-07-06,5.289999961853027
BSBR,2026-07-07,5.099999904632568
BSBR,2026-07-08,5.039999961853027
BSBR,2026-07-09,5.139999866485596
BSBR,2026-07-10,5.389999866485596
BSBR,2026-07-13,5.349999904632568
BSBR,2026-07-14,5.389999866485596
BSBR,2026-07-15,5.349999904632568
BSBR,2026-07-16,5.289999961853027
BSBR,2026-07-17,5.239999771118164
BSBR,2026-07-20,5.369999885559082
BSBR,2026-07-21,5.409999847412109
BSBR,2026-07-22,5.449999809265137
BSBR,2026-07-23,5.360000133514404
BSBR,2026-07-24,5.300000190734863
BSBR,2026-07-27,5.440000057220459
BSBR,2026-07-28,5.480000019073486
BSBR,2026-07-29,5.099999904632568
BSBR,2026-07-30,5.050000190734863
BSBR,2026-07-31,5.670000076293945
BSBR,2026-08-03,5.739999771118164
BSBR,2026-08-04,5.679999828338623
BSBR,2026-08-05,5.789999961853027
BSBR,2026-08-06,5.789999961853027
BSBR,2026-08-07,5.809999942779541
BSBR,2026-08-10,5.760000228881836
BSBR,2026-08-11,5.75
BSBR,2026-08-12,5.75
BSBR,2026-08-13,5.769999980926514
BSBR,2026-08-14,5.769999980926514
BSBR,2026-08-17,5.710000038146973
BSBR,2026-08-18,5.599999904632568
BSBR,2026-08-19,5.570000171661377
BSBR,2026-08-20,5.570000171661377
BSBR,2026-08-21,5.739999771118164
BSBR,2026-08-24,5.78000020980835
BSBR,2026-08-25,5.800000190734863
BSBR,2026-08-26,5.809999942779541
BSBR,2026-08-27,5.730000019073486
BSBR,2026-08-28,5.809999942779541
BSBR,2026-08-31,5.75
BSBR,2026-09-01,5.71999979019165
BSBR,2026-09-02,5.889999866485596
BSBR,2026-09-03,6.019999980926514
BSBR,2026-09-04,5.960000038146973
BSBR,2026-09-08,5.949999809265137
BVS,2026-03-18,8.920000076293945
BVS,2026-03-19,9.0
BVS,2026-03-20,8.640000343322754
BVS,2026-03-23,9.0
BVS,2026-03-24,9.149999618530273
BVS,2026-03-25,9.15999984741211
BVS,2026-03-26,9.260000228881836
BVS,2026-03-27,8.9399995803833
BVS,2026-03-30,8.960000038146973
BVS,2026-03-31,9.130000114440918
BVS,2026-04-01,9.149999618530273
BVS,2026-04-02,8.970000267028809
BVS,2026-04-06,9.020000457763672
BVS,2026-04-07,8.84000015258789
BVS,2026-04-08,9.140000343322754
BVS,2026-04-09,9.100000381469727
BVS,2026-04-10,9.0600004196167
BVS,2026-04-13,9.420000076293945
BVS,2026-04-14,9.90999984741211
BVS,2026-04-15,10.5600004196167
BVS,2026-04-16,10.40999984741211
BVS,2026-04-17,10.520000457763672
BVS,2026-04-20,10.279999732971191
BVS,2026-04-21,9.640000343322754
BVS,2026-04-22,9.770000457763672
BVS,2026-04-23,9.710000038146973
BVS,2026-04-24,10.09000015258789
BVS,2026-04-27,10.010000228881836
BVS,2026-04-28,9.960000038146973
BVS,2026-04-29,9.670000076293945
BVS,2026-04-30,9.869999885559082
BVS,2026-05-01,10.109999656677246
BVS,2026-05-04,10.170000076293945
BVS,2026-05-05,10.680000305175781
BVS,2026-05-06,10.920000076293945
BVS,2026-05-07,10.649999618530273
BVS,2026-05-08,10.5
BVS,2026-05-11,10.1899995803833
BVS,2026-05-12,10.140000343322754
BVS,2026-05-13,10.399999618530273
BVS,2026-05-14,10.609999656677246
BVS,2026-05-15,10.579999923706055
BVS,2026-05-18,10.630000114440918
BVS,2026-05-19,10.65999984741211
BVS,2026-05-20,10.9399995803833
BVS,2026-05-21,9.494999885559082
BVS,2026-05-22,9.279999732971191
BVS,2026-05-26,9.020000457763672
BVS,2026-05-27,8.899999618530273
BVS,2026-05-28,8.869999885559082
BVS,2026-05-29,8.510000228881836
BVS,2026-06-01,7.929999828338623
BVS,2026-06-02,8.109999656677246
BVS,2026-06-03,8.550000190734863
BVS,2026-06-04,8.699999809265137
BVS,2026-06-05,9.039999961853027
BVS,2026-06-08,8.949999809265137
BVS,2026-06-09,9.199999809265137
BVS,2026-06-10,9.050000190734863
BVS,2026-06-11,8.680000305175781
BVS,2026-06-12,8.510000228881836
BVS,2026-06-15,8.600000381469727
BVS,2026-06-16,8.720000267028809
BVS,2026-06-17,8.539999961853027
BVS,2026-06-18,8.710000038146973
BVS,2026-06-22,8.789999961853027
BVS,2026-06-23,9.289999961853027
BVS,2026-06-24,9.5
BVS,2026-06-25,9.729999542236328
BVS,2026-06-26,9.779999732971191
BVS,2026-06-29,9.779999732971191
BVS,2026-06-30,9.4399995803833
BVS,2026-07-01,9.850000381469727
BVS,2026-07-02,10.479999542236328
BVS,2026-07-06,11.779999732971191
BVS,2026-07-07,11.489999771118164
BVS,2026-07-08,12.109999656677246
BVS,2026-07-09,12.220000267028809
BVS,2026-07-10,11.880000114440918
BVS,2026-07-13,12.069999694824219
BVS,2026-07-14,11.5600004196167
BVS,2026-07-15,11.970000267028809
BVS,2026-07-16,12.430000305175781
BVS,2026-07-17,12.0600004196167
BVS,2026-07-20,11.579999923706055
BVS,2026-07-21,11.880000114440918
BVS,2026-07-22,11.630000114440918
BVS,2026-07-23,11.479999542236328
BVS,2026-07-24,11.800000190734863
BVS,2026-07-27,12.449999809265137
BVS,2026-07-28,13.210000038146973
BVS,2026-07-29,13.119999885559082
BVS,2026-07-30,13.180000305175781
BVS,2026-07-31,13.170000076293945
BVS,2026-08-03,13.470000267028809
BVS,2026-08-04,13.420000076293945
BVS,2026-08-05,15.260000228881836
BVS,2026-08-06,13.979999542236328
BVS,2026-08-07,14.125
BVS,2026-08-10,13.960000038146973
BVS,2026-08-11,13.850000381469727
BVS,2026-08-12,13.914999961853027
BVS,2026-08-13,13.890000343322754
BVS,2026-08-14,14.260000228881836
BVS,2026-08-17,13.880000114440918
BVS,2026-08-18,14.300000190734863
BVS,2026-08-19,14.680000305175781
BVS,2026-08-20,14.329999923706055
BVS,2026-08-21,14.380000114440918
BVS,2026-08-24,14.020000457763672
BVS,2026-08-25,14.079999923706055
BVS,2026-08-26,13.970000267028809
BVS,2026-08-27,13.789999961853027
BVS,2026-08-28,13.84000015258789
BVS,2026-08-31,13.649999618530273
BVS,2026-09-01,13.670000076293945
BVS,2026-09-02,14.369999885559082
BVS,2026-09-03,14.359999656677246
BVS,2026-09-04,14.069999694824219
BVS,2026-09-08,13.829999923706055
BZ,2026-03-18,13.6899995803833
BZ,2026-03-19,13.399999618530273
BZ,2026-03-20,13.630000114440918
BZ,2026-03-23,13.350000381469727
BZ,2026-03-24,13.260000228881836
BZ,2026-03-25,13.359999656677246
BZ,2026-03-26,13.550000190734863
BZ,2026-03-27,13.130000114440918
BZ,2026-03-30,13.34000015258789
BZ,2026-03-31,13.390000343322754
BZ,2026-04-01,13.479999542236328
BZ,2026-04-02,13.520000457763672
BZ,2026-04-06,13.5
BZ,2026-04-07,13.15999984741211
BZ,2026-04-08,13.489999771118164
BZ,2026-04-09,13.130000114440918
BZ,2026-04-10,13.050000190734863
BZ,2026-04-13,13.170000076293945
BZ,2026-04-14,13.5
BZ,2026-04-15,14.229999542236328
BZ,2026-04-16,14.350000381469727
BZ,2026-04-17,14.210000038146973
BZ,2026-04-20,14.09000015258789
BZ,2026-04-21,13.819999694824219
BZ,2026-04-22,13.649999618530273
BZ,2026-04-23,13.329999923706055
BZ,2026-04-24,13.619999885559082
BZ,2026-04-27,13.640000343322754
BZ,2026-04-28,13.710000038146973
BZ,2026-04-29,13.550000190734863
BZ,2026-04-30,13.520000457763672
BZ,2026-05-01,13.649999618530273
BZ,2026-05-04,13.779999732971191
BZ,2026-05-05,13.84000015258789
BZ,2026-05-06,14.369999885559082
BZ,2026-05-07,14.239999771118164
BZ,2026-05-08,14.020000457763672
BZ,2026-05-11,14.3100004196167
BZ,2026-05-12,14.199999809265137
BZ,2026-05-13,14.739999771118164
BZ,2026-05-14,14.34000015258789
BZ,2026-05-15,14.069999694824219
BZ,2026-05-18,14.15999984741211
BZ,2026-05-19,14.109999656677246
BZ,2026-05-20,14.069999694824219
BZ,2026-05-21,13.800000190734863
BZ,2026-05-22,13.75
BZ,2026-05-26,13.3100004196167
BZ,2026-05-27,13.34000015258789
BZ,2026-05-28,13.470000267028809
BZ,2026-05-29,13.569999694824219
BZ,2026-06-01,14.039999961853027
BZ,2026-06-02,14.65999984741211
BZ,2026-06-03,14.100000381469727
BZ,2026-06-04,14.239999771118164
BZ,2026-06-05,14.029999732971191
BZ,2026-06-08,13.630000114440918
BZ,2026-06-09,13.479999542236328
BZ,2026-06-10,13.239999771118164
BZ,2026-06-11,13.729999542236328
BZ,2026-06-12,13.699999809265137
BZ,2026-06-15,14.199999809265137
BZ,2026-06-16,13.199999809265137
BZ,2026-06-17,13.470000267028809
BZ,2026-06-18,13.699999809265137
BZ,2026-06-22,13.579999923706055
BZ,2026-06-23,13.140000343322754
BZ,2026-06-24,13.140000343322754
BZ,2026-06-25,12.649999618530273
BZ,2026-06-26,13.289999961853027
BZ,2026-06-29,12.970000267028809
BZ,2026-06-30,12.869999885559082
BZ,2026-07-01,13.479999542236328
BZ,2026-07-02,13.0
BZ,2026-07-06,13.670000076293945
BZ,2026-07-07,14.020000457763672
BZ,2026-07-08,14.289999961853027
BZ,2026-07-09,14.260000228881836
BZ,2026-07-10,13.760000228881836
BZ,2026-07-13,14.279999732971191
BZ,2026-07-14,14.229999542236328
BZ,2026-07-15,14.899999618530273
BZ,2026-07-16,15.149999618530273
BZ,2026-07-17,14.90999984741211
BZ,2026-07-20,15.59000015258789
BZ,2026-07-21,15.779999732971191
BZ,2026-07-22,15.399999618530273
BZ,2026-07-23,15.25
BZ,2026-07-24,15.420000076293945
BZ,2026-07-27,15.729999542236328
BZ,2026-07-28,15.819999694824219
BZ,2026-07-29,16.100000381469727
BZ,2026-07-30,16.399999618530273
BZ,2026-07-31,16.280000686645508
BZ,2026-08-03,16.459999084472656
BZ,2026-08-04,16.450000762939453
BZ,2026-08-05,16.190000534057617
BZ,2026-08-06,16.09000015258789
BZ,2026-08-07,16.469999313354492
BZ,2026-08-10,17.459999084472656
BZ,2026-08-11,16.75
BZ,2026-08-12,16.09000015258789
BZ,2026-08-13,15.420000076293945
BZ,2026-08-14,15.510000228881836
BZ,2026-08-17,15.550000190734863
BZ,2026-08-18,15.800000190734863
BZ,2026-08-19,16.079999923706055
BZ,2026-08-20,15.779999732971191
BZ,2026-08-21,15.949999809265137
BZ,2026-08-24,15.4399995803833
BZ,2026-08-25,16.290000915527344
BZ,2026-08-26,18.84000015258789
BZ,2026-08-27,18.0
BZ,2026-08-28,17.799999237060547
BZ,2026-08-31,17.360000610351562
BZ,2026-09-01,17.549999237060547
BZ,2026-09-02,17.299999237060547
BZ,2026-09-03,16.84000015258789
BZ,2026-09-04,16.920000076293945
BZ,2026-09-08,16.6200008392334
CACI,2026-03-18,608.72998046875
CACI,2026-03-19,612.9299926757812
CACI,2026-03-20,606.3800048828125
CACI,2026-03-23,589.280029296875
CACI,2026-03-24,576.7100219726562
CACI,2026-03-25,578.9400024414062
CACI,2026-03-26,579.8400268554688
CACI,2026-03-27,563.6699829101562
CACI,2026-03-30,558.47998046875
CACI,2026-03-31,543.8699951171875
CACI,2026-04-01,561.1500244140625
CACI,2026-04-02,575.6300048828125
CACI,2026-04-06,571.9299926757812
CACI,2026-04-07,569.1099853515625
CACI,2026-04-08,578.4500122070312
CACI,2026-04-09,563.2100219726562
CACI,2026-04-10,534.489990234375
CACI,2026-04-13,539.8400268554688
CACI,2026-04-14,533.5800170898438
CACI,2026-04-15,531.6799926757812
CACI,2026-04-16,530.0999755859375
CACI,2026-04-17,527.1599731445312
CACI,2026-04-20,522.0700073242188
CACI,2026-04-21,518.3800048828125
CACI,2026-04-22,512.25
CACI,2026-04-23,526.489990234375
CACI,2026-04-24,516.5399780273438
CACI,2026-04-27,501.8999938964844
CACI,2026-04-28,508.7200012207031
CACI,2026-04-29,503.0299987792969
CACI,2026-04-30,519.5399780273438
CACI,2026-05-01,513.2899780273438
CACI,2026-05-04,513.5800170898438
CACI,2026-05-05,494.0400085449219
CACI,2026-05-06,499.4200134277344
CACI,2026-05-07,489.8800048828125
CACI,2026-05-08,480.989990234375
CACI,2026-05-11,482.57000732421875
CACI,2026-05-12,499.17999267578125
CACI,2026-05-13,503.8699951171875
CACI,2026-05-14,504.17999267578125
CACI,2026-05-15,486.9599914550781
CACI,2026-05-18,494.9200134277344
CACI,2026-05-19,493.32000732421875
CACI,2026-05-20,492.9100036621094
CACI,2026-05-21,490.07000732421875
CACI,2026-05-22,501.3500061035156
CACI,2026-05-26,501.1300048828125
CACI,2026-05-27,510.8399963378906
CACI,2026-05-28,522.8499755859375
CACI,2026-05-29,513.510009765625
CACI,2026-06-01,524.9199829101562
CACI,2026-06-02,524.7999877929688
CACI,2026-06-03,528.0700073242188
CACI,2026-06-04,532.1300048828125
CACI,2026-06-05,531.4099731445312
CACI,2026-06-08,519.1400146484375
CACI,2026-06-09,525.0399780273438
CACI,2026-06-10,521.1400146484375
CACI,2026-06-11,525.4199829101562
CACI,2026-06-12,519.4000244140625
CACI,2026-06-15,507.55999755859375
CACI,2026-06-16,504.4200134277344
CACI,2026-06-17,494.94000244140625
CACI,2026-06-18,466.4200134277344
CACI,2026-06-22,449.7200012207031
CACI,2026-06-23,467.67999267578125
CACI,2026-06-24,462.0400085449219
CACI,2026-06-25,443.260009765625
CACI,2026-06-26,453.9200134277344
CACI,2026-06-29,457.0400085449219
CACI,2026-06-30,463.260009765625
CACI,2026-07-01,466.8800048828125
CACI,2026-07-02,502.8299865722656
CACI,2026-07-06,505.239990234375
CACI,2026-07-07,497.3599853515625
CACI,2026-07-08,493.7799987792969
CACI,2026-07-09,483.2900085449219
CACI,2026-07-10,486.45001220703125
CACI,2026-07-13,477.9700012207031
CACI,2026-07-14,468.54998779296875
CACI,2026-07-15,471.8299865722656
CACI,2026-07-16,462.8500061035156
CACI,2026-07-17,461.55999755859375
CACI,2026-07-20,451.3299865722656
CACI,2026-07-21,440.760009765625
CACI,2026-07-22,467.42999267578125
CACI,2026-07-23,480.6099853515625
CACI,2026-07-24,486.7699890136719
CACI,2026-07-27,495.8900146484375
CACI,2026-07-28,510.05999755859375
CACI,2026-07-29,487.7900085449219
CACI,2026-07-30,477.3500061035156
CACI,2026-07-31,497.75
CACI,2026-08-03,512.6599731445312
CACI,2026-08-04,524.1900024414062
CACI,2026-08-05,518.030029296875
CACI,2026-08-06,628.7899780273438
CACI,2026-08-07,644.4299926757812
CACI,2026-08-10,648.239990234375
CACI,2026-08-11,667.5700073242188
CACI,2026-08-12,680.0800170898438
CACI,2026-08-13,670.0
CACI,2026-08-14,670.5399780273438
CACI,2026-08-17,649.3400268554688
CACI,2026-08-18,656.0599975585938
CACI,2026-08-19,662.6799926757812
CACI,2026-08-20,646.3499755859375
CACI,2026-08-21,647.3900146484375
CACI,2026-08-24,636.5
CACI,2026-08-25,612.0999755859375
CACI,2026-08-26,624.739990234375
CACI,2026-08-27,633.8200073242188
CACI,2026-08-28,628.2000122070312
CACI,2026-08-31,623.010009765625
CACI,2026-09-01,629.4600219726562
CACI,2026-09-02,614.27001953125
CACI,2026-09-03,630.0
CACI,2026-09-04,623.6099853515625
CACI,2026-09-08,625.3099975585938
CAKE,2026-03-18,56.25
CAKE,2026-03-19,57.209999084472656
CAKE,2026-03-20,57.150001525878906
CAKE,2026-03-23,56.52000045776367
CAKE,2026-03-24,56.9900016784668
CAKE,2026-03-25,56.31999969482422
CAKE,2026-03-26,55.33000183105469
CAKE,2026-03-27,54.06999969482422
CAKE,2026-03-30,54.369998931884766
CAKE,2026-03-31,54.75
CAKE,2026-04-01,55.29999923706055
CAKE,2026-04-02,55.22999954223633
CAKE,2026-04-06,57.060001373291016
CAKE,2026-04-07,55.779998779296875
CAKE,2026-04-08,57.54999923706055
CAKE,2026-04-09,58.77000045776367
CAKE,2026-04-10,59.150001525878906
CAKE,2026-04-13,58.900001525878906
CAKE,2026-04-14,61.2599983215332
CAKE,2026-04-15,61.470001220703125
CAKE,2026-04-16,60.2400016784668
CAKE,2026-04-17,62.68000030517578
CAKE,2026-04-20,62.13999938964844
CAKE,2026-04-21,61.84000015258789
CAKE,2026-04-22,63.27000045776367
CAKE,2026-04-23,61.880001068115234
CAKE,2026-04-24,61.720001220703125
CAKE,2026-04-27,62.5099983215332
CAKE,2026-04-28,62.68000030517578
CAKE,2026-04-29,62.66999816894531
CAKE,2026-04-30,62.869998931884766
CAKE,2026-05-01,60.20000076293945
CAKE,2026-05-04,59.290000915527344
CAKE,2026-05-05,61.130001068115234
CAKE,2026-05-06,60.619998931884766
CAKE,2026-05-07,60.79999923706055
CAKE,2026-05-08,61.650001525878906
CAKE,2026-05-11,61.16999816894531
CAKE,2026-05-12,60.75
CAKE,2026-05-13,56.529998779296875
CAKE,2026-05-14,58.279998779296875
CAKE,2026-05-15,59.4900016784668
CAKE,2026-05-18,59.70000076293945
CAKE,2026-05-19,58.470001220703125
CAKE,2026-05-20,60.29999923706055
CAKE,2026-05-21,60.56999969482422
CAKE,2026-05-22,61.13999938964844
CAKE,2026-05-26,64.62999725341797
CAKE,2026-05-27,64.94999694824219
CAKE,2026-05-28,64.26000213623047
CAKE,2026-05-29,66.04000091552734
CAKE,2026-06-01,65.87999725341797
CAKE,2026-06-02,64.48999786376953
CAKE,2026-06-03,64.87999725341797
CAKE,2026-06-04,63.84000015258789
CAKE,2026-06-05,66.12999725341797
CAKE,2026-06-08,67.22000122070312
CAKE,2026-06-09,67.94000244140625
CAKE,2026-06-10,70.62000274658203
CAKE,2026-06-11,74.9800033569336
CAKE,2026-06-12,75.27999877929688
CAKE,2026-06-15,73.75
CAKE,2026-06-16,73.2699966430664
CAKE,2026-06-17,75.5199966430664
CAKE,2026-06-18,77.19000244140625
CAKE,2026-06-22,76.91000366210938
CAKE,2026-06-23,77.05000305175781
CAKE,2026-06-24,78.16999816894531
CAKE,2026-06-25,79.05000305175781
CAKE,2026-06-26,80.37999725341797
CAKE,2026-06-29,79.36000061035156
CAKE,2026-06-30,79.54000091552734
CAKE,2026-07-01,79.63999938964844
CAKE,2026-07-02,79.18000030517578
CAKE,2026-07-06,76.88999938964844
CAKE,2026-07-07,77.73999786376953
CAKE,2026-07-08,76.62999725341797
CAKE,2026-07-09,78.41999816894531
CAKE,2026-07-10,82.76000213623047
CAKE,2026-07-13,81.94999694824219
CAKE,2026-07-14,80.44000244140625
CAKE,2026-07-15,80.2699966430664
CAKE,2026-07-16,83.30999755859375
CAKE,2026-07-17,85.7699966430664
CAKE,2026-07-20,86.11000061035156
CAKE,2026-07-21,87.06999969482422
CAKE,2026-07-22,85.68000030517578
CAKE,2026-07-23,84.45999908447266
CAKE,2026-07-24,84.72000122070312
CAKE,2026-07-27,87.02999877929688
CAKE,2026-07-28,89.01000213623047
CAKE,2026-07-29,101.13999938964844
CAKE,2026-07-30,101.30999755859375
CAKE,2026-07-31,101.41999816894531
CAKE,2026-08-03,104.88999938964844
CAKE,2026-08-04,105.83000183105469
CAKE,2026-08-05,105.30999755859375
CAKE,2026-08-06,107.30999755859375
CAKE,2026-08-07,107.05000305175781
CAKE,2026-08-10,111.19000244140625
CAKE,2026-08-11,113.05999755859375
CAKE,2026-08-12,117.29000091552734
CAKE,2026-08-13,111.87999725341797
CAKE,2026-08-14,113.37999725341797
CAKE,2026-08-17,109.06999969482422
CAKE,2026-08-18,106.36000061035156
CAKE,2026-08-19,105.81999969482422
CAKE,2026-08-20,106.52999877929688
CAKE,2026-08-21,113.33000183105469
CAKE,2026-08-24,114.61000061035156
CAKE,2026-08-25,113.48999786376953
CAKE,2026-08-26,115.3499984741211
CAKE,2026-08-27,110.08999633789062
CAKE,2026-08-28,112.06999969482422
CAKE,2026-08-31,109.48999786376953
CAKE,2026-09-01,108.36000061035156
CAKE,2026-09-02,108.56999969482422
CAKE,2026-09-03,107.18000030517578
CAKE,2026-09-04,107.58000183105469
CAKE,2026-09-08,107.20999908447266
CBZ,2026-03-18,26.3799991607666
CBZ,2026-03-19,26.610000610351562
CBZ,2026-03-20,27.020000457763672
CBZ,2026-03-23,26.690000534057617
CBZ,2026-03-24,25.139999389648438
CBZ,2026-03-25,25.59000015258789
CBZ,2026-03-26,26.8799991607666
CBZ,2026-03-27,26.1299991607666
CBZ,2026-03-30,27.010000228881836
CBZ,2026-03-31,26.850000381469727
CBZ,2026-04-01,26.440000534057617
CBZ,2026-04-02,27.610000610351562
CBZ,2026-04-06,28.280000686645508
CBZ,2026-04-07,28.200000762939453
CBZ,2026-04-08,27.59000015258789
CBZ,2026-04-09,27.600000381469727
CBZ,2026-04-10,27.030000686645508
CBZ,2026-04-13,28.81999969482422
CBZ,2026-04-14,29.09000015258789
CBZ,2026-04-15,30.350000381469727
CBZ,2026-04-16,30.329999923706055
CBZ,2026-04-17,30.0
CBZ,2026-04-20,30.56999969482422
CBZ,2026-04-21,30.959999084472656
CBZ,2026-04-22,30.549999237060547
CBZ,2026-04-23,29.709999084472656
CBZ,2026-04-24,30.670000076293945
CBZ,2026-04-27,30.65999984741211
CBZ,2026-04-28,32.47999954223633
CBZ,2026-04-29,33.16999816894531
CBZ,2026-04-30,30.5
CBZ,2026-05-01,32.15999984741211
CBZ,2026-05-04,32.25
CBZ,2026-05-05,31.299999237060547
CBZ,2026-05-06,29.670000076293945
CBZ,2026-05-07,31.670000076293945
CBZ,2026-05-08,30.920000076293945
CBZ,2026-05-11,30.280000686645508
CBZ,2026-05-12,29.65999984741211
CBZ,2026-05-13,28.549999237060547
CBZ,2026-05-14,28.440000534057617
CBZ,2026-05-15,28.920000076293945
CBZ,2026-05-18,30.8700008392334
CBZ,2026-05-19,30.90999984741211
CBZ,2026-05-20,31.59000015258789
CBZ,2026-05-21,32.060001373291016
CBZ,2026-05-22,32.22999954223633
CBZ,2026-05-26,31.450000762939453
CBZ,2026-05-27,31.920000076293945
CBZ,2026-05-28,32.31999969482422
CBZ,2026-05-29,33.20000076293945
CBZ,2026-06-01,34.68000030517578
CBZ,2026-06-02,33.7599983215332
CBZ,2026-06-03,32.25
CBZ,2026-06-04,33.349998474121094
CBZ,2026-06-05,33.93000030517578
CBZ,2026-06-08,33.58000183105469
CBZ,2026-06-09,33.7400016784668
CBZ,2026-06-10,34.20000076293945
CBZ,2026-06-11,33.939998626708984
CBZ,2026-06-12,35.2599983215332
CBZ,2026-06-15,33.900001525878906
CBZ,2026-06-16,34.08000183105469
CBZ,2026-06-17,32.83000183105469
CBZ,2026-06-18,31.100000381469727
CBZ,2026-06-22,28.65999984741211
CBZ,2026-06-23,30.399999618530273
CBZ,2026-06-24,31.219999313354492
CBZ,2026-06-25,30.399999618530273
CBZ,2026-06-26,31.559999465942383
CBZ,2026-06-29,32.33000183105469
CBZ,2026-06-30,32.08000183105469
CBZ,2026-07-01,34.27000045776367
CBZ,2026-07-02,35.119998931884766
CBZ,2026-07-06,35.36000061035156
CBZ,2026-07-07,37.0
CBZ,2026-07-08,36.88999938964844
CBZ,2026-07-09,36.83000183105469
CBZ,2026-07-10,37.790000915527344
CBZ,2026-07-13,40.470001220703125
CBZ,2026-07-14,40.91999816894531
CBZ,2026-07-15,40.310001373291016
CBZ,2026-07-16,42.97999954223633
CBZ,2026-07-17,42.41999816894531
CBZ,2026-07-20,41.83000183105469
CBZ,2026-07-21,40.939998626708984
CBZ,2026-07-22,40.34000015258789
CBZ,2026-07-23,40.25
CBZ,2026-07-24,42.630001068115234
CBZ,2026-07-27,44.459999084472656
CBZ,2026-07-28,46.70000076293945
CBZ,2026-07-29,54.900001525878906
CBZ,2026-07-30,55.25
CBZ,2026-07-31,55.08000183105469
CBZ,2026-08-03,55.06999969482422
CBZ,2026-08-04,55.08000183105469
CBZ,2026-08-05,54.79999923706055
CBZ,2026-08-06,54.4900016784668
CBZ,2026-08-07,54.5
CBZ,2026-08-10,54.43000030517578
CBZ,2026-08-11,54.599998474121094
CBZ,2026-08-12,54.58000183105469
CBZ,2026-08-13,54.599998474121094
CBZ,2026-08-14,54.459999084472656
CBZ,2026-08-17,54.66999816894531
CBZ,2026-08-18,54.72999954223633
CBZ,2026-08-19,54.869998931884766
CBZ,2026-08-20,55.0099983215332
CBZ,2026-08-21,54.65999984741211
CBZ,2026-08-24,54.599998474121094
CBZ,2026-08-25,54.75
CBZ,2026-08-26,54.7400016784668
CBZ,2026-08-27,54.66999816894531
CBZ,2026-08-28,54.5099983215332
CBZ,2026-08-31,54.4900016784668
CBZ,2026-09-01,54.40999984741211
CBZ,2026-09-02,54.459999084472656
CBZ,2026-09-03,54.90999984741211
CBZ,2026-09-04,54.849998474121094
CBZ,2026-09-08,54.650001525878906
CDRE,2026-03-18,32.220001220703125
CDRE,2026-03-19,32.08000183105469
CDRE,2026-03-20,31.56999969482422
CDRE,2026-03-23,31.610000610351562
CDRE,2026-03-24,31.8799991607666
CDRE,2026-03-25,32.220001220703125
CDRE,2026-03-26,30.649999618530273
CDRE,2026-03-27,29.959999084472656
CDRE,2026-03-30,29.389999389648438
CDRE,2026-03-31,30.68000030517578
CDRE,2026-04-01,32.16999816894531
CDRE,2026-04-02,32.5099983215332
CDRE,2026-04-06,32.560001373291016
CDRE,2026-04-07,31.18000030517578
CDRE,2026-04-08,32.869998931884766
CDRE,2026-04-09,33.400001525878906
CDRE,2026-04-10,32.650001525878906
CDRE,2026-04-13,32.9900016784668
CDRE,2026-04-14,33.22999954223633
CDRE,2026-04-15,33.09000015258789
CDRE,2026-04-16,30.43000030517578
CDRE,2026-04-17,31.31999969482422
CDRE,2026-04-20,30.510000228881836
CDRE,2026-04-21,29.450000762939453
CDRE,2026-04-22,29.610000610351562
CDRE,2026-04-23,29.079999923706055
CDRE,2026-04-24,29.459999084472656
CDRE,2026-04-27,29.40999984741211
CDRE,2026-04-28,29.709999084472656
CDRE,2026-04-29,27.3799991607666
CDRE,2026-04-30,29.649999618530273
CDRE,2026-05-01,29.850000381469727
CDRE,2026-05-04,29.3799991607666
CDRE,2026-05-05,29.850000381469727
CDRE,2026-05-06,30.84000015258789
CDRE,2026-05-07,29.90999984741211
CDRE,2026-05-08,29.850000381469727
CDRE,2026-05-11,31.360000610351562
CDRE,2026-05-12,28.3799991607666
CDRE,2026-05-13,31.280000686645508
CDRE,2026-05-14,30.489999771118164
CDRE,2026-05-15,29.780000686645508
CDRE,2026-05-18,29.270000457763672
CDRE,2026-05-19,29.59000015258789
CDRE,2026-05-20,29.1200008392334
CDRE,2026-05-21,29.84000015258789
CDRE,2026-05-22,30.309999465942383
CDRE,2026-05-26,31.06999969482422
CDRE,2026-05-27,30.700000762939453
CDRE,2026-05-28,31.950000762939453
CDRE,2026-05-29,31.139999389648438
CDRE,2026-06-01,30.6200008392334
CDRE,2026-06-02,30.200000762939453
CDRE,2026-06-03,29.190000534057617
CDRE,2026-06-04,30.239999771118164
CDRE,2026-06-05,30.010000228881836
CDRE,2026-06-08,30.170000076293945
CDRE,2026-06-09,30.190000534057617
CDRE,2026-06-10,29.540000915527344
CDRE,2026-06-11,30.959999084472656
CDRE,2026-06-12,30.450000762939453
CDRE,2026-06-15,29.09000015258789
CDRE,2026-06-16,28.75
CDRE,2026-06-17,28.170000076293945
CDRE,2026-06-18,28.25
CDRE,2026-06-22,27.559999465942383
CDRE,2026-06-23,27.530000686645508
CDRE,2026-06-24,28.75
CDRE,2026-06-25,28.15999984741211
CDRE,2026-06-26,28.020000457763672
CDRE,2026-06-29,27.360000610351562
CDRE,2026-06-30,28.510000228881836
CDRE,2026-07-01,28.610000610351562
CDRE,2026-07-02,29.440000534057617
CDRE,2026-07-06,30.280000686645508
CDRE,2026-07-07,29.329999923706055
CDRE,2026-07-08,28.829999923706055
CDRE,2026-07-09,29.559999465942383
CDRE,2026-07-10,28.950000762939453
CDRE,2026-07-13,28.329999923706055
CDRE,2026-07-14,28.3799991607666
CDRE,2026-07-15,28.84000015258789
CDRE,2026-07-16,30.18000030517578
CDRE,2026-07-17,29.059999465942383
CDRE,2026-07-20,29.170000076293945
CDRE,2026-07-21,29.149999618530273
CDRE,2026-07-22,29.899999618530273
CDRE,2026-07-23,30.469999313354492
CDRE,2026-07-24,30.860000610351562
CDRE,2026-07-27,32.810001373291016
CDRE,2026-07-28,33.400001525878906
CDRE,2026-07-29,30.540000915527344
CDRE,2026-07-30,30.600000381469727
CDRE,2026-07-31,30.829999923706055
CDRE,2026-08-03,30.850000381469727
CDRE,2026-08-04,30.920000076293945
CDRE,2026-08-05,31.030000686645508
CDRE,2026-08-06,35.02000045776367
CDRE,2026-08-07,32.81999969482422
CDRE,2026-08-10,32.7599983215332
CDRE,2026-08-11,34.040000915527344
CDRE,2026-08-12,33.720001220703125
CDRE,2026-08-13,33.900001525878906
CDRE,2026-08-14,34.13999938964844
CDRE,2026-08-17,33.29999923706055
CDRE,2026-08-18,33.45000076293945
CDRE,2026-08-19,34.13999938964844
CDRE,2026-08-20,33.849998474121094
CDRE,2026-08-21,34.119998931884766
CDRE,2026-08-24,33.08000183105469
CDRE,2026-08-25,31.389999389648438
CDRE,2026-08-26,31.520000457763672
CDRE,2026-08-27,31.100000381469727
CDRE,2026-08-28,30.739999771118164
CDRE,2026-08-31,29.65999984741211
CDRE,2026-09-01,28.450000762939453
CDRE,2026-09-02,28.610000610351562
CDRE,2026-09-03,29.8799991607666
CDRE,2026-09-04,29.760000228881836
CDRE,2026-09-08,29.65999984741211
CHYM,2026-03-18,18.829999923706055
CHYM,2026-03-19,19.25
CHYM,2026-03-20,19.149999618530273
CHYM,2026-03-23,19.780000686645508
CHYM,2026-03-24,18.530000686645508
CHYM,2026-03-25,17.700000762939453
CHYM,2026-03-26,17.75
CHYM,2026-03-27,16.989999771118164
CHYM,2026-03-30,17.40999984741211
CHYM,2026-03-31,18.729999542236328
CHYM,2026-04-01,18.6299991607666
CHYM,2026-04-02,19.239999771118164
CHYM,2026-04-06,19.360000610351562
CHYM,2026-04-07,19.1299991607666
CHYM,2026-04-08,20.239999771118164
CHYM,2026-04-09,19.790000915527344
CHYM,2026-04-10,19.610000610351562
CHYM,2026-04-13,21.280000686645508
CHYM,2026-04-14,22.260000228881836
CHYM,2026-04-15,23.40999984741211
CHYM,2026-04-16,23.40999984741211
CHYM,2026-04-17,24.1200008392334
CHYM,2026-04-20,24.3700008392334
CHYM,2026-04-21,23.43000030517578
CHYM,2026-04-22,23.809999465942383
CHYM,2026-04-23,22.579999923706055
CHYM,2026-04-24,22.540000915527344
CHYM,2026-04-27,22.06999969482422
CHYM,2026-04-28,21.6200008392334
CHYM,2026-04-29,21.3799991607666
CHYM,2026-04-30,21.860000610351562
CHYM,2026-05-01,22.239999771118164
CHYM,2026-05-04,22.079999923706055
CHYM,2026-05-05,20.790000915527344
CHYM,2026-05-06,21.729999542236328
CHYM,2026-05-07,19.010000228881836
CHYM,2026-05-08,18.424999237060547
CHYM,2026-05-11,18.229999542236328
CHYM,2026-05-12,18.100000381469727
CHYM,2026-05-13,17.389999389648438
CHYM,2026-05-14,17.8799991607666
CHYM,2026-05-15,17.690000534057617
CHYM,2026-05-18,17.549999237060547
CHYM,2026-05-19,16.90999984741211
CHYM,2026-05-20,17.670000076293945
CHYM,2026-05-21,18.1200008392334
CHYM,2026-05-22,17.799999237060547
CHYM,2026-05-26,17.6200008392334
CHYM,2026-05-27,17.270000457763672
CHYM,2026-05-28,18.100000381469727
CHYM,2026-05-29,18.600000381469727
CHYM,2026-06-01,19.219999313354492
CHYM,2026-06-02,18.600000381469727
CHYM,2026-06-03,17.649999618530273
CHYM,2026-06-04,18.15999984741211
CHYM,2026-06-05,17.479999542236328
CHYM,2026-06-08,17.56999969482422
CHYM,2026-06-09,17.06999969482422
CHYM,2026-06-10,16.440000534057617
CHYM,2026-06-11,17.25
CHYM,2026-06-12,16.700000762939453
CHYM,2026-06-15,17.639999389648438
CHYM,2026-06-16,17.049999237060547
CHYM,2026-06-17,16.600000381469727
CHYM,2026-06-18,17.600000381469727
CHYM,2026-06-22,16.920000076293945
CHYM,2026-06-23,16.670000076293945
CHYM,2026-06-24,17.3799991607666
CHYM,2026-06-25,18.270000457763672
CHYM,2026-06-26,20.31999969482422
CHYM,2026-06-29,21.0
CHYM,2026-06-30,20.479999542236328
CHYM,2026-07-01,21.010000228881836
CHYM,2026-07-02,20.8700008392334
CHYM,2026-07-06,21.450000762939453
CHYM,2026-07-07,21.1200008392334
CHYM,2026-07-08,20.979999542236328
CHYM,2026-07-09,21.309999465942383
CHYM,2026-07-10,20.920000076293945
CHYM,2026-07-13,20.950000762939453
CHYM,2026-07-14,21.459999084472656
CHYM,2026-07-15,22.09000015258789
CHYM,2026-07-16,21.93000030517578
CHYM,2026-07-17,22.329999923706055
CHYM,2026-07-20,21.93000030517578
CHYM,2026-07-21,22.329999923706055
CHYM,2026-07-22,21.81999969482422
CHYM,2026-07-23,20.760000228881836
CHYM,2026-07-24,20.690000534057617
CHYM,2026-07-27,21.860000610351562
CHYM,2026-07-28,22.3700008392334
CHYM,2026-07-29,22.420000076293945
CHYM,2026-07-30,22.600000381469727
CHYM,2026-07-31,22.989999771118164
CHYM,2026-08-03,24.260000228881836
CHYM,2026-08-04,24.950000762939453
CHYM,2026-08-05,25.920000076293945
CHYM,2026-08-06,31.25
CHYM,2026-08-07,29.100000381469727
CHYM,2026-08-10,30.850000381469727
CHYM,2026-08-11,31.729999542236328
CHYM,2026-08-12,31.600000381469727
CHYM,2026-08-13,32.18000030517578
CHYM,2026-08-14,32.02000045776367
CHYM,2026-08-17,31.450000762939453
CHYM,2026-08-18,31.90999984741211
CHYM,2026-08-19,33.06999969482422
CHYM,2026-08-20,31.950000762939453
CHYM,2026-08-21,32.779998779296875
CHYM,2026-08-24,32.70000076293945
CHYM,2026-08-25,33.099998474121094
CHYM,2026-08-26,33.150001525878906
CHYM,2026-08-27,33.36000061035156
CHYM,2026-08-28,33.20000076293945
CHYM,2026-08-31,33.11000061035156
CHYM,2026-09-01,31.65999984741211
CHYM,2026-09-02,33.40999984741211
CHYM,2026-09-03,33.650001525878906
CHYM,2026-09-04,33.7599983215332
CHYM,2026-09-08,32.310001373291016
CLS,2026-03-18,273.5799865722656
CLS,2026-03-19,284.29998779296875
CLS,2026-03-20,269.1000061035156
CLS,2026-03-23,286.9800109863281
CLS,2026-03-24,301.5199890136719
CLS,2026-03-25,302.2200012207031
CLS,2026-03-26,273.3800048828125
CLS,2026-03-27,280.2200012207031
CLS,2026-03-30,257.2699890136719
CLS,2026-03-31,281.67999267578125
CLS,2026-04-01,288.7300109863281
CLS,2026-04-02,294.8399963378906
CLS,2026-04-06,292.29998779296875
CLS,2026-04-07,297.3399963378906
CLS,2026-04-08,320.70001220703125
CLS,2026-04-09,328.3299865722656
CLS,2026-04-10,351.30999755859375
CLS,2026-04-13,365.4599914550781
CLS,2026-04-14,384.3500061035156
CLS,2026-04-15,381.94000244140625
CLS,2026-04-16,382.32000732421875
CLS,2026-04-17,396.010009765625
CLS,2026-04-20,401.1199951171875
CLS,2026-04-21,403.0299987792969
CLS,2026-04-22,401.739990234375
CLS,2026-04-23,391.6000061035156
CLS,2026-04-24,410.2099914550781
CLS,2026-04-27,422.2099914550781
CLS,2026-04-28,361.5400085449219
CLS,2026-04-29,376.5400085449219
CLS,2026-04-30,409.5899963378906
CLS,2026-05-01,418.92999267578125
CLS,2026-05-04,420.7300109863281
CLS,2026-05-05,417.6600036621094
CLS,2026-05-06,413.8699951171875
CLS,2026-05-07,385.2099914550781
CLS,2026-05-08,375.54998779296875
CLS,2026-05-11,380.989990234375
CLS,2026-05-12,374.07000732421875
CLS,2026-05-13,372.54998779296875
CLS,2026-05-14,381.5899963378906
CLS,2026-05-15,358.54998779296875
CLS,2026-05-18,342.6700134277344
CLS,2026-05-19,339.1300048828125
CLS,2026-05-20,346.4800109863281
CLS,2026-05-21,354.7699890136719
CLS,2026-05-22,367.3699951171875
CLS,2026-05-26,370.8399963378906
CLS,2026-05-27,357.70001220703125
CLS,2026-05-28,351.0199890136719
CLS,2026-05-29,385.3900146484375
CLS,2026-06-01,426.54998779296875
CLS,2026-06-02,472.3999938964844
CLS,2026-06-03,458.1400146484375
CLS,2026-06-04,425.3599853515625
CLS,2026-06-05,371.7099914550781
CLS,2026-06-08,386.5
CLS,2026-06-09,371.8599853515625
CLS,2026-06-10,362.9200134277344
CLS,2026-06-11,385.8599853515625
CLS,2026-06-12,393.1199951171875
CLS,2026-06-15,403.45001220703125
CLS,2026-06-16,382.010009765625
CLS,2026-06-17,380.3699951171875
CLS,2026-06-18,372.54998779296875
CLS,2026-06-22,376.8399963378906
CLS,2026-06-23,351.20001220703125
CLS,2026-06-24,362.239990234375
CLS,2026-06-25,361.3999938964844
CLS,2026-06-26,337.5299987792969
CLS,2026-06-29,343.25
CLS,2026-06-30,364.79998779296875
CLS,2026-07-01,361.6199951171875
CLS,2026-07-02,336.2099914550781
CLS,2026-07-06,350.20001220703125
CLS,2026-07-07,345.05999755859375
CLS,2026-07-08,360.739990234375
CLS,2026-07-09,354.7799987792969
CLS,2026-07-10,359.8500061035156
CLS,2026-07-13,345.17999267578125
CLS,2026-07-14,345.0299987792969
CLS,2026-07-15,334.7699890136719
CLS,2026-07-16,303.8599853515625
CLS,2026-07-17,301.3399963378906
CLS,2026-07-20,307.3399963378906
CLS,2026-07-21,339.5899963378906
CLS,2026-07-22,335.5
CLS,2026-07-23,334.75
CLS,2026-07-24,305.2799987792969
CLS,2026-07-27,318.239990234375
CLS,2026-07-28,350.20001220703125
CLS,2026-07-29,328.42999267578125
CLS,2026-07-30,352.5899963378906
CLS,2026-07-31,331.44000244140625
CLS,2026-08-03,341.9100036621094
CLS,2026-08-04,371.1499938964844
CLS,2026-08-05,362.760009765625
CLS,2026-08-06,314.5299987792969
CLS,2026-08-07,317.8299865722656
CLS,2026-08-10,314.5899963378906
CLS,2026-08-11,310.3800048828125
CLS,2026-08-12,339.4599914550781
CLS,2026-08-13,347.6300048828125
CLS,2026-08-14,335.04998779296875
CLS,2026-08-17,340.3999938964844
CLS,2026-08-18,310.5899963378906
CLS,2026-08-19,301.3599853515625
CLS,2026-08-20,302.0
CLS,2026-08-21,296.54998779296875
CLS,2026-08-24,294.57000732421875
CLS,2026-08-25,306.8599853515625
CLS,2026-08-26,307.32000732421875
CLS,2026-08-27,317.3800048828125
CLS,2026-08-28,298.70001220703125
CLS,2026-08-31,299.3999938964844
CLS,2026-09-01,292.5899963378906
CLS,2026-09-02,277.7699890136719
CLS,2026-09-03,309.8399963378906
CLS,2026-09-04,312.3500061035156
CLS,2026-09-08,329.9700012207031
CMCO,2026-03-18,14.010000228881836
CMCO,2026-03-19,14.199999809265137
CMCO,2026-03-20,13.890000343322754
CMCO,2026-03-23,14.539999961853027
CMCO,2026-03-24,14.920000076293945
CMCO,2026-03-25,15.180000305175781
CMCO,2026-03-26,14.550000190734863
CMCO,2026-03-27,14.069999694824219
CMCO,2026-03-30,13.949999809265137
CMCO,2026-03-31,14.529999732971191
CMCO,2026-04-01,14.329999923706055
CMCO,2026-04-02,13.949999809265137
CMCO,2026-04-06,14.0600004196167
CMCO,2026-04-07,13.890000343322754
CMCO,2026-04-08,14.9399995803833
CMCO,2026-04-09,15.579999923706055
CMCO,2026-04-10,15.670000076293945
CMCO,2026-04-13,15.960000038146973
CMCO,2026-04-14,16.110000610351562
CMCO,2026-04-15,15.130000114440918
CMCO,2026-04-16,15.0
CMCO,2026-04-17,15.710000038146973
CMCO,2026-04-20,16.030000686645508
CMCO,2026-04-21,15.640000343322754
CMCO,2026-04-22,15.640000343322754
CMCO,2026-04-23,15.880000114440918
CMCO,2026-04-24,16.09000015258789
CMCO,2026-04-27,16.010000228881836
CMCO,2026-04-28,15.579999923706055
CMCO,2026-04-29,14.770000457763672
CMCO,2026-04-30,15.449999809265137
CMCO,2026-05-01,15.380000114440918
CMCO,2026-05-04,14.75
CMCO,2026-05-05,15.319999694824219
CMCO,2026-05-06,16.190000534057617
CMCO,2026-05-07,15.800000190734863
CMCO,2026-05-08,15.930000305175781
CMCO,2026-05-11,15.720000267028809
CMCO,2026-05-12,15.470000267028809
CMCO,2026-05-13,15.020000457763672
CMCO,2026-05-14,15.010000228881836
CMCO,2026-05-15,14.279999732971191
CMCO,2026-05-18,13.9399995803833
CMCO,2026-05-19,13.819999694824219
CMCO,2026-05-20,14.239999771118164
CMCO,2026-05-21,14.65999984741211
CMCO,2026-05-22,14.9399995803833
CMCO,2026-05-26,15.819999694824219
CMCO,2026-05-27,16.280000686645508
CMCO,2026-05-28,16.110000610351562
CMCO,2026-05-29,15.960000038146973
CMCO,2026-06-01,15.569999694824219
CMCO,2026-06-02,15.829999923706055
CMCO,2026-06-03,15.510000228881836
CMCO,2026-06-04,14.079999923706055
CMCO,2026-06-05,12.880000114440918
CMCO,2026-06-08,12.460000038146973
CMCO,2026-06-09,12.710000038146973
CMCO,2026-06-10,12.119999885559082
CMCO,2026-06-11,13.359999656677246
CMCO,2026-06-12,13.829999923706055
CMCO,2026-06-15,15.029999732971191
CMCO,2026-06-16,13.920000076293945
CMCO,2026-06-17,13.979999542236328
CMCO,2026-06-18,14.6899995803833
CMCO,2026-06-22,14.550000190734863
CMCO,2026-06-23,14.039999961853027
CMCO,2026-06-24,13.949999809265137
CMCO,2026-06-25,14.779999732971191
CMCO,2026-06-26,14.470000267028809
CMCO,2026-06-29,14.40999984741211
CMCO,2026-06-30,15.130000114440918
CMCO,2026-07-01,14.510000228881836
CMCO,2026-07-02,13.550000190734863
CMCO,2026-07-06,14.0
CMCO,2026-07-07,13.279999732971191
CMCO,2026-07-08,13.220000267028809
CMCO,2026-07-09,13.470000267028809
CMCO,2026-07-10,13.239999771118164
CMCO,2026-07-13,12.989999771118164
CMCO,2026-07-14,13.180000305175781
CMCO,2026-07-15,14.079999923706055
CMCO,2026-07-16,14.760000228881836
CMCO,2026-07-17,14.359999656677246
CMCO,2026-07-20,14.329999923706055
CMCO,2026-07-21,14.789999961853027
CMCO,2026-07-22,15.699999809265137
CMCO,2026-07-23,15.529999732971191
CMCO,2026-07-24,16.1200008392334
CMCO,2026-07-27,16.3799991607666
CMCO,2026-07-28,16.209999084472656
CMCO,2026-07-29,14.619999885559082
CMCO,2026-07-30,20.68000030517578
CMCO,2026-07-31,19.170000076293945
CMCO,2026-08-03,20.1200008392334
CMCO,2026-08-04,21.59000015258789
CMCO,2026-08-05,21.5
CMCO,2026-08-06,20.760000228881836
CMCO,2026-08-07,20.219999313354492
CMCO,2026-08-10,19.309999465942383
CMCO,2026-08-11,19.549999237060547
CMCO,2026-08-12,19.280000686645508
CMCO,2026-08-13,19.06999969482422
CMCO,2026-08-14,19.25
CMCO,2026-08-17,19.079999923706055
CMCO,2026-08-18,17.799999237060547
CMCO,2026-08-19,17.690000534057617
CMCO,2026-08-20,17.329999923706055
CMCO,2026-08-21,17.6200008392334
CMCO,2026-08-24,17.950000762939453
CMCO,2026-08-25,17.790000915527344
CMCO,2026-08-26,17.979999542236328
CMCO,2026-08-27,18.389999389648438
CMCO,2026-08-28,18.0
CMCO,2026-08-31,17.65999984741211
CMCO,2026-09-01,17.260000228881836
CMCO,2026-09-02,17.540000915527344
CMCO,2026-09-03,18.25
CMCO,2026-09-04,18.84000015258789
CMCO,2026-09-08,18.59000015258789
CORT,2026-03-18,33.29999923706055
CORT,2026-03-19,34.08000183105469
CORT,2026-03-20,34.63999938964844
CORT,2026-03-23,33.630001068115234
CORT,2026-03-24,33.81999969482422
CORT,2026-03-25,40.470001220703125
CORT,2026-03-26,38.529998779296875
CORT,2026-03-27,37.599998474121094
CORT,2026-03-30,38.119998931884766
CORT,2026-03-31,40.310001373291016
CORT,2026-04-01,41.97999954223633
CORT,2026-04-02,42.4900016784668
CORT,2026-04-06,40.849998474121094
CORT,2026-04-07,41.689998626708984
CORT,2026-04-08,41.869998931884766
CORT,2026-04-09,42.25
CORT,2026-04-10,41.90999984741211
CORT,2026-04-13,43.29999923706055
CORT,2026-04-14,43.68000030517578
CORT,2026-04-15,43.900001525878906
CORT,2026-04-16,43.959999084472656
CORT,2026-04-17,46.15999984741211
CORT,2026-04-20,46.34000015258789
CORT,2026-04-21,45.099998474121094
CORT,2026-04-22,46.56999969482422
CORT,2026-04-23,45.08000183105469
CORT,2026-04-24,46.060001373291016
CORT,2026-04-27,46.220001220703125
CORT,2026-04-28,46.619998931884766
CORT,2026-04-29,46.59000015258789
CORT,2026-04-30,46.52000045776367
CORT,2026-05-01,51.41999816894531
CORT,2026-05-04,51.599998474121094
CORT,2026-05-05,51.33000183105469
CORT,2026-05-06,52.150001525878906
CORT,2026-05-07,51.04999923706055
CORT,2026-05-08,52.279998779296875
CORT,2026-05-11,51.20000076293945
CORT,2026-05-12,51.15999984741211
CORT,2026-05-13,57.08000183105469
CORT,2026-05-14,58.29999923706055
CORT,2026-05-15,56.369998931884766
CORT,2026-05-18,55.119998931884766
CORT,2026-05-19,58.220001220703125
CORT,2026-05-20,59.060001373291016
CORT,2026-05-21,59.689998626708984
CORT,2026-05-22,60.220001220703125
CORT,2026-05-26,60.36000061035156
CORT,2026-05-27,66.6500015258789
CORT,2026-05-28,68.37999725341797
CORT,2026-05-29,69.48999786376953
CORT,2026-06-01,70.44000244140625
CORT,2026-06-02,71.19999694824219
CORT,2026-06-03,72.6500015258789
CORT,2026-06-04,74.88999938964844
CORT,2026-06-05,72.62000274658203
CORT,2026-06-08,73.33000183105469
CORT,2026-06-09,77.48999786376953
CORT,2026-06-10,78.12000274658203
CORT,2026-06-11,83.25
CORT,2026-06-12,82.91000366210938
CORT,2026-06-15,83.12000274658203
CORT,2026-06-16,83.70999908447266
CORT,2026-06-17,81.75
CORT,2026-06-18,79.91000366210938
CORT,2026-06-22,79.70999908447266
CORT,2026-06-23,79.8499984741211
CORT,2026-06-24,81.55999755859375
CORT,2026-06-25,84.75
CORT,2026-06-26,87.31999969482422
CORT,2026-06-29,87.88999938964844
CORT,2026-06-30,86.94999694824219
CORT,2026-07-01,88.4800033569336
CORT,2026-07-02,90.20999908447266
CORT,2026-07-06,91.61000061035156
CORT,2026-07-07,94.04000091552734
CORT,2026-07-08,92.94000244140625
CORT,2026-07-09,93.25
CORT,2026-07-10,91.87999725341797
CORT,2026-07-13,85.9000015258789
CORT,2026-07-14,90.47000122070312
CORT,2026-07-15,89.56999969482422
CORT,2026-07-16,89.72000122070312
CORT,2026-07-17,90.5199966430664
CORT,2026-07-20,91.56999969482422
CORT,2026-07-21,95.6500015258789
CORT,2026-07-22,90.87999725341797
CORT,2026-07-23,96.66000366210938
CORT,2026-07-24,95.36000061035156
CORT,2026-07-27,91.12000274658203
CORT,2026-07-28,94.19000244140625
CORT,2026-07-29,92.94999694824219
CORT,2026-07-30,118.31999969482422
CORT,2026-07-31,114.48999786376953
CORT,2026-08-03,112.80000305175781
CORT,2026-08-04,109.80000305175781
CORT,2026-08-05,110.69000244140625
CORT,2026-08-06,107.94999694824219
CORT,2026-08-07,110.7699966430664
CORT,2026-08-10,114.2300033569336
CORT,2026-08-11,111.86000061035156
CORT,2026-08-12,112.18000030517578
CORT,2026-08-13,110.51000213623047
CORT,2026-08-14,114.47000122070312
CORT,2026-08-17,117.16999816894531
CORT,2026-08-18,118.0999984741211
CORT,2026-08-19,119.0199966430664
CORT,2026-08-20,121.05000305175781
CORT,2026-08-21,122.25
CORT,2026-08-24,123.23999786376953
CORT,2026-08-25,123.56999969482422
CORT,2026-08-26,119.80000305175781
CORT,2026-08-27,116.93000030517578
CORT,2026-08-28,113.87999725341797
CORT,2026-08-31,113.3499984741211
CORT,2026-09-01,113.37999725341797
CORT,2026-09-02,110.43000030517578
CORT,2026-09-03,112.80000305175781
CORT,2026-09-04,111.62000274658203
CORT,2026-09-08,113.9800033569336
CRCT,2026-03-18,4.059999942779541
CRCT,2026-03-19,4.079999923706055
CRCT,2026-03-20,4.079999923706055
CRCT,2026-03-23,4.139999866485596
CRCT,2026-03-24,4.130000114440918
CRCT,2026-03-25,4.050000190734863
CRCT,2026-03-26,3.9700000286102295
CRCT,2026-03-27,3.7899999618530273
CRCT,2026-03-30,3.7899999618530273
CRCT,2026-03-31,3.740000009536743
CRCT,2026-04-01,3.9000000953674316
CRCT,2026-04-02,4.0
CRCT,2026-04-06,4.110000133514404
CRCT,2026-04-07,4.130000114440918
CRCT,2026-04-08,4.239999771118164
CRCT,2026-04-09,4.139999866485596
CRCT,2026-04-10,4.179999828338623
CRCT,2026-04-13,4.269999980926514
CRCT,2026-04-14,4.230000019073486
CRCT,2026-04-15,4.300000190734863
CRCT,2026-04-16,4.349999904632568
CRCT,2026-04-17,4.5
CRCT,2026-04-20,4.559999942779541
CRCT,2026-04-21,4.619999885559082
CRCT,2026-04-22,4.639999866485596
CRCT,2026-04-23,4.570000171661377
CRCT,2026-04-24,4.449999809265137
CRCT,2026-04-27,4.429999828338623
CRCT,2026-04-28,4.389999866485596
CRCT,2026-04-29,4.28000020980835
CRCT,2026-04-30,4.309999942779541
CRCT,2026-05-01,4.309999942779541
CRCT,2026-05-04,4.159999847412109
CRCT,2026-05-05,4.21999979019165
CRCT,2026-05-06,4.440000057220459
CRCT,2026-05-07,4.360000133514404
CRCT,2026-05-08,4.300000190734863
CRCT,2026-05-11,4.360000133514404
CRCT,2026-05-12,4.260000228881836
CRCT,2026-05-13,3.940000057220459
CRCT,2026-05-14,4.03000020980835
CRCT,2026-05-15,3.930000066757202
CRCT,2026-05-18,3.9200000762939453
CRCT,2026-05-19,4.010000228881836
CRCT,2026-05-20,3.9749999046325684
CRCT,2026-05-21,4.010000228881836
CRCT,2026-05-22,3.9800000190734863
CRCT,2026-05-26,4.039999961853027
CRCT,2026-05-27,4.21999979019165
CRCT,2026-05-28,4.130000114440918
CRCT,2026-05-29,4.150000095367432
CRCT,2026-06-01,4.389999866485596
CRCT,2026-06-02,4.150000095367432
CRCT,2026-06-03,4.110000133514404
CRCT,2026-06-04,4.130000114440918
CRCT,2026-06-05,4.139999866485596
CRCT,2026-06-08,4.190000057220459
CRCT,2026-06-09,4.400000095367432
CRCT,2026-06-10,4.429999828338623
CRCT,2026-06-11,4.46999979019165
CRCT,2026-06-12,4.489999771118164
CRCT,2026-06-15,4.510000228881836
CRCT,2026-06-16,4.510000228881836
CRCT,2026-06-17,4.409999847412109
CRCT,2026-06-18,4.460000038146973
CRCT,2026-06-22,4.369999885559082
CRCT,2026-06-23,4.349999904632568
CRCT,2026-06-24,4.420000076293945
CRCT,2026-06-25,4.420000076293945
CRCT,2026-06-26,4.630000114440918
CRCT,2026-06-29,4.440000057220459
CRCT,2026-06-30,4.389999866485596
CRCT,2026-07-01,4.449999809265137
CRCT,2026-07-02,4.460000038146973
CRCT,2026-07-06,4.420000076293945
CRCT,2026-07-07,4.340000152587891
CRCT,2026-07-08,4.28000020980835
CRCT,2026-07-09,4.360000133514404
CRCT,2026-07-10,4.409999847412109
CRCT,2026-07-13,4.519999980926514
CRCT,2026-07-14,4.480000019073486
CRCT,2026-07-15,4.730000019073486
CRCT,2026-07-16,4.699999809265137
CRCT,2026-07-17,4.630000114440918
CRCT,2026-07-20,4.599999904632568
CRCT,2026-07-21,4.489999771118164
CRCT,2026-07-22,4.449999809265137
CRCT,2026-07-23,4.25
CRCT,2026-07-24,4.460000038146973
CRCT,2026-07-27,4.480000019073486
CRCT,2026-07-28,4.695000171661377
CRCT,2026-07-29,4.789999961853027
CRCT,2026-07-30,4.650000095367432
CRCT,2026-07-31,4.690000057220459
CRCT,2026-08-03,4.789999961853027
CRCT,2026-08-04,4.940000057220459
CRCT,2026-08-05,6.070000171661377
CRCT,2026-08-06,6.070000171661377
CRCT,2026-08-07,5.840000152587891
CRCT,2026-08-10,5.900000095367432
CRCT,2026-08-11,5.96999979019165
CRCT,2026-08-12,5.880000114440918
CRCT,2026-08-13,5.929999828338623
CRCT,2026-08-14,5.760000228881836
CRCT,2026-08-17,5.510000228881836
CRCT,2026-08-18,5.480000019073486
CRCT,2026-08-19,5.429999828338623
CRCT,2026-08-20,5.400000095367432
CRCT,2026-08-21,5.590000152587891
CRCT,2026-08-24,5.650000095367432
CRCT,2026-08-25,5.869999885559082
CRCT,2026-08-26,5.809999942779541
CRCT,2026-08-27,5.679999828338623
CRCT,2026-08-28,5.800000190734863
CRCT,2026-08-31,5.900000095367432
CRCT,2026-09-01,5.849999904632568
CRCT,2026-09-02,5.760000228881836
CRCT,2026-09-03,5.849999904632568
CRCT,2026-09-04,5.539999961853027
CRCT,2026-09-08,5.449999809265137
CRK,2026-03-18,20.6299991607666
CRK,2026-03-19,21.399999618530273
CRK,2026-03-20,21.690000534057617
CRK,2026-03-23,21.200000762939453
CRK,2026-03-24,21.31999969482422
CRK,2026-03-25,22.389999389648438
CRK,2026-03-26,22.329999923706055
CRK,2026-03-27,23.43000030517578
CRK,2026-03-30,21.8799991607666
CRK,2026-03-31,21.079999923706055
CRK,2026-04-01,19.219999313354492
CRK,2026-04-02,19.540000915527344
CRK,2026-04-06,19.350000381469727
CRK,2026-04-07,19.31999969482422
CRK,2026-04-08,18.549999237060547
CRK,2026-04-09,17.940000534057617
CRK,2026-04-10,17.559999465942383
CRK,2026-04-13,17.329999923706055
CRK,2026-04-14,16.25
CRK,2026-04-15,16.270000457763672
CRK,2026-04-16,17.0
CRK,2026-04-17,16.860000610351562
CRK,2026-04-20,16.790000915527344
CRK,2026-04-21,16.510000228881836
CRK,2026-04-22,17.440000534057617
CRK,2026-04-23,17.200000762939453
CRK,2026-04-24,16.940000534057617
CRK,2026-04-27,16.809999465942383
CRK,2026-04-28,17.290000915527344
CRK,2026-04-29,17.469999313354492
CRK,2026-04-30,17.420000076293945
CRK,2026-05-01,17.360000610351562
CRK,2026-05-04,17.770000457763672
CRK,2026-05-05,17.329999923706055
CRK,2026-05-06,14.989999771118164
CRK,2026-05-07,14.800000190734863
CRK,2026-05-08,14.100000381469727
CRK,2026-05-11,15.069999694824219
CRK,2026-05-12,14.720000267028809
CRK,2026-05-13,14.550000190734863
CRK,2026-05-14,14.880000114440918
CRK,2026-05-15,14.8100004196167
CRK,2026-05-18,14.670000076293945
CRK,2026-05-19,15.149999618530273
CRK,2026-05-20,14.34000015258789
CRK,2026-05-21,14.109999656677246
CRK,2026-05-22,13.9399995803833
CRK,2026-05-26,13.180000305175781
CRK,2026-05-27,13.229999542236328
CRK,2026-05-28,13.649999618530273
CRK,2026-05-29,13.329999923706055
CRK,2026-06-01,13.420000076293945
CRK,2026-06-02,13.449999809265137
CRK,2026-06-03,13.229999542236328
CRK,2026-06-04,13.829999923706055
CRK,2026-06-05,13.0
CRK,2026-06-08,12.850000381469727
CRK,2026-06-09,12.670000076293945
CRK,2026-06-10,13.369999885559082
CRK,2026-06-11,13.170000076293945
CRK,2026-06-12,13.520000457763672
CRK,2026-06-15,13.050000190734863
CRK,2026-06-16,13.34000015258789
CRK,2026-06-17,13.130000114440918
CRK,2026-06-18,13.100000381469727
CRK,2026-06-22,13.449999809265137
CRK,2026-06-23,13.460000038146973
CRK,2026-06-24,13.460000038146973
CRK,2026-06-25,13.869999885559082
CRK,2026-06-26,14.300000190734863
CRK,2026-06-29,14.1899995803833
CRK,2026-06-30,14.920000076293945
CRK,2026-07-01,14.680000305175781
CRK,2026-07-02,14.680000305175781
CRK,2026-07-06,14.15999984741211
CRK,2026-07-07,14.180000305175781
CRK,2026-07-08,13.920000076293945
CRK,2026-07-09,13.6899995803833
CRK,2026-07-10,12.920000076293945
CRK,2026-07-13,13.239999771118164
CRK,2026-07-14,12.979999542236328
CRK,2026-07-15,13.069999694824219
CRK,2026-07-16,13.100000381469727
CRK,2026-07-17,13.34000015258789
CRK,2026-07-20,12.890000343322754
CRK,2026-07-21,13.279999732971191
CRK,2026-07-22,14.020000457763672
CRK,2026-07-23,13.720000267028809
CRK,2026-07-24,13.520000457763672
CRK,2026-07-27,13.0
CRK,2026-07-28,12.380000114440918
CRK,2026-07-29,12.609999656677246
CRK,2026-07-30,12.699999809265137
CRK,2026-07-31,13.260000228881836
CRK,2026-08-03,13.40999984741211
CRK,2026-08-04,13.300000190734863
CRK,2026-08-05,12.960000038146973
CRK,2026-08-06,13.210000038146973
CRK,2026-08-07,13.40999984741211
CRK,2026-08-10,14.359999656677246
CRK,2026-08-11,14.390000343322754
CRK,2026-08-12,13.920000076293945
CRK,2026-08-13,13.579999923706055
CRK,2026-08-14,14.0600004196167
CRK,2026-08-17,13.550000190734863
CRK,2026-08-18,13.65999984741211
CRK,2026-08-19,13.539999961853027
CRK,2026-08-20,13.819999694824219
CRK,2026-08-21,14.220000267028809
CRK,2026-08-24,14.279999732971191
CRK,2026-08-25,14.170000076293945
CRK,2026-08-26,14.5
CRK,2026-08-27,14.619999885559082
CRK,2026-08-28,14.289999961853027
CRK,2026-08-31,14.430000305175781
CRK,2026-09-01,16.020000457763672
CRK,2026-09-02,15.539999961853027
CRK,2026-09-03,14.949999809265137
CRK,2026-09-04,15.260000228881836
CRK,2026-09-08,15.15999984741211
CRM,2026-03-18,194.33999633789062
CRM,2026-03-19,194.99000549316406
CRM,2026-03-20,195.3800048828125
CRM,2026-03-23,195.17999267578125
CRM,2026-03-24,183.02000427246094
CRM,2026-03-25,181.9600067138672
CRM,2026-03-26,185.63999938964844
CRM,2026-03-27,179.30999755859375
CRM,2026-03-30,185.02999877929688
CRM,2026-03-31,186.6699981689453
CRM,2026-04-01,186.24000549316406
CRM,2026-04-02,187.17999267578125
CRM,2026-04-06,185.02999877929688
CRM,2026-04-07,182.9600067138672
CRM,2026-04-08,176.3699951171875
CRM,2026-04-09,170.85000610351562
CRM,2026-04-10,164.9600067138672
CRM,2026-04-13,172.82000732421875
CRM,2026-04-14,171.30999755859375
CRM,2026-04-15,177.60000610351562
CRM,2026-04-16,181.22000122070312
CRM,2026-04-17,182.13999938964844
CRM,2026-04-20,186.27000427246094
CRM,2026-04-21,187.11000061035156
CRM,2026-04-22,189.8000030517578
CRM,2026-04-23,173.3000030517578
CRM,2026-04-24,178.16000366210938
CRM,2026-04-27,180.17999267578125
CRM,2026-04-28,181.32000732421875
CRM,2026-04-29,181.22000122070312
CRM,2026-04-30,176.52999877929688
CRM,2026-05-01,183.82000732421875
CRM,2026-05-04,185.47999572753906
CRM,2026-05-05,186.99000549316406
CRM,2026-05-06,181.19000244140625
CRM,2026-05-07,186.33999633789062
CRM,2026-05-08,181.82000732421875
CRM,2026-05-11,177.49000549316406
CRM,2026-05-12,171.30999755859375
CRM,2026-05-13,165.83999633789062
CRM,2026-05-14,167.5800018310547
CRM,2026-05-15,173.50999450683594
CRM,2026-05-18,179.47999572753906
CRM,2026-05-19,179.4199981689453
CRM,2026-05-20,180.10000610351562
CRM,2026-05-21,176.30999755859375
CRM,2026-05-22,180.07000732421875
CRM,2026-05-26,179.0800018310547
CRM,2026-05-27,177.50999450683594
CRM,2026-05-28,176.1699981689453
CRM,2026-05-29,191.10000610351562
CRM,2026-06-01,209.60000610351562
CRM,2026-06-02,200.83999633789062
CRM,2026-06-03,190.61000061035156
CRM,2026-06-04,188.75
CRM,2026-06-05,185.66000366210938
CRM,2026-06-08,182.5500030517578
CRM,2026-06-09,175.35000610351562
CRM,2026-06-10,170.9199981689453
CRM,2026-06-11,166.4499969482422
CRM,2026-06-12,165.88999938964844
CRM,2026-06-15,164.5500030517578
CRM,2026-06-16,161.7100067138672
CRM,2026-06-17,155.02000427246094
CRM,2026-06-18,151.77999877929688
CRM,2026-06-22,150.1199951171875
CRM,2026-06-23,153.4199981689453
CRM,2026-06-24,152.75999450683594
CRM,2026-06-25,150.19000244140625
CRM,2026-06-26,158.3699951171875
CRM,2026-06-29,157.92999267578125
CRM,2026-06-30,156.66000366210938
CRM,2026-07-01,163.22999572753906
CRM,2026-07-02,166.11000061035156
CRM,2026-07-06,165.64999389648438
CRM,2026-07-07,169.52000427246094
CRM,2026-07-08,166.5800018310547
CRM,2026-07-09,162.5
CRM,2026-07-10,163.32000732421875
CRM,2026-07-13,171.22000122070312
CRM,2026-07-14,167.55999755859375
CRM,2026-07-15,167.0
CRM,2026-07-16,172.67999267578125
CRM,2026-07-17,170.77000427246094
CRM,2026-07-20,173.7899932861328
CRM,2026-07-21,170.05999755859375
CRM,2026-07-22,163.0
CRM,2026-07-23,156.92999267578125
CRM,2026-07-24,163.66000366210938
CRM,2026-07-27,173.60000610351562
CRM,2026-07-28,181.5
CRM,2026-07-29,188.3800048828125
CRM,2026-07-30,180.7100067138672
CRM,2026-07-31,184.02000427246094
CRM,2026-08-03,185.9499969482422
CRM,2026-08-04,190.99000549316406
CRM,2026-08-05,192.97999572753906
CRM,2026-08-06,186.77000427246094
CRM,2026-08-07,192.74000549316406
CRM,2026-08-10,197.50999450683594
CRM,2026-08-11,197.47000122070312
CRM,2026-08-12,193.32000732421875
CRM,2026-08-13,201.3699951171875
CRM,2026-08-14,196.2100067138672
CRM,2026-08-17,190.97000122070312
CRM,2026-08-18,196.13999938964844
CRM,2026-08-19,206.08999633789062
CRM,2026-08-20,205.42999267578125
CRM,2026-08-21,209.1699981689453
CRM,2026-08-24,209.05999755859375
CRM,2026-08-25,205.69000244140625
CRM,2026-08-26,205.6199951171875
CRM,2026-08-27,252.0500030517578
CRM,2026-08-28,256.0
CRM,2026-08-31,257.5400085449219
CRM,2026-09-01,258.1099853515625
CRM,2026-09-02,256.92999267578125
CRM,2026-09-03,264.42999267578125
CRM,2026-09-04,259.2300109863281
CRM,2026-09-08,249.1199951171875
CRON,2026-03-18,2.5399999618530273
CRON,2026-03-19,2.4600000381469727
CRON,2026-03-20,2.390000104904175
CRON,2026-03-23,2.5199999809265137
CRON,2026-03-24,2.5799999237060547
CRON,2026-03-25,2.619999885559082
CRON,2026-03-26,2.5199999809265137
CRON,2026-03-27,2.5
CRON,2026-03-30,2.440000057220459
CRON,2026-03-31,2.509999990463257
CRON,2026-04-01,2.509999990463257
CRON,2026-04-02,2.5299999713897705
CRON,2026-04-06,2.5799999237060547
CRON,2026-04-07,2.5199999809265137
CRON,2026-04-08,2.5299999713897705
CRON,2026-04-09,2.549999952316284
CRON,2026-04-10,2.5799999237060547
CRON,2026-04-13,2.569999933242798
CRON,2026-04-14,2.569999933242798
CRON,2026-04-15,2.7200000286102295
CRON,2026-04-16,2.680000066757202
CRON,2026-04-17,2.690000057220459
CRON,2026-04-20,2.759999990463257
CRON,2026-04-21,2.7300000190734863
CRON,2026-04-22,2.799999952316284
CRON,2026-04-23,2.5999999046325684
CRON,2026-04-24,2.680000066757202
CRON,2026-04-27,2.700000047683716
CRON,2026-04-28,2.6500000953674316
CRON,2026-04-29,2.5799999237060547
CRON,2026-04-30,2.6700000762939453
CRON,2026-05-01,2.640000104904175
CRON,2026-05-04,2.6500000953674316
CRON,2026-05-05,2.630000114440918
CRON,2026-05-06,2.619999885559082
CRON,2026-05-07,2.569999933242798
CRON,2026-05-08,2.5399999618530273
CRON,2026-05-11,2.75
CRON,2026-05-12,2.7699999809265137
CRON,2026-05-13,2.7300000190734863
CRON,2026-05-14,2.740000009536743
CRON,2026-05-15,2.630000114440918
CRON,2026-05-18,2.619999885559082
CRON,2026-05-19,2.609999895095825
CRON,2026-05-20,2.6700000762939453
CRON,2026-05-21,2.7300000190734863
CRON,2026-05-22,2.740000009536743
CRON,2026-05-26,2.7300000190734863
CRON,2026-05-27,2.7200000286102295
CRON,2026-05-28,2.8399999141693115
CRON,2026-05-29,2.8399999141693115
CRON,2026-06-01,2.819999933242798
CRON,2026-06-02,2.7300000190734863
CRON,2026-06-03,2.7100000381469727
CRON,2026-06-04,2.799999952316284
CRON,2026-06-05,2.740000009536743
CRON,2026-06-08,2.7699999809265137
CRON,2026-06-09,2.7899999618530273
CRON,2026-06-10,2.740000009536743
CRON,2026-06-11,2.75
CRON,2026-06-12,2.680000066757202
CRON,2026-06-15,2.630000114440918
CRON,2026-06-16,2.5999999046325684
CRON,2026-06-17,2.6700000762939453
CRON,2026-06-18,2.7100000381469727
CRON,2026-06-22,2.6500000953674316
CRON,2026-06-23,2.690000057220459
CRON,2026-06-24,2.7100000381469727
CRON,2026-06-25,2.7300000190734863
CRON,2026-06-26,2.809999942779541
CRON,2026-06-29,2.8499999046325684
CRON,2026-06-30,2.7799999713897705
CRON,2026-07-01,2.859999895095825
CRON,2026-07-02,2.859999895095825
CRON,2026-07-06,2.759999990463257
CRON,2026-07-07,2.75
CRON,2026-07-08,2.75
CRON,2026-07-09,2.7799999713897705
CRON,2026-07-10,2.75
CRON,2026-07-13,2.75
CRON,2026-07-14,2.75
CRON,2026-07-15,2.740000009536743
CRON,2026-07-16,2.75
CRON,2026-07-17,2.7899999618530273
CRON,2026-07-20,2.799999952316284
CRON,2026-07-21,2.799999952316284
CRON,2026-07-22,2.7799999713897705
CRON,2026-07-23,2.740000009536743
CRON,2026-07-24,2.809999942779541
CRON,2026-07-27,2.859999895095825
CRON,2026-07-28,2.8499999046325684
CRON,2026-07-29,2.859999895095825
CRON,2026-07-30,2.890000104904175
CRON,2026-07-31,2.8299999237060547
CRON,2026-08-03,2.8299999237060547
CRON,2026-08-04,2.809999942779541
CRON,2026-08-05,2.7200000286102295
CRON,2026-08-06,3.069999933242798
CRON,2026-08-07,3.0999999046325684
CRON,2026-08-10,3.0
CRON,2026-08-11,3.0799999237060547
CRON,2026-08-12,3.1700000762939453
CRON,2026-08-13,3.1600000858306885
CRON,2026-08-14,3.140000104904175
CRON,2026-08-17,3.1500000953674316
CRON,2026-08-18,3.2100000381469727
CRON,2026-08-19,3.2899999618530273
CRON,2026-08-20,3.2200000286102295
CRON,2026-08-21,3.309999942779541
CRON,2026-08-24,3.4100000858306885
CRON,2026-08-25,3.509999990463257
CRON,2026-08-26,3.549999952316284
CRON,2026-08-27,3.390000104904175
CRON,2026-08-28,3.380000114440918
CRON,2026-08-31,3.369999885559082
CRON,2026-09-01,3.380000114440918
CRON,2026-09-02,3.240000009536743
CRON,2026-09-03,3.259999990463257
CRON,2026-09-04,3.259999990463257
CRON,2026-09-08,3.184999942779541
CSHR,2026-04-01,8.609999656677246
CSHR,2026-04-02,6.5
CSHR,2026-04-06,6.320000171661377
CSHR,2026-04-07,6.539999961853027
CSHR,2026-04-08,6.760000228881836
CSHR,2026-04-09,5.050000190734863
CSHR,2026-04-10,5.150000095367432
CSHR,2026-04-13,6.440000057220459
CSHR,2026-04-14,7.050000190734863
CSHR,2026-04-15,6.170000076293945
CSHR,2026-04-16,5.420000076293945
CSHR,2026-04-17,5.690000057220459
CSHR,2026-04-20,5.329999923706055
CSHR,2026-04-21,5.429999828338623
CSHR,2026-04-22,5.599999904632568
CSHR,2026-04-23,5.349999904632568
CSHR,2026-04-24,5.480000019073486
CSHR,2026-04-27,5.349999904632568
CSHR,2026-04-28,5.679999828338623
CSHR,2026-04-29,5.400000095367432
CSHR,2026-04-30,5.78000020980835
CSHR,2026-05-01,6.199999809265137
CSHR,2026-05-04,6.809999942779541
CSHR,2026-05-05,6.429999828338623
CSHR,2026-05-06,6.389999866485596
CSHR,2026-05-07,6.059999942779541
CSHR,2026-05-08,5.940000057220459
CSHR,2026-05-11,6.349999904632568
CSHR,2026-05-12,6.110000133514404
CSHR,2026-05-13,6.21999979019165
CSHR,2026-05-14,6.320000171661377
CSHR,2026-05-15,5.929999828338623
CSHR,2026-05-18,5.559999942779541
CSHR,2026-05-19,5.159999847412109
CSHR,2026-05-20,5.329999923706055
CSHR,2026-05-21,5.409999847412109
CSHR,2026-05-22,5.269999980926514
CSHR,2026-05-26,4.909999847412109
CSHR,2026-05-27,5.0
CSHR,2026-05-28,4.800000190734863
CSHR,2026-05-29,4.960000038146973
CSHR,2026-06-01,4.610000133514404
CSHR,2026-06-02,4.369999885559082
CSHR,2026-06-03,4.579999923706055
CSHR,2026-06-04,4.53000020980835
CSHR,2026-06-05,4.289999961853027
CSHR,2026-06-08,4.210000038146973
CSHR,2026-06-09,4.050000190734863
CSHR,2026-06-10,3.950000047683716
CSHR,2026-06-11,4.260000228881836
CSHR,2026-06-12,4.239999771118164
CSHR,2026-06-15,4.369999885559082
CSHR,2026-06-16,4.360000133514404
CSHR,2026-06-17,4.159999847412109
CSHR,2026-06-18,3.9700000286102295
CSHR,2026-06-22,3.8399999141693115
CSHR,2026-06-23,3.8399999141693115
CSHR,2026-06-24,3.5799999237060547
CSHR,2026-06-25,3.6500000953674316
CSHR,2026-06-26,3.7699999809265137
CSHR,2026-06-29,3.759999990463257
CSHR,2026-06-30,3.7699999809265137
CSHR,2026-07-01,3.7899999618530273
CSHR,2026-07-02,3.9600000381469727
CSHR,2026-07-06,4.059999942779541
CSHR,2026-07-07,3.930000066757202
CSHR,2026-07-08,4.010000228881836
CSHR,2026-07-09,4.119999885559082
CSHR,2026-07-10,4.190000057220459
CSHR,2026-07-13,4.21999979019165
CSHR,2026-07-14,4.389999866485596
CSHR,2026-07-15,4.269999980926514
CSHR,2026-07-16,4.25
CSHR,2026-07-17,4.199999809265137
CSHR,2026-07-20,4.110000133514404
CSHR,2026-07-21,4.25
CSHR,2026-07-22,4.269999980926514
CSHR,2026-07-23,4.179999828338623
CSHR,2026-07-24,4.159999847412109
CSHR,2026-07-27,4.190000057220459
CSHR,2026-07-28,4.190000057220459
CSHR,2026-07-29,4.019999980926514
CSHR,2026-07-30,4.269999980926514
CSHR,2026-07-31,4.900000095367432
CSHR,2026-08-03,5.239999771118164
CSHR,2026-08-04,5.429999828338623
CSHR,2026-08-05,4.900000095367432
CSHR,2026-08-06,4.880000114440918
CSHR,2026-08-07,4.860000133514404
CSHR,2026-08-10,5.03000020980835
CSHR,2026-08-11,4.880000114440918
CSHR,2026-08-12,5.110000133514404
CSHR,2026-08-13,5.010000228881836
CSHR,2026-08-14,5.21999979019165
CSHR,2026-08-17,5.320000171661377
CSHR,2026-08-18,5.050000190734863
CSHR,2026-08-19,5.429999828338623
CSHR,2026-08-20,5.400000095367432
CSHR,2026-08-21,5.820000171661377
CSHR,2026-08-24,5.980000019073486
CSHR,2026-08-25,5.980000019073486
CSHR,2026-08-26,5.829999923706055
CSHR,2026-08-27,6.0
CSHR,2026-08-28,5.980000019073486
CSHR,2026-08-31,6.059999942779541
CSHR,2026-09-01,5.679999828338623
CSHR,2026-09-02,5.599999904632568
CSHR,2026-09-03,5.889999866485596
CSHR,2026-09-04,5.800000190734863
CSHR,2026-09-08,5.730000019073486
DCTH,2026-03-18,9.380000114440918
DCTH,2026-03-19,9.34000015258789
DCTH,2026-03-20,9.069999694824219
DCTH,2026-03-23,9.100000381469727
DCTH,2026-03-24,8.979999542236328
DCTH,2026-03-25,9.199999809265137
DCTH,2026-03-26,9.130000114440918
DCTH,2026-03-27,8.970000267028809
DCTH,2026-03-30,8.890000343322754
DCTH,2026-03-31,9.279999732971191
DCTH,2026-04-01,9.539999961853027
DCTH,2026-04-02,9.630000114440918
DCTH,2026-04-06,9.699999809265137
DCTH,2026-04-07,9.670000076293945
DCTH,2026-04-08,9.850000381469727
DCTH,2026-04-09,9.880000114440918
DCTH,2026-04-10,10.039999961853027
DCTH,2026-04-13,10.449999809265137
DCTH,2026-04-14,10.880000114440918
DCTH,2026-04-15,10.989999771118164
DCTH,2026-04-16,10.829999923706055
DCTH,2026-04-17,10.859999656677246
DCTH,2026-04-20,10.880000114440918
DCTH,2026-04-21,10.65999984741211
DCTH,2026-04-22,11.1899995803833
DCTH,2026-04-23,10.640000343322754
DCTH,2026-04-24,10.84000015258789
DCTH,2026-04-27,10.84000015258789
DCTH,2026-04-28,10.550000190734863
DCTH,2026-04-29,10.210000038146973
DCTH,2026-04-30,10.380000114440918
DCTH,2026-05-01,10.800000190734863
DCTH,2026-05-04,11.020000457763672
DCTH,2026-05-05,11.529999732971191
DCTH,2026-05-06,11.260000228881836
DCTH,2026-05-07,11.239999771118164
DCTH,2026-05-08,11.479999542236328
DCTH,2026-05-11,11.0600004196167
DCTH,2026-05-12,11.34000015258789
DCTH,2026-05-13,11.609999656677246
DCTH,2026-05-14,11.460000038146973
DCTH,2026-05-15,11.069999694824219
DCTH,2026-05-18,11.09000015258789
DCTH,2026-05-19,10.850000381469727
DCTH,2026-05-20,11.229999542236328
DCTH,2026-05-21,11.449999809265137
DCTH,2026-05-22,11.020000457763672
DCTH,2026-05-26,10.829999923706055
DCTH,2026-05-27,10.90999984741211
DCTH,2026-05-28,10.949999809265137
DCTH,2026-05-29,10.779999732971191
DCTH,2026-06-01,10.600000381469727
DCTH,2026-06-02,10.529999732971191
DCTH,2026-06-03,10.329999923706055
DCTH,2026-06-04,10.789999961853027
DCTH,2026-06-05,10.670000076293945
DCTH,2026-06-08,10.9399995803833
DCTH,2026-06-09,11.6899995803833
DCTH,2026-06-10,11.1899995803833
DCTH,2026-06-11,11.765000343322754
DCTH,2026-06-12,11.720000267028809
DCTH,2026-06-15,11.789999961853027
DCTH,2026-06-16,11.539999961853027
DCTH,2026-06-17,11.930000305175781
DCTH,2026-06-18,11.6899995803833
DCTH,2026-06-22,11.510000228881836
DCTH,2026-06-23,12.289999961853027
DCTH,2026-06-24,12.239999771118164
DCTH,2026-06-25,12.319999694824219
DCTH,2026-06-26,12.9399995803833
DCTH,2026-06-29,12.949999809265137
DCTH,2026-06-30,12.59000015258789
DCTH,2026-07-01,12.90999984741211
DCTH,2026-07-02,13.199999809265137
DCTH,2026-07-06,13.479999542236328
DCTH,2026-07-07,13.4399995803833
DCTH,2026-07-08,13.100000381469727
DCTH,2026-07-09,13.520000457763672
DCTH,2026-07-10,13.010000228881836
DCTH,2026-07-13,12.869999885559082
DCTH,2026-07-14,13.140000343322754
DCTH,2026-07-15,13.180000305175781
DCTH,2026-07-16,12.850000381469727
DCTH,2026-07-17,12.8100004196167
DCTH,2026-07-20,12.59000015258789
DCTH,2026-07-21,12.8100004196167
DCTH,2026-07-22,12.529999732971191
DCTH,2026-07-23,12.430000305175781
DCTH,2026-07-24,12.220000267028809
DCTH,2026-07-27,11.9399995803833
DCTH,2026-07-28,11.550000190734863
DCTH,2026-07-29,11.579999923706055
DCTH,2026-07-30,12.039999961853027
DCTH,2026-07-31,12.220000267028809
DCTH,2026-08-03,13.039999961853027
DCTH,2026-08-04,13.140000343322754
DCTH,2026-08-05,12.630000114440918
DCTH,2026-08-06,15.470000267028809
DCTH,2026-08-07,15.109999656677246
DCTH,2026-08-10,16.670000076293945
DCTH,2026-08-11,17.219999313354492
DCTH,2026-08-12,17.110000610351562
DCTH,2026-08-13,17.360000610351562
DCTH,2026-08-14,16.729999542236328
DCTH,2026-08-17,17.049999237060547
DCTH,2026-08-18,16.860000610351562
DCTH,2026-08-19,17.149999618530273
DCTH,2026-08-20,16.75
DCTH,2026-08-21,17.139999389648438
DCTH,2026-08-24,16.75
DCTH,2026-08-25,16.920000076293945
DCTH,2026-08-26,16.399999618530273
DCTH,2026-08-27,16.389999389648438
DCTH,2026-08-28,16.34000015258789
DCTH,2026-08-31,16.459999084472656
DCTH,2026-09-01,16.399999618530273
DCTH,2026-09-02,16.579999923706055
DCTH,2026-09-03,16.479999542236328
DCTH,2026-09-04,16.479999542236328
DCTH,2026-09-08,16.079999923706055
DDD,2026-03-18,2.140000104904175
DDD,2026-03-19,2.0399999618530273
DDD,2026-03-20,1.9299999475479126
DDD,2026-03-23,2.0399999618530273
DDD,2026-03-24,2.069999933242798
DDD,2026-03-25,2.109999895095825
DDD,2026-03-26,2.0799999237060547
DDD,2026-03-27,1.9500000476837158
DDD,2026-03-30,1.899999976158142
DDD,2026-03-31,1.8799999952316284
DDD,2026-04-01,1.8700000047683716
DDD,2026-04-02,1.850000023841858
DDD,2026-04-06,1.8600000143051147
DDD,2026-04-07,1.8200000524520874
DDD,2026-04-08,1.9199999570846558
DDD,2026-04-09,1.8899999856948853
DDD,2026-04-10,1.9199999570846558
DDD,2026-04-13,1.9700000286102295
DDD,2026-04-14,1.9800000190734863
DDD,2026-04-15,2.0299999713897705
DDD,2026-04-16,2.140000104904175
DDD,2026-04-17,2.240000009536743
DDD,2026-04-20,2.319999933242798
DDD,2026-04-21,2.3499999046325684
DDD,2026-04-22,2.359999895095825
DDD,2026-04-23,2.2100000381469727
DDD,2026-04-24,2.259999990463257
DDD,2026-04-27,2.2100000381469727
DDD,2026-04-28,2.200000047683716
DDD,2026-04-29,2.1600000858306885
DDD,2026-04-30,2.4600000381469727
DDD,2026-05-01,2.369999885559082
DDD,2026-05-04,2.3399999141693115
DDD,2026-05-05,2.5999999046325684
DDD,2026-05-06,2.5199999809265137
DDD,2026-05-07,2.4000000953674316
DDD,2026-05-08,2.4700000286102295
DDD,2026-05-11,2.509999990463257
DDD,2026-05-12,3.109999895095825
DDD,2026-05-13,3.200000047683716
DDD,2026-05-14,3.2799999713897705
DDD,2026-05-15,3.0199999809265137
DDD,2026-05-18,2.8299999237060547
DDD,2026-05-19,2.6700000762939453
DDD,2026-05-20,2.7699999809265137
DDD,2026-05-21,2.990000009536743
DDD,2026-05-22,3.1500000953674316
DDD,2026-05-26,3.490000009536743
DDD,2026-05-27,3.5399999618530273
DDD,2026-05-28,3.5
DDD,2026-05-29,3.569999933242798
DDD,2026-06-01,3.7200000286102295
DDD,2026-06-02,3.880000114440918
DDD,2026-06-03,3.609999895095825
DDD,2026-06-04,3.069999933242798
DDD,2026-06-05,2.9100000858306885
DDD,2026-06-08,3.0
DDD,2026-06-09,2.950000047683716
DDD,2026-06-10,2.890000104904175
DDD,2026-06-11,3.0199999809265137
DDD,2026-06-12,3.009999990463257
DDD,2026-06-15,3.0199999809265137
DDD,2026-06-16,3.190000057220459
DDD,2026-06-17,3.450000047683716
DDD,2026-06-18,3.569999933242798
DDD,2026-06-22,3.259999990463257
DDD,2026-06-23,3.140000104904175
DDD,2026-06-24,3.009999990463257
DDD,2026-06-25,2.950000047683716
DDD,2026-06-26,3.0399999618530273
DDD,2026-06-29,2.859999895095825
DDD,2026-06-30,3.0199999809265137
DDD,2026-07-01,2.9600000381469727
DDD,2026-07-02,2.799999952316284
DDD,2026-07-06,2.8299999237060547
DDD,2026-07-07,2.869999885559082
DDD,2026-07-08,2.9700000286102295
DDD,2026-07-09,3.109999895095825
DDD,2026-07-10,3.069999933242798
DDD,2026-07-13,3.0
DDD,2026-07-14,2.9700000286102295
DDD,2026-07-15,2.9600000381469727
DDD,2026-07-16,2.809999942779541
DDD,2026-07-17,2.690000057220459
DDD,2026-07-20,2.630000114440918
DDD,2026-07-21,2.7799999713897705
DDD,2026-07-22,2.6600000858306885
DDD,2026-07-23,2.5899999141693115
DDD,2026-07-24,2.569999933242798
DDD,2026-07-27,2.630000114440918
DDD,2026-07-28,2.5199999809265137
DDD,2026-07-29,2.4800000190734863
DDD,2026-07-30,2.700000047683716
DDD,2026-07-31,2.640000104904175
DDD,2026-08-03,2.8299999237060547
DDD,2026-08-04,3.559999942779541
DDD,2026-08-05,3.569999933242798
DDD,2026-08-06,3.5399999618530273
DDD,2026-08-07,3.690000057220459
DDD,2026-08-10,3.680000066757202
DDD,2026-08-11,3.809999942779541
DDD,2026-08-12,3.630000114440918
DDD,2026-08-13,3.619999885559082
DDD,2026-08-14,3.7100000381469727
DDD,2026-08-17,3.640000104904175
DDD,2026-08-18,3.440000057220459
DDD,2026-08-19,3.4100000858306885
DDD,2026-08-20,3.1600000858306885
DDD,2026-08-21,3.190000057220459
DDD,2026-08-24,3.119999885559082
DDD,2026-08-25,3.2200000286102295
DDD,2026-08-26,3.299999952316284
DDD,2026-08-27,3.430000066757202
DDD,2026-08-28,3.2799999713897705
DDD,2026-08-31,3.2799999713897705
DDD,2026-09-01,3.2899999618530273
DDD,2026-09-02,3.380000114440918
DDD,2026-09-03,3.319999933242798
DDD,2026-09-04,3.4600000381469727
DDD,2026-09-08,3.380000114440918
DORM,2026-03-18,100.91999816894531
DORM,2026-03-19,102.4000015258789
DORM,2026-03-20,101.9800033569336
DORM,2026-03-23,103.86000061035156
DORM,2026-03-24,105.19000244140625
DORM,2026-03-25,106.94999694824219
DORM,2026-03-26,106.47000122070312
DORM,2026-03-27,104.55999755859375
DORM,2026-03-30,102.55999755859375
DORM,2026-03-31,104.36000061035156
DORM,2026-04-01,105.22000122070312
DORM,2026-04-02,100.9000015258789
DORM,2026-04-06,100.5
DORM,2026-04-07,101.23999786376953
DORM,2026-04-08,106.19999694824219
DORM,2026-04-09,109.91999816894531
DORM,2026-04-10,109.45999908447266
DORM,2026-04-13,109.70999908447266
DORM,2026-04-14,110.12000274658203
DORM,2026-04-15,106.72000122070312
DORM,2026-04-16,106.20999908447266
DORM,2026-04-17,110.66000366210938
DORM,2026-04-20,111.58000183105469
DORM,2026-04-21,110.26000213623047
DORM,2026-04-22,109.47000122070312
DORM,2026-04-23,109.3499984741211
DORM,2026-04-24,111.19000244140625
DORM,2026-04-27,110.25
DORM,2026-04-28,110.87999725341797
DORM,2026-04-29,110.06999969482422
DORM,2026-04-30,112.51000213623047
DORM,2026-05-01,112.87999725341797
DORM,2026-05-04,110.8499984741211
DORM,2026-05-05,119.5199966430664
DORM,2026-05-06,122.61000061035156
DORM,2026-05-07,124.5199966430664
DORM,2026-05-08,124.12999725341797
DORM,2026-05-11,121.01000213623047
DORM,2026-05-12,119.5199966430664
DORM,2026-05-13,116.31999969482422
DORM,2026-05-14,120.48999786376953
DORM,2026-05-15,116.16000366210938
DORM,2026-05-18,115.08999633789062
DORM,2026-05-19,112.83000183105469
DORM,2026-05-20,117.0199966430664
DORM,2026-05-21,118.69999694824219
DORM,2026-05-22,118.08000183105469
DORM,2026-05-26,120.27999877929688
DORM,2026-05-27,123.63999938964844
DORM,2026-05-28,125.05000305175781
DORM,2026-05-29,123.91999816894531
DORM,2026-06-01,122.70999908447266
DORM,2026-06-02,125.83000183105469
DORM,2026-06-03,124.75
DORM,2026-06-04,128.0399932861328
DORM,2026-06-05,127.02999877929688
DORM,2026-06-08,128.30999755859375
DORM,2026-06-09,127.9800033569336
DORM,2026-06-10,126.83000183105469
DORM,2026-06-11,128.2100067138672
DORM,2026-06-12,127.86000061035156
DORM,2026-06-15,126.13999938964844
DORM,2026-06-16,125.75
DORM,2026-06-17,122.7699966430664
DORM,2026-06-18,125.66000366210938
DORM,2026-06-22,124.72000122070312
DORM,2026-06-23,128.14999389648438
DORM,2026-06-24,131.8699951171875
DORM,2026-06-25,134.3699951171875
DORM,2026-06-26,134.69000244140625
DORM,2026-06-29,132.55999755859375
DORM,2026-06-30,136.4499969482422
DORM,2026-07-01,135.75
DORM,2026-07-02,137.64999389648438
DORM,2026-07-06,140.07000732421875
DORM,2026-07-07,139.63999938964844
DORM,2026-07-08,135.25
DORM,2026-07-09,136.47999572753906
DORM,2026-07-10,138.5
DORM,2026-07-13,138.91000366210938
DORM,2026-07-14,138.6199951171875
DORM,2026-07-15,137.5500030517578
DORM,2026-07-16,144.1199951171875
DORM,2026-07-17,141.97000122070312
DORM,2026-07-20,137.6699981689453
DORM,2026-07-21,137.47000122070312
DORM,2026-07-22,134.89999389648438
DORM,2026-07-23,132.35000610351562
DORM,2026-07-24,134.1999969482422
DORM,2026-07-27,136.44000244140625
DORM,2026-07-28,143.1699981689453
DORM,2026-07-29,141.2899932861328
DORM,2026-07-30,133.17999267578125
DORM,2026-07-31,133.16000366210938
DORM,2026-08-03,127.68000030517578
DORM,2026-08-04,147.8000030517578
DORM,2026-08-05,141.5399932861328
DORM,2026-08-06,137.5800018310547
DORM,2026-08-07,140.91000366210938
DORM,2026-08-10,133.27000427246094
DORM,2026-08-11,133.0500030517578
DORM,2026-08-12,133.6300048828125
DORM,2026-08-13,133.0800018310547
DORM,2026-08-14,136.38999938964844
DORM,2026-08-17,133.6999969482422
DORM,2026-08-18,132.82000732421875
DORM,2026-08-19,134.1199951171875
DORM,2026-08-20,131.3699951171875
DORM,2026-08-21,132.1199951171875
DORM,2026-08-24,131.08999633789062
DORM,2026-08-25,130.4600067138672
DORM,2026-08-26,129.39999389648438
DORM,2026-08-27,128.2100067138672
DORM,2026-08-28,129.35000610351562
DORM,2026-08-31,128.85000610351562
DORM,2026-09-01,127.18000030517578
DORM,2026-09-02,128.5399932861328
DORM,2026-09-03,129.66000366210938
DORM,2026-09-04,131.3000030517578
DORM,2026-09-08,128.77999877929688
DT,2026-03-18,40.2400016784668
DT,2026-03-19,39.060001373291016
DT,2026-03-20,38.04999923706055
DT,2026-03-23,38.31999969482422
DT,2026-03-24,36.54999923706055
DT,2026-03-25,36.45000076293945
DT,2026-03-26,37.369998931884766
DT,2026-03-27,35.90999984741211
DT,2026-03-30,37.130001068115234
DT,2026-03-31,36.97999954223633
DT,2026-04-01,36.77000045776367
DT,2026-04-02,37.689998626708984
DT,2026-04-06,37.470001220703125
DT,2026-04-07,37.20000076293945
DT,2026-04-08,36.79999923706055
DT,2026-04-09,33.81999969482422
DT,2026-04-10,32.36000061035156
DT,2026-04-13,33.75
DT,2026-04-14,33.27000045776367
DT,2026-04-15,35.45000076293945
DT,2026-04-16,35.619998931884766
DT,2026-04-17,35.599998474121094
DT,2026-04-20,35.439998626708984
DT,2026-04-21,35.720001220703125
DT,2026-04-22,36.13999938964844
DT,2026-04-23,34.290000915527344
DT,2026-04-24,35.290000915527344
DT,2026-04-27,35.61000061035156
DT,2026-04-28,35.9900016784668
DT,2026-04-29,36.400001525878906
DT,2026-04-30,36.209999084472656
DT,2026-05-01,37.61000061035156
DT,2026-05-04,38.75
DT,2026-05-05,38.619998931884766
DT,2026-05-06,38.209999084472656
DT,2026-05-07,40.369998931884766
DT,2026-05-08,40.70000076293945
DT,2026-05-11,40.22999954223633
DT,2026-05-12,39.209999084472656
DT,2026-05-13,34.72999954223633
DT,2026-05-14,37.119998931884766
DT,2026-05-15,38.36000061035156
DT,2026-05-18,39.849998474121094
DT,2026-05-19,39.959999084472656
DT,2026-05-20,39.869998931884766
DT,2026-05-21,39.150001525878906
DT,2026-05-22,41.209999084472656
DT,2026-05-26,40.599998474121094
DT,2026-05-27,38.90999984741211
DT,2026-05-28,40.5099983215332
DT,2026-05-29,42.59000015258789
DT,2026-06-01,44.470001220703125
DT,2026-06-02,44.970001220703125
DT,2026-06-03,43.439998626708984
DT,2026-06-04,43.25
DT,2026-06-05,42.189998626708984
DT,2026-06-08,41.91999816894531
DT,2026-06-09,40.77000045776367
DT,2026-06-10,40.58000183105469
DT,2026-06-11,40.369998931884766
DT,2026-06-12,40.75
DT,2026-06-15,41.189998626708984
DT,2026-06-16,41.459999084472656
DT,2026-06-17,41.25
DT,2026-06-18,41.41999816894531
DT,2026-06-22,40.459999084472656
DT,2026-06-23,40.400001525878906
DT,2026-06-24,40.61000061035156
DT,2026-06-25,40.279998779296875
DT,2026-06-26,43.369998931884766
DT,2026-06-29,44.2400016784668
DT,2026-06-30,43.90999984741211
DT,2026-07-01,45.380001068115234
DT,2026-07-02,44.77000045776367
DT,2026-07-06,45.52000045776367
DT,2026-07-07,45.11000061035156
DT,2026-07-08,43.84000015258789
DT,2026-07-09,45.22999954223633
DT,2026-07-10,43.68000030517578
DT,2026-07-13,44.59000015258789
DT,2026-07-14,45.040000915527344
DT,2026-07-15,45.16999816894531
DT,2026-07-16,44.83000183105469
DT,2026-07-17,44.40999984741211
DT,2026-07-20,44.709999084472656
DT,2026-07-21,42.849998474121094
DT,2026-07-22,41.36000061035156
DT,2026-07-23,40.650001525878906
DT,2026-07-24,41.619998931884766
DT,2026-07-27,43.720001220703125
DT,2026-07-28,43.900001525878906
DT,2026-07-29,43.880001068115234
DT,2026-07-30,44.099998474121094
DT,2026-07-31,44.31999969482422
DT,2026-08-03,44.540000915527344
DT,2026-08-04,45.709999084472656
DT,2026-08-05,50.86000061035156
DT,2026-08-06,48.869998931884766
DT,2026-08-07,48.970001220703125
DT,2026-08-10,50.56999969482422
DT,2026-08-11,49.65999984741211
DT,2026-08-12,49.560001373291016
DT,2026-08-13,50.75
DT,2026-08-14,49.13999938964844
DT,2026-08-17,47.61000061035156
DT,2026-08-18,49.2599983215332
DT,2026-08-19,49.599998474121094
DT,2026-08-20,49.18000030517578
DT,2026-08-21,49.29999923706055
DT,2026-08-24,49.04999923706055
DT,2026-08-25,50.06999969482422
DT,2026-08-26,51.599998474121094
DT,2026-08-27,53.43000030517578
DT,2026-08-28,53.66999816894531
DT,2026-08-31,54.59000015258789
DT,2026-09-01,52.86000061035156
DT,2026-09-02,50.869998931884766
DT,2026-09-03,52.7599983215332
DT,2026-09-04,51.900001525878906
DT,2026-09-08,50.290000915527344
EL,2026-03-18,86.0199966430664
EL,2026-03-19,85.5999984741211
EL,2026-03-20,85.91999816894531
EL,2026-03-23,79.29000091552734
EL,2026-03-24,71.4800033569336
EL,2026-03-25,73.11000061035156
EL,2026-03-26,69.75
EL,2026-03-27,67.2300033569336
EL,2026-03-30,67.9800033569336
EL,2026-03-31,71.7699966430664
EL,2026-04-01,70.70999908447266
EL,2026-04-02,69.12000274658203
EL,2026-04-06,70.91000366210938
EL,2026-04-07,69.16999816894531
EL,2026-04-08,71.44000244140625
EL,2026-04-09,73.29000091552734
EL,2026-04-10,72.66999816894531
EL,2026-04-13,74.55000305175781
EL,2026-04-14,76.41999816894531
EL,2026-04-15,76.5999984741211
EL,2026-04-16,75.33999633789062
EL,2026-04-17,76.19999694824219
EL,2026-04-20,77.8499984741211
EL,2026-04-21,75.86000061035156
EL,2026-04-22,76.66000366210938
EL,2026-04-23,76.4000015258789
EL,2026-04-24,77.81999969482422
EL,2026-04-27,77.31999969482422
EL,2026-04-28,77.0999984741211
EL,2026-04-29,75.69000244140625
EL,2026-04-30,76.70999908447266
EL,2026-05-01,79.30000305175781
EL,2026-05-04,81.33000183105469
EL,2026-05-05,82.8499984741211
EL,2026-05-06,86.66999816894531
EL,2026-05-07,85.29000091552734
EL,2026-05-08,86.19999694824219
EL,2026-05-11,82.75
EL,2026-05-12,84.88999938964844
EL,2026-05-13,82.12999725341797
EL,2026-05-14,80.83000183105469
EL,2026-05-15,80.27999877929688
EL,2026-05-18,80.01000213623047
EL,2026-05-19,76.13999938964844
EL,2026-05-20,78.19999694824219
EL,2026-05-21,78.91000366210938
EL,2026-05-22,88.31999969482422
EL,2026-05-26,86.5999984741211
EL,2026-05-27,91.19999694824219
EL,2026-05-28,90.87000274658203
EL,2026-05-29,88.94999694824219
EL,2026-06-01,85.58000183105469
EL,2026-06-02,83.41000366210938
EL,2026-06-03,82.05000305175781
EL,2026-06-04,82.9000015258789
EL,2026-06-05,83.48999786376953
EL,2026-06-08,84.63999938964844
EL,2026-06-09,86.55999755859375
EL,2026-06-10,85.38999938964844
EL,2026-06-11,88.0199966430664
EL,2026-06-12,89.68000030517578
EL,2026-06-15,90.0
EL,2026-06-16,87.58000183105469
EL,2026-06-17,82.45999908447266
EL,2026-06-18,84.80999755859375
EL,2026-06-22,84.52999877929688
EL,2026-06-23,83.76000213623047
EL,2026-06-24,83.2699966430664
EL,2026-06-25,81.5
EL,2026-06-26,80.54000091552734
EL,2026-06-29,79.37000274658203
EL,2026-06-30,78.94999694824219
EL,2026-07-01,82.47000122070312
EL,2026-07-02,83.70999908447266
EL,2026-07-06,84.9000015258789
EL,2026-07-07,84.44000244140625
EL,2026-07-08,81.80000305175781
EL,2026-07-09,81.98999786376953
EL,2026-07-10,82.66000366210938
EL,2026-07-13,81.1500015258789
EL,2026-07-14,80.86000061035156
EL,2026-07-15,82.30999755859375
EL,2026-07-16,82.83999633789062
EL,2026-07-17,82.12999725341797
EL,2026-07-20,83.63999938964844
EL,2026-07-21,82.37000274658203
EL,2026-07-22,82.62999725341797
EL,2026-07-23,79.91999816894531
EL,2026-07-24,80.29000091552734
EL,2026-07-27,83.19999694824219
EL,2026-07-28,84.75
EL,2026-07-29,84.12999725341797
EL,2026-07-30,84.87999725341797
EL,2026-07-31,83.9000015258789
EL,2026-08-03,84.68000030517578
EL,2026-08-04,86.97000122070312
EL,2026-08-05,86.95999908447266
EL,2026-08-06,85.48999786376953
EL,2026-08-07,88.3499984741211
EL,2026-08-10,87.19000244140625
EL,2026-08-11,87.77999877929688
EL,2026-08-12,87.68000030517578
EL,2026-08-13,87.31999969482422
EL,2026-08-14,86.0999984741211
EL,2026-08-17,84.33999633789062
EL,2026-08-18,84.2699966430664
EL,2026-08-19,98.01000213623047
EL,2026-08-20,96.1500015258789
EL,2026-08-21,101.94000244140625
EL,2026-08-24,104.12999725341797
EL,2026-08-25,104.8499984741211
EL,2026-08-26,105.05999755859375
EL,2026-08-27,106.20999908447266
EL,2026-08-28,103.38999938964844
EL,2026-08-31,102.30000305175781
EL,2026-09-01,100.0
EL,2026-09-02,101.1500015258789
EL,2026-09-03,100.86000061035156
EL,2026-09-04,103.86000061035156
EL,2026-09-08,101.69000244140625
ELMT,2026-04-23,17.90999984741211
ELMT,2026-04-24,17.0
ELMT,2026-04-27,16.190000534057617
ELMT,2026-04-28,15.15999984741211
ELMT,2026-04-29,16.31999969482422
ELMT,2026-04-30,16.350000381469727
ELMT,2026-05-01,15.649999618530273
ELMT,2026-05-04,15.369999885559082
ELMT,2026-05-05,15.0600004196167
ELMT,2026-05-06,15.649999618530273
ELMT,2026-05-07,15.350000381469727
ELMT,2026-05-08,15.710000038146973
ELMT,2026-05-11,15.579999923706055
ELMT,2026-05-12,16.739999771118164
ELMT,2026-05-13,16.719999313354492
ELMT,2026-05-14,16.139999389648438
ELMT,2026-05-15,15.449999809265137
ELMT,2026-05-18,14.350000381469727
ELMT,2026-05-19,13.529999732971191
ELMT,2026-05-20,14.029999732971191
ELMT,2026-05-21,14.65999984741211
ELMT,2026-05-22,14.699999809265137
ELMT,2026-05-26,15.649999618530273
ELMT,2026-05-27,15.5600004196167
ELMT,2026-05-28,16.200000762939453
ELMT,2026-05-29,15.279999732971191
ELMT,2026-06-01,18.950000762939453
ELMT,2026-06-02,22.09000015258789
ELMT,2026-06-03,19.829999923706055
ELMT,2026-06-04,19.299999237060547
ELMT,2026-06-05,17.170000076293945
ELMT,2026-06-08,17.360000610351562
ELMT,2026-06-09,18.760000228881836
ELMT,2026-06-10,18.579999923706055
ELMT,2026-06-11,19.43000030517578
ELMT,2026-06-12,20.450000762939453
ELMT,2026-06-15,20.639999389648438
ELMT,2026-06-16,18.229999542236328
ELMT,2026-06-17,18.6200008392334
ELMT,2026-06-18,19.440000534057617
ELMT,2026-06-22,18.75
ELMT,2026-06-23,18.450000762939453
ELMT,2026-06-24,18.110000610351562
ELMT,2026-06-25,18.68000030517578
ELMT,2026-06-26,18.959999084472656
ELMT,2026-06-29,19.209999084472656
ELMT,2026-06-30,19.739999771118164
ELMT,2026-07-01,19.25
ELMT,2026-07-02,17.43000030517578
ELMT,2026-07-06,17.459999084472656
ELMT,2026-07-07,16.030000686645508
ELMT,2026-07-08,15.949999809265137
ELMT,2026-07-09,15.819999694824219
ELMT,2026-07-10,15.84000015258789
ELMT,2026-07-13,14.670000076293945
ELMT,2026-07-14,14.609999656677246
ELMT,2026-07-15,14.989999771118164
ELMT,2026-07-16,14.460000038146973
ELMT,2026-07-17,14.40999984741211
ELMT,2026-07-20,14.390000343322754
ELMT,2026-07-21,15.65999984741211
ELMT,2026-07-22,15.270000457763672
ELMT,2026-07-23,14.90999984741211
ELMT,2026-07-24,14.25
ELMT,2026-07-27,14.710000038146973
ELMT,2026-07-28,14.489999771118164
ELMT,2026-07-29,12.739999771118164
ELMT,2026-07-30,13.619999885559082
ELMT,2026-07-31,13.90999984741211
ELMT,2026-08-03,14.359999656677246
ELMT,2026-08-04,15.800000190734863
ELMT,2026-08-05,15.8100004196167
ELMT,2026-08-06,16.309999465942383
ELMT,2026-08-07,16.860000610351562
ELMT,2026-08-10,16.479999542236328
ELMT,2026-08-11,16.510000228881836
ELMT,2026-08-12,16.93000030517578
ELMT,2026-08-13,17.149999618530273
ELMT,2026-08-14,18.81999969482422
ELMT,2026-08-17,19.100000381469727
ELMT,2026-08-18,17.979999542236328
ELMT,2026-08-19,17.190000534057617
ELMT,2026-08-20,16.670000076293945
ELMT,2026-08-21,19.889999389648438
ELMT,2026-08-24,17.65999984741211
ELMT,2026-08-25,17.75
ELMT,2026-08-26,17.959999084472656
ELMT,2026-08-27,18.06999969482422
ELMT,2026-08-28,16.639999389648438
ELMT,2026-08-31,16.40999984741211
ELMT,2026-09-01,15.760000228881836
ELMT,2026-09-02,15.859999656677246
ELMT,2026-09-03,16.3700008392334
ELMT,2026-09-04,16.780000686645508
ELMT,2026-09-08,16.93000030517578
EMAT,2026-03-18,6.75
EMAT,2026-03-19,7.119999885559082
EMAT,2026-03-20,6.820000171661377
EMAT,2026-03-23,7.179999828338623
EMAT,2026-03-24,7.429999828338623
EMAT,2026-03-25,7.150000095367432
EMAT,2026-03-26,6.849999904632568
EMAT,2026-03-27,6.829999923706055
EMAT,2026-03-30,6.739999771118164
EMAT,2026-03-31,7.590000152587891
EMAT,2026-04-01,8.229999542236328
EMAT,2026-04-02,8.350000381469727
EMAT,2026-04-06,7.920000076293945
EMAT,2026-04-07,8.09000015258789
EMAT,2026-04-08,7.579999923706055
EMAT,2026-04-09,7.460000038146973
EMAT,2026-04-10,7.929999828338623
EMAT,2026-04-13,7.989999771118164
EMAT,2026-04-14,8.149999618530273
EMAT,2026-04-15,7.989999771118164
EMAT,2026-04-16,8.0
EMAT,2026-04-17,8.34000015258789
EMAT,2026-04-20,8.460000038146973
EMAT,2026-04-21,8.140000343322754
EMAT,2026-04-22,9.289999961853027
EMAT,2026-04-23,9.270000457763672
EMAT,2026-04-24,9.149999618530273
EMAT,2026-04-27,9.170000076293945
EMAT,2026-04-28,9.239999771118164
EMAT,2026-04-29,8.869999885559082
EMAT,2026-04-30,9.569999694824219
EMAT,2026-05-01,9.699999809265137
EMAT,2026-05-04,9.579999923706055
EMAT,2026-05-05,9.479999542236328
EMAT,2026-05-06,9.470000267028809
EMAT,2026-05-07,9.329999923706055
EMAT,2026-05-08,9.5
EMAT,2026-05-11,9.470000267028809
EMAT,2026-05-12,10.180000305175781
EMAT,2026-05-13,9.34000015258789
EMAT,2026-05-14,8.800000190734863
EMAT,2026-05-15,7.860000133514404
EMAT,2026-05-18,7.389999866485596
EMAT,2026-05-19,7.0
EMAT,2026-05-20,7.559999942779541
EMAT,2026-05-21,8.324999809265137
EMAT,2026-05-22,7.989999771118164
EMAT,2026-05-26,7.119999885559082
EMAT,2026-05-27,6.989999771118164
EMAT,2026-05-28,7.03000020980835
EMAT,2026-05-29,6.75
EMAT,2026-06-01,7.199999809265137
EMAT,2026-06-02,7.289999961853027
EMAT,2026-06-03,7.144999980926514
EMAT,2026-06-04,6.949999809265137
EMAT,2026-06-05,6.639999866485596
EMAT,2026-06-08,6.539999961853027
EMAT,2026-06-09,6.690000057220459
EMAT,2026-06-10,6.579999923706055
EMAT,2026-06-11,7.03000020980835
EMAT,2026-06-12,6.809999942779541
EMAT,2026-06-15,6.929999828338623
EMAT,2026-06-16,7.139999866485596
EMAT,2026-06-17,7.289999961853027
EMAT,2026-06-18,7.440000057220459
EMAT,2026-06-22,6.989999771118164
EMAT,2026-06-23,7.119999885559082
EMAT,2026-06-24,6.889999866485596
EMAT,2026-06-25,6.869999885559082
EMAT,2026-06-26,7.059999942779541
EMAT,2026-06-29,6.699999809265137
EMAT,2026-06-30,6.610000133514404
EMAT,2026-07-01,6.269999980926514
EMAT,2026-07-02,6.329999923706055
EMAT,2026-07-06,5.929999828338623
EMAT,2026-07-07,5.769999980926514
EMAT,2026-07-08,5.389999866485596
EMAT,2026-07-09,5.510000228881836
EMAT,2026-07-10,5.630000114440918
EMAT,2026-07-13,5.489999771118164
EMAT,2026-07-14,5.5
EMAT,2026-07-15,5.320000171661377
EMAT,2026-07-16,5.110000133514404
EMAT,2026-07-17,4.989999771118164
EMAT,2026-07-20,4.989999771118164
EMAT,2026-07-21,5.349999904632568
EMAT,2026-07-22,5.5
EMAT,2026-07-23,5.230000019073486
EMAT,2026-07-24,5.070000171661377
EMAT,2026-07-27,5.019999980926514
EMAT,2026-07-28,4.755000114440918
EMAT,2026-07-29,4.400000095367432
EMAT,2026-07-30,4.420000076293945
EMAT,2026-07-31,3.6600000858306885
EMAT,2026-08-03,2.950000047683716
EMAT,2026-08-04,2.8949999809265137
EMAT,2026-08-05,2.7300000190734863
EMAT,2026-08-06,2.690000057220459
EMAT,2026-08-07,2.809999942779541
EMAT,2026-08-10,2.5299999713897705
EMAT,2026-08-11,2.319999933242798
EMAT,2026-08-12,2.299999952316284
EMAT,2026-08-13,2.259999990463257
EMAT,2026-08-14,3.0299999713897705
EMAT,2026-08-17,2.7899999618530273
EMAT,2026-08-18,3.119999885559082
EMAT,2026-08-19,2.8499999046325684
EMAT,2026-08-20,3.3299999237060547
EMAT,2026-08-21,3.9700000286102295
EMAT,2026-08-24,4.210000038146973
EMAT,2026-08-25,3.940000057220459
EMAT,2026-08-26,3.359999895095825
EMAT,2026-08-27,3.1700000762939453
EMAT,2026-08-28,3.2699999809265137
EMAT,2026-08-31,3.865000009536743
EMAT,2026-09-01,3.5199999809265137
EMAT,2026-09-02,3.4200000762939453
EMAT,2026-09-03,3.2899999618530273
EMAT,2026-09-04,3.0199999809265137
EMAT,2026-09-08,3.184999942779541
ESTC,2026-03-18,55.7599983215332
ESTC,2026-03-19,55.150001525878906
ESTC,2026-03-20,53.310001373291016
ESTC,2026-03-23,52.88999938964844
ESTC,2026-03-24,49.66999816894531
ESTC,2026-03-25,49.939998626708984
ESTC,2026-03-26,51.310001373291016
ESTC,2026-03-27,48.52000045776367
ESTC,2026-03-30,49.40999984741211
ESTC,2026-03-31,49.9900016784668
ESTC,2026-04-01,49.90999984741211
ESTC,2026-04-02,50.66999816894531
ESTC,2026-04-06,50.560001373291016
ESTC,2026-04-07,49.81999969482422
ESTC,2026-04-08,48.720001220703125
ESTC,2026-04-09,45.0
ESTC,2026-04-10,43.29999923706055
ESTC,2026-04-13,45.59000015258789
ESTC,2026-04-14,45.38999938964844
ESTC,2026-04-15,47.5099983215332
ESTC,2026-04-16,47.65999984741211
ESTC,2026-04-17,47.560001373291016
ESTC,2026-04-20,48.959999084472656
ESTC,2026-04-21,48.38999938964844
ESTC,2026-04-22,49.22999954223633
ESTC,2026-04-23,45.75
ESTC,2026-04-24,46.400001525878906
ESTC,2026-04-27,47.83000183105469
ESTC,2026-04-28,47.45000076293945
ESTC,2026-04-29,47.400001525878906
ESTC,2026-04-30,46.43000030517578
ESTC,2026-05-01,48.61000061035156
ESTC,2026-05-04,50.65999984741211
ESTC,2026-05-05,50.150001525878906
ESTC,2026-05-06,49.11000061035156
ESTC,2026-05-07,51.619998931884766
ESTC,2026-05-08,52.25
ESTC,2026-05-11,50.380001068115234
ESTC,2026-05-12,50.09000015258789
ESTC,2026-05-13,48.56999969482422
ESTC,2026-05-14,49.779998779296875
ESTC,2026-05-15,50.599998474121094
ESTC,2026-05-18,53.90999984741211
ESTC,2026-05-19,53.720001220703125
ESTC,2026-05-20,55.279998779296875
ESTC,2026-05-21,53.84000015258789
ESTC,2026-05-22,54.810001373291016
ESTC,2026-05-26,54.40999984741211
ESTC,2026-05-27,53.900001525878906
ESTC,2026-05-28,57.61000061035156
ESTC,2026-05-29,64.69999694824219
ESTC,2026-06-01,68.05999755859375
ESTC,2026-06-02,67.58999633789062
ESTC,2026-06-03,64.0999984741211
ESTC,2026-06-04,65.08999633789062
ESTC,2026-06-05,61.790000915527344
ESTC,2026-06-08,62.13999938964844
ESTC,2026-06-09,61.2599983215332
ESTC,2026-06-10,60.779998779296875
ESTC,2026-06-11,60.220001220703125
ESTC,2026-06-12,60.349998474121094
ESTC,2026-06-15,62.29999923706055
ESTC,2026-06-16,60.11000061035156
ESTC,2026-06-17,58.560001373291016
ESTC,2026-06-18,58.970001220703125
ESTC,2026-06-22,58.72999954223633
ESTC,2026-06-23,58.97999954223633
ESTC,2026-06-24,58.709999084472656
ESTC,2026-06-25,53.599998474121094
ESTC,2026-06-26,56.2400016784668
ESTC,2026-06-29,56.95000076293945
ESTC,2026-06-30,57.02000045776367
ESTC,2026-07-01,58.45000076293945
ESTC,2026-07-02,58.040000915527344
ESTC,2026-07-06,58.540000915527344
ESTC,2026-07-07,59.459999084472656
ESTC,2026-07-08,60.08000183105469
ESTC,2026-07-09,62.060001373291016
ESTC,2026-07-10,60.2400016784668
ESTC,2026-07-13,62.43000030517578
ESTC,2026-07-14,62.31999969482422
ESTC,2026-07-15,62.2400016784668
ESTC,2026-07-16,62.11000061035156
ESTC,2026-07-17,61.59000015258789
ESTC,2026-07-20,62.7400016784668
ESTC,2026-07-21,60.18000030517578
ESTC,2026-07-22,58.68000030517578
ESTC,2026-07-23,57.33000183105469
ESTC,2026-07-24,58.68000030517578
ESTC,2026-07-27,61.2400016784668
ESTC,2026-07-28,62.099998474121094
ESTC,2026-07-29,64.44000244140625
ESTC,2026-07-30,64.25
ESTC,2026-07-31,65.79000091552734
ESTC,2026-08-03,68.73999786376953
ESTC,2026-08-04,71.05999755859375
ESTC,2026-08-05,69.72000122070312
ESTC,2026-08-06,69.94999694824219
ESTC,2026-08-07,75.11000061035156
ESTC,2026-08-10,76.31999969482422
ESTC,2026-08-11,76.3499984741211
ESTC,2026-08-12,77.16000366210938
ESTC,2026-08-13,86.02999877929688
ESTC,2026-08-14,86.68000030517578
ESTC,2026-08-17,83.44000244140625
ESTC,2026-08-18,85.01000213623047
ESTC,2026-08-19,87.33999633789062
ESTC,2026-08-20,85.9000015258789
ESTC,2026-08-21,85.94000244140625
ESTC,2026-08-24,83.23999786376953
ESTC,2026-08-25,80.4000015258789
ESTC,2026-08-26,79.25
ESTC,2026-08-27,83.73999786376953
ESTC,2026-08-28,99.91000366210938
ESTC,2026-08-31,97.55000305175781
ESTC,2026-09-01,92.38999938964844
ESTC,2026-09-02,89.58000183105469
ESTC,2026-09-03,96.12999725341797
ESTC,2026-09-04,91.80999755859375
ESTC,2026-09-08,88.41999816894531
EWTX,2026-03-18,29.690000534057617
EWTX,2026-03-19,30.049999237060547
EWTX,2026-03-20,29.059999465942383
EWTX,2026-03-23,29.799999237060547
EWTX,2026-03-24,30.639999389648438
EWTX,2026-03-25,31.940000534057617
EWTX,2026-03-26,31.649999618530273
EWTX,2026-03-27,30.84000015258789
EWTX,2026-03-30,30.280000686645508
EWTX,2026-03-31,31.5
EWTX,2026-04-01,33.13999938964844
EWTX,2026-04-02,33.33000183105469
EWTX,2026-04-06,32.83000183105469
EWTX,2026-04-07,32.5
EWTX,2026-04-08,33.040000915527344
EWTX,2026-04-09,33.52000045776367
EWTX,2026-04-10,32.81999969482422
EWTX,2026-04-13,33.84000015258789
EWTX,2026-04-14,33.15999984741211
EWTX,2026-04-15,33.70000076293945
EWTX,2026-04-16,33.119998931884766
EWTX,2026-04-17,34.43000030517578
EWTX,2026-04-20,33.970001220703125
EWTX,2026-04-21,32.45000076293945
EWTX,2026-04-22,32.16999816894531
EWTX,2026-04-23,31.229999542236328
EWTX,2026-04-24,31.579999923706055
EWTX,2026-04-27,30.639999389648438
EWTX,2026-04-28,30.989999771118164
EWTX,2026-04-29,30.450000762939453
EWTX,2026-04-30,30.959999084472656
EWTX,2026-05-01,30.610000610351562
EWTX,2026-05-04,31.450000762939453
EWTX,2026-05-05,38.0099983215332
EWTX,2026-05-06,36.9900016784668
EWTX,2026-05-07,35.58000183105469
EWTX,2026-05-08,35.31999969482422
EWTX,2026-05-11,34.560001373291016
EWTX,2026-05-12,34.0099983215332
EWTX,2026-05-13,33.7599983215332
EWTX,2026-05-14,34.0099983215332
EWTX,2026-05-15,33.09000015258789
EWTX,2026-05-18,31.719999313354492
EWTX,2026-05-19,31.43000030517578
EWTX,2026-05-20,32.81999969482422
EWTX,2026-05-21,32.689998626708984
EWTX,2026-05-22,32.70000076293945
EWTX,2026-05-26,33.560001373291016
EWTX,2026-05-27,33.540000915527344
EWTX,2026-05-28,33.29999923706055
EWTX,2026-05-29,34.15999984741211
EWTX,2026-06-01,40.2599983215332
EWTX,2026-06-02,37.25
EWTX,2026-06-03,36.209999084472656
EWTX,2026-06-04,37.22999954223633
EWTX,2026-06-05,35.59000015258789
EWTX,2026-06-08,34.84000015258789
EWTX,2026-06-09,34.060001373291016
EWTX,2026-06-10,32.91999816894531
EWTX,2026-06-11,33.93000030517578
EWTX,2026-06-12,34.83000183105469
EWTX,2026-06-15,35.209999084472656
EWTX,2026-06-16,33.95000076293945
EWTX,2026-06-17,34.81999969482422
EWTX,2026-06-18,36.810001373291016
EWTX,2026-06-22,36.5
EWTX,2026-06-23,38.83000183105469
EWTX,2026-06-24,42.29999923706055
EWTX,2026-06-25,41.689998626708984
EWTX,2026-06-26,41.459999084472656
EWTX,2026-06-29,40.91999816894531
EWTX,2026-06-30,40.630001068115234
EWTX,2026-07-01,39.150001525878906
EWTX,2026-07-02,39.560001373291016
EWTX,2026-07-06,40.099998474121094
EWTX,2026-07-07,43.130001068115234
EWTX,2026-07-08,46.29999923706055
EWTX,2026-07-09,48.349998474121094
EWTX,2026-07-10,45.40999984741211
EWTX,2026-07-13,41.27000045776367
EWTX,2026-07-14,39.72999954223633
EWTX,2026-07-15,40.83000183105469
EWTX,2026-07-16,38.189998626708984
EWTX,2026-07-17,39.7599983215332
EWTX,2026-07-20,38.810001373291016
EWTX,2026-07-21,39.58000183105469
EWTX,2026-07-22,38.33000183105469
EWTX,2026-07-23,39.290000915527344
EWTX,2026-07-24,40.84000015258789
EWTX,2026-07-27,41.599998474121094
EWTX,2026-07-28,40.349998474121094
EWTX,2026-07-29,39.75
EWTX,2026-07-30,41.119998931884766
EWTX,2026-07-31,38.43000030517578
EWTX,2026-08-03,38.380001068115234
EWTX,2026-08-04,44.70500183105469
EWTX,2026-08-05,44.9900016784668
EWTX,2026-08-06,44.41999816894531
EWTX,2026-08-07,43.52000045776367
EWTX,2026-08-10,44.58000183105469
EWTX,2026-08-11,44.310001373291016
EWTX,2026-08-12,43.560001373291016
EWTX,2026-08-13,43.18000030517578
EWTX,2026-08-14,44.16999816894531
EWTX,2026-08-17,44.040000915527344
EWTX,2026-08-18,44.11000061035156
EWTX,2026-08-19,46.439998626708984
EWTX,2026-08-20,43.290000915527344
EWTX,2026-08-21,44.18000030517578
EWTX,2026-08-24,44.720001220703125
EWTX,2026-08-25,44.209999084472656
EWTX,2026-08-26,44.380001068115234
EWTX,2026-08-27,44.189998626708984
EWTX,2026-08-28,42.7599983215332
EWTX,2026-08-31,41.77000045776367
EWTX,2026-09-01,42.25
EWTX,2026-09-02,41.97999954223633
EWTX,2026-09-03,41.95000076293945
EWTX,2026-09-04,43.06999969482422
EWTX,2026-09-08,43.81999969482422
EXLS,2026-03-18,30.59000015258789
EXLS,2026-03-19,30.75
EXLS,2026-03-20,30.920000076293945
EXLS,2026-03-23,30.8799991607666
EXLS,2026-03-24,30.299999237060547
EXLS,2026-03-25,30.280000686645508
EXLS,2026-03-26,30.3700008392334
EXLS,2026-03-27,29.84000015258789
EXLS,2026-03-30,30.559999465942383
EXLS,2026-03-31,30.450000762939453
EXLS,2026-04-01,30.459999084472656
EXLS,2026-04-02,30.940000534057617
EXLS,2026-04-06,30.8700008392334
EXLS,2026-04-07,30.760000228881836
EXLS,2026-04-08,30.549999237060547
EXLS,2026-04-09,29.770000457763672
EXLS,2026-04-10,29.270000457763672
EXLS,2026-04-13,30.079999923706055
EXLS,2026-04-14,30.719999313354492
EXLS,2026-04-15,31.260000228881836
EXLS,2026-04-16,31.479999542236328
EXLS,2026-04-17,31.860000610351562
EXLS,2026-04-20,31.799999237060547
EXLS,2026-04-21,31.8700008392334
EXLS,2026-04-22,31.600000381469727
EXLS,2026-04-23,30.559999465942383
EXLS,2026-04-24,30.399999618530273
EXLS,2026-04-27,30.3799991607666
EXLS,2026-04-28,30.639999389648438
EXLS,2026-04-29,31.190000534057617
EXLS,2026-04-30,31.8799991607666
EXLS,2026-05-01,31.739999771118164
EXLS,2026-05-04,31.719999313354492
EXLS,2026-05-05,31.260000228881836
EXLS,2026-05-06,30.969999313354492
EXLS,2026-05-07,31.34000015258789
EXLS,2026-05-08,31.079999923706055
EXLS,2026-05-11,30.190000534057617
EXLS,2026-05-12,29.729999542236328
EXLS,2026-05-13,27.15999984741211
EXLS,2026-05-14,26.950000762939453
EXLS,2026-05-15,27.479999542236328
EXLS,2026-05-18,29.0
EXLS,2026-05-19,28.969999313354492
EXLS,2026-05-20,29.43000030517578
EXLS,2026-05-21,29.229999542236328
EXLS,2026-05-22,29.510000228881836
EXLS,2026-05-26,28.950000762939453
EXLS,2026-05-27,28.739999771118164
EXLS,2026-05-28,29.110000610351562
EXLS,2026-05-29,29.030000686645508
EXLS,2026-06-01,30.59000015258789
EXLS,2026-06-02,29.68000030517578
EXLS,2026-06-03,29.450000762939453
EXLS,2026-06-04,29.3799991607666
EXLS,2026-06-05,29.670000076293945
EXLS,2026-06-08,29.469999313354492
EXLS,2026-06-09,29.709999084472656
EXLS,2026-06-10,29.020000457763672
EXLS,2026-06-11,28.59000015258789
EXLS,2026-06-12,28.84000015258789
EXLS,2026-06-15,28.40999984741211
EXLS,2026-06-16,28.790000915527344
EXLS,2026-06-17,27.860000610351562
EXLS,2026-06-18,25.93000030517578
EXLS,2026-06-22,25.610000610351562
EXLS,2026-06-23,26.15999984741211
EXLS,2026-06-24,26.34000015258789
EXLS,2026-06-25,25.219999313354492
EXLS,2026-06-26,26.0
EXLS,2026-06-29,25.56999969482422
EXLS,2026-06-30,25.860000610351562
EXLS,2026-07-01,26.790000915527344
EXLS,2026-07-02,27.020000457763672
EXLS,2026-07-06,27.1299991607666
EXLS,2026-07-07,27.84000015258789
EXLS,2026-07-08,27.3799991607666
EXLS,2026-07-09,27.600000381469727
EXLS,2026-07-10,27.299999237060547
EXLS,2026-07-13,28.489999771118164
EXLS,2026-07-14,27.31999969482422
EXLS,2026-07-15,27.579999923706055
EXLS,2026-07-16,28.690000534057617
EXLS,2026-07-17,28.15999984741211
EXLS,2026-07-20,28.190000534057617
EXLS,2026-07-21,27.350000381469727
EXLS,2026-07-22,26.829999923706055
EXLS,2026-07-23,26.8799991607666
EXLS,2026-07-24,27.670000076293945
EXLS,2026-07-27,28.559999465942383
EXLS,2026-07-28,30.530000686645508
EXLS,2026-07-29,35.9900016784668
EXLS,2026-07-30,34.36000061035156
EXLS,2026-07-31,33.93000030517578
EXLS,2026-08-03,34.2400016784668
EXLS,2026-08-04,34.38999938964844
EXLS,2026-08-05,33.68000030517578
EXLS,2026-08-06,34.65999984741211
EXLS,2026-08-07,34.88999938964844
EXLS,2026-08-10,35.06999969482422
EXLS,2026-08-11,34.900001525878906
EXLS,2026-08-12,34.33000183105469
EXLS,2026-08-13,35.369998931884766
EXLS,2026-08-14,34.81999969482422
EXLS,2026-08-17,34.560001373291016
EXLS,2026-08-18,35.470001220703125
EXLS,2026-08-19,37.02000045776367
EXLS,2026-08-20,37.04999923706055
EXLS,2026-08-21,37.529998779296875
EXLS,2026-08-24,37.65999984741211
EXLS,2026-08-25,37.45000076293945
EXLS,2026-08-26,37.5
EXLS,2026-08-27,38.18000030517578
EXLS,2026-08-28,38.400001525878906
EXLS,2026-08-31,38.08000183105469
EXLS,2026-09-01,37.41999816894531
EXLS,2026-09-02,36.90999984741211
EXLS,2026-09-03,37.31999969482422
EXLS,2026-09-04,36.630001068115234
EXLS,2026-09-08,35.52000045776367
FBRX,2026-03-18,24.850000381469727
FBRX,2026-03-19,24.610000610351562
FBRX,2026-03-20,23.5
FBRX,2026-03-23,25.610000610351562
FBRX,2026-03-24,25.719999313354492
FBRX,2026-03-25,26.3799991607666
FBRX,2026-03-26,27.010000228881836
FBRX,2026-03-27,25.5
FBRX,2026-03-30,26.31999969482422
FBRX,2026-03-31,25.899999618530273
FBRX,2026-04-01,24.860000610351562
FBRX,2026-04-02,25.579999923706055
FBRX,2026-04-06,26.440000534057617
FBRX,2026-04-07,26.170000076293945
FBRX,2026-04-08,26.270000457763672
FBRX,2026-04-09,33.900001525878906
FBRX,2026-04-10,35.09000015258789
FBRX,2026-04-13,30.600000381469727
FBRX,2026-04-14,32.41999816894531
FBRX,2026-04-15,31.280000686645508
FBRX,2026-04-16,31.43000030517578
FBRX,2026-04-17,33.91999816894531
FBRX,2026-04-20,34.43000030517578
FBRX,2026-04-21,32.84000015258789
FBRX,2026-04-22,29.829999923706055
FBRX,2026-04-23,28.860000610351562
FBRX,2026-04-24,27.450000762939453
FBRX,2026-04-27,26.799999237060547
FBRX,2026-04-28,26.385000228881836
FBRX,2026-04-29,28.030000686645508
FBRX,2026-04-30,26.65999984741211
FBRX,2026-05-01,28.190000534057617
FBRX,2026-05-04,28.510000228881836
FBRX,2026-05-05,27.290000915527344
FBRX,2026-05-06,26.520000457763672
FBRX,2026-05-07,26.170000076293945
FBRX,2026-05-08,24.020000457763672
FBRX,2026-05-11,26.0
FBRX,2026-05-12,24.290000915527344
FBRX,2026-05-13,24.65999984741211
FBRX,2026-05-14,23.959999084472656
FBRX,2026-05-15,23.110000610351562
FBRX,2026-05-18,20.969999313354492
FBRX,2026-05-19,20.06999969482422
FBRX,2026-05-20,20.309999465942383
FBRX,2026-05-21,22.0
FBRX,2026-05-22,21.59000015258789
FBRX,2026-05-26,21.940000534057617
FBRX,2026-05-27,21.469999313354492
FBRX,2026-05-28,20.770000457763672
FBRX,2026-05-29,19.059999465942383
FBRX,2026-06-01,19.239999771118164
FBRX,2026-06-02,18.174999237060547
FBRX,2026-06-03,17.0
FBRX,2026-06-04,16.690000534057617
FBRX,2026-06-05,16.520000457763672
FBRX,2026-06-08,15.670000076293945
FBRX,2026-06-09,17.0
FBRX,2026-06-10,16.81999969482422
FBRX,2026-06-11,17.399999618530273
FBRX,2026-06-12,17.559999465942383
FBRX,2026-06-15,18.049999237060547
FBRX,2026-06-16,17.149999618530273
FBRX,2026-06-17,17.59000015258789
FBRX,2026-06-18,17.850000381469727
FBRX,2026-06-22,18.280000686645508
FBRX,2026-06-23,18.149999618530273
FBRX,2026-06-24,18.540000915527344
FBRX,2026-06-25,18.709999084472656
FBRX,2026-06-26,21.030000686645508
FBRX,2026-06-29,21.31999969482422
FBRX,2026-06-30,21.25
FBRX,2026-07-01,21.31999969482422
FBRX,2026-07-02,20.920000076293945
FBRX,2026-07-06,20.40999984741211
FBRX,2026-07-07,22.25
FBRX,2026-07-08,20.579999923706055
FBRX,2026-07-09,36.70000076293945
FBRX,2026-07-10,43.91999816894531
FBRX,2026-07-13,44.119998931884766
FBRX,2026-07-14,43.20000076293945
FBRX,2026-07-15,44.150001525878906
FBRX,2026-07-16,44.9900016784668
FBRX,2026-07-17,48.93000030517578
FBRX,2026-08-24,76.94999694824219
FBRX,2026-08-25,76.97000122070312
FBRX,2026-08-26,76.98999786376953
FBRX,2026-08-27,76.98999786376953
FBRX,2026-08-28,76.98999786376953
FDMT,2026-03-18,8.5600004196167
FDMT,2026-03-19,8.979999542236328
FDMT,2026-03-20,8.609999656677246
FDMT,2026-03-23,9.229999542236328
FDMT,2026-03-24,9.180000305175781
FDMT,2026-03-25,9.880000114440918
FDMT,2026-03-26,10.180000305175781
FDMT,2026-03-27,9.329999923706055
FDMT,2026-03-30,8.569999694824219
FDMT,2026-03-31,9.3100004196167
FDMT,2026-04-01,9.869999885559082
FDMT,2026-04-02,9.479999542236328
FDMT,2026-04-06,9.9399995803833
FDMT,2026-04-07,10.239999771118164
FDMT,2026-04-08,10.100000381469727
FDMT,2026-04-09,9.84000015258789
FDMT,2026-04-10,9.8100004196167
FDMT,2026-04-13,10.039999961853027
FDMT,2026-04-14,9.65999984741211
FDMT,2026-04-15,9.770000457763672
FDMT,2026-04-16,10.0600004196167
FDMT,2026-04-17,10.489999771118164
FDMT,2026-04-20,10.069999694824219
FDMT,2026-04-21,9.760000228881836
FDMT,2026-04-22,9.800000190734863
FDMT,2026-04-23,9.609999656677246
FDMT,2026-04-24,9.399999618530273
FDMT,2026-04-27,9.449999809265137
FDMT,2026-04-28,9.420000076293945
FDMT,2026-04-29,8.8100004196167
FDMT,2026-04-30,8.869999885559082
FDMT,2026-05-01,9.09000015258789
FDMT,2026-05-04,9.4399995803833
FDMT,2026-05-05,9.710000038146973
FDMT,2026-05-06,10.420000076293945
FDMT,2026-05-07,9.930000305175781
FDMT,2026-05-08,10.140000343322754
FDMT,2026-05-11,10.789999961853027
FDMT,2026-05-12,10.34000015258789
FDMT,2026-05-13,10.449999809265137
FDMT,2026-05-14,9.8100004196167
FDMT,2026-05-15,9.149999618530273
FDMT,2026-05-18,8.364999771118164
FDMT,2026-05-19,8.404999732971191
FDMT,2026-05-20,8.470000267028809
FDMT,2026-05-21,8.6899995803833
FDMT,2026-05-22,8.600000381469727
FDMT,2026-05-26,8.710000038146973
FDMT,2026-05-27,8.850000381469727
FDMT,2026-05-28,8.970000267028809
FDMT,2026-05-29,9.90999984741211
FDMT,2026-06-01,9.710000038146973
FDMT,2026-06-02,9.270000457763672
FDMT,2026-06-03,9.529999732971191
FDMT,2026-06-04,10.010000228881836
FDMT,2026-06-05,8.640000343322754
FDMT,2026-06-08,8.640000343322754
FDMT,2026-06-09,9.229999542236328
FDMT,2026-06-10,8.720000267028809
FDMT,2026-06-11,8.835000038146973
FDMT,2026-06-12,8.829999923706055
FDMT,2026-06-15,9.220000267028809
FDMT,2026-06-16,8.670000076293945
FDMT,2026-06-17,9.420000076293945
FDMT,2026-06-18,9.65999984741211
FDMT,2026-06-22,10.420000076293945
FDMT,2026-06-23,11.600000381469727
FDMT,2026-06-24,11.619999885559082
FDMT,2026-06-25,11.520000457763672
FDMT,2026-06-26,11.600000381469727
FDMT,2026-06-29,12.880000114440918
FDMT,2026-06-30,13.300000190734863
FDMT,2026-07-01,12.6899995803833
FDMT,2026-07-02,13.0
FDMT,2026-07-06,12.720000267028809
FDMT,2026-07-07,12.819999694824219
FDMT,2026-07-08,13.020000457763672
FDMT,2026-07-09,12.890000343322754
FDMT,2026-07-10,12.3100004196167
FDMT,2026-07-13,11.300000190734863
FDMT,2026-07-14,11.699999809265137
FDMT,2026-07-15,11.680000305175781
FDMT,2026-07-16,10.84000015258789
FDMT,2026-07-17,10.989999771118164
FDMT,2026-07-20,11.09000015258789
FDMT,2026-07-21,11.375
FDMT,2026-07-22,10.960000038146973
FDMT,2026-07-23,10.380000114440918
FDMT,2026-07-24,10.069999694824219
FDMT,2026-07-27,10.380000114440918
FDMT,2026-07-28,9.850000381469727
FDMT,2026-07-29,9.609999656677246
FDMT,2026-07-30,10.069999694824219
FDMT,2026-07-31,10.180000305175781
FDMT,2026-08-03,10.09000015258789
FDMT,2026-08-04,10.260000228881836
FDMT,2026-08-05,10.279999732971191
FDMT,2026-08-06,10.550000190734863
FDMT,2026-08-07,10.75
FDMT,2026-08-10,11.140000343322754
FDMT,2026-08-11,11.470000267028809
FDMT,2026-08-12,11.869999885559082
FDMT,2026-08-13,11.649999618530273
FDMT,2026-08-14,12.1899995803833
FDMT,2026-08-17,14.545000076293945
FDMT,2026-08-18,14.720000267028809
FDMT,2026-08-19,16.760000228881836
FDMT,2026-08-20,16.100000381469727
FDMT,2026-08-21,15.829999923706055
FDMT,2026-08-24,15.390000343322754
FDMT,2026-08-25,15.720000267028809
FDMT,2026-08-26,15.5600004196167
FDMT,2026-08-27,14.90999984741211
FDMT,2026-08-28,14.670000076293945
FDMT,2026-08-31,14.109999656677246
FDMT,2026-09-01,14.350000381469727
FDMT,2026-09-02,14.9399995803833
FDMT,2026-09-03,14.699999809265137
FDMT,2026-09-04,14.970000267028809
FDMT,2026-09-08,14.630000114440918
FRPT,2026-03-18,65.0999984741211
FRPT,2026-03-19,63.16999816894531
FRPT,2026-03-20,64.54000091552734
FRPT,2026-03-23,64.68000030517578
FRPT,2026-03-24,58.93000030517578
FRPT,2026-03-25,60.099998474121094
FRPT,2026-03-26,58.790000915527344
FRPT,2026-03-27,55.93000030517578
FRPT,2026-03-30,56.599998474121094
FRPT,2026-03-31,58.959999084472656
FRPT,2026-04-01,60.08000183105469
FRPT,2026-04-02,59.400001525878906
FRPT,2026-04-06,59.0099983215332
FRPT,2026-04-07,63.040000915527344
FRPT,2026-04-08,65.02999877929688
FRPT,2026-04-09,66.62999725341797
FRPT,2026-04-10,64.80000305175781
FRPT,2026-04-13,68.25
FRPT,2026-04-14,69.11000061035156
FRPT,2026-04-15,68.79000091552734
FRPT,2026-04-16,67.33999633789062
FRPT,2026-04-17,69.5
FRPT,2026-04-20,68.12000274658203
FRPT,2026-04-21,64.83000183105469
FRPT,2026-04-22,65.95999908447266
FRPT,2026-04-23,65.55999755859375
FRPT,2026-04-24,66.1500015258789
FRPT,2026-04-27,65.44999694824219
FRPT,2026-04-28,65.6500015258789
FRPT,2026-04-29,66.13999938964844
FRPT,2026-04-30,67.37999725341797
FRPT,2026-05-01,65.1500015258789
FRPT,2026-05-04,63.560001373291016
FRPT,2026-05-05,60.16999816894531
FRPT,2026-05-06,54.92499923706055
FRPT,2026-05-07,55.869998931884766
FRPT,2026-05-08,53.08000183105469
FRPT,2026-05-11,49.63999938964844
FRPT,2026-05-12,51.27000045776367
FRPT,2026-05-13,48.630001068115234
FRPT,2026-05-14,49.34000015258789
FRPT,2026-05-15,49.349998474121094
FRPT,2026-05-18,48.45000076293945
FRPT,2026-05-19,47.38999938964844
FRPT,2026-05-20,48.349998474121094
FRPT,2026-05-21,51.29999923706055
FRPT,2026-05-22,51.58000183105469
FRPT,2026-05-26,51.0
FRPT,2026-05-27,52.33000183105469
FRPT,2026-05-28,53.09000015258789
FRPT,2026-05-29,51.599998474121094
FRPT,2026-06-01,49.41999816894531
FRPT,2026-06-02,49.86000061035156
FRPT,2026-06-03,50.0
FRPT,2026-06-04,49.220001220703125
FRPT,2026-06-05,49.7400016784668
FRPT,2026-06-08,51.400001525878906
FRPT,2026-06-09,51.150001525878906
FRPT,2026-06-10,50.599998474121094
FRPT,2026-06-11,52.220001220703125
FRPT,2026-06-12,52.65999984741211
FRPT,2026-06-15,54.4900016784668
FRPT,2026-06-16,57.09000015258789
FRPT,2026-06-17,55.65999984741211
FRPT,2026-06-18,55.0099983215332
FRPT,2026-06-22,50.91999816894531
FRPT,2026-06-23,53.369998931884766
FRPT,2026-06-24,52.7400016784668
FRPT,2026-06-25,53.380001068115234
FRPT,2026-06-26,57.43000030517578
FRPT,2026-06-29,60.63999938964844
FRPT,2026-06-30,59.119998931884766
FRPT,2026-07-01,56.0
FRPT,2026-07-02,56.380001068115234
FRPT,2026-07-06,54.09000015258789
FRPT,2026-07-07,54.5099983215332
FRPT,2026-07-08,54.25
FRPT,2026-07-09,55.470001220703125
FRPT,2026-07-10,53.619998931884766
FRPT,2026-07-13,55.91999816894531
FRPT,2026-07-14,54.22999954223633
FRPT,2026-07-15,56.22999954223633
FRPT,2026-07-16,56.93000030517578
FRPT,2026-07-17,56.63999938964844
FRPT,2026-07-20,56.95000076293945
FRPT,2026-07-21,58.619998931884766
FRPT,2026-07-22,57.709999084472656
FRPT,2026-07-23,56.65999984741211
FRPT,2026-07-24,57.540000915527344
FRPT,2026-07-27,59.5
FRPT,2026-07-28,61.220001220703125
FRPT,2026-07-29,61.939998626708984
FRPT,2026-07-30,60.7400016784668
FRPT,2026-07-31,59.540000915527344
FRPT,2026-08-03,59.619998931884766
FRPT,2026-08-04,62.380001068115234
FRPT,2026-08-05,71.47000122070312
FRPT,2026-08-06,66.7300033569336
FRPT,2026-08-07,66.91000366210938
FRPT,2026-08-10,67.7699966430664
FRPT,2026-08-11,71.75
FRPT,2026-08-12,72.30999755859375
FRPT,2026-08-13,72.7300033569336
FRPT,2026-08-14,72.76000213623047
FRPT,2026-08-17,72.6500015258789
FRPT,2026-08-18,72.62999725341797
FRPT,2026-08-19,75.02999877929688
FRPT,2026-08-20,74.12999725341797
FRPT,2026-08-21,73.96499633789062
FRPT,2026-08-24,76.55000305175781
FRPT,2026-08-25,75.4000015258789
FRPT,2026-08-26,74.88999938964844
FRPT,2026-08-27,72.77999877929688
FRPT,2026-08-28,70.81999969482422
FRPT,2026-08-31,69.86000061035156
FRPT,2026-09-01,70.30999755859375
FRPT,2026-09-02,70.76499938964844
FRPT,2026-09-03,69.68000030517578
FRPT,2026-09-04,70.23999786376953
FRPT,2026-09-08,67.27999877929688
FRVO,2026-05-13,36.540000915527344
FRVO,2026-05-14,40.630001068115234
FRVO,2026-05-15,41.060001373291016
FRVO,2026-05-18,38.599998474121094
FRVO,2026-05-19,36.34000015258789
FRVO,2026-05-20,38.0099983215332
FRVO,2026-05-21,42.5
FRVO,2026-05-22,38.349998474121094
FRVO,2026-05-26,39.5099983215332
FRVO,2026-05-27,37.31999969482422
FRVO,2026-05-28,38.70000076293945
FRVO,2026-05-29,36.65999984741211
FRVO,2026-06-01,35.56999969482422
FRVO,2026-06-02,37.630001068115234
FRVO,2026-06-03,39.970001220703125
FRVO,2026-06-04,38.86000061035156
FRVO,2026-06-05,37.220001220703125
FRVO,2026-06-08,33.959999084472656
FRVO,2026-06-09,33.56999969482422
FRVO,2026-06-10,33.06999969482422
FRVO,2026-06-11,34.63999938964844
FRVO,2026-06-12,35.189998626708984
FRVO,2026-06-15,35.31999969482422
FRVO,2026-06-16,33.90999984741211
FRVO,2026-06-17,36.4900016784668
FRVO,2026-06-18,35.09000015258789
FRVO,2026-06-22,36.36000061035156
FRVO,2026-06-23,32.959999084472656
FRVO,2026-06-24,32.4900016784668
FRVO,2026-06-25,31.760000228881836
FRVO,2026-06-26,32.47999954223633
FRVO,2026-06-29,31.770000457763672
FRVO,2026-06-30,29.229999542236328
FRVO,2026-07-01,29.06999969482422
FRVO,2026-07-02,27.790000915527344
FRVO,2026-07-06,27.8799991607666
FRVO,2026-07-07,23.799999237060547
FRVO,2026-07-08,23.56999969482422
FRVO,2026-07-09,27.350000381469727
FRVO,2026-07-10,27.1299991607666
FRVO,2026-07-13,25.860000610351562
FRVO,2026-07-14,25.020000457763672
FRVO,2026-07-15,24.56999969482422
FRVO,2026-07-16,23.110000610351562
FRVO,2026-07-17,24.649999618530273
FRVO,2026-07-20,25.489999771118164
FRVO,2026-07-21,26.989999771118164
FRVO,2026-07-22,27.899999618530273
FRVO,2026-07-23,26.3700008392334
FRVO,2026-07-24,24.020000457763672
FRVO,2026-07-27,23.979999542236328
FRVO,2026-07-28,21.1200008392334
FRVO,2026-07-29,17.079999923706055
FRVO,2026-07-30,22.299999237060547
FRVO,2026-07-31,22.540000915527344
FRVO,2026-08-03,22.190000534057617
FRVO,2026-08-04,22.75
FRVO,2026-08-05,22.049999237060547
FRVO,2026-08-06,23.0
FRVO,2026-08-07,25.850000381469727
FRVO,2026-08-10,23.920000076293945
FRVO,2026-08-11,24.170000076293945
FRVO,2026-08-12,20.15999984741211
FRVO,2026-08-13,20.31999969482422
FRVO,2026-08-14,19.760000228881836
FRVO,2026-08-17,18.100000381469727
FRVO,2026-08-18,17.969999313354492
FRVO,2026-08-19,17.829999923706055
FRVO,2026-08-20,17.0
FRVO,2026-08-21,16.920000076293945
FRVO,2026-08-24,15.470000267028809
FRVO,2026-08-25,16.450000762939453
FRVO,2026-08-26,15.4399995803833
FRVO,2026-08-27,15.960000038146973
FRVO,2026-08-28,14.770000457763672
FRVO,2026-08-31,15.380000114440918
FRVO,2026-09-01,19.75
FRVO,2026-09-02,17.979999542236328
FRVO,2026-09-03,17.15999984741211
FRVO,2026-09-04,18.15999984741211
FRVO,2026-09-08,18.899999618530273
FSUN,2026-03-18,34.75
FSUN,2026-03-19,35.900001525878906
FSUN,2026-03-20,35.5099983215332
FSUN,2026-03-23,36.380001068115234
FSUN,2026-03-24,36.31999969482422
FSUN,2026-03-25,36.869998931884766
FSUN,2026-03-26,36.459999084472656
FSUN,2026-03-27,36.060001373291016
FSUN,2026-03-30,35.84000015258789
FSUN,2026-03-31,36.459999084472656
FSUN,2026-04-01,36.709999084472656
FSUN,2026-04-02,36.68000030517578
FSUN,2026-04-06,36.060001373291016
FSUN,2026-04-07,35.36000061035156
FSUN,2026-04-08,36.650001525878906
FSUN,2026-04-09,37.779998779296875
FSUN,2026-04-10,37.65999984741211
FSUN,2026-04-13,38.15999984741211
FSUN,2026-04-14,38.86000061035156
FSUN,2026-04-15,38.31999969482422
FSUN,2026-04-16,38.41999816894531
FSUN,2026-04-17,39.119998931884766
FSUN,2026-04-20,39.45000076293945
FSUN,2026-04-21,38.11000061035156
FSUN,2026-04-22,38.15999984741211
FSUN,2026-04-23,38.435001373291016
FSUN,2026-04-24,38.22999954223633
FSUN,2026-04-27,38.61000061035156
FSUN,2026-04-28,37.310001373291016
FSUN,2026-04-29,35.47999954223633
FSUN,2026-04-30,35.36000061035156
FSUN,2026-05-01,35.93000030517578
FSUN,2026-05-04,35.84000015258789
FSUN,2026-05-05,36.310001373291016
FSUN,2026-05-06,36.72999954223633
FSUN,2026-05-07,36.86000061035156
FSUN,2026-05-08,37.08000183105469
FSUN,2026-05-11,35.72999954223633
FSUN,2026-05-12,35.95000076293945
FSUN,2026-05-13,35.189998626708984
FSUN,2026-05-14,35.220001220703125
FSUN,2026-05-15,34.47999954223633
FSUN,2026-05-18,35.279998779296875
FSUN,2026-05-19,35.25
FSUN,2026-05-20,36.02000045776367
FSUN,2026-05-21,35.970001220703125
FSUN,2026-05-22,35.439998626708984
FSUN,2026-05-26,35.779998779296875
FSUN,2026-05-27,35.540000915527344
FSUN,2026-05-28,35.45000076293945
FSUN,2026-05-29,35.45000076293945
FSUN,2026-06-01,34.7599983215332
FSUN,2026-06-02,35.11000061035156
FSUN,2026-06-03,34.310001373291016
FSUN,2026-06-04,35.27000045776367
FSUN,2026-06-05,35.66999816894531
FSUN,2026-06-08,35.720001220703125
FSUN,2026-06-09,36.5
FSUN,2026-06-10,36.380001068115234
FSUN,2026-06-11,36.790000915527344
FSUN,2026-06-12,36.90999984741211
FSUN,2026-06-15,36.279998779296875
FSUN,2026-06-16,36.09000015258789
FSUN,2026-06-17,35.439998626708984
FSUN,2026-06-18,36.189998626708984
FSUN,2026-06-22,36.02000045776367
FSUN,2026-06-23,37.04999923706055
FSUN,2026-06-24,37.84000015258789
FSUN,2026-06-25,37.6150016784668
FSUN,2026-06-26,38.310001373291016
FSUN,2026-06-29,38.779998779296875
FSUN,2026-06-30,38.779998779296875
FSUN,2026-07-01,39.849998474121094
FSUN,2026-07-02,38.97999954223633
FSUN,2026-07-06,38.75
FSUN,2026-07-07,38.540000915527344
FSUN,2026-07-08,37.18000030517578
FSUN,2026-07-09,37.93000030517578
FSUN,2026-07-10,35.08000183105469
FSUN,2026-07-13,35.47999954223633
FSUN,2026-07-14,35.29999923706055
FSUN,2026-07-15,35.310001373291016
FSUN,2026-07-16,36.4900016784668
FSUN,2026-07-17,35.43000030517578
FSUN,2026-07-20,35.06999969482422
FSUN,2026-07-21,34.209999084472656
FSUN,2026-07-22,33.91999816894531
FSUN,2026-07-23,34.040000915527344
FSUN,2026-07-24,34.4900016784668
FSUN,2026-07-27,34.810001373291016
FSUN,2026-07-28,39.34000015258789
FSUN,2026-07-29,39.09000015258789
FSUN,2026-07-30,38.9900016784668
FSUN,2026-07-31,38.68000030517578
FSUN,2026-08-03,39.25
FSUN,2026-08-04,39.720001220703125
FSUN,2026-08-05,39.79999923706055
FSUN,2026-08-06,39.77000045776367
FSUN,2026-08-07,39.68000030517578
FSUN,2026-08-10,39.66999816894531
FSUN,2026-08-11,40.61000061035156
FSUN,2026-08-12,40.720001220703125
FSUN,2026-08-13,40.880001068115234
FSUN,2026-08-14,41.11000061035156
FSUN,2026-08-17,40.97999954223633
FSUN,2026-08-18,40.439998626708984
FSUN,2026-08-19,39.91999816894531
FSUN,2026-08-20,39.91999816894531
FSUN,2026-08-21,40.0
FSUN,2026-08-24,40.560001373291016
FSUN,2026-08-25,40.290000915527344
FSUN,2026-08-26,40.349998474121094
FSUN,2026-08-27,40.130001068115234
FSUN,2026-08-28,40.06999969482422
FSUN,2026-08-31,40.0099983215332
FSUN,2026-09-01,39.380001068115234
FSUN,2026-09-02,40.16999816894531
FSUN,2026-09-03,40.63999938964844
FSUN,2026-09-04,40.91999816894531
FSUN,2026-09-08,40.66999816894531
FTK,2026-03-18,16.479999542236328
FTK,2026-03-19,17.229999542236328
FTK,2026-03-20,16.059999465942383
FTK,2026-03-23,16.329999923706055
FTK,2026-03-24,17.0
FTK,2026-03-25,17.6200008392334
FTK,2026-03-26,17.450000762939453
FTK,2026-03-27,17.420000076293945
FTK,2026-03-30,16.940000534057617
FTK,2026-03-31,16.969999313354492
FTK,2026-04-01,16.200000762939453
FTK,2026-04-02,16.020000457763672
FTK,2026-04-06,15.399999618530273
FTK,2026-04-07,15.119999885559082
FTK,2026-04-08,15.75
FTK,2026-04-09,15.199999809265137
FTK,2026-04-10,15.779999732971191
FTK,2026-04-13,15.710000038146973
FTK,2026-04-14,15.6899995803833
FTK,2026-04-15,16.3700008392334
FTK,2026-04-16,16.290000915527344
FTK,2026-04-17,15.619999885559082
FTK,2026-04-20,15.710000038146973
FTK,2026-04-21,15.329999923706055
FTK,2026-04-22,16.75
FTK,2026-04-23,16.93000030517578
FTK,2026-04-24,17.010000228881836
FTK,2026-04-27,17.18000030517578
FTK,2026-04-28,16.959999084472656
FTK,2026-04-29,16.940000534057617
FTK,2026-04-30,16.899999618530273
FTK,2026-05-01,16.8799991607666
FTK,2026-05-04,16.649999618530273
FTK,2026-05-05,16.860000610351562
FTK,2026-05-06,16.329999923706055
FTK,2026-05-07,16.200000762939453
FTK,2026-05-08,15.970000267028809
FTK,2026-05-11,16.950000762939453
FTK,2026-05-12,17.0
FTK,2026-05-13,18.719999313354492
FTK,2026-05-14,20.5
FTK,2026-05-15,19.610000610351562
FTK,2026-05-18,19.8799991607666
FTK,2026-05-19,19.899999618530273
FTK,2026-05-20,20.329999923706055
FTK,2026-05-21,20.530000686645508
FTK,2026-05-22,19.920000076293945
FTK,2026-05-26,19.780000686645508
FTK,2026-05-27,21.079999923706055
FTK,2026-05-28,20.479999542236328
FTK,2026-05-29,19.950000762939453
FTK,2026-06-01,20.350000381469727
FTK,2026-06-02,23.329999923706055
FTK,2026-06-03,23.200000762939453
FTK,2026-06-04,24.81999969482422
FTK,2026-06-05,23.520000457763672
FTK,2026-06-08,23.549999237060547
FTK,2026-06-09,24.209999084472656
FTK,2026-06-10,23.639999389648438
FTK,2026-06-11,24.18000030517578
FTK,2026-06-12,24.639999389648438
FTK,2026-06-15,23.989999771118164
FTK,2026-06-16,23.270000457763672
FTK,2026-06-17,22.479999542236328
FTK,2026-06-18,22.65999984741211
FTK,2026-06-22,24.329999923706055
FTK,2026-06-23,23.469999313354492
FTK,2026-06-24,21.739999771118164
FTK,2026-06-25,21.8700008392334
FTK,2026-06-26,22.15999984741211
FTK,2026-06-29,22.68000030517578
FTK,2026-06-30,23.520000457763672
FTK,2026-07-01,23.649999618530273
FTK,2026-07-02,22.190000534057617
FTK,2026-07-06,23.229999542236328
FTK,2026-07-07,22.399999618530273
FTK,2026-07-08,23.09000015258789
FTK,2026-07-09,24.920000076293945
FTK,2026-07-10,25.559999465942383
FTK,2026-07-13,24.959999084472656
FTK,2026-07-14,26.770000457763672
FTK,2026-07-15,26.100000381469727
FTK,2026-07-16,25.81999969482422
FTK,2026-07-17,26.170000076293945
FTK,2026-07-20,25.6200008392334
FTK,2026-07-21,27.280000686645508
FTK,2026-07-22,27.239999771118164
FTK,2026-07-23,25.940000534057617
FTK,2026-07-24,25.84000015258789
FTK,2026-07-27,24.360000610351562
FTK,2026-07-28,23.65999984741211
FTK,2026-07-29,21.799999237060547
FTK,2026-07-30,23.399999618530273
FTK,2026-07-31,23.540000915527344
FTK,2026-08-03,26.760000228881836
FTK,2026-08-04,28.209999084472656
FTK,2026-08-05,36.06999969482422
FTK,2026-08-06,36.43000030517578
FTK,2026-08-07,35.41999816894531
FTK,2026-08-10,37.619998931884766
FTK,2026-08-11,38.81999969482422
FTK,2026-08-12,37.16999816894531
FTK,2026-08-13,34.40999984741211
FTK,2026-08-14,35.83000183105469
FTK,2026-08-17,28.65999984741211
FTK,2026-08-18,27.020000457763672
FTK,2026-08-19,25.170000076293945
FTK,2026-08-20,25.0
FTK,2026-08-21,24.670000076293945
FTK,2026-08-24,23.920000076293945
FTK,2026-08-25,24.0
FTK,2026-08-26,23.610000610351562
FTK,2026-08-27,24.399999618530273
FTK,2026-08-28,23.93000030517578
FTK,2026-08-31,23.719999313354492
FTK,2026-09-01,22.790000915527344
FTK,2026-09-02,23.3700008392334
FTK,2026-09-03,23.739999771118164
FTK,2026-09-04,23.540000915527344
FTK,2026-09-08,24.3700008392334
GAP,2026-03-18,24.030000686645508
GAP,2026-03-19,24.079999923706055
GAP,2026-03-20,23.90999984741211
GAP,2026-03-23,24.700000762939453
GAP,2026-03-24,25.489999771118164
GAP,2026-03-25,24.93000030517578
GAP,2026-03-26,25.06999969482422
GAP,2026-03-27,24.739999771118164
GAP,2026-03-30,23.829999923706055
GAP,2026-03-31,24.200000762939453
GAP,2026-04-01,24.760000228881836
GAP,2026-04-02,24.610000610351562
GAP,2026-04-06,25.350000381469727
GAP,2026-04-07,24.729999542236328
GAP,2026-04-08,25.43000030517578
GAP,2026-04-09,26.360000610351562
GAP,2026-04-10,26.299999237060547
GAP,2026-04-13,25.280000686645508
GAP,2026-04-14,24.90999984741211
GAP,2026-04-15,25.799999237060547
GAP,2026-04-16,26.079999923706055
GAP,2026-04-17,27.020000457763672
GAP,2026-04-20,27.270000457763672
GAP,2026-04-21,26.649999618530273
GAP,2026-04-22,25.920000076293945
GAP,2026-04-23,25.209999084472656
GAP,2026-04-24,24.989999771118164
GAP,2026-04-27,25.1299991607666
GAP,2026-04-28,24.440000534057617
GAP,2026-04-29,24.260000228881836
GAP,2026-04-30,24.59000015258789
GAP,2026-05-01,24.68000030517578
GAP,2026-05-04,23.670000076293945
GAP,2026-05-05,23.639999389648438
GAP,2026-05-06,24.559999465942383
GAP,2026-05-07,23.899999618530273
GAP,2026-05-08,23.3700008392334
GAP,2026-05-11,21.739999771118164
GAP,2026-05-12,21.40999984741211
GAP,2026-05-13,21.020000457763672
GAP,2026-05-14,21.229999542236328
GAP,2026-05-15,21.049999237060547
GAP,2026-05-18,20.729999542236328
GAP,2026-05-19,20.780000686645508
GAP,2026-05-20,22.299999237060547
GAP,2026-05-21,23.170000076293945
GAP,2026-05-22,23.389999389648438
GAP,2026-05-26,23.489999771118164
GAP,2026-05-27,24.049999237060547
GAP,2026-05-28,25.0
GAP,2026-05-29,21.149999618530273
GAP,2026-06-01,20.959999084472656
GAP,2026-06-02,21.309999465942383
GAP,2026-06-03,21.190000534057617
GAP,2026-06-04,21.559999465942383
GAP,2026-06-05,21.559999465942383
GAP,2026-06-08,21.290000915527344
GAP,2026-06-09,21.65999984741211
GAP,2026-06-10,21.100000381469727
GAP,2026-06-11,21.860000610351562
GAP,2026-06-12,21.889999389648438
GAP,2026-06-15,22.100000381469727
GAP,2026-06-16,21.729999542236328
GAP,2026-06-17,20.940000534057617
GAP,2026-06-18,21.149999618530273
GAP,2026-06-22,20.6200008392334
GAP,2026-06-23,20.450000762939453
GAP,2026-06-24,20.920000076293945
GAP,2026-06-25,20.219999313354492
GAP,2026-06-26,20.209999084472656
GAP,2026-06-29,18.729999542236328
GAP,2026-06-30,18.68000030517578
GAP,2026-07-01,18.81999969482422
GAP,2026-07-02,19.25
GAP,2026-07-06,19.3700008392334
GAP,2026-07-07,19.06999969482422
GAP,2026-07-08,18.350000381469727
GAP,2026-07-09,18.850000381469727
GAP,2026-07-10,19.459999084472656
GAP,2026-07-13,19.799999237060547
GAP,2026-07-14,20.1299991607666
GAP,2026-07-15,20.280000686645508
GAP,2026-07-16,20.5
GAP,2026-07-17,20.350000381469727
GAP,2026-07-20,19.8799991607666
GAP,2026-07-21,19.600000381469727
GAP,2026-07-22,19.649999618530273
GAP,2026-07-23,18.8799991607666
GAP,2026-07-24,19.010000228881836
GAP,2026-07-27,19.639999389648438
GAP,2026-07-28,20.209999084472656
GAP,2026-07-29,20.290000915527344
GAP,2026-07-30,20.3799991607666
GAP,2026-07-31,20.09000015258789
GAP,2026-08-03,20.489999771118164
GAP,2026-08-04,20.6200008392334
GAP,2026-08-05,20.56999969482422
GAP,2026-08-06,20.520000457763672
GAP,2026-08-07,20.469999313354492
GAP,2026-08-10,21.510000228881836
GAP,2026-08-11,20.959999084472656
GAP,2026-08-12,20.25
GAP,2026-08-13,20.389999389648438
GAP,2026-08-14,20.600000381469727
GAP,2026-08-17,20.18000030517578
GAP,2026-08-18,20.079999923706055
GAP,2026-08-19,20.100000381469727
GAP,2026-08-20,19.649999618530273
GAP,2026-08-21,19.799999237060547
GAP,2026-08-24,20.360000610351562
GAP,2026-08-25,20.149999618530273
GAP,2026-08-26,21.149999618530273
GAP,2026-08-27,20.790000915527344
GAP,2026-08-28,23.479999542236328
GAP,2026-08-31,22.309999465942383
GAP,2026-09-01,22.0
GAP,2026-09-02,22.059999465942383
GAP,2026-09-03,22.31999969482422
GAP,2026-09-04,22.43000030517578
GAP,2026-09-08,22.3799991607666
GCT,2026-03-18,42.61000061035156
GCT,2026-03-19,42.7400016784668
GCT,2026-03-20,40.310001373291016
GCT,2026-03-23,43.279998779296875
GCT,2026-03-24,42.02000045776367
GCT,2026-03-25,44.689998626708984
GCT,2026-03-26,43.52000045776367
GCT,2026-03-27,41.59000015258789
GCT,2026-03-30,41.54999923706055
GCT,2026-03-31,45.380001068115234
GCT,2026-04-01,45.915000915527344
GCT,2026-04-02,44.779998779296875
GCT,2026-04-06,45.540000915527344
GCT,2026-04-07,41.0
GCT,2026-04-08,45.54999923706055
GCT,2026-04-09,46.5
GCT,2026-04-10,44.54499816894531
GCT,2026-04-13,43.5
GCT,2026-04-14,44.959999084472656
GCT,2026-04-15,46.56999969482422
GCT,2026-04-16,48.220001220703125
GCT,2026-04-17,51.79999923706055
GCT,2026-04-20,50.09000015258789
GCT,2026-04-21,47.41999816894531
GCT,2026-04-22,47.77000045776367
GCT,2026-04-23,47.5
GCT,2026-04-24,46.7400016784668
GCT,2026-04-27,45.439998626708984
GCT,2026-04-28,42.97999954223633
GCT,2026-04-29,43.38999938964844
GCT,2026-04-30,44.4900016784668
GCT,2026-05-01,45.099998474121094
GCT,2026-05-04,43.7599983215332
GCT,2026-05-05,42.13999938964844
GCT,2026-05-06,44.9900016784668
GCT,2026-05-07,42.84000015258789
GCT,2026-05-08,40.18000030517578
GCT,2026-05-11,39.400001525878906
GCT,2026-05-12,38.25
GCT,2026-05-13,38.099998474121094
GCT,2026-05-14,37.060001373291016
GCT,2026-05-15,36.060001373291016
GCT,2026-05-18,37.29999923706055
GCT,2026-05-19,35.83000183105469
GCT,2026-05-20,37.34000015258789
GCT,2026-05-21,38.54999923706055
GCT,2026-05-22,38.189998626708984
GCT,2026-05-26,38.400001525878906
GCT,2026-05-27,38.36000061035156
GCT,2026-05-28,37.86000061035156
GCT,2026-05-29,36.040000915527344
GCT,2026-06-01,35.380001068115234
GCT,2026-06-02,34.4900016784668
GCT,2026-06-03,32.40999984741211
GCT,2026-06-04,33.310001373291016
GCT,2026-06-05,31.530000686645508
GCT,2026-06-08,31.709999084472656
GCT,2026-06-09,32.720001220703125
GCT,2026-06-10,31.709999084472656
GCT,2026-06-11,33.45000076293945
GCT,2026-06-12,34.099998474121094
GCT,2026-06-15,34.5
GCT,2026-06-16,33.689998626708984
GCT,2026-06-17,32.9900016784668
GCT,2026-06-18,33.97999954223633
GCT,2026-06-22,33.31999969482422
GCT,2026-06-23,33.310001373291016
GCT,2026-06-24,33.369998931884766
GCT,2026-06-25,31.729999542236328
GCT,2026-06-26,32.029998779296875
GCT,2026-06-29,32.40999984741211
GCT,2026-06-30,31.600000381469727
GCT,2026-07-01,33.119998931884766
GCT,2026-07-02,33.209999084472656
GCT,2026-07-06,34.08000183105469
GCT,2026-07-07,33.689998626708984
GCT,2026-07-08,33.7400016784668
GCT,2026-07-09,34.83000183105469
GCT,2026-07-10,34.40999984741211
GCT,2026-07-13,35.400001525878906
GCT,2026-07-14,35.400001525878906
GCT,2026-07-15,37.439998626708984
GCT,2026-07-16,38.40999984741211
GCT,2026-07-17,38.0099983215332
GCT,2026-07-20,38.369998931884766
GCT,2026-07-21,38.4900016784668
GCT,2026-07-22,37.099998474121094
GCT,2026-07-23,35.779998779296875
GCT,2026-07-24,36.09000015258789
GCT,2026-07-27,39.16999816894531
GCT,2026-07-28,40.2599983215332
GCT,2026-07-29,41.59000015258789
GCT,2026-07-30,42.209999084472656
GCT,2026-07-31,43.7400016784668
GCT,2026-08-03,44.939998626708984
GCT,2026-08-04,46.459999084472656
GCT,2026-08-05,46.2400016784668
GCT,2026-08-06,52.400001525878906
GCT,2026-08-07,53.25
GCT,2026-08-10,51.650001525878906
GCT,2026-08-11,51.52000045776367
GCT,2026-08-12,51.65999984741211
GCT,2026-08-13,53.22999954223633
GCT,2026-08-14,51.869998931884766
GCT,2026-08-17,50.279998779296875
GCT,2026-08-18,49.06999969482422
GCT,2026-08-19,52.06999969482422
GCT,2026-08-20,49.86000061035156
GCT,2026-08-21,49.650001525878906
GCT,2026-08-24,50.5099983215332
GCT,2026-08-25,52.220001220703125
GCT,2026-08-26,52.08000183105469
GCT,2026-08-27,51.58000183105469
GCT,2026-08-28,52.95000076293945
GCT,2026-08-31,48.529998779296875
GCT,2026-09-01,47.369998931884766
GCT,2026-09-02,50.5
GCT,2026-09-03,50.869998931884766
GCT,2026-09-04,51.75
GCT,2026-09-08,52.20000076293945
GDRX,2026-03-18,2.1700000762939453
GDRX,2026-03-19,2.1500000953674316
GDRX,2026-03-20,2.0299999713897705
GDRX,2026-03-23,2.0799999237060547
GDRX,2026-03-24,2.0399999618530273
GDRX,2026-03-25,2.059999942779541
GDRX,2026-03-26,2.0399999618530273
GDRX,2026-03-27,1.940000057220459
GDRX,2026-03-30,1.909999966621399
GDRX,2026-03-31,1.9600000381469727
GDRX,2026-04-01,2.009999990463257
GDRX,2026-04-02,2.049999952316284
GDRX,2026-04-06,2.069999933242798
GDRX,2026-04-07,2.049999952316284
GDRX,2026-04-08,2.140000104904175
GDRX,2026-04-09,2.1600000858306885
GDRX,2026-04-10,2.190000057220459
GDRX,2026-04-13,2.1500000953674316
GDRX,2026-04-14,2.2300000190734863
GDRX,2026-04-15,2.319999933242798
GDRX,2026-04-16,2.3499999046325684
GDRX,2026-04-17,2.2699999809265137
GDRX,2026-04-20,2.369999885559082
GDRX,2026-04-21,2.309999942779541
GDRX,2026-04-22,2.369999885559082
GDRX,2026-04-23,2.299999952316284
GDRX,2026-04-24,2.309999942779541
GDRX,2026-04-27,2.2799999713897705
GDRX,2026-04-28,2.319999933242798
GDRX,2026-04-29,2.2899999618530273
GDRX,2026-04-30,2.359999895095825
GDRX,2026-05-01,2.549999952316284
GDRX,2026-05-04,2.5
GDRX,2026-05-05,2.559999942779541
GDRX,2026-05-06,2.569999933242798
GDRX,2026-05-07,2.8399999141693115
GDRX,2026-05-08,2.9200000762939453
GDRX,2026-05-11,2.8399999141693115
GDRX,2026-05-12,2.690000057220459
GDRX,2026-05-13,2.609999895095825
GDRX,2026-05-14,2.490000009536743
GDRX,2026-05-15,2.430000066757202
GDRX,2026-05-18,2.5
GDRX,2026-05-19,2.5199999809265137
GDRX,2026-05-20,2.5199999809265137
GDRX,2026-05-21,2.559999942779541
GDRX,2026-05-22,2.6500000953674316
GDRX,2026-05-26,2.7799999713897705
GDRX,2026-05-27,2.859999895095825
GDRX,2026-05-28,2.9700000286102295
GDRX,2026-05-29,2.9200000762939453
GDRX,2026-06-01,3.0799999237060547
GDRX,2026-06-02,2.950000047683716
GDRX,2026-06-03,2.809999942779541
GDRX,2026-06-04,2.8499999046325684
GDRX,2026-06-05,2.6500000953674316
GDRX,2026-06-08,2.630000114440918
GDRX,2026-06-09,2.6500000953674316
GDRX,2026-06-10,2.559999942779541
GDRX,2026-06-11,2.630000114440918
GDRX,2026-06-12,2.6500000953674316
GDRX,2026-06-15,2.7300000190734863
GDRX,2026-06-16,2.7300000190734863
GDRX,2026-06-17,2.609999895095825
GDRX,2026-06-18,2.6600000858306885
GDRX,2026-06-22,2.569999933242798
GDRX,2026-06-23,2.6700000762939453
GDRX,2026-06-24,2.759999990463257
GDRX,2026-06-25,2.690000057220459
GDRX,2026-06-26,2.799999952316284
GDRX,2026-06-29,2.8499999046325684
GDRX,2026-06-30,2.880000114440918
GDRX,2026-07-01,3.059999942779541
GDRX,2026-07-02,3.049999952316284
GDRX,2026-07-06,3.0799999237060547
GDRX,2026-07-07,3.0299999713897705
GDRX,2026-07-08,2.9600000381469727
GDRX,2026-07-09,2.940000057220459
GDRX,2026-07-10,2.950000047683716
GDRX,2026-07-13,3.0399999618530273
GDRX,2026-07-14,3.009999990463257
GDRX,2026-07-15,3.059999942779541
GDRX,2026-07-16,3.119999885559082
GDRX,2026-07-17,3.140000104904175
GDRX,2026-07-20,3.140000104904175
GDRX,2026-07-21,3.0199999809265137
GDRX,2026-07-22,2.930000066757202
GDRX,2026-07-23,2.869999885559082
GDRX,2026-07-24,2.9600000381469727
GDRX,2026-07-27,3.049999952316284
GDRX,2026-07-28,3.119999885559082
GDRX,2026-07-29,3.2200000286102295
GDRX,2026-07-30,3.1700000762939453
GDRX,2026-07-31,3.069999933242798
GDRX,2026-08-03,3.1600000858306885
GDRX,2026-08-04,3.3399999141693115
GDRX,2026-08-05,3.2699999809265137
GDRX,2026-08-06,3.7200000286102295
GDRX,2026-08-07,3.680000066757202
GDRX,2026-08-10,3.6600000858306885
GDRX,2026-08-11,3.799999952316284
GDRX,2026-08-12,3.5899999141693115
GDRX,2026-08-13,3.7200000286102295
GDRX,2026-08-14,3.7300000190734863
GDRX,2026-08-17,3.7200000286102295
GDRX,2026-08-18,3.6500000953674316
GDRX,2026-08-19,3.5399999618530273
GDRX,2026-08-20,3.559999942779541
GDRX,2026-08-21,3.450000047683716
GDRX,2026-08-24,3.440000057220459
GDRX,2026-08-25,3.4749999046325684
GDRX,2026-08-26,3.6500000953674316
GDRX,2026-08-27,3.509999990463257
GDRX,2026-08-28,3.5299999713897705
GDRX,2026-08-31,3.490000009536743
GDRX,2026-09-01,3.4600000381469727
GDRX,2026-09-02,3.450000047683716
GDRX,2026-09-03,3.5299999713897705
GDRX,2026-09-04,3.4800000190734863
GDRX,2026-09-08,3.5199999809265137
GENB,2026-03-18,11.8100004196167
GENB,2026-03-19,12.289999961853027
GENB,2026-03-20,12.270000457763672
GENB,2026-03-23,12.520000457763672
GENB,2026-03-24,12.029999732971191
GENB,2026-03-25,11.829999923706055
GENB,2026-03-26,12.850000381469727
GENB,2026-03-27,11.4399995803833
GENB,2026-03-30,11.510000228881836
GENB,2026-03-31,12.5
GENB,2026-04-01,13.3100004196167
GENB,2026-04-02,13.75
GENB,2026-04-06,12.100000381469727
GENB,2026-04-07,11.829999923706055
GENB,2026-04-08,11.9399995803833
GENB,2026-04-09,11.529999732971191
GENB,2026-04-10,11.40999984741211
GENB,2026-04-13,12.800000190734863
GENB,2026-04-14,12.890000343322754
GENB,2026-04-15,12.5
GENB,2026-04-16,12.609999656677246
GENB,2026-04-17,12.449999809265137
GENB,2026-04-20,12.119999885559082
GENB,2026-04-21,12.670000076293945
GENB,2026-04-22,13.029999732971191
GENB,2026-04-23,12.859999656677246
GENB,2026-04-24,12.800000190734863
GENB,2026-04-27,12.449999809265137
GENB,2026-04-28,12.470000267028809
GENB,2026-04-29,12.380000114440918
GENB,2026-04-30,12.630000114440918
GENB,2026-05-01,13.149999618530273
GENB,2026-05-04,14.460000038146973
GENB,2026-05-05,15.420000076293945
GENB,2026-05-06,15.300000190734863
GENB,2026-05-07,13.59000015258789
GENB,2026-05-08,13.65999984741211
GENB,2026-05-11,14.369999885559082
GENB,2026-05-12,15.489999771118164
GENB,2026-05-13,16.219999313354492
GENB,2026-05-14,15.470000267028809
GENB,2026-05-15,16.0
GENB,2026-05-18,13.010000228881836
GENB,2026-05-19,12.420000076293945
GENB,2026-05-20,13.020000457763672
GENB,2026-05-21,13.979999542236328
GENB,2026-05-22,14.529999732971191
GENB,2026-05-26,13.34000015258789
GENB,2026-05-27,13.079999923706055
GENB,2026-05-28,13.09000015258789
GENB,2026-05-29,13.119999885559082
GENB,2026-06-01,12.970000267028809
GENB,2026-06-02,11.970000267028809
GENB,2026-06-03,12.90999984741211
GENB,2026-06-04,14.699999809265137
GENB,2026-06-05,12.869999885559082
GENB,2026-06-08,12.779999732971191
GENB,2026-06-09,13.1899995803833
GENB,2026-06-10,13.15999984741211
GENB,2026-06-11,12.930000305175781
GENB,2026-06-12,12.380000114440918
GENB,2026-06-15,13.579999923706055
GENB,2026-06-16,13.369999885559082
GENB,2026-06-17,13.869999885559082
GENB,2026-06-18,14.489999771118164
GENB,2026-06-22,15.890000343322754
GENB,2026-06-23,15.430000305175781
GENB,2026-06-24,16.229999542236328
GENB,2026-06-25,16.420000076293945
GENB,2026-06-26,16.469999313354492
GENB,2026-06-29,16.90999984741211
GENB,2026-06-30,16.8700008392334
GENB,2026-07-01,16.5
GENB,2026-07-02,17.40999984741211
GENB,2026-07-06,16.920000076293945
GENB,2026-07-07,16.219999313354492
GENB,2026-07-08,15.869999885559082
GENB,2026-07-09,15.720000267028809
GENB,2026-07-10,14.329999923706055
GENB,2026-07-13,14.279999732971191
GENB,2026-07-14,14.210000038146973
GENB,2026-07-15,14.069999694824219
GENB,2026-07-16,13.65999984741211
GENB,2026-07-17,13.5600004196167
GENB,2026-07-20,13.579999923706055
GENB,2026-07-21,14.390000343322754
GENB,2026-07-22,13.899999618530273
GENB,2026-07-23,13.829999923706055
GENB,2026-07-24,13.399999618530273
GENB,2026-07-27,13.680000305175781
GENB,2026-07-28,13.140000343322754
GENB,2026-07-29,13.079999923706055
GENB,2026-07-30,14.029999732971191
GENB,2026-07-31,14.0
GENB,2026-08-03,14.34000015258789
GENB,2026-08-04,14.279999732971191
GENB,2026-08-05,14.489999771118164
GENB,2026-08-06,13.890000343322754
GENB,2026-08-07,14.350000381469727
GENB,2026-08-10,14.720000267028809
GENB,2026-08-11,14.270000457763672
GENB,2026-08-12,15.09000015258789
GENB,2026-08-13,15.029999732971191
GENB,2026-08-14,15.640000343322754
GENB,2026-08-17,15.6899995803833
GENB,2026-08-18,16.079999923706055
GENB,2026-08-19,16.969999313354492
GENB,2026-08-20,15.989999771118164
GENB,2026-08-21,16.1200008392334
GENB,2026-08-24,17.719999313354492
GENB,2026-08-25,20.3799991607666
GENB,2026-08-26,16.139999389648438
GENB,2026-08-27,15.770000457763672
GENB,2026-08-28,15.329999923706055
GENB,2026-08-31,15.270000457763672
GENB,2026-09-01,15.789999961853027
GENB,2026-09-02,16.280000686645508
GENB,2026-09-03,16.34000015258789
GENB,2026-09-04,16.389999389648438
GENB,2026-09-08,15.899999618530273
GERN,2026-03-18,1.5499999523162842
GERN,2026-03-19,1.5499999523162842
GERN,2026-03-20,1.4600000381469727
GERN,2026-03-23,1.5399999618530273
GERN,2026-03-24,1.5099999904632568
GERN,2026-03-25,1.5700000524520874
GERN,2026-03-26,1.5399999618530273
GERN,2026-03-27,1.399999976158142
GERN,2026-03-30,1.409999966621399
GERN,2026-03-31,1.4900000095367432
GERN,2026-04-01,1.659999966621399
GERN,2026-04-02,1.659999966621399
GERN,2026-04-06,1.75
GERN,2026-04-07,1.7400000095367432
GERN,2026-04-08,1.7100000381469727
GERN,2026-04-09,1.7599999904632568
GERN,2026-04-10,1.6699999570846558
GERN,2026-04-13,1.7300000190734863
GERN,2026-04-14,1.7699999809265137
GERN,2026-04-15,1.690000057220459
GERN,2026-04-16,1.690000057220459
GERN,2026-04-17,1.6799999475479126
GERN,2026-04-20,1.559999942779541
GERN,2026-04-21,1.5
GERN,2026-04-22,1.5499999523162842
GERN,2026-04-23,1.5
GERN,2026-04-24,1.5
GERN,2026-04-27,1.5299999713897705
GERN,2026-04-28,1.5099999904632568
GERN,2026-04-29,1.5099999904632568
GERN,2026-04-30,1.5399999618530273
GERN,2026-05-01,1.5800000429153442
GERN,2026-05-04,1.5700000524520874
GERN,2026-05-05,1.649999976158142
GERN,2026-05-06,1.5800000429153442
GERN,2026-05-07,1.4600000381469727
GERN,2026-05-08,1.3899999856948853
GERN,2026-05-11,1.3899999856948853
GERN,2026-05-12,1.399999976158142
GERN,2026-05-13,1.409999966621399
GERN,2026-05-14,1.399999976158142
GERN,2026-05-15,1.2899999618530273
GERN,2026-05-18,1.2300000190734863
GERN,2026-05-19,1.2200000286102295
GERN,2026-05-20,1.2599999904632568
GERN,2026-05-21,1.2599999904632568
GERN,2026-05-22,1.2799999713897705
GERN,2026-05-26,1.2799999713897705
GERN,2026-05-27,1.2599999904632568
GERN,2026-05-28,1.25
GERN,2026-05-29,1.25
GERN,2026-06-01,1.2100000381469727
GERN,2026-06-02,1.1699999570846558
GERN,2026-06-03,1.159999966621399
GERN,2026-06-04,1.2100000381469727
GERN,2026-06-05,1.1699999570846558
GERN,2026-06-08,1.1299999952316284
GERN,2026-06-09,1.1200000047683716
GERN,2026-06-10,1.100000023841858
GERN,2026-06-11,1.1399999856948853
GERN,2026-06-12,1.149999976158142
GERN,2026-06-15,1.149999976158142
GERN,2026-06-16,1.1799999475479126
GERN,2026-06-17,1.2300000190734863
GERN,2026-06-18,1.2599999904632568
GERN,2026-06-22,1.340000033378601
GERN,2026-06-23,1.350000023841858
GERN,2026-06-24,1.3899999856948853
GERN,2026-06-25,1.3700000047683716
GERN,2026-06-26,1.3200000524520874
GERN,2026-06-29,1.2999999523162842
GERN,2026-06-30,1.2799999713897705
GERN,2026-07-01,1.2699999809265137
GERN,2026-07-02,1.3600000143051147
GERN,2026-07-06,1.440000057220459
GERN,2026-07-07,1.4900000095367432
GERN,2026-07-08,1.559999942779541
GERN,2026-07-09,1.559999942779541
GERN,2026-07-10,1.5
GERN,2026-07-13,1.4199999570846558
GERN,2026-07-14,1.3799999952316284
GERN,2026-07-15,1.4199999570846558
GERN,2026-07-16,1.4199999570846558
GERN,2026-07-17,1.440000057220459
GERN,2026-07-20,1.440000057220459
GERN,2026-07-21,1.440000057220459
GERN,2026-07-22,1.409999966621399
GERN,2026-07-23,1.4500000476837158
GERN,2026-07-24,1.4199999570846558
GERN,2026-07-27,1.4800000190734863
GERN,2026-07-28,1.4500000476837158
GERN,2026-07-29,1.399999976158142
GERN,2026-07-30,1.340000033378601
GERN,2026-07-31,1.2899999618530273
GERN,2026-08-03,1.2799999713897705
GERN,2026-08-04,1.340000033378601
GERN,2026-08-05,1.6299999952316284
GERN,2026-08-06,1.5700000524520874
GERN,2026-08-07,1.4800000190734863
GERN,2026-08-10,1.4800000190734863
GERN,2026-08-11,1.6299999952316284
GERN,2026-08-12,1.5700000524520874
GERN,2026-08-13,1.5399999618530273
GERN,2026-08-14,1.4700000286102295
GERN,2026-08-17,1.5299999713897705
GERN,2026-08-18,1.5299999713897705
GERN,2026-08-19,1.590000033378601
GERN,2026-08-20,1.5499999523162842
GERN,2026-08-21,1.5199999809265137
GERN,2026-08-24,1.5199999809265137
GERN,2026-08-25,1.5499999523162842
GERN,2026-08-26,1.5299999713897705
GERN,2026-08-27,1.5299999713897705
GERN,2026-08-28,1.5099999904632568
GERN,2026-08-31,1.4900000095367432
GERN,2026-09-01,1.4800000190734863
GERN,2026-09-02,1.590000033378601
GERN,2026-09-03,1.5099999904632568
GERN,2026-09-04,1.5700000524520874
GERN,2026-09-08,1.5099999904632568
GPRK,2026-03-18,9.90999984741211
GPRK,2026-03-19,10.1899995803833
GPRK,2026-03-20,9.800000190734863
GPRK,2026-03-23,9.529999732971191
GPRK,2026-03-24,9.699999809265137
GPRK,2026-03-25,9.460000038146973
GPRK,2026-03-26,9.210000038146973
GPRK,2026-03-27,9.619999885559082
GPRK,2026-03-30,9.710000038146973
GPRK,2026-03-31,9.5
GPRK,2026-04-01,8.729999542236328
GPRK,2026-04-02,8.850000381469727
GPRK,2026-04-06,8.8100004196167
GPRK,2026-04-07,8.5600004196167
GPRK,2026-04-08,8.40999984741211
GPRK,2026-04-09,8.149999618530273
GPRK,2026-04-10,9.399999618530273
GPRK,2026-04-13,9.949999809265137
GPRK,2026-04-14,9.90999984741211
GPRK,2026-04-15,9.140000343322754
GPRK,2026-04-16,9.359999656677246
GPRK,2026-04-17,8.819999694824219
GPRK,2026-04-20,8.8100004196167
GPRK,2026-04-21,9.109999656677246
GPRK,2026-04-22,9.229999542236328
GPRK,2026-04-23,9.109999656677246
GPRK,2026-04-24,9.050000190734863
GPRK,2026-04-27,9.239999771118164
GPRK,2026-04-28,9.25
GPRK,2026-04-29,9.510000228881836
GPRK,2026-04-30,9.680000305175781
GPRK,2026-05-01,9.479999542236328
GPRK,2026-05-04,9.729999542236328
GPRK,2026-05-05,9.819999694824219
GPRK,2026-05-06,9.40999984741211
GPRK,2026-05-07,9.149999618530273
GPRK,2026-05-08,9.329999923706055
GPRK,2026-05-11,9.899999618530273
GPRK,2026-05-12,9.960000038146973
GPRK,2026-05-13,9.680000305175781
GPRK,2026-05-14,9.729999542236328
GPRK,2026-05-15,9.579999923706055
GPRK,2026-05-18,10.390000343322754
GPRK,2026-05-19,10.170000076293945
GPRK,2026-05-20,9.819999694824219
GPRK,2026-05-21,9.710000038146973
GPRK,2026-05-22,9.729999542236328
GPRK,2026-05-26,9.970000267028809
GPRK,2026-05-27,9.739999771118164
GPRK,2026-05-28,9.84000015258789
GPRK,2026-05-29,10.25
GPRK,2026-06-01,11.34000015258789
GPRK,2026-06-02,11.779999732971191
GPRK,2026-06-03,11.1899995803833
GPRK,2026-06-04,11.079999923706055
GPRK,2026-06-05,10.569999694824219
GPRK,2026-06-08,10.760000228881836
GPRK,2026-06-09,10.84000015258789
GPRK,2026-06-10,10.949999809265137
GPRK,2026-06-11,11.0600004196167
GPRK,2026-06-12,11.199999809265137
GPRK,2026-06-15,10.1899995803833
GPRK,2026-06-16,10.390000343322754
GPRK,2026-06-17,10.329999923706055
GPRK,2026-06-18,10.140000343322754
GPRK,2026-06-22,9.890000343322754
GPRK,2026-06-23,9.670000076293945
GPRK,2026-06-24,9.239999771118164
GPRK,2026-06-25,9.119999885559082
GPRK,2026-06-26,9.229999542236328
GPRK,2026-06-29,9.199999809265137
GPRK,2026-06-30,9.100000381469727
GPRK,2026-07-01,9.050000190734863
GPRK,2026-07-02,9.069999694824219
GPRK,2026-07-06,9.350000381469727
GPRK,2026-07-07,9.619999885559082
GPRK,2026-07-08,9.949999809265137
GPRK,2026-07-09,9.819999694824219
GPRK,2026-07-10,9.890000343322754
GPRK,2026-07-13,10.0
GPRK,2026-07-14,10.350000381469727
GPRK,2026-07-15,9.859999656677246
GPRK,2026-07-16,9.520000457763672
GPRK,2026-07-17,9.680000305175781
GPRK,2026-07-20,9.699999809265137
GPRK,2026-07-21,10.149999618530273
GPRK,2026-07-22,10.3100004196167
GPRK,2026-07-23,10.260000228881836
GPRK,2026-07-24,10.0
GPRK,2026-07-27,9.479999542236328
GPRK,2026-07-28,9.260000228881836
GPRK,2026-07-29,9.390000343322754
GPRK,2026-07-30,9.59000015258789
GPRK,2026-07-31,9.75
GPRK,2026-08-03,9.5
GPRK,2026-08-04,9.380000114440918
GPRK,2026-08-05,9.489999771118164
GPRK,2026-08-06,9.510000228881836
GPRK,2026-08-07,9.430000305175781
GPRK,2026-08-10,9.65999984741211
GPRK,2026-08-11,9.3100004196167
GPRK,2026-08-12,9.270000457763672
GPRK,2026-08-13,9.369999885559082
GPRK,2026-08-14,9.470000267028809
GPRK,2026-08-17,9.59000015258789
GPRK,2026-08-18,9.369999885559082
GPRK,2026-08-19,9.529999732971191
GPRK,2026-08-20,9.779999732971191
GPRK,2026-08-21,9.789999961853027
GPRK,2026-08-24,9.84000015258789
GPRK,2026-08-25,9.739999771118164
GPRK,2026-08-26,9.710000038146973
GPRK,2026-08-27,9.850000381469727
GPRK,2026-08-28,9.829999923706055
GPRK,2026-08-31,11.0
GPRK,2026-09-01,11.229999542236328
GPRK,2026-09-02,11.6899995803833
GPRK,2026-09-03,11.899999618530273
GPRK,2026-09-04,11.5600004196167
GPRK,2026-09-08,11.949999809265137
GRMN,2026-03-18,231.60000610351562
GRMN,2026-03-19,235.11000061035156
GRMN,2026-03-20,232.36000061035156
GRMN,2026-03-23,238.7100067138672
GRMN,2026-03-24,241.11000061035156
GRMN,2026-03-25,244.77999877929688
GRMN,2026-03-26,236.07000732421875
GRMN,2026-03-27,230.16000366210938
GRMN,2026-03-30,226.0
GRMN,2026-03-31,232.00999450683594
GRMN,2026-04-01,237.57000732421875
GRMN,2026-04-02,237.64999389648438
GRMN,2026-04-06,242.7899932861328
GRMN,2026-04-07,241.27000427246094
GRMN,2026-04-08,252.7899932861328
GRMN,2026-04-09,256.5299987792969
GRMN,2026-04-10,256.8900146484375
GRMN,2026-04-13,261.57000732421875
GRMN,2026-04-14,264.4800109863281
GRMN,2026-04-15,265.8399963378906
GRMN,2026-04-16,264.3599853515625
GRMN,2026-04-17,267.4200134277344
GRMN,2026-04-20,267.5199890136719
GRMN,2026-04-21,265.489990234375
GRMN,2026-04-22,266.5899963378906
GRMN,2026-04-23,260.79998779296875
GRMN,2026-04-24,259.3900146484375
GRMN,2026-04-27,257.3299865722656
GRMN,2026-04-28,247.80999755859375
GRMN,2026-04-29,253.0800018310547
GRMN,2026-04-30,251.13999938964844
GRMN,2026-05-01,242.4199981689453
GRMN,2026-05-04,238.60000610351562
GRMN,2026-05-05,234.63999938964844
GRMN,2026-05-06,242.82000732421875
GRMN,2026-05-07,241.89999389648438
GRMN,2026-05-08,240.08999633789062
GRMN,2026-05-11,242.3800048828125
GRMN,2026-05-12,236.97000122070312
GRMN,2026-05-13,232.02000427246094
GRMN,2026-05-14,234.42999267578125
GRMN,2026-05-15,225.75
GRMN,2026-05-18,226.88999938964844
GRMN,2026-05-19,228.69000244140625
GRMN,2026-05-20,237.47000122070312
GRMN,2026-05-21,239.77999877929688
GRMN,2026-05-22,240.7100067138672
GRMN,2026-05-26,238.52999877929688
GRMN,2026-05-27,237.97000122070312
GRMN,2026-05-28,236.35000610351562
GRMN,2026-05-29,233.9199981689453
GRMN,2026-06-01,236.8000030517578
GRMN,2026-06-02,241.02999877929688
GRMN,2026-06-03,237.94000244140625
GRMN,2026-06-04,241.9600067138672
GRMN,2026-06-05,236.57000732421875
GRMN,2026-06-08,235.22999572753906
GRMN,2026-06-09,237.85000610351562
GRMN,2026-06-10,231.72000122070312
GRMN,2026-06-11,238.5800018310547
GRMN,2026-06-12,238.10000610351562
GRMN,2026-06-15,238.1699981689453
GRMN,2026-06-16,234.9600067138672
GRMN,2026-06-17,231.88999938964844
GRMN,2026-06-18,234.1999969482422
GRMN,2026-06-22,236.33999633789062
GRMN,2026-06-23,236.41000366210938
GRMN,2026-06-24,240.02000427246094
GRMN,2026-06-25,235.41000366210938
GRMN,2026-06-26,232.50999450683594
GRMN,2026-06-29,233.75999450683594
GRMN,2026-06-30,237.5399932861328
GRMN,2026-07-01,237.63999938964844
GRMN,2026-07-02,240.02000427246094
GRMN,2026-07-06,245.22000122070312
GRMN,2026-07-07,248.67999267578125
GRMN,2026-07-08,243.52999877929688
GRMN,2026-07-09,244.50999450683594
GRMN,2026-07-10,243.11000061035156
GRMN,2026-07-13,243.61000061035156
GRMN,2026-07-14,241.38999938964844
GRMN,2026-07-15,241.75999450683594
GRMN,2026-07-16,250.99000549316406
GRMN,2026-07-17,249.55999755859375
GRMN,2026-07-20,244.7899932861328
GRMN,2026-07-21,236.64999389648438
GRMN,2026-07-22,240.50999450683594
GRMN,2026-07-23,240.10000610351562
GRMN,2026-07-24,243.02999877929688
GRMN,2026-07-27,242.47000122070312
GRMN,2026-07-28,253.64999389648438
GRMN,2026-07-29,294.8299865722656
GRMN,2026-07-30,297.54998779296875
GRMN,2026-07-31,293.7799987792969
GRMN,2026-08-03,304.760009765625
GRMN,2026-08-04,307.3599853515625
GRMN,2026-08-05,302.54998779296875
GRMN,2026-08-06,301.8699951171875
GRMN,2026-08-07,310.8900146484375
GRMN,2026-08-10,313.1600036621094
GRMN,2026-08-11,309.6499938964844
GRMN,2026-08-12,309.9800109863281
GRMN,2026-08-13,311.92999267578125
GRMN,2026-08-14,310.20001220703125
GRMN,2026-08-17,307.5
GRMN,2026-08-18,297.44000244140625
GRMN,2026-08-19,295.6700134277344
GRMN,2026-08-20,293.0899963378906
GRMN,2026-08-21,294.8500061035156
GRMN,2026-08-24,291.25
GRMN,2026-08-25,288.45001220703125
GRMN,2026-08-26,289.0199890136719
GRMN,2026-08-27,289.8699951171875
GRMN,2026-08-28,285.19000244140625
GRMN,2026-08-31,284.1099853515625
GRMN,2026-09-01,275.1700134277344
GRMN,2026-09-02,276.0400085449219
GRMN,2026-09-03,277.17999267578125
GRMN,2026-09-04,277.0299987792969
GRMN,2026-09-08,275.67999267578125
GSM,2026-03-18,4.099999904632568
GSM,2026-03-19,3.9700000286102295
GSM,2026-03-20,3.740000009536743
GSM,2026-03-23,3.8299999237060547
GSM,2026-03-24,4.099999904632568
GSM,2026-03-25,4.199999809265137
GSM,2026-03-26,4.28000020980835
GSM,2026-03-27,4.300000190734863
GSM,2026-03-30,4.159999847412109
GSM,2026-03-31,4.119999885559082
GSM,2026-04-01,3.9800000190734863
GSM,2026-04-02,4.070000171661377
GSM,2026-04-06,4.03000020980835
GSM,2026-04-07,4.039999961853027
GSM,2026-04-08,4.230000019073486
GSM,2026-04-09,4.230000019073486
GSM,2026-04-10,4.25
GSM,2026-04-13,4.349999904632568
GSM,2026-04-14,4.349999904632568
GSM,2026-04-15,4.519999980926514
GSM,2026-04-16,4.440000057220459
GSM,2026-04-17,4.480000019073486
GSM,2026-04-20,4.460000038146973
GSM,2026-04-21,4.579999923706055
GSM,2026-04-22,4.659999847412109
GSM,2026-04-23,4.269999980926514
GSM,2026-04-24,4.53000020980835
GSM,2026-04-27,4.570000171661377
GSM,2026-04-28,4.659999847412109
GSM,2026-04-29,4.489999771118164
GSM,2026-04-30,4.639999866485596
GSM,2026-05-01,4.710000038146973
GSM,2026-05-04,4.690000057220459
GSM,2026-05-05,4.78000020980835
GSM,2026-05-06,4.730000019073486
GSM,2026-05-07,3.9700000286102295
GSM,2026-05-08,4.079999923706055
GSM,2026-05-11,4.0
GSM,2026-05-12,4.010000228881836
GSM,2026-05-13,3.880000114440918
GSM,2026-05-14,4.010000228881836
GSM,2026-05-15,3.9600000381469727
GSM,2026-05-18,3.9600000381469727
GSM,2026-05-19,3.8399999141693115
GSM,2026-05-20,3.950000047683716
GSM,2026-05-21,4.110000133514404
GSM,2026-05-22,4.289999961853027
GSM,2026-05-26,4.230000019073486
GSM,2026-05-27,4.409999847412109
GSM,2026-05-28,4.46999979019165
GSM,2026-05-29,4.329999923706055
GSM,2026-06-01,4.400000095367432
GSM,2026-06-02,4.46999979019165
GSM,2026-06-03,4.320000171661377
GSM,2026-06-04,4.099999904632568
GSM,2026-06-05,3.859999895095825
GSM,2026-06-08,3.8299999237060547
GSM,2026-06-09,3.8399999141693115
GSM,2026-06-10,3.809999942779541
GSM,2026-06-11,3.9000000953674316
GSM,2026-06-12,4.090000152587891
GSM,2026-06-15,3.9800000190734863
GSM,2026-06-16,3.8399999141693115
GSM,2026-06-17,3.8399999141693115
GSM,2026-06-18,3.9100000858306885
GSM,2026-06-22,3.7200000286102295
GSM,2026-06-23,3.700000047683716
GSM,2026-06-24,3.5799999237060547
GSM,2026-06-25,3.4200000762939453
GSM,2026-06-26,3.3299999237060547
GSM,2026-06-29,3.140000104904175
GSM,2026-06-30,3.180000066757202
GSM,2026-07-01,3.2899999618530273
GSM,2026-07-02,3.2699999809265137
GSM,2026-07-06,3.4000000953674316
GSM,2026-07-07,3.440000057220459
GSM,2026-07-08,3.319999933242798
GSM,2026-07-09,3.2699999809265137
GSM,2026-07-10,3.2699999809265137
GSM,2026-07-13,3.299999952316284
GSM,2026-07-14,3.440000057220459
GSM,2026-07-15,3.359999895095825
GSM,2026-07-16,3.3499999046325684
GSM,2026-07-17,3.3499999046325684
GSM,2026-07-20,3.319999933242798
GSM,2026-07-21,3.4000000953674316
GSM,2026-07-22,3.4200000762939453
GSM,2026-07-23,3.3499999046325684
GSM,2026-07-24,3.359999895095825
GSM,2026-07-27,3.299999952316284
GSM,2026-07-28,3.359999895095825
GSM,2026-07-29,3.1600000858306885
GSM,2026-07-30,3.2100000381469727
GSM,2026-07-31,3.180000066757202
GSM,2026-08-03,3.25
GSM,2026-08-04,3.4200000762939453
GSM,2026-08-05,4.150000095367432
GSM,2026-08-06,4.130000114440918
GSM,2026-08-07,4.489999771118164
GSM,2026-08-10,4.630000114440918
GSM,2026-08-11,4.570000171661377
GSM,2026-08-12,4.449999809265137
GSM,2026-08-13,4.380000114440918
GSM,2026-08-14,4.389999866485596
GSM,2026-08-17,4.289999961853027
GSM,2026-08-18,4.159999847412109
GSM,2026-08-19,4.050000190734863
GSM,2026-08-20,3.8499999046325684
GSM,2026-08-21,4.079999923706055
GSM,2026-08-24,4.050000190734863
GSM,2026-08-25,4.010000228881836
GSM,2026-08-26,4.070000171661377
GSM,2026-08-27,4.050000190734863
GSM,2026-08-28,4.070000171661377
GSM,2026-08-31,4.110000133514404
GSM,2026-09-01,4.03000020980835
GSM,2026-09-02,4.519999980926514
GSM,2026-09-03,4.53000020980835
GSM,2026-09-04,4.670000076293945
GSM,2026-09-08,4.519999980926514
HGTY,2026-03-18,10.350000381469727
HGTY,2026-03-19,10.239999771118164
HGTY,2026-03-20,10.489999771118164
HGTY,2026-03-23,10.5600004196167
HGTY,2026-03-24,10.5600004196167
HGTY,2026-03-25,10.65999984741211
HGTY,2026-03-26,10.640000343322754
HGTY,2026-03-27,10.390000343322754
HGTY,2026-03-30,10.479999542236328
HGTY,2026-03-31,10.529999732971191
HGTY,2026-04-01,10.65999984741211
HGTY,2026-04-02,10.970000267028809
HGTY,2026-04-06,11.0600004196167
HGTY,2026-04-07,11.079999923706055
HGTY,2026-04-08,11.359999656677246
HGTY,2026-04-09,11.109999656677246
HGTY,2026-04-10,11.119999885559082
HGTY,2026-04-13,10.869999885559082
HGTY,2026-04-14,10.920000076293945
HGTY,2026-04-15,11.020000457763672
HGTY,2026-04-16,10.529999732971191
HGTY,2026-04-17,10.829999923706055
HGTY,2026-04-20,10.859999656677246
HGTY,2026-04-21,10.779999732971191
HGTY,2026-04-22,10.510000228881836
HGTY,2026-04-23,10.609999656677246
HGTY,2026-04-24,10.699999809265137
HGTY,2026-04-27,10.720000267028809
HGTY,2026-04-28,10.670000076293945
HGTY,2026-04-29,10.079999923706055
HGTY,2026-04-30,10.15999984741211
HGTY,2026-05-01,10.34000015258789
HGTY,2026-05-04,10.069999694824219
HGTY,2026-05-05,10.289999961853027
HGTY,2026-05-06,10.069999694824219
HGTY,2026-05-07,10.300000190734863
HGTY,2026-05-08,10.0600004196167
HGTY,2026-05-11,10.050000190734863
HGTY,2026-05-12,9.989999771118164
HGTY,2026-05-13,10.279999732971191
HGTY,2026-05-14,10.34000015258789
HGTY,2026-05-15,10.4399995803833
HGTY,2026-05-18,10.989999771118164
HGTY,2026-05-19,11.050000190734863
HGTY,2026-05-20,11.050000190734863
HGTY,2026-05-21,10.949999809265137
HGTY,2026-05-22,10.699999809265137
HGTY,2026-05-26,10.350000381469727
HGTY,2026-05-27,10.149999618530273
HGTY,2026-05-28,10.170000076293945
HGTY,2026-05-29,10.220000267028809
HGTY,2026-06-01,10.289999961853027
HGTY,2026-06-02,10.390000343322754
HGTY,2026-06-03,10.09000015258789
HGTY,2026-06-04,10.15999984741211
HGTY,2026-06-05,10.449999809265137
HGTY,2026-06-08,10.229999542236328
HGTY,2026-06-09,10.619999885559082
HGTY,2026-06-10,10.819999694824219
HGTY,2026-06-11,10.890000343322754
HGTY,2026-06-12,10.84000015258789
HGTY,2026-06-15,10.6899995803833
HGTY,2026-06-16,11.09000015258789
HGTY,2026-06-17,10.829999923706055
HGTY,2026-06-18,10.869999885559082
HGTY,2026-06-22,10.84000015258789
HGTY,2026-06-23,11.229999542236328
HGTY,2026-06-24,11.479999542236328
HGTY,2026-06-25,11.109999656677246
HGTY,2026-06-26,11.760000228881836
HGTY,2026-06-29,11.760000228881836
HGTY,2026-06-30,11.920000076293945
HGTY,2026-07-01,12.0600004196167
HGTY,2026-07-02,12.390000343322754
HGTY,2026-07-06,12.25
HGTY,2026-07-07,12.149999618530273
HGTY,2026-07-08,12.109999656677246
HGTY,2026-07-09,12.279999732971191
HGTY,2026-07-10,12.229999542236328
HGTY,2026-07-13,12.470000267028809
HGTY,2026-07-14,12.25
HGTY,2026-07-15,11.710000038146973
HGTY,2026-07-16,11.949999809265137
HGTY,2026-07-17,12.020000457763672
HGTY,2026-07-20,11.899999618530273
HGTY,2026-07-21,11.720000267028809
HGTY,2026-07-22,11.460000038146973
HGTY,2026-07-23,11.550000190734863
HGTY,2026-07-24,11.680000305175781
HGTY,2026-07-27,11.819999694824219
HGTY,2026-07-28,12.15999984741211
HGTY,2026-07-29,11.84000015258789
HGTY,2026-07-30,11.520000457763672
HGTY,2026-07-31,11.529999732971191
HGTY,2026-08-03,11.550000190734863
HGTY,2026-08-04,11.720000267028809
HGTY,2026-08-05,13.520000457763672
HGTY,2026-08-06,13.489999771118164
HGTY,2026-08-07,13.609999656677246
HGTY,2026-08-10,13.119999885559082
HGTY,2026-08-11,12.779999732971191
HGTY,2026-08-12,12.75
HGTY,2026-08-13,12.949999809265137
HGTY,2026-08-14,12.970000267028809
HGTY,2026-08-17,12.859999656677246
HGTY,2026-08-18,12.8100004196167
HGTY,2026-08-19,12.899999618530273
HGTY,2026-08-20,12.8100004196167
HGTY,2026-08-21,13.079999923706055
HGTY,2026-08-24,13.399999618530273
HGTY,2026-08-25,13.430000305175781
HGTY,2026-08-26,13.369999885559082
HGTY,2026-08-27,13.319999694824219
HGTY,2026-08-28,13.420000076293945
HGTY,2026-08-31,13.300000190734863
HGTY,2026-09-01,13.119999885559082
HGTY,2026-09-02,13.229999542236328
HGTY,2026-09-03,13.460000038146973
HGTY,2026-09-04,13.550000190734863
HGTY,2026-09-08,13.369999885559082
HIVE,2026-03-18,2.119999885559082
HIVE,2026-03-19,2.0899999141693115
HIVE,2026-03-20,2.0199999809265137
HIVE,2026-03-23,2.0999999046325684
HIVE,2026-03-24,2.049999952316284
HIVE,2026-03-25,2.140000104904175
HIVE,2026-03-26,1.9299999475479126
HIVE,2026-03-27,1.8200000524520874
HIVE,2026-03-30,1.75
HIVE,2026-03-31,1.899999976158142
HIVE,2026-04-01,1.8899999856948853
HIVE,2026-04-02,1.9199999570846558
HIVE,2026-04-06,1.9700000286102295
HIVE,2026-04-07,1.940000057220459
HIVE,2026-04-08,2.069999933242798
HIVE,2026-04-09,2.069999933242798
HIVE,2026-04-10,2.0799999237060547
HIVE,2026-04-13,2.1700000762939453
HIVE,2026-04-14,2.4200000762939453
HIVE,2026-04-15,2.4700000286102295
HIVE,2026-04-16,2.190000057220459
HIVE,2026-04-17,2.509999990463257
HIVE,2026-04-20,2.5399999618530273
HIVE,2026-04-21,2.4800000190734863
HIVE,2026-04-22,2.5999999046325684
HIVE,2026-04-23,2.5399999618530273
HIVE,2026-04-24,2.5199999809265137
HIVE,2026-04-27,2.450000047683716
HIVE,2026-04-28,2.299999952316284
HIVE,2026-04-29,2.2200000286102295
HIVE,2026-04-30,2.4100000858306885
HIVE,2026-05-01,2.430000066757202
HIVE,2026-05-04,2.5999999046325684
HIVE,2026-05-05,2.8399999141693115
HIVE,2026-05-06,2.940000057220459
HIVE,2026-05-07,2.869999885559082
HIVE,2026-05-08,2.819999933242798
HIVE,2026-05-11,3.009999990463257
HIVE,2026-05-12,2.819999933242798
HIVE,2026-05-13,2.759999990463257
HIVE,2026-05-14,2.9700000286102295
HIVE,2026-05-15,2.690000057220459
HIVE,2026-05-18,3.4600000381469727
HIVE,2026-05-19,3.3499999046325684
HIVE,2026-05-20,3.869999885559082
HIVE,2026-05-21,3.8499999046325684
HIVE,2026-05-22,4.070000171661377
HIVE,2026-05-26,4.099999904632568
HIVE,2026-05-27,4.460000038146973
HIVE,2026-05-28,4.449999809265137
HIVE,2026-05-29,4.519999980926514
HIVE,2026-06-01,4.760000228881836
HIVE,2026-06-02,4.539999961853027
HIVE,2026-06-03,4.380000114440918
HIVE,2026-06-04,4.369999885559082
HIVE,2026-06-05,3.7699999809265137
HIVE,2026-06-08,3.9600000381469727
HIVE,2026-06-09,3.740000009536743
HIVE,2026-06-10,3.5
HIVE,2026-06-11,3.7899999618530273
HIVE,2026-06-12,3.7300000190734863
HIVE,2026-06-15,3.9600000381469727
HIVE,2026-06-16,4.070000171661377
HIVE,2026-06-17,3.9700000286102295
HIVE,2026-06-18,4.260000228881836
HIVE,2026-06-22,4.900000095367432
HIVE,2026-06-23,4.630000114440918
HIVE,2026-06-24,4.139999866485596
HIVE,2026-06-25,3.7899999618530273
HIVE,2026-06-26,4.03000020980835
HIVE,2026-06-29,3.759999990463257
HIVE,2026-06-30,3.640000104904175
HIVE,2026-07-01,3.4600000381469727
HIVE,2026-07-02,3.240000009536743
HIVE,2026-07-06,3.380000114440918
HIVE,2026-07-07,3.180000066757202
HIVE,2026-07-08,3.240000009536743
HIVE,2026-07-09,3.359999895095825
HIVE,2026-07-10,3.3499999046325684
HIVE,2026-07-13,3.190000057220459
HIVE,2026-07-14,3.180000066757202
HIVE,2026-07-15,3.200000047683716
HIVE,2026-07-16,2.880000114440918
HIVE,2026-07-17,2.8499999046325684
HIVE,2026-07-20,3.0899999141693115
HIVE,2026-07-21,3.2300000190734863
HIVE,2026-07-22,3.190000057220459
HIVE,2026-07-23,3.180000066757202
HIVE,2026-07-24,2.9600000381469727
HIVE,2026-07-27,2.950000047683716
HIVE,2026-07-28,2.8399999141693115
HIVE,2026-07-29,2.5399999618530273
HIVE,2026-07-30,3.0
HIVE,2026-07-31,2.8299999237060547
HIVE,2026-08-03,2.890000104904175
HIVE,2026-08-04,2.9100000858306885
HIVE,2026-08-05,2.8399999141693115
HIVE,2026-08-06,2.759999990463257
HIVE,2026-08-07,2.8399999141693115
HIVE,2026-08-10,2.5999999046325684
HIVE,2026-08-11,2.6500000953674316
HIVE,2026-08-12,2.740000009536743
HIVE,2026-08-13,2.5799999237060547
HIVE,2026-08-14,2.690000057220459
HIVE,2026-08-17,3.069999933242798
HIVE,2026-08-18,2.7799999713897705
HIVE,2026-08-19,2.819999933242798
HIVE,2026-08-20,3.130000114440918
HIVE,2026-08-21,3.0299999713897705
HIVE,2026-08-24,2.859999895095825
HIVE,2026-08-25,3.0199999809265137
HIVE,2026-08-26,2.869999885559082
HIVE,2026-08-27,3.059999942779541
HIVE,2026-08-28,2.7799999713897705
HIVE,2026-08-31,2.7799999713897705
HIVE,2026-09-01,2.640000104904175
HIVE,2026-09-02,2.7200000286102295
HIVE,2026-09-03,3.049999952316284
HIVE,2026-09-04,3.109999895095825
HIVE,2026-09-08,3.1500000953674316
HLMN,2026-03-18,8.050000190734863
HLMN,2026-03-19,7.929999828338623
HLMN,2026-03-20,7.760000228881836
HLMN,2026-03-23,8.100000381469727
HLMN,2026-03-24,8.369999885559082
HLMN,2026-03-25,8.420000076293945
HLMN,2026-03-26,8.319999694824219
HLMN,2026-03-27,8.170000076293945
HLMN,2026-03-30,7.96999979019165
HLMN,2026-03-31,8.319999694824219
HLMN,2026-04-01,8.25
HLMN,2026-04-02,8.039999961853027
HLMN,2026-04-06,8.180000305175781
HLMN,2026-04-07,7.889999866485596
HLMN,2026-04-08,8.359999656677246
HLMN,2026-04-09,8.670000076293945
HLMN,2026-04-10,8.5600004196167
HLMN,2026-04-13,8.800000190734863
HLMN,2026-04-14,8.640000343322754
HLMN,2026-04-15,8.489999771118164
HLMN,2026-04-16,8.550000190734863
HLMN,2026-04-17,8.869999885559082
HLMN,2026-04-20,8.949999809265137
HLMN,2026-04-21,8.979999542236328
HLMN,2026-04-22,8.920000076293945
HLMN,2026-04-23,8.930000305175781
HLMN,2026-04-24,8.8100004196167
HLMN,2026-04-27,8.779999732971191
HLMN,2026-04-28,8.329999923706055
HLMN,2026-04-29,8.1899995803833
HLMN,2026-04-30,8.15999984741211
HLMN,2026-05-01,7.860000133514404
HLMN,2026-05-04,7.5
HLMN,2026-05-05,7.75
HLMN,2026-05-06,7.940000057220459
HLMN,2026-05-07,7.880000114440918
HLMN,2026-05-08,7.860000133514404
HLMN,2026-05-11,7.71999979019165
HLMN,2026-05-12,7.559999942779541
HLMN,2026-05-13,7.489999771118164
HLMN,2026-05-14,7.46999979019165
HLMN,2026-05-15,7.210000038146973
HLMN,2026-05-18,7.179999828338623
HLMN,2026-05-19,7.039999961853027
HLMN,2026-05-20,7.199999809265137
HLMN,2026-05-21,7.25
HLMN,2026-05-22,7.360000133514404
HLMN,2026-05-26,7.449999809265137
HLMN,2026-05-27,7.510000228881836
HLMN,2026-05-28,7.519999980926514
HLMN,2026-05-29,7.460000038146973
HLMN,2026-06-01,7.400000095367432
HLMN,2026-06-02,7.300000190734863
HLMN,2026-06-03,7.199999809265137
HLMN,2026-06-04,7.269999980926514
HLMN,2026-06-05,7.300000190734863
HLMN,2026-06-08,7.380000114440918
HLMN,2026-06-09,7.440000057220459
HLMN,2026-06-10,7.440000057220459
HLMN,2026-06-11,7.710000038146973
HLMN,2026-06-12,7.71999979019165
HLMN,2026-06-15,7.980000019073486
HLMN,2026-06-16,7.829999923706055
HLMN,2026-06-17,7.739999771118164
HLMN,2026-06-18,8.0600004196167
HLMN,2026-06-22,7.889999866485596
HLMN,2026-06-23,7.78000020980835
HLMN,2026-06-24,8.204999923706055
HLMN,2026-06-25,8.319999694824219
HLMN,2026-06-26,8.470000267028809
HLMN,2026-06-29,8.329999923706055
HLMN,2026-06-30,8.4399995803833
HLMN,2026-07-01,8.140000343322754
HLMN,2026-07-02,8.119999885559082
HLMN,2026-07-06,7.949999809265137
HLMN,2026-07-07,7.78000020980835
HLMN,2026-07-08,7.659999847412109
HLMN,2026-07-09,7.690000057220459
HLMN,2026-07-10,7.730000019073486
HLMN,2026-07-13,7.860000133514404
HLMN,2026-07-14,7.940000057220459
HLMN,2026-07-15,8.100000381469727
HLMN,2026-07-16,8.4399995803833
HLMN,2026-07-17,8.09000015258789
HLMN,2026-07-20,8.079999923706055
HLMN,2026-07-21,7.920000076293945
HLMN,2026-07-22,8.0
HLMN,2026-07-23,7.869999885559082
HLMN,2026-07-24,7.96999979019165
HLMN,2026-07-27,8.050000190734863
HLMN,2026-07-28,8.170000076293945
HLMN,2026-07-29,7.980000019073486
HLMN,2026-07-30,7.900000095367432
HLMN,2026-07-31,7.869999885559082
HLMN,2026-08-03,8.3100004196167
HLMN,2026-08-04,9.510000228881836
HLMN,2026-08-05,9.220000267028809
HLMN,2026-08-06,9.069999694824219
HLMN,2026-08-07,9.220000267028809
HLMN,2026-08-10,9.079999923706055
HLMN,2026-08-11,9.010000228881836
HLMN,2026-08-12,8.90999984741211
HLMN,2026-08-13,8.800000190734863
HLMN,2026-08-14,8.699999809265137
HLMN,2026-08-17,8.819999694824219
HLMN,2026-08-18,8.420000076293945
HLMN,2026-08-19,8.529999732971191
HLMN,2026-08-20,8.3100004196167
HLMN,2026-08-21,8.359999656677246
HLMN,2026-08-24,8.300000190734863
HLMN,2026-08-25,8.119999885559082
HLMN,2026-08-26,8.039999961853027
HLMN,2026-08-27,7.849999904632568
HLMN,2026-08-28,7.769999980926514
HLMN,2026-08-31,7.699999809265137
HLMN,2026-09-01,7.320000171661377
HLMN,2026-09-02,7.579999923706055
HLMN,2026-09-03,7.679999828338623
HLMN,2026-09-04,7.679999828338623
HLMN,2026-09-08,7.550000190734863
HNST,2026-03-18,2.740000009536743
HNST,2026-03-19,2.7899999618530273
HNST,2026-03-20,2.6700000762939453
HNST,2026-03-23,2.859999895095825
HNST,2026-03-24,2.7899999618530273
HNST,2026-03-25,2.930000066757202
HNST,2026-03-26,2.9100000858306885
HNST,2026-03-27,2.880000114440918
HNST,2026-03-30,2.890000104904175
HNST,2026-03-31,2.940000057220459
HNST,2026-04-01,2.7799999713897705
HNST,2026-04-02,2.819999933242798
HNST,2026-04-06,2.7799999713897705
HNST,2026-04-07,2.75
HNST,2026-04-08,2.880000114440918
HNST,2026-04-09,2.869999885559082
HNST,2026-04-10,2.9200000762939453
HNST,2026-04-13,3.0299999713897705
HNST,2026-04-14,3.059999942779541
HNST,2026-04-15,3.25
HNST,2026-04-16,3.359999895095825
HNST,2026-04-17,3.380000114440918
HNST,2026-04-20,3.4700000286102295
HNST,2026-04-21,3.390000104904175
HNST,2026-04-22,3.5
HNST,2026-04-23,3.440000057220459
HNST,2026-04-24,3.569999933242798
HNST,2026-04-27,3.4800000190734863
HNST,2026-04-28,3.5
HNST,2026-04-29,3.309999942779541
HNST,2026-04-30,3.5
HNST,2026-05-01,3.509999990463257
HNST,2026-05-04,3.3399999141693115
HNST,2026-05-05,3.450000047683716
HNST,2026-05-06,3.390000104904175
HNST,2026-05-07,3.7300000190734863
HNST,2026-05-08,3.640000104904175
HNST,2026-05-11,3.2899999618530273
HNST,2026-05-12,3.369999885559082
HNST,2026-05-13,3.309999942779541
HNST,2026-05-14,3.190000057220459
HNST,2026-05-15,3.119999885559082
HNST,2026-05-18,3.2699999809265137
HNST,2026-05-19,3.2200000286102295
HNST,2026-05-20,3.2100000381469727
HNST,2026-05-21,3.190000057220459
HNST,2026-05-22,3.4100000858306885
HNST,2026-05-26,3.559999942779541
HNST,2026-05-27,3.6500000953674316
HNST,2026-05-28,3.7100000381469727
HNST,2026-05-29,3.5
HNST,2026-06-01,3.490000009536743
HNST,2026-06-02,3.380000114440918
HNST,2026-06-03,3.309999942779541
HNST,2026-06-04,3.2899999618530273
HNST,2026-06-05,3.25
HNST,2026-06-08,3.369999885559082
HNST,2026-06-09,3.4100000858306885
HNST,2026-06-10,3.4600000381469727
HNST,2026-06-11,3.549999952316284
HNST,2026-06-12,3.619999885559082
HNST,2026-06-15,3.5799999237060547
HNST,2026-06-16,3.609999895095825
HNST,2026-06-17,3.559999942779541
HNST,2026-06-18,3.7699999809265137
HNST,2026-06-22,3.4800000190734863
HNST,2026-06-23,3.5999999046325684
HNST,2026-06-24,3.690000057220459
HNST,2026-06-25,3.559999942779541
HNST,2026-06-26,3.5999999046325684
HNST,2026-06-29,3.6500000953674316
HNST,2026-06-30,3.6600000858306885
HNST,2026-07-01,3.799999952316284
HNST,2026-07-02,3.9000000953674316
HNST,2026-07-06,3.940000057220459
HNST,2026-07-07,3.940000057220459
HNST,2026-07-08,3.9000000953674316
HNST,2026-07-09,3.9600000381469727
HNST,2026-07-10,4.010000228881836
HNST,2026-07-13,3.9000000953674316
HNST,2026-07-14,3.9600000381469727
HNST,2026-07-15,4.010000228881836
HNST,2026-07-16,3.9200000762939453
HNST,2026-07-17,3.8299999237060547
HNST,2026-07-20,3.869999885559082
HNST,2026-07-21,3.890000104904175
HNST,2026-07-22,3.8399999141693115
HNST,2026-07-23,3.7200000286102295
HNST,2026-07-24,3.7899999618530273
HNST,2026-07-27,3.8399999141693115
HNST,2026-07-28,3.819999933242798
HNST,2026-07-29,3.740000009536743
HNST,2026-07-30,3.7200000286102295
HNST,2026-07-31,3.6500000953674316
HNST,2026-08-03,3.6649999618530273
HNST,2026-08-04,3.890000104904175
HNST,2026-08-05,3.8499999046325684
HNST,2026-08-06,5.420000076293945
HNST,2026-08-07,5.460000038146973
HNST,2026-08-10,5.230000019073486
HNST,2026-08-11,5.210000038146973
HNST,2026-08-12,5.070000171661377
HNST,2026-08-13,5.03000020980835
HNST,2026-08-14,4.840000152587891
HNST,2026-08-17,4.699999809265137
HNST,2026-08-18,4.75
HNST,2026-08-19,5.019999980926514
HNST,2026-08-20,4.960000038146973
HNST,2026-08-21,5.050000190734863
HNST,2026-08-24,5.195000171661377
HNST,2026-08-25,5.505000114440918
HNST,2026-08-26,5.71999979019165
HNST,2026-08-27,5.760000228881836
HNST,2026-08-28,5.670000076293945
HNST,2026-08-31,5.71999979019165
HNST,2026-09-01,5.630000114440918
HNST,2026-09-02,5.71999979019165
HNST,2026-09-03,5.849999904632568
HNST,2026-09-04,5.949999809265137
HNST,2026-09-08,5.739999771118164
HQ,2026-03-20,9.850000381469727
HQ,2026-03-23,11.329999923706055
HQ,2026-03-24,11.100000381469727
HQ,2026-03-25,11.0
HQ,2026-03-26,10.890000343322754
HQ,2026-03-27,9.710000038146973
HQ,2026-03-30,8.949999809265137
HQ,2026-03-31,8.789999961853027
HQ,2026-04-01,8.59000015258789
HQ,2026-04-02,9.3100004196167
HQ,2026-04-06,9.100000381469727
HQ,2026-04-07,8.329999923706055
HQ,2026-04-08,8.369999885559082
HQ,2026-04-09,8.789999961853027
HQ,2026-04-10,8.859999656677246
HQ,2026-04-13,8.880000114440918
HQ,2026-04-14,10.380000114440918
HQ,2026-04-15,12.229999542236328
HQ,2026-04-16,11.75
HQ,2026-04-17,11.779999732971191
HQ,2026-04-20,13.050000190734863
HQ,2026-04-21,11.75
HQ,2026-04-22,11.949999809265137
HQ,2026-04-23,11.5
HQ,2026-04-24,11.369999885559082
HQ,2026-04-27,11.630000114440918
HQ,2026-04-28,10.020000457763672
HQ,2026-04-29,10.0
HQ,2026-04-30,9.920000076293945
HQ,2026-05-01,10.760000228881836
HQ,2026-05-04,10.050000190734863
HQ,2026-05-05,9.6899995803833
HQ,2026-05-06,10.399999618530273
HQ,2026-05-07,10.0
HQ,2026-05-08,10.210000038146973
HQ,2026-05-11,12.569999694824219
HQ,2026-05-12,11.760000228881836
HQ,2026-05-13,12.3100004196167
HQ,2026-05-14,12.199999809265137
HQ,2026-05-15,11.90999984741211
HQ,2026-05-18,11.359999656677246
HQ,2026-05-19,11.229999542236328
HQ,2026-05-20,10.84000015258789
HQ,2026-05-21,11.989999771118164
HQ,2026-05-22,13.899999618530273
HQ,2026-05-26,11.84000015258789
HQ,2026-05-27,11.9399995803833
HQ,2026-05-28,13.079999923706055
HQ,2026-05-29,13.199999809265137
HQ,2026-06-01,12.710000038146973
HQ,2026-06-02,13.869999885559082
HQ,2026-06-03,12.59000015258789
HQ,2026-06-04,11.90999984741211
HQ,2026-06-05,10.510000228881836
HQ,2026-06-08,11.220000267028809
HQ,2026-06-09,10.720000267028809
HQ,2026-06-10,10.010000228881836
HQ,2026-06-11,10.390000343322754
HQ,2026-06-12,10.90999984741211
HQ,2026-06-15,17.81999969482422
HQ,2026-06-16,18.700000762939453
HQ,2026-06-17,23.610000610351562
HQ,2026-06-18,32.0
HQ,2026-06-22,38.38999938964844
HQ,2026-06-23,33.38999938964844
HQ,2026-06-24,28.40999984741211
HQ,2026-06-25,25.920000076293945
HQ,2026-06-26,23.329999923706055
HQ,2026-06-29,23.5
HQ,2026-06-30,27.760000228881836
HQ,2026-07-01,27.030000686645508
HQ,2026-07-02,23.780000686645508
HQ,2026-07-06,24.219999313354492
HQ,2026-07-07,23.5
HQ,2026-07-08,23.760000228881836
HQ,2026-07-09,24.059999465942383
HQ,2026-07-10,22.989999771118164
HQ,2026-07-13,21.3799991607666
HQ,2026-07-14,21.190000534057617
HQ,2026-07-15,21.90999984741211
HQ,2026-07-16,20.93000030517578
HQ,2026-07-17,22.309999465942383
HQ,2026-07-20,19.600000381469727
HQ,2026-07-21,16.690000534057617
HQ,2026-07-22,14.640000343322754
HQ,2026-07-23,13.739999771118164
HQ,2026-07-24,11.699999809265137
HQ,2026-07-27,12.420000076293945
HQ,2026-07-28,11.6899995803833
HQ,2026-07-29,11.550000190734863
HQ,2026-07-30,12.5600004196167
HQ,2026-07-31,12.079999923706055
HQ,2026-08-03,13.789999961853027
HQ,2026-08-04,15.25
HQ,2026-08-05,15.029999732971191
HQ,2026-08-06,14.350000381469727
HQ,2026-08-07,14.130000114440918
HQ,2026-08-10,12.5600004196167
HQ,2026-08-11,12.489999771118164
HQ,2026-08-12,14.930000305175781
HQ,2026-08-13,16.670000076293945
HQ,2026-08-14,16.989999771118164
HQ,2026-08-17,16.799999237060547
HQ,2026-08-18,16.770000457763672
HQ,2026-08-19,16.81999969482422
HQ,2026-08-20,17.399999618530273
HQ,2026-08-21,19.93000030517578
HQ,2026-08-24,19.440000534057617
HQ,2026-08-25,19.3799991607666
HQ,2026-08-26,17.649999618530273
HQ,2026-08-27,16.469999313354492
HQ,2026-08-28,15.180000305175781
HQ,2026-08-31,14.8100004196167
HQ,2026-09-01,14.59000015258789
HQ,2026-09-02,17.5
HQ,2026-09-03,15.789999961853027
HQ,2026-09-04,15.5600004196167
HQ,2026-09-08,16.139999389648438
HRTG,2026-03-18,27.280000686645508
HRTG,2026-03-19,26.6200008392334
HRTG,2026-03-20,25.649999618530273
HRTG,2026-03-23,26.780000686645508
HRTG,2026-03-24,26.649999618530273
HRTG,2026-03-25,26.389999389648438
HRTG,2026-03-26,26.489999771118164
HRTG,2026-03-27,25.809999465942383
HRTG,2026-03-30,26.260000228881836
HRTG,2026-03-31,26.25
HRTG,2026-04-01,25.190000534057617
HRTG,2026-04-02,26.190000534057617
HRTG,2026-04-06,26.6299991607666
HRTG,2026-04-07,26.559999465942383
HRTG,2026-04-08,26.6200008392334
HRTG,2026-04-09,27.059999465942383
HRTG,2026-04-10,26.15999984741211
HRTG,2026-04-13,26.709999084472656
HRTG,2026-04-14,26.3700008392334
HRTG,2026-04-15,26.68000030517578
HRTG,2026-04-16,27.290000915527344
HRTG,2026-04-17,27.219999313354492
HRTG,2026-04-20,27.309999465942383
HRTG,2026-04-21,26.899999618530273
HRTG,2026-04-22,27.56999969482422
HRTG,2026-04-23,27.969999313354492
HRTG,2026-04-24,29.270000457763672
HRTG,2026-04-27,29.899999618530273
HRTG,2026-04-28,30.329999923706055
HRTG,2026-04-29,29.43000030517578
HRTG,2026-04-30,29.31999969482422
HRTG,2026-05-01,28.729999542236328
HRTG,2026-05-04,28.43000030517578
HRTG,2026-05-05,29.020000457763672
HRTG,2026-05-06,28.719999313354492
HRTG,2026-05-07,28.030000686645508
HRTG,2026-05-08,22.40999984741211
HRTG,2026-05-11,22.18000030517578
HRTG,2026-05-12,23.010000228881836
HRTG,2026-05-13,22.020000457763672
HRTG,2026-05-14,22.5
HRTG,2026-05-15,23.420000076293945
HRTG,2026-05-18,23.989999771118164
HRTG,2026-05-19,23.149999618530273
HRTG,2026-05-20,23.270000457763672
HRTG,2026-05-21,23.450000762939453
HRTG,2026-05-22,22.8799991607666
HRTG,2026-05-26,22.610000610351562
HRTG,2026-05-27,22.15999984741211
HRTG,2026-05-28,22.0
HRTG,2026-05-29,21.68000030517578
HRTG,2026-06-01,21.3799991607666
HRTG,2026-06-02,21.200000762939453
HRTG,2026-06-03,20.8799991607666
HRTG,2026-06-04,21.219999313354492
HRTG,2026-06-05,22.15999984741211
HRTG,2026-06-08,21.530000686645508
HRTG,2026-06-09,21.6200008392334
HRTG,2026-06-10,22.200000762939453
HRTG,2026-06-11,22.31999969482422
HRTG,2026-06-12,22.450000762939453
HRTG,2026-06-15,22.299999237060547
HRTG,2026-06-16,23.06999969482422
HRTG,2026-06-17,23.170000076293945
HRTG,2026-06-18,23.270000457763672
HRTG,2026-06-22,23.790000915527344
HRTG,2026-06-23,24.950000762939453
HRTG,2026-06-24,25.540000915527344
HRTG,2026-06-25,24.329999923706055
HRTG,2026-06-26,25.860000610351562
HRTG,2026-06-29,26.299999237060547
HRTG,2026-06-30,26.079999923706055
HRTG,2026-07-01,26.809999465942383
HRTG,2026-07-02,27.1200008392334
HRTG,2026-07-06,27.43000030517578
HRTG,2026-07-07,27.200000762939453
HRTG,2026-07-08,27.25
HRTG,2026-07-09,27.1200008392334
HRTG,2026-07-10,28.059999465942383
HRTG,2026-07-13,28.389999389648438
HRTG,2026-07-14,27.5
HRTG,2026-07-15,26.25
HRTG,2026-07-16,26.559999465942383
HRTG,2026-07-17,27.040000915527344
HRTG,2026-07-20,27.43000030517578
HRTG,2026-07-21,26.969999313354492
HRTG,2026-07-22,26.229999542236328
HRTG,2026-07-23,26.280000686645508
HRTG,2026-07-24,27.81999969482422
HRTG,2026-07-27,28.540000915527344
HRTG,2026-07-28,29.889999389648438
HRTG,2026-07-29,29.84000015258789
HRTG,2026-07-30,29.969999313354492
HRTG,2026-07-31,29.3700008392334
HRTG,2026-08-03,30.219999313354492
HRTG,2026-08-04,29.799999237060547
HRTG,2026-08-05,30.229999542236328
HRTG,2026-08-06,35.209999084472656
HRTG,2026-08-07,32.7400016784668
HRTG,2026-08-10,32.709999084472656
HRTG,2026-08-11,32.18000030517578
HRTG,2026-08-12,32.959999084472656
HRTG,2026-08-13,33.27000045776367
HRTG,2026-08-14,33.959999084472656
HRTG,2026-08-17,34.16999816894531
HRTG,2026-08-18,33.689998626708984
HRTG,2026-08-19,33.33000183105469
HRTG,2026-08-20,33.630001068115234
HRTG,2026-08-21,33.84000015258789
HRTG,2026-08-24,34.59000015258789
HRTG,2026-08-25,34.20000076293945
HRTG,2026-08-26,34.41999816894531
HRTG,2026-08-27,34.150001525878906
HRTG,2026-08-28,33.86000061035156
HRTG,2026-08-31,33.619998931884766
HRTG,2026-09-01,33.720001220703125
HRTG,2026-09-02,34.349998474121094
HRTG,2026-09-03,34.939998626708984
HRTG,2026-09-04,33.95000076293945
HRTG,2026-09-08,34.439998626708984
HTHT,2026-03-18,50.18000030517578
HTHT,2026-03-19,50.529998779296875
HTHT,2026-03-20,50.130001068115234
HTHT,2026-03-23,49.75
HTHT,2026-03-24,50.15999984741211
HTHT,2026-03-25,49.209999084472656
HTHT,2026-03-26,50.36000061035156
HTHT,2026-03-27,49.099998474121094
HTHT,2026-03-30,48.869998931884766
HTHT,2026-03-31,50.290000915527344
HTHT,2026-04-01,51.599998474121094
HTHT,2026-04-02,52.209999084472656
HTHT,2026-04-06,51.86000061035156
HTHT,2026-04-07,51.72999954223633
HTHT,2026-04-08,53.7400016784668
HTHT,2026-04-09,53.70000076293945
HTHT,2026-04-10,52.47999954223633
HTHT,2026-04-13,52.779998779296875
HTHT,2026-04-14,52.43000030517578
HTHT,2026-04-15,53.720001220703125
HTHT,2026-04-16,54.83000183105469
HTHT,2026-04-17,55.66999816894531
HTHT,2026-04-20,56.04999923706055
HTHT,2026-04-21,54.20000076293945
HTHT,2026-04-22,52.060001373291016
HTHT,2026-04-23,52.09000015258789
HTHT,2026-04-24,51.77000045776367
HTHT,2026-04-27,49.86000061035156
HTHT,2026-04-28,50.91999816894531
HTHT,2026-04-29,51.86000061035156
HTHT,2026-04-30,51.63999938964844
HTHT,2026-05-01,50.91999816894531
HTHT,2026-05-04,47.93000030517578
HTHT,2026-05-05,48.869998931884766
HTHT,2026-05-06,48.810001373291016
HTHT,2026-05-07,47.79999923706055
HTHT,2026-05-08,47.08000183105469
HTHT,2026-05-11,47.43000030517578
HTHT,2026-05-12,48.540000915527344
HTHT,2026-05-13,46.93000030517578
HTHT,2026-05-14,45.41999816894531
HTHT,2026-05-15,46.04999923706055
HTHT,2026-05-18,45.5099983215332
HTHT,2026-05-19,45.970001220703125
HTHT,2026-05-20,46.59000015258789
HTHT,2026-05-21,46.349998474121094
HTHT,2026-05-22,44.790000915527344
HTHT,2026-05-26,43.130001068115234
HTHT,2026-05-27,44.939998626708984
HTHT,2026-05-28,44.70000076293945
HTHT,2026-05-29,44.88999938964844
HTHT,2026-06-01,44.369998931884766
HTHT,2026-06-02,44.33000183105469
HTHT,2026-06-03,44.84000015258789
HTHT,2026-06-04,44.7599983215332
HTHT,2026-06-05,45.0
HTHT,2026-06-08,44.150001525878906
HTHT,2026-06-09,43.709999084472656
HTHT,2026-06-10,44.540000915527344
HTHT,2026-06-11,44.91999816894531
HTHT,2026-06-12,44.65999984741211
HTHT,2026-06-15,44.86000061035156
HTHT,2026-06-16,43.349998474121094
HTHT,2026-06-17,43.630001068115234
HTHT,2026-06-18,42.5099983215332
HTHT,2026-06-22,42.40999984741211
HTHT,2026-06-23,42.65999984741211
HTHT,2026-06-24,41.77000045776367
HTHT,2026-06-25,41.38999938964844
HTHT,2026-06-26,42.369998931884766
HTHT,2026-06-29,43.27000045776367
HTHT,2026-06-30,41.720001220703125
HTHT,2026-07-01,42.439998626708984
HTHT,2026-07-02,42.13999938964844
HTHT,2026-07-06,42.06999969482422
HTHT,2026-07-07,42.13999938964844
HTHT,2026-07-08,41.86000061035156
HTHT,2026-07-09,40.95000076293945
HTHT,2026-07-10,41.11000061035156
HTHT,2026-07-13,40.880001068115234
HTHT,2026-07-14,41.209999084472656
HTHT,2026-07-15,42.66999816894531
HTHT,2026-07-16,42.68000030517578
HTHT,2026-07-17,41.72999954223633
HTHT,2026-07-20,41.54999923706055
HTHT,2026-07-21,40.0
HTHT,2026-07-22,40.4900016784668
HTHT,2026-07-23,40.619998931884766
HTHT,2026-07-24,40.470001220703125
HTHT,2026-07-27,41.83000183105469
HTHT,2026-07-28,42.849998474121094
HTHT,2026-07-29,43.25
HTHT,2026-07-30,42.25
HTHT,2026-07-31,42.689998626708984
HTHT,2026-08-03,42.630001068115234
HTHT,2026-08-04,42.310001373291016
HTHT,2026-08-05,42.34000015258789
HTHT,2026-08-06,42.79999923706055
HTHT,2026-08-07,42.369998931884766
HTHT,2026-08-10,43.0099983215332
HTHT,2026-08-11,41.599998474121094
HTHT,2026-08-12,41.25
HTHT,2026-08-13,40.5099983215332
HTHT,2026-08-14,41.880001068115234
HTHT,2026-08-17,46.61000061035156
HTHT,2026-08-18,45.91999816894531
HTHT,2026-08-19,48.59000015258789
HTHT,2026-08-20,49.540000915527344
HTHT,2026-08-21,49.15999984741211
HTHT,2026-08-24,48.63999938964844
HTHT,2026-08-25,49.470001220703125
HTHT,2026-08-26,49.029998779296875
HTHT,2026-08-27,47.709999084472656
HTHT,2026-08-28,47.81999969482422
HTHT,2026-08-31,47.31999969482422
HTHT,2026-09-01,46.970001220703125
HTHT,2026-09-02,46.7400016784668
HTHT,2026-09-03,46.34000015258789
HTHT,2026-09-04,45.77000045776367
HTHT,2026-09-08,44.18000030517578
HTZ,2026-03-18,4.179999828338623
HTZ,2026-03-19,3.9800000190734863
HTZ,2026-03-20,3.950000047683716
HTZ,2026-03-23,4.130000114440918
HTZ,2026-03-24,4.239999771118164
HTZ,2026-03-25,4.369999885559082
HTZ,2026-03-26,4.769999980926514
HTZ,2026-03-27,4.599999904632568
HTZ,2026-03-30,4.480000019073486
HTZ,2026-03-31,4.610000133514404
HTZ,2026-04-01,5.179999828338623
HTZ,2026-04-02,5.110000133514404
HTZ,2026-04-06,5.309999942779541
HTZ,2026-04-07,5.880000114440918
HTZ,2026-04-08,5.96999979019165
HTZ,2026-04-09,6.570000171661377
HTZ,2026-04-10,6.320000171661377
HTZ,2026-04-13,6.610000133514404
HTZ,2026-04-14,6.989999771118164
HTZ,2026-04-15,6.559999942779541
HTZ,2026-04-16,6.980000019073486
HTZ,2026-04-17,7.429999828338623
HTZ,2026-04-20,7.809999942779541
HTZ,2026-04-21,7.170000076293945
HTZ,2026-04-22,6.599999904632568
HTZ,2026-04-23,5.900000095367432
HTZ,2026-04-24,5.710000038146973
HTZ,2026-04-27,5.590000152587891
HTZ,2026-04-28,5.75
HTZ,2026-04-29,5.599999904632568
HTZ,2026-04-30,6.360000133514404
HTZ,2026-05-01,6.139999866485596
HTZ,2026-05-04,5.809999942779541
HTZ,2026-05-05,6.090000152587891
HTZ,2026-05-06,6.480000019073486
HTZ,2026-05-07,6.170000076293945
HTZ,2026-05-08,6.050000190734863
HTZ,2026-05-11,6.190000057220459
HTZ,2026-05-12,5.75
HTZ,2026-05-13,5.900000095367432
HTZ,2026-05-14,5.829999923706055
HTZ,2026-05-15,5.53000020980835
HTZ,2026-05-18,5.199999809265137
HTZ,2026-05-19,4.929999828338623
HTZ,2026-05-20,4.880000114440918
HTZ,2026-05-21,5.059999942779541
HTZ,2026-05-22,5.300000190734863
HTZ,2026-05-26,5.230000019073486
HTZ,2026-05-27,5.260000228881836
HTZ,2026-05-28,5.489999771118164
HTZ,2026-05-29,5.400000095367432
HTZ,2026-06-01,5.170000076293945
HTZ,2026-06-02,5.210000038146973
HTZ,2026-06-03,5.159999847412109
HTZ,2026-06-04,5.099999904632568
HTZ,2026-06-05,5.090000152587891
HTZ,2026-06-08,5.079999923706055
HTZ,2026-06-09,5.289999961853027
HTZ,2026-06-10,4.980000019073486
HTZ,2026-06-11,5.039999961853027
HTZ,2026-06-12,5.130000114440918
HTZ,2026-06-15,5.130000114440918
HTZ,2026-06-16,4.989999771118164
HTZ,2026-06-17,4.829999923706055
HTZ,2026-06-18,5.050000190734863
HTZ,2026-06-22,5.139999866485596
HTZ,2026-06-23,5.059999942779541
HTZ,2026-06-24,3.0
HTZ,2026-06-25,2.680000066757202
HTZ,2026-06-26,2.640000104904175
HTZ,2026-06-29,2.299999952316284
HTZ,2026-06-30,2.265000104904175
HTZ,2026-07-01,2.200000047683716
HTZ,2026-07-02,2.119999885559082
HTZ,2026-07-06,2.049999952316284
HTZ,2026-07-07,2.0999999046325684
HTZ,2026-07-08,1.9700000286102295
HTZ,2026-07-09,2.1700000762939453
HTZ,2026-07-10,2.049999952316284
HTZ,2026-07-13,1.8300000429153442
HTZ,2026-07-14,1.840000033378601
HTZ,2026-07-15,1.899999976158142
HTZ,2026-07-16,1.8700000047683716
HTZ,2026-07-17,1.7999999523162842
HTZ,2026-07-20,1.7599999904632568
HTZ,2026-07-21,1.850000023841858
HTZ,2026-07-22,1.9299999475479126
HTZ,2026-07-23,1.9049999713897705
HTZ,2026-07-24,1.809999942779541
HTZ,2026-07-27,2.0
HTZ,2026-07-28,1.7649999856948853
HTZ,2026-07-29,1.6699999570846558
HTZ,2026-07-30,1.6549999713897705
HTZ,2026-07-31,1.5850000381469727
HTZ,2026-08-03,1.5299999713897705
HTZ,2026-08-04,1.5099999904632568
HTZ,2026-08-05,1.559999942779541
HTZ,2026-08-06,2.0199999809265137
HTZ,2026-08-07,2.2699999809265137
HTZ,2026-08-10,2.119999885559082
HTZ,2026-08-11,2.450000047683716
HTZ,2026-08-12,2.799999952316284
HTZ,2026-08-13,2.3450000286102295
HTZ,2026-08-14,2.240000009536743
HTZ,2026-08-17,2.1600000858306885
HTZ,2026-08-18,2.0799999237060547
HTZ,2026-08-19,2.1600000858306885
HTZ,2026-08-20,2.0899999141693115
HTZ,2026-08-21,2.25
HTZ,2026-08-24,2.190000057220459
HTZ,2026-08-25,2.2300000190734863
HTZ,2026-08-26,2.0899999141693115
HTZ,2026-08-27,2.0399999618530273
HTZ,2026-08-28,2.140000104904175
HTZ,2026-08-31,2.2699999809265137
HTZ,2026-09-01,2.240000009536743
HTZ,2026-09-02,2.309999942779541
HTZ,2026-09-03,2.2699999809265137
HTZ,2026-09-04,2.299999952316284
HTZ,2026-09-08,2.184999942779541
HURN,2026-03-18,125.4800033569336
HURN,2026-03-19,127.25
HURN,2026-03-20,129.8699951171875
HURN,2026-03-23,129.2899932861328
HURN,2026-03-24,124.8499984741211
HURN,2026-03-25,120.36000061035156
HURN,2026-03-26,121.80999755859375
HURN,2026-03-27,122.63999938964844
HURN,2026-03-30,126.06999969482422
HURN,2026-03-31,127.48999786376953
HURN,2026-04-01,128.22999572753906
HURN,2026-04-02,130.35000610351562
HURN,2026-04-06,130.3699951171875
HURN,2026-04-07,131.6199951171875
HURN,2026-04-08,130.0
HURN,2026-04-09,124.29000091552734
HURN,2026-04-10,120.58000183105469
HURN,2026-04-13,127.22000122070312
HURN,2026-04-14,128.57000732421875
HURN,2026-04-15,131.75999450683594
HURN,2026-04-16,131.47000122070312
HURN,2026-04-17,129.1699981689453
HURN,2026-04-20,128.1199951171875
HURN,2026-04-21,128.27999877929688
HURN,2026-04-22,127.44000244140625
HURN,2026-04-23,121.83000183105469
HURN,2026-04-24,126.51000213623047
HURN,2026-04-27,127.12000274658203
HURN,2026-04-28,129.44000244140625
HURN,2026-04-29,128.47999572753906
HURN,2026-04-30,130.6699981689453
HURN,2026-05-01,131.2899932861328
HURN,2026-05-04,132.10000610351562
HURN,2026-05-05,132.22000122070312
HURN,2026-05-06,120.11000061035156
HURN,2026-05-07,124.77999877929688
HURN,2026-05-08,119.97000122070312
HURN,2026-05-11,115.94000244140625
HURN,2026-05-12,110.2300033569336
HURN,2026-05-13,103.47000122070312
HURN,2026-05-14,102.91999816894531
HURN,2026-05-15,105.4800033569336
HURN,2026-05-18,108.12999725341797
HURN,2026-05-19,108.04000091552734
HURN,2026-05-20,107.20999908447266
HURN,2026-05-21,105.30999755859375
HURN,2026-05-22,105.45999908447266
HURN,2026-05-26,103.9000015258789
HURN,2026-05-27,104.73999786376953
HURN,2026-05-28,106.94999694824219
HURN,2026-05-29,107.38999938964844
HURN,2026-06-01,110.58999633789062
HURN,2026-06-02,106.61000061035156
HURN,2026-06-03,104.80999755859375
HURN,2026-06-04,107.18000030517578
HURN,2026-06-05,110.0
HURN,2026-06-08,109.6500015258789
HURN,2026-06-09,110.54000091552734
HURN,2026-06-10,109.44000244140625
HURN,2026-06-11,106.43000030517578
HURN,2026-06-12,109.43000030517578
HURN,2026-06-15,107.11000061035156
HURN,2026-06-16,107.66000366210938
HURN,2026-06-17,106.19999694824219
HURN,2026-06-18,90.55999755859375
HURN,2026-06-22,90.4800033569336
HURN,2026-06-23,95.54000091552734
HURN,2026-06-24,96.52999877929688
HURN,2026-06-25,92.20999908447266
HURN,2026-06-26,98.7300033569336
HURN,2026-06-29,95.55000305175781
HURN,2026-06-30,90.16000366210938
HURN,2026-07-01,96.37999725341797
HURN,2026-07-02,97.16000366210938
HURN,2026-07-06,100.01000213623047
HURN,2026-07-07,105.93000030517578
HURN,2026-07-08,103.01000213623047
HURN,2026-07-09,102.51000213623047
HURN,2026-07-10,105.8499984741211
HURN,2026-07-13,111.2300033569336
HURN,2026-07-14,109.73999786376953
HURN,2026-07-15,113.9800033569336
HURN,2026-07-16,118.76000213623047
HURN,2026-07-17,114.80000305175781
HURN,2026-07-20,112.62999725341797
HURN,2026-07-21,110.8499984741211
HURN,2026-07-22,111.54000091552734
HURN,2026-07-23,109.19000244140625
HURN,2026-07-24,112.30000305175781
HURN,2026-07-27,116.51000213623047
HURN,2026-07-28,121.37000274658203
HURN,2026-07-29,170.3699951171875
HURN,2026-07-30,163.75999450683594
HURN,2026-07-31,151.77000427246094
HURN,2026-08-03,149.9600067138672
HURN,2026-08-04,152.77999877929688
HURN,2026-08-05,149.67999267578125
HURN,2026-08-06,150.10000610351562
HURN,2026-08-07,152.0500030517578
HURN,2026-08-10,152.02999877929688
HURN,2026-08-11,152.75
HURN,2026-08-12,150.30999755859375
HURN,2026-08-13,155.30999755859375
HURN,2026-08-14,151.8699951171875
HURN,2026-08-17,148.3300018310547
HURN,2026-08-18,151.3699951171875
HURN,2026-08-19,158.97999572753906
HURN,2026-08-20,162.4499969482422
HURN,2026-08-21,161.63999938964844
HURN,2026-08-24,162.58999633789062
HURN,2026-08-25,159.1999969482422
HURN,2026-08-26,156.57000732421875
HURN,2026-08-27,159.8300018310547
HURN,2026-08-28,159.83999633789062
HURN,2026-08-31,159.88999938964844
HURN,2026-09-01,157.4600067138672
HURN,2026-09-02,156.63999938964844
HURN,2026-09-03,158.10000610351562
HURN,2026-09-04,155.27000427246094
HURN,2026-09-08,147.63999938964844
HY,2026-03-18,29.899999618530273
HY,2026-03-19,29.899999618530273
HY,2026-03-20,29.100000381469727
HY,2026-03-23,30.309999465942383
HY,2026-03-24,31.670000076293945
HY,2026-03-25,33.560001373291016
HY,2026-03-26,33.119998931884766
HY,2026-03-27,32.22999954223633
HY,2026-03-30,31.780000686645508
HY,2026-03-31,32.5099983215332
HY,2026-04-01,33.099998474121094
HY,2026-04-02,32.43000030517578
HY,2026-04-06,32.779998779296875
HY,2026-04-07,32.40999984741211
HY,2026-04-08,35.189998626708984
HY,2026-04-09,36.150001525878906
HY,2026-04-10,36.41999816894531
HY,2026-04-13,37.08000183105469
HY,2026-04-14,37.18000030517578
HY,2026-04-15,37.20000076293945
HY,2026-04-16,36.15999984741211
HY,2026-04-17,38.2599983215332
HY,2026-04-20,38.63999938964844
HY,2026-04-21,38.310001373291016
HY,2026-04-22,38.459999084472656
HY,2026-04-23,39.709999084472656
HY,2026-04-24,40.2400016784668
HY,2026-04-27,39.369998931884766
HY,2026-04-28,39.22999954223633
HY,2026-04-29,38.34000015258789
HY,2026-04-30,39.470001220703125
HY,2026-05-01,39.66999816894531
HY,2026-05-04,38.54999923706055
HY,2026-05-05,39.95000076293945
HY,2026-05-06,36.88999938964844
HY,2026-05-07,36.86000061035156
HY,2026-05-08,37.25
HY,2026-05-11,36.40999984741211
HY,2026-05-12,36.41999816894531
HY,2026-05-13,36.310001373291016
HY,2026-05-14,36.02000045776367
HY,2026-05-15,35.7400016784668
HY,2026-05-18,33.77000045776367
HY,2026-05-19,31.0
HY,2026-05-20,32.02000045776367
HY,2026-05-21,33.27000045776367
HY,2026-05-22,33.880001068115234
HY,2026-05-26,35.18000030517578
HY,2026-05-27,36.20000076293945
HY,2026-05-28,36.29999923706055
HY,2026-05-29,36.31999969482422
HY,2026-06-01,34.77000045776367
HY,2026-06-02,36.33000183105469
HY,2026-06-03,35.63999938964844
HY,2026-06-04,36.02000045776367
HY,2026-06-05,34.4900016784668
HY,2026-06-08,35.060001373291016
HY,2026-06-09,34.849998474121094
HY,2026-06-10,33.900001525878906
HY,2026-06-11,35.349998474121094
HY,2026-06-12,37.18000030517578
HY,2026-06-15,37.63999938964844
HY,2026-06-16,37.54999923706055
HY,2026-06-17,37.349998474121094
HY,2026-06-18,39.29999923706055
HY,2026-06-22,38.540000915527344
HY,2026-06-23,36.7599983215332
HY,2026-06-24,35.939998626708984
HY,2026-06-25,36.40999984741211
HY,2026-06-26,36.22999954223633
HY,2026-06-29,34.22999954223633
HY,2026-06-30,35.060001373291016
HY,2026-07-01,33.540000915527344
HY,2026-07-02,31.989999771118164
HY,2026-07-06,33.04999923706055
HY,2026-07-07,31.670000076293945
HY,2026-07-08,31.920000076293945
HY,2026-07-09,32.09000015258789
HY,2026-07-10,32.68000030517578
HY,2026-07-13,32.029998779296875
HY,2026-07-14,32.349998474121094
HY,2026-07-15,33.2599983215332
HY,2026-07-16,33.720001220703125
HY,2026-07-17,33.0
HY,2026-07-20,31.780000686645508
HY,2026-07-21,32.79999923706055
HY,2026-07-22,33.540000915527344
HY,2026-07-23,33.150001525878906
HY,2026-07-24,33.099998474121094
HY,2026-07-27,33.279998779296875
HY,2026-07-28,34.33000183105469
HY,2026-07-29,32.150001525878906
HY,2026-07-30,33.5
HY,2026-07-31,33.43000030517578
HY,2026-08-03,35.060001373291016
HY,2026-08-04,35.130001068115234
HY,2026-08-05,40.470001220703125
HY,2026-08-06,36.939998626708984
HY,2026-08-07,37.09000015258789
HY,2026-08-10,35.099998474121094
HY,2026-08-11,34.5099983215332
HY,2026-08-12,34.25
HY,2026-08-13,34.38999938964844
HY,2026-08-14,34.439998626708984
HY,2026-08-17,34.70000076293945
HY,2026-08-18,33.33000183105469
HY,2026-08-19,33.20000076293945
HY,2026-08-20,32.93000030517578
HY,2026-08-21,34.709999084472656
HY,2026-08-24,34.27000045776367
HY,2026-08-25,34.81999969482422
HY,2026-08-26,34.66999816894531
HY,2026-08-27,34.66999816894531
HY,2026-08-28,33.970001220703125
HY,2026-08-31,33.86000061035156
HY,2026-09-01,32.81999969482422
HY,2026-09-02,33.439998626708984
HY,2026-09-03,34.119998931884766
HY,2026-09-04,35.75
HY,2026-09-08,35.689998626708984
IBTA,2026-03-18,26.270000457763672
IBTA,2026-03-19,27.690000534057617
IBTA,2026-03-20,27.420000076293945
IBTA,2026-03-23,28.270000457763672
IBTA,2026-03-24,28.209999084472656
IBTA,2026-03-25,29.170000076293945
IBTA,2026-03-26,29.40999984741211
IBTA,2026-03-27,28.979999542236328
IBTA,2026-03-30,29.329999923706055
IBTA,2026-03-31,29.969999313354492
IBTA,2026-04-01,30.93000030517578
IBTA,2026-04-02,32.04999923706055
IBTA,2026-04-06,30.950000762939453
IBTA,2026-04-07,32.060001373291016
IBTA,2026-04-08,31.170000076293945
IBTA,2026-04-09,31.610000610351562
IBTA,2026-04-10,31.889999389648438
IBTA,2026-04-13,33.36000061035156
IBTA,2026-04-14,33.63999938964844
IBTA,2026-04-15,35.369998931884766
IBTA,2026-04-16,35.45000076293945
IBTA,2026-04-17,35.25
IBTA,2026-04-20,35.65999984741211
IBTA,2026-04-21,35.869998931884766
IBTA,2026-04-22,36.11000061035156
IBTA,2026-04-23,35.72999954223633
IBTA,2026-04-24,34.970001220703125
IBTA,2026-04-27,35.599998474121094
IBTA,2026-04-28,35.59000015258789
IBTA,2026-04-29,35.619998931884766
IBTA,2026-04-30,35.20000076293945
IBTA,2026-05-01,35.13999938964844
IBTA,2026-05-04,35.689998626708984
IBTA,2026-05-05,36.849998474121094
IBTA,2026-05-06,37.0
IBTA,2026-05-07,36.779998779296875
IBTA,2026-05-08,35.5
IBTA,2026-05-11,33.130001068115234
IBTA,2026-05-12,32.720001220703125
IBTA,2026-05-13,32.310001373291016
IBTA,2026-05-14,29.860000610351562
IBTA,2026-05-15,30.809999465942383
IBTA,2026-05-18,32.0
IBTA,2026-05-19,33.400001525878906
IBTA,2026-05-20,33.209999084472656
IBTA,2026-05-21,31.959999084472656
IBTA,2026-05-22,32.220001220703125
IBTA,2026-05-26,32.16999816894531
IBTA,2026-05-27,33.900001525878906
IBTA,2026-05-28,34.58000183105469
IBTA,2026-05-29,34.25
IBTA,2026-06-01,35.88999938964844
IBTA,2026-06-02,34.72999954223633
IBTA,2026-06-03,32.560001373291016
IBTA,2026-06-04,32.810001373291016
IBTA,2026-06-05,32.849998474121094
IBTA,2026-06-08,32.09000015258789
IBTA,2026-06-09,33.31999969482422
IBTA,2026-06-10,31.739999771118164
IBTA,2026-06-11,31.56999969482422
IBTA,2026-06-12,31.3799991607666
IBTA,2026-06-15,32.22999954223633
IBTA,2026-06-16,32.15999984741211
IBTA,2026-06-17,29.25
IBTA,2026-06-18,30.709999084472656
IBTA,2026-06-22,30.68000030517578
IBTA,2026-06-23,30.81999969482422
IBTA,2026-06-24,31.979999542236328
IBTA,2026-06-25,31.899999618530273
IBTA,2026-06-26,33.959999084472656
IBTA,2026-06-29,34.38999938964844
IBTA,2026-06-30,34.15999984741211
IBTA,2026-07-01,35.90999984741211
IBTA,2026-07-02,35.56999969482422
IBTA,2026-07-06,33.0
IBTA,2026-07-07,33.470001220703125
IBTA,2026-07-08,31.190000534057617
IBTA,2026-07-09,31.760000228881836
IBTA,2026-07-10,30.860000610351562
IBTA,2026-07-13,30.93000030517578
IBTA,2026-07-14,30.450000762939453
IBTA,2026-07-15,31.059999465942383
IBTA,2026-07-16,32.20000076293945
IBTA,2026-07-17,31.549999237060547
IBTA,2026-07-20,32.29999923706055
IBTA,2026-07-21,29.049999237060547
IBTA,2026-07-22,27.290000915527344
IBTA,2026-07-23,26.290000915527344
IBTA,2026-07-24,26.25
IBTA,2026-07-27,27.40999984741211
IBTA,2026-07-28,27.239999771118164
IBTA,2026-07-29,26.540000915527344
IBTA,2026-07-30,26.389999389648438
IBTA,2026-07-31,24.0
IBTA,2026-08-03,24.579999923706055
IBTA,2026-08-04,37.34000015258789
IBTA,2026-08-05,35.31999969482422
IBTA,2026-08-06,35.959999084472656
IBTA,2026-08-07,38.41999816894531
IBTA,2026-08-10,36.189998626708984
IBTA,2026-08-11,36.7599983215332
IBTA,2026-08-12,35.849998474121094
IBTA,2026-08-13,38.18000030517578
IBTA,2026-08-14,38.84000015258789
IBTA,2026-08-17,35.939998626708984
IBTA,2026-08-18,36.880001068115234
IBTA,2026-08-19,37.900001525878906
IBTA,2026-08-20,36.47999954223633
IBTA,2026-08-21,37.709999084472656
IBTA,2026-08-24,38.439998626708984
IBTA,2026-08-25,38.7400016784668
IBTA,2026-08-26,37.75
IBTA,2026-08-27,36.41999816894531
IBTA,2026-08-28,37.060001373291016
IBTA,2026-08-31,37.209999084472656
IBTA,2026-09-01,37.27000045776367
IBTA,2026-09-02,37.689998626708984
IBTA,2026-09-03,37.34000015258789
IBTA,2026-09-04,38.38999938964844
IBTA,2026-09-08,38.380001068115234
INSM,2026-03-18,142.6999969482422
INSM,2026-03-19,144.0
INSM,2026-03-20,136.0
INSM,2026-03-23,143.97999572753906
INSM,2026-03-24,139.13999938964844
INSM,2026-03-25,148.30999755859375
INSM,2026-03-26,147.60000610351562
INSM,2026-03-27,145.3000030517578
INSM,2026-03-30,153.32000732421875
INSM,2026-03-31,163.52000427246094
INSM,2026-04-01,164.86000061035156
INSM,2026-04-02,162.42999267578125
INSM,2026-04-06,163.80999755859375
INSM,2026-04-07,163.02999877929688
INSM,2026-04-08,160.17999267578125
INSM,2026-04-09,159.58999633789062
INSM,2026-04-10,154.80999755859375
INSM,2026-04-13,151.13999938964844
INSM,2026-04-14,153.39999389648438
INSM,2026-04-15,146.74000549316406
INSM,2026-04-16,142.7899932861328
INSM,2026-04-17,144.47999572753906
INSM,2026-04-20,142.82000732421875
INSM,2026-04-21,140.97999572753906
INSM,2026-04-22,144.47999572753906
INSM,2026-04-23,143.8300018310547
INSM,2026-04-24,135.1699981689453
INSM,2026-04-27,135.97999572753906
INSM,2026-04-28,134.94000244140625
INSM,2026-04-29,135.02999877929688
INSM,2026-04-30,136.3300018310547
INSM,2026-05-01,133.25999450683594
INSM,2026-05-04,140.00999450683594
INSM,2026-05-05,139.44000244140625
INSM,2026-05-06,137.08999633789062
INSM,2026-05-07,105.0
INSM,2026-05-08,101.3499984741211
INSM,2026-05-11,103.88999938964844
INSM,2026-05-12,116.0
INSM,2026-05-13,117.98999786376953
INSM,2026-05-14,115.62000274658203
INSM,2026-05-15,109.13999938964844
INSM,2026-05-18,107.1500015258789
INSM,2026-05-19,107.41000366210938
INSM,2026-05-20,107.91000366210938
INSM,2026-05-21,109.52999877929688
INSM,2026-05-22,106.23999786376953
INSM,2026-05-26,108.87000274658203
INSM,2026-05-27,106.4000015258789
INSM,2026-05-28,108.37000274658203
INSM,2026-05-29,106.91000366210938
INSM,2026-06-01,106.02999877929688
INSM,2026-06-02,103.7300033569336
INSM,2026-06-03,103.86000061035156
INSM,2026-06-04,104.91999816894531
INSM,2026-06-05,94.22000122070312
INSM,2026-06-08,94.16999816894531
INSM,2026-06-09,99.04000091552734
INSM,2026-06-10,91.87999725341797
INSM,2026-06-11,96.72000122070312
INSM,2026-06-12,97.8499984741211
INSM,2026-06-15,97.45999908447266
INSM,2026-06-16,95.5199966430664
INSM,2026-06-17,98.44999694824219
INSM,2026-06-18,95.80000305175781
INSM,2026-06-22,98.61000061035156
INSM,2026-06-23,102.1500015258789
INSM,2026-06-24,103.45999908447266
INSM,2026-06-25,104.47000122070312
INSM,2026-06-26,103.37999725341797
INSM,2026-06-29,104.73999786376953
INSM,2026-06-30,106.62000274658203
INSM,2026-07-01,107.0
INSM,2026-07-02,111.5999984741211
INSM,2026-07-06,111.54000091552734
INSM,2026-07-07,112.83999633789062
INSM,2026-07-08,116.52999877929688
INSM,2026-07-09,118.26000213623047
INSM,2026-07-10,115.61000061035156
INSM,2026-07-13,109.13999938964844
INSM,2026-07-14,110.11000061035156
INSM,2026-07-15,109.80999755859375
INSM,2026-07-16,107.45999908447266
INSM,2026-07-17,108.31999969482422
INSM,2026-07-20,107.0199966430664
INSM,2026-07-21,108.62000274658203
INSM,2026-07-22,106.63999938964844
INSM,2026-07-23,107.41000366210938
INSM,2026-07-24,106.91999816894531
INSM,2026-07-27,104.7300033569336
INSM,2026-07-28,104.12999725341797
INSM,2026-07-29,103.12000274658203
INSM,2026-07-30,101.48999786376953
INSM,2026-07-31,98.5999984741211
INSM,2026-08-03,98.44999694824219
INSM,2026-08-04,98.75
INSM,2026-08-05,99.0199966430664
INSM,2026-08-06,132.5500030517578
INSM,2026-08-07,131.10000610351562
INSM,2026-08-10,134.75
INSM,2026-08-11,132.57000732421875
INSM,2026-08-12,132.27999877929688
INSM,2026-08-13,126.33000183105469
INSM,2026-08-14,123.73999786376953
INSM,2026-08-17,128.32000732421875
INSM,2026-08-18,128.4600067138672
INSM,2026-08-19,130.66000366210938
INSM,2026-08-20,125.08000183105469
INSM,2026-08-21,125.7699966430664
INSM,2026-08-24,123.9800033569336
INSM,2026-08-25,123.88999938964844
INSM,2026-08-26,124.38999938964844
INSM,2026-08-27,121.38999938964844
INSM,2026-08-28,118.54000091552734
INSM,2026-08-31,121.81999969482422
INSM,2026-09-01,121.51000213623047
INSM,2026-09-02,126.62999725341797
INSM,2026-09-03,126.68000030517578
INSM,2026-09-04,126.29000091552734
INSM,2026-09-08,124.88999938964844
INVX,2026-03-18,24.670000076293945
INVX,2026-03-19,24.309999465942383
INVX,2026-03-20,24.010000228881836
INVX,2026-03-23,24.649999618530273
INVX,2026-03-24,24.729999542236328
INVX,2026-03-25,24.399999618530273
INVX,2026-03-26,24.790000915527344
INVX,2026-03-27,25.1299991607666
INVX,2026-03-30,24.25
INVX,2026-03-31,24.389999389648438
INVX,2026-04-01,24.229999542236328
INVX,2026-04-02,24.459999084472656
INVX,2026-04-06,24.790000915527344
INVX,2026-04-07,25.5
INVX,2026-04-08,25.770000457763672
INVX,2026-04-09,26.40999984741211
INVX,2026-04-10,26.510000228881836
INVX,2026-04-13,26.3700008392334
INVX,2026-04-14,25.920000076293945
INVX,2026-04-15,26.010000228881836
INVX,2026-04-16,26.290000915527344
INVX,2026-04-17,25.729999542236328
INVX,2026-04-20,25.700000762939453
INVX,2026-04-21,26.579999923706055
INVX,2026-04-22,27.459999084472656
INVX,2026-04-23,27.280000686645508
INVX,2026-04-24,27.899999618530273
INVX,2026-04-27,28.049999237060547
INVX,2026-04-28,28.149999618530273
INVX,2026-04-29,28.200000762939453
INVX,2026-04-30,27.770000457763672
INVX,2026-05-01,27.690000534057617
INVX,2026-05-04,27.420000076293945
INVX,2026-05-05,26.68000030517578
INVX,2026-05-06,27.1299991607666
INVX,2026-05-07,26.6299991607666
INVX,2026-05-08,26.600000381469727
INVX,2026-05-11,27.059999465942383
INVX,2026-05-12,27.40999984741211
INVX,2026-05-13,27.420000076293945
INVX,2026-05-14,27.610000610351562
INVX,2026-05-15,28.0
INVX,2026-05-18,30.299999237060547
INVX,2026-05-19,31.049999237060547
INVX,2026-05-20,30.959999084472656
INVX,2026-05-21,30.81999969482422
INVX,2026-05-22,30.049999237060547
INVX,2026-05-26,29.950000762939453
INVX,2026-05-27,27.649999618530273
INVX,2026-05-28,26.959999084472656
INVX,2026-05-29,26.709999084472656
INVX,2026-06-01,26.979999542236328
INVX,2026-06-02,28.040000915527344
INVX,2026-06-03,27.350000381469727
INVX,2026-06-04,28.329999923706055
INVX,2026-06-05,26.790000915527344
INVX,2026-06-08,28.850000381469727
INVX,2026-06-09,28.43000030517578
INVX,2026-06-10,28.729999542236328
INVX,2026-06-11,28.75
INVX,2026-06-12,29.450000762939453
INVX,2026-06-15,28.170000076293945
INVX,2026-06-16,26.75
INVX,2026-06-17,26.149999618530273
INVX,2026-06-18,25.56999969482422
INVX,2026-06-22,25.65999984741211
INVX,2026-06-23,25.649999618530273
INVX,2026-06-24,25.600000381469727
INVX,2026-06-25,25.559999465942383
INVX,2026-06-26,25.43000030517578
INVX,2026-06-29,24.559999465942383
INVX,2026-06-30,24.799999237060547
INVX,2026-07-01,24.280000686645508
INVX,2026-07-02,24.09000015258789
INVX,2026-07-06,23.610000610351562
INVX,2026-07-07,24.049999237060547
INVX,2026-07-08,25.1299991607666
INVX,2026-07-09,25.059999465942383
INVX,2026-07-10,25.469999313354492
INVX,2026-07-13,25.5
INVX,2026-07-14,25.719999313354492
INVX,2026-07-15,25.8799991607666
INVX,2026-07-16,25.709999084472656
INVX,2026-07-17,25.780000686645508
INVX,2026-07-20,25.540000915527344
INVX,2026-07-21,26.389999389648438
INVX,2026-07-22,27.190000534057617
INVX,2026-07-23,26.670000076293945
INVX,2026-07-24,26.84000015258789
INVX,2026-07-27,26.540000915527344
INVX,2026-07-28,25.6200008392334
INVX,2026-07-29,25.729999542236328
INVX,2026-07-30,26.559999465942383
INVX,2026-07-31,28.079999923706055
INVX,2026-08-03,28.299999237060547
INVX,2026-08-04,31.6299991607666
INVX,2026-08-05,30.440000534057617
INVX,2026-08-06,30.700000762939453
INVX,2026-08-07,28.100000381469727
INVX,2026-08-10,29.170000076293945
INVX,2026-08-11,30.139999389648438
INVX,2026-08-12,30.389999389648438
INVX,2026-08-13,30.780000686645508
INVX,2026-08-14,31.239999771118164
INVX,2026-08-17,30.790000915527344
INVX,2026-08-18,30.149999618530273
INVX,2026-08-19,29.420000076293945
INVX,2026-08-20,29.149999618530273
INVX,2026-08-21,29.31999969482422
INVX,2026-08-24,28.6200008392334
INVX,2026-08-25,28.68000030517578
INVX,2026-08-26,28.260000228881836
INVX,2026-08-27,29.84000015258789
INVX,2026-08-28,30.110000610351562
INVX,2026-08-31,30.670000076293945
INVX,2026-09-01,30.25
INVX,2026-09-02,31.149999618530273
INVX,2026-09-03,30.799999237060547
INVX,2026-09-04,30.06999969482422
INVX,2026-09-08,29.799999237060547
IOVA,2026-03-18,3.7699999809265137
IOVA,2026-03-19,3.869999885559082
IOVA,2026-03-20,3.690000057220459
IOVA,2026-03-23,3.630000114440918
IOVA,2026-03-24,3.619999885559082
IOVA,2026-03-25,3.75
IOVA,2026-03-26,3.690000057220459
IOVA,2026-03-27,3.509999990463257
IOVA,2026-03-30,3.319999933242798
IOVA,2026-03-31,3.509999990463257
IOVA,2026-04-01,3.450000047683716
IOVA,2026-04-02,3.430000066757202
IOVA,2026-04-06,3.299999952316284
IOVA,2026-04-07,3.319999933242798
IOVA,2026-04-08,3.4700000286102295
IOVA,2026-04-09,4.010000228881836
IOVA,2026-04-10,3.700000047683716
IOVA,2026-04-13,3.4600000381469727
IOVA,2026-04-14,3.640000104904175
IOVA,2026-04-15,3.819999933242798
IOVA,2026-04-16,3.799999952316284
IOVA,2026-04-17,3.859999895095825
IOVA,2026-04-20,3.7799999713897705
IOVA,2026-04-21,3.700000047683716
IOVA,2026-04-22,3.5299999713897705
IOVA,2026-04-23,3.4800000190734863
IOVA,2026-04-24,3.440000057220459
IOVA,2026-04-27,3.430000066757202
IOVA,2026-04-28,3.380000114440918
IOVA,2026-04-29,3.309999942779541
IOVA,2026-04-30,3.359999895095825
IOVA,2026-05-01,3.4000000953674316
IOVA,2026-05-04,3.8499999046325684
IOVA,2026-05-05,3.9800000190734863
IOVA,2026-05-06,4.090000152587891
IOVA,2026-05-07,3.549999952316284
IOVA,2026-05-08,3.619999885559082
IOVA,2026-05-11,3.700000047683716
IOVA,2026-05-12,3.559999942779541
IOVA,2026-05-13,3.6600000858306885
IOVA,2026-05-14,3.5199999809265137
IOVA,2026-05-15,3.450000047683716
IOVA,2026-05-18,3.390000104904175
IOVA,2026-05-19,3.4600000381469727
IOVA,2026-05-20,3.5399999618530273
IOVA,2026-05-21,3.700000047683716
IOVA,2026-05-22,4.110000133514404
IOVA,2026-05-26,4.099999904632568
IOVA,2026-05-27,4.369999885559082
IOVA,2026-05-28,4.300000190734863
IOVA,2026-05-29,4.099999904632568
IOVA,2026-06-01,3.9600000381469727
IOVA,2026-06-02,4.099999904632568
IOVA,2026-06-03,3.7899999618530273
IOVA,2026-06-04,4.380000114440918
IOVA,2026-06-05,4.230000019073486
IOVA,2026-06-08,4.0
IOVA,2026-06-09,3.880000114440918
IOVA,2026-06-10,3.7799999713897705
IOVA,2026-06-11,3.9600000381469727
IOVA,2026-06-12,4.079999923706055
IOVA,2026-06-15,4.03000020980835
IOVA,2026-06-16,3.819999933242798
IOVA,2026-06-17,3.930000066757202
IOVA,2026-06-18,3.9100000858306885
IOVA,2026-06-22,4.059999942779541
IOVA,2026-06-23,4.440000057220459
IOVA,2026-06-24,4.25
IOVA,2026-06-25,4.210000038146973
IOVA,2026-06-26,4.25
IOVA,2026-06-29,4.210000038146973
IOVA,2026-06-30,4.159999847412109
IOVA,2026-07-01,3.9700000286102295
IOVA,2026-07-02,4.309999942779541
IOVA,2026-07-06,4.190000057220459
IOVA,2026-07-07,4.349999904632568
IOVA,2026-07-08,4.28000020980835
IOVA,2026-07-09,4.369999885559082
IOVA,2026-07-10,4.230000019073486
IOVA,2026-07-13,4.039999961853027
IOVA,2026-07-14,3.930000066757202
IOVA,2026-07-15,4.739999771118164
IOVA,2026-07-16,4.659999847412109
IOVA,2026-07-17,5.0
IOVA,2026-07-20,5.019999980926514
IOVA,2026-07-21,5.480000019073486
IOVA,2026-07-22,5.170000076293945
IOVA,2026-07-23,5.130000114440918
IOVA,2026-07-24,4.989999771118164
IOVA,2026-07-27,4.900000095367432
IOVA,2026-07-28,4.699999809265137
IOVA,2026-07-29,4.559999942779541
IOVA,2026-07-30,4.690000057220459
IOVA,2026-07-31,4.070000171661377
IOVA,2026-08-03,4.320000171661377
IOVA,2026-08-04,4.360000133514404
IOVA,2026-08-05,4.340000152587891
IOVA,2026-08-06,6.210000038146973
IOVA,2026-08-07,6.340000152587891
IOVA,2026-08-10,6.400000095367432
IOVA,2026-08-11,6.489999771118164
IOVA,2026-08-12,6.739999771118164
IOVA,2026-08-13,6.519999980926514
IOVA,2026-08-14,6.980000019073486
IOVA,2026-08-17,7.099999904632568
IOVA,2026-08-18,7.03000020980835
IOVA,2026-08-19,7.989999771118164
IOVA,2026-08-20,8.989999771118164
IOVA,2026-08-21,8.289999961853027
IOVA,2026-08-24,8.0600004196167
IOVA,2026-08-25,8.4399995803833
IOVA,2026-08-26,8.079999923706055
IOVA,2026-08-27,8.260000228881836
IOVA,2026-08-28,8.010000228881836
IOVA,2026-08-31,8.170000076293945
IOVA,2026-09-01,8.279999732971191
IOVA,2026-09-02,8.619999885559082
IOVA,2026-09-03,8.699999809265137
IOVA,2026-09-04,8.789999961853027
IOVA,2026-09-08,8.699999809265137
IQMX,2026-03-18,10.609999656677246
IQMX,2026-03-19,10.5600004196167
IQMX,2026-03-20,10.520000457763672
IQMX,2026-03-23,10.550000190734863
IQMX,2026-03-24,10.550000190734863
IQMX,2026-03-25,10.510000228881836
IQMX,2026-03-26,10.460000038146973
IQMX,2026-03-27,10.40999984741211
IQMX,2026-03-30,10.399999618530273
IQMX,2026-03-31,10.5
IQMX,2026-04-01,10.449999809265137
IQMX,2026-04-02,10.449999809265137
IQMX,2026-04-06,10.399999618530273
IQMX,2026-04-07,10.380000114440918
IQMX,2026-04-08,10.399999618530273
IQMX,2026-04-09,10.399999618530273
IQMX,2026-04-10,10.40999984741211
IQMX,2026-04-13,10.399999618530273
IQMX,2026-04-14,10.5
IQMX,2026-04-15,10.699999809265137
IQMX,2026-04-16,10.699999809265137
IQMX,2026-04-17,10.680000305175781
IQMX,2026-04-20,10.729999542236328
IQMX,2026-04-21,10.819999694824219
IQMX,2026-04-22,10.869999885559082
IQMX,2026-04-23,10.920000076293945
IQMX,2026-04-24,10.90999984741211
IQMX,2026-04-27,10.970000267028809
IQMX,2026-04-28,10.869999885559082
IQMX,2026-04-29,10.899999618530273
IQMX,2026-04-30,10.899999618530273
IQMX,2026-05-01,10.890000343322754
IQMX,2026-05-04,10.864999771118164
IQMX,2026-05-05,10.845000267028809
IQMX,2026-05-06,10.970000267028809
IQMX,2026-05-07,11.020000457763672
IQMX,2026-05-08,11.289999961853027
IQMX,2026-05-11,11.399999618530273
IQMX,2026-05-12,11.149999618530273
IQMX,2026-05-13,11.279999732971191
IQMX,2026-05-14,11.460000038146973
IQMX,2026-05-15,11.34000015258789
IQMX,2026-05-18,11.199999809265137
IQMX,2026-05-19,10.960000038146973
IQMX,2026-05-20,11.3100004196167
IQMX,2026-05-21,11.609999656677246
IQMX,2026-05-22,11.720000267028809
IQMX,2026-05-26,11.710000038146973
IQMX,2026-05-27,11.390000343322754
IQMX,2026-05-28,11.399999618530273
IQMX,2026-05-29,11.350000381469727
IQMX,2026-06-01,11.670000076293945
IQMX,2026-06-02,11.789999961853027
IQMX,2026-06-03,11.800000190734863
IQMX,2026-06-04,11.470000267028809
IQMX,2026-06-05,11.109999656677246
IQMX,2026-06-08,10.930000305175781
IQMX,2026-06-09,10.819999694824219
IQMX,2026-06-10,10.829999923706055
IQMX,2026-06-11,10.789999961853027
IQMX,2026-06-12,10.6899995803833
IQMX,2026-06-15,10.600000381469727
IQMX,2026-06-16,10.5
IQMX,2026-06-17,10.510000228881836
IQMX,2026-06-18,10.470000267028809
IQMX,2026-06-22,10.449999809265137
IQMX,2026-06-23,10.430000305175781
IQMX,2026-06-24,10.84000015258789
IQMX,2026-06-25,10.680000305175781
IQMX,2026-06-26,10.579999923706055
IQMX,2026-06-29,10.739999771118164
IQMX,2026-06-30,10.800000190734863
IQMX,2026-07-01,13.420000076293945
IQMX,2026-07-02,13.029999732971191
IQMX,2026-07-06,13.90999984741211
IQMX,2026-07-07,12.890000343322754
IQMX,2026-07-08,11.470000267028809
IQMX,2026-07-09,12.210000038146973
IQMX,2026-07-10,12.4399995803833
IQMX,2026-07-13,11.699999809265137
IQMX,2026-07-14,12.5600004196167
IQMX,2026-07-15,12.1899995803833
IQMX,2026-07-16,10.619999885559082
IQMX,2026-07-17,10.699999809265137
IQMX,2026-07-20,10.800000190734863
IQMX,2026-07-21,11.949999809265137
IQMX,2026-07-22,11.470000267028809
IQMX,2026-07-23,10.770000457763672
IQMX,2026-07-24,10.75
IQMX,2026-07-27,10.800000190734863
IQMX,2026-07-28,10.720000267028809
IQMX,2026-07-29,10.479999542236328
IQMX,2026-07-30,10.59000015258789
IQMX,2026-07-31,9.899999618530273
IQMX,2026-08-03,10.0
IQMX,2026-08-04,9.654999732971191
IQMX,2026-08-05,9.210000038146973
IQMX,2026-08-06,9.130000114440918
IQMX,2026-08-07,9.350000381469727
IQMX,2026-08-10,9.460000038146973
IQMX,2026-08-11,9.164999961853027
IQMX,2026-08-12,9.104999542236328
IQMX,2026-08-13,9.819999694824219
IQMX,2026-08-14,9.899999618530273
IQMX,2026-08-17,9.920000076293945
IQMX,2026-08-18,9.800000190734863
IQMX,2026-08-19,10.069999694824219
IQMX,2026-08-20,9.680000305175781
IQMX,2026-08-21,11.109999656677246
IQMX,2026-08-24,10.4399995803833
IQMX,2026-08-25,10.699999809265137
IQMX,2026-08-26,10.989999771118164
IQMX,2026-08-27,10.8100004196167
IQMX,2026-08-28,10.59000015258789
IQMX,2026-08-31,10.489999771118164
IQMX,2026-09-01,10.479999542236328
IQMX,2026-09-02,10.9399995803833
IQMX,2026-09-03,10.800000190734863
IQMX,2026-09-04,10.800000190734863
IQMX,2026-09-08,10.489999771118164
IQV,2026-03-18,167.02000427246094
IQV,2026-03-19,166.47000122070312
IQV,2026-03-20,166.07000732421875
IQV,2026-03-23,166.9600067138672
IQV,2026-03-24,166.08999633789062
IQV,2026-03-25,165.63999938964844
IQV,2026-03-26,169.39999389648438
IQV,2026-03-27,163.85000610351562
IQV,2026-03-30,166.16000366210938
IQV,2026-03-31,170.5399932861328
IQV,2026-04-01,172.39999389648438
IQV,2026-04-02,173.25999450683594
IQV,2026-04-06,170.72000122070312
IQV,2026-04-07,170.6199951171875
IQV,2026-04-08,172.5399932861328
IQV,2026-04-09,168.97999572753906
IQV,2026-04-10,167.33999633789062
IQV,2026-04-13,171.99000549316406
IQV,2026-04-14,175.27999877929688
IQV,2026-04-15,178.10000610351562
IQV,2026-04-16,171.9499969482422
IQV,2026-04-17,176.4600067138672
IQV,2026-04-20,176.75999450683594
IQV,2026-04-21,175.69000244140625
IQV,2026-04-22,175.2100067138672
IQV,2026-04-23,160.67999267578125
IQV,2026-04-24,162.27999877929688
IQV,2026-04-27,163.83999633789062
IQV,2026-04-28,158.97999572753906
IQV,2026-04-29,156.66000366210938
IQV,2026-04-30,158.3699951171875
IQV,2026-05-01,157.77000427246094
IQV,2026-05-04,160.94000244140625
IQV,2026-05-05,176.4199981689453
IQV,2026-05-06,176.47000122070312
IQV,2026-05-07,178.63999938964844
IQV,2026-05-08,178.7100067138672
IQV,2026-05-11,173.5500030517578
IQV,2026-05-12,175.05999755859375
IQV,2026-05-13,172.3800048828125
IQV,2026-05-14,170.67999267578125
IQV,2026-05-15,169.1199951171875
IQV,2026-05-18,172.80999755859375
IQV,2026-05-19,173.17999267578125
IQV,2026-05-20,171.5
IQV,2026-05-21,168.02000427246094
IQV,2026-05-22,167.89999389648438
IQV,2026-05-26,162.0
IQV,2026-05-27,165.6199951171875
IQV,2026-05-28,181.08999633789062
IQV,2026-05-29,182.2100067138672
IQV,2026-06-01,186.82000732421875
IQV,2026-06-02,180.63999938964844
IQV,2026-06-03,182.0500030517578
IQV,2026-06-04,186.8800048828125
IQV,2026-06-05,183.4499969482422
IQV,2026-06-08,183.69000244140625
IQV,2026-06-09,186.25
IQV,2026-06-10,182.1699981689453
IQV,2026-06-11,181.05999755859375
IQV,2026-06-12,181.4600067138672
IQV,2026-06-15,178.38999938964844
IQV,2026-06-16,179.1699981689453
IQV,2026-06-17,170.6699981689453
IQV,2026-06-18,167.77000427246094
IQV,2026-06-22,167.80999755859375
IQV,2026-06-23,171.27999877929688
IQV,2026-06-24,185.6199951171875
IQV,2026-06-25,186.42999267578125
IQV,2026-06-26,191.13999938964844
IQV,2026-06-29,193.27999877929688
IQV,2026-06-30,193.22000122070312
IQV,2026-07-01,203.1999969482422
IQV,2026-07-02,207.0399932861328
IQV,2026-07-06,205.97000122070312
IQV,2026-07-07,208.22999572753906
IQV,2026-07-08,203.7899932861328
IQV,2026-07-09,208.97000122070312
IQV,2026-07-10,207.85000610351562
IQV,2026-07-13,207.5500030517578
IQV,2026-07-14,207.8300018310547
IQV,2026-07-15,206.80999755859375
IQV,2026-07-16,210.49000549316406
IQV,2026-07-17,206.25999450683594
IQV,2026-07-20,203.89999389648438
IQV,2026-07-21,201.6199951171875
IQV,2026-07-22,198.52000427246094
IQV,2026-07-23,207.32000732421875
IQV,2026-07-24,208.0500030517578
IQV,2026-07-27,213.22000122070312
IQV,2026-07-28,242.94000244140625
IQV,2026-07-29,247.55999755859375
IQV,2026-07-30,237.7899932861328
IQV,2026-07-31,235.02000427246094
IQV,2026-08-03,233.36000061035156
IQV,2026-08-04,228.1999969482422
IQV,2026-08-05,236.0500030517578
IQV,2026-08-06,232.42999267578125
IQV,2026-08-07,238.6999969482422
IQV,2026-08-10,241.99000549316406
IQV,2026-08-11,243.83999633789062
IQV,2026-08-12,241.7100067138672
IQV,2026-08-13,241.52000427246094
IQV,2026-08-14,236.66000366210938
IQV,2026-08-17,241.24000549316406
IQV,2026-08-18,240.02999877929688
IQV,2026-08-19,249.27999877929688
IQV,2026-08-20,256.04998779296875
IQV,2026-08-21,259.82000732421875
IQV,2026-08-24,260.239990234375
IQV,2026-08-25,259.4200134277344
IQV,2026-08-26,261.510009765625
IQV,2026-08-27,262.3800048828125
IQV,2026-08-28,261.75
IQV,2026-08-31,261.19000244140625
IQV,2026-09-01,258.3500061035156
IQV,2026-09-02,263.8399963378906
IQV,2026-09-03,271.6199951171875
IQV,2026-09-04,267.7699890136719
IQV,2026-09-08,259.2099914550781
ITGR,2026-03-18,84.69999694824219
ITGR,2026-03-19,84.36000061035156
ITGR,2026-03-20,84.0999984741211
ITGR,2026-03-23,85.33000183105469
ITGR,2026-03-24,86.19000244140625
ITGR,2026-03-25,86.76000213623047
ITGR,2026-03-26,86.83000183105469
ITGR,2026-03-27,85.33000183105469
ITGR,2026-03-30,85.16000366210938
ITGR,2026-03-31,88.0
ITGR,2026-04-01,86.44000244140625
ITGR,2026-04-02,86.8499984741211
ITGR,2026-04-06,85.62999725341797
ITGR,2026-04-07,85.11000061035156
ITGR,2026-04-08,87.4800033569336
ITGR,2026-04-09,86.66999816894531
ITGR,2026-04-10,85.11000061035156
ITGR,2026-04-13,87.7300033569336
ITGR,2026-04-14,88.62999725341797
ITGR,2026-04-15,87.94000244140625
ITGR,2026-04-16,88.37000274658203
ITGR,2026-04-17,90.19999694824219
ITGR,2026-04-20,89.31999969482422
ITGR,2026-04-21,85.62000274658203
ITGR,2026-04-22,85.16000366210938
ITGR,2026-04-23,84.86000061035156
ITGR,2026-04-24,86.0199966430664
ITGR,2026-04-27,85.3499984741211
ITGR,2026-04-28,84.63999938964844
ITGR,2026-04-29,83.66999816894531
ITGR,2026-04-30,88.51000213623047
ITGR,2026-05-01,84.02999877929688
ITGR,2026-05-04,83.94999694824219
ITGR,2026-05-05,85.8499984741211
ITGR,2026-05-06,86.29000091552734
ITGR,2026-05-07,87.91999816894531
ITGR,2026-05-08,88.12000274658203
ITGR,2026-05-11,84.8499984741211
ITGR,2026-05-12,84.9800033569336
ITGR,2026-05-13,89.38999938964844
ITGR,2026-05-14,89.81999969482422
ITGR,2026-05-15,88.16000366210938
ITGR,2026-05-18,89.97000122070312
ITGR,2026-05-19,90.44000244140625
ITGR,2026-05-20,91.48999786376953
ITGR,2026-05-21,90.0
ITGR,2026-05-22,89.27999877929688
ITGR,2026-05-26,90.13999938964844
ITGR,2026-05-27,88.97000122070312
ITGR,2026-05-28,90.05000305175781
ITGR,2026-05-29,89.37999725341797
ITGR,2026-06-01,90.16000366210938
ITGR,2026-06-02,90.30999755859375
ITGR,2026-06-03,90.88999938964844
ITGR,2026-06-04,92.73999786376953
ITGR,2026-06-05,91.9800033569336
ITGR,2026-06-08,91.88999938964844
ITGR,2026-06-09,94.0999984741211
ITGR,2026-06-10,91.37000274658203
ITGR,2026-06-11,92.0999984741211
ITGR,2026-06-12,90.9800033569336
ITGR,2026-06-15,90.8499984741211
ITGR,2026-06-16,91.30000305175781
ITGR,2026-06-17,89.5
ITGR,2026-06-18,90.95999908447266
ITGR,2026-06-22,90.0999984741211
ITGR,2026-06-23,89.54000091552734
ITGR,2026-06-24,91.37999725341797
ITGR,2026-06-25,93.12000274658203
ITGR,2026-06-26,93.88999938964844
ITGR,2026-06-29,91.22000122070312
ITGR,2026-06-30,93.44999694824219
ITGR,2026-07-01,94.56999969482422
ITGR,2026-07-02,95.13999938964844
ITGR,2026-07-06,93.4000015258789
ITGR,2026-07-07,91.9000015258789
ITGR,2026-07-08,91.1500015258789
ITGR,2026-07-09,91.94999694824219
ITGR,2026-07-10,93.68000030517578
ITGR,2026-07-13,96.37999725341797
ITGR,2026-07-14,93.30999755859375
ITGR,2026-07-15,95.55999755859375
ITGR,2026-07-16,99.62000274658203
ITGR,2026-07-17,95.41999816894531
ITGR,2026-07-20,96.08999633789062
ITGR,2026-07-21,96.30999755859375
ITGR,2026-07-22,96.55999755859375
ITGR,2026-07-23,97.5
ITGR,2026-07-24,98.62000274658203
ITGR,2026-07-27,99.4000015258789
ITGR,2026-07-28,100.37999725341797
ITGR,2026-07-29,99.81999969482422
ITGR,2026-07-30,100.86000061035156
ITGR,2026-07-31,121.20999908447266
ITGR,2026-08-03,124.44999694824219
ITGR,2026-08-04,125.05000305175781
ITGR,2026-08-05,125.0
ITGR,2026-08-06,126.06999969482422
ITGR,2026-08-07,125.2699966430664
ITGR,2026-08-10,125.08000183105469
ITGR,2026-08-11,125.04000091552734
ITGR,2026-08-12,125.08000183105469
ITGR,2026-08-13,125.05999755859375
ITGR,2026-08-14,125.26000213623047
ITGR,2026-08-17,125.08000183105469
ITGR,2026-08-18,125.08999633789062
ITGR,2026-08-19,125.30000305175781
ITGR,2026-08-20,125.20999908447266
ITGR,2026-08-21,125.19999694824219
ITGR,2026-08-24,125.06999969482422
ITGR,2026-08-25,125.38999938964844
ITGR,2026-08-26,125.19000244140625
ITGR,2026-08-27,125.30000305175781
ITGR,2026-08-28,125.33000183105469
ITGR,2026-08-31,125.25
ITGR,2026-09-01,125.38999938964844
ITGR,2026-09-02,125.30999755859375
ITGR,2026-09-03,125.5
ITGR,2026-09-04,126.5
ITGR,2026-09-08,126.19999694824219
ITRI,2026-03-18,91.79000091552734
ITRI,2026-03-19,92.69000244140625
ITRI,2026-03-20,91.27999877929688
ITRI,2026-03-23,93.4000015258789
ITRI,2026-03-24,92.69000244140625
ITRI,2026-03-25,93.54000091552734
ITRI,2026-03-26,88.3499984741211
ITRI,2026-03-27,85.5999984741211
ITRI,2026-03-30,83.87999725341797
ITRI,2026-03-31,89.62999725341797
ITRI,2026-04-01,90.41999816894531
ITRI,2026-04-02,88.69000244140625
ITRI,2026-04-06,91.12000274658203
ITRI,2026-04-07,89.9800033569336
ITRI,2026-04-08,92.98999786376953
ITRI,2026-04-09,95.0999984741211
ITRI,2026-04-10,94.19000244140625
ITRI,2026-04-13,94.47000122070312
ITRI,2026-04-14,96.36000061035156
ITRI,2026-04-15,97.55000305175781
ITRI,2026-04-16,97.0
ITRI,2026-04-17,98.43000030517578
ITRI,2026-04-20,97.62999725341797
ITRI,2026-04-21,94.16000366210938
ITRI,2026-04-22,89.68000030517578
ITRI,2026-04-23,88.55999755859375
ITRI,2026-04-24,88.55000305175781
ITRI,2026-04-27,86.91999816894531
ITRI,2026-04-28,87.0
ITRI,2026-04-29,82.69000244140625
ITRI,2026-04-30,83.80000305175781
ITRI,2026-05-01,85.4000015258789
ITRI,2026-05-04,84.22000122070312
ITRI,2026-05-05,84.41999816894531
ITRI,2026-05-06,82.97000122070312
ITRI,2026-05-07,81.13999938964844
ITRI,2026-05-08,81.87000274658203
ITRI,2026-05-11,81.70999908447266
ITRI,2026-05-12,81.26000213623047
ITRI,2026-05-13,82.22000122070312
ITRI,2026-05-14,81.52999877929688
ITRI,2026-05-15,79.23999786376953
ITRI,2026-05-18,80.80000305175781
ITRI,2026-05-19,78.0199966430664
ITRI,2026-05-20,81.3499984741211
ITRI,2026-05-21,81.8499984741211
ITRI,2026-05-22,83.0199966430664
ITRI,2026-05-26,84.44000244140625
ITRI,2026-05-27,85.30000305175781
ITRI,2026-05-28,83.58999633789062
ITRI,2026-05-29,82.4800033569336
ITRI,2026-06-01,84.79000091552734
ITRI,2026-06-02,83.94000244140625
ITRI,2026-06-03,82.12000274658203
ITRI,2026-06-04,81.05000305175781
ITRI,2026-06-05,80.06999969482422
ITRI,2026-06-08,81.80000305175781
ITRI,2026-06-09,82.33999633789062
ITRI,2026-06-10,79.68000030517578
ITRI,2026-06-11,80.72000122070312
ITRI,2026-06-12,80.55999755859375
ITRI,2026-06-15,80.70999908447266
ITRI,2026-06-16,81.0999984741211
ITRI,2026-06-17,79.26000213623047
ITRI,2026-06-18,80.80999755859375
ITRI,2026-06-22,81.76000213623047
ITRI,2026-06-23,81.0999984741211
ITRI,2026-06-24,81.61000061035156
ITRI,2026-06-25,82.94999694824219
ITRI,2026-06-26,83.87000274658203
ITRI,2026-06-29,83.72000122070312
ITRI,2026-06-30,86.52999877929688
ITRI,2026-07-01,84.48999786376953
ITRI,2026-07-02,85.11000061035156
ITRI,2026-07-06,86.73999786376953
ITRI,2026-07-07,84.44000244140625
ITRI,2026-07-08,84.05000305175781
ITRI,2026-07-09,84.98999786376953
ITRI,2026-07-10,85.0999984741211
ITRI,2026-07-13,83.38999938964844
ITRI,2026-07-14,83.45999908447266
ITRI,2026-07-15,83.98999786376953
ITRI,2026-07-16,85.9000015258789
ITRI,2026-07-17,85.98999786376953
ITRI,2026-07-20,84.37000274658203
ITRI,2026-07-21,84.13999938964844
ITRI,2026-07-22,83.20999908447266
ITRI,2026-07-23,83.93000030517578
ITRI,2026-07-24,84.22000122070312
ITRI,2026-07-27,84.77999877929688
ITRI,2026-07-28,107.0199966430664
ITRI,2026-07-29,102.33000183105469
ITRI,2026-07-30,98.8499984741211
ITRI,2026-07-31,99.66000366210938
ITRI,2026-08-03,100.94999694824219
ITRI,2026-08-04,106.29000091552734
ITRI,2026-08-05,105.56999969482422
ITRI,2026-08-06,102.81999969482422
ITRI,2026-08-07,103.75
ITRI,2026-08-10,102.62999725341797
ITRI,2026-08-11,103.33000183105469
ITRI,2026-08-12,102.61000061035156
ITRI,2026-08-13,102.72000122070312
ITRI,2026-08-14,101.55999755859375
ITRI,2026-08-17,100.61000061035156
ITRI,2026-08-18,96.18000030517578
ITRI,2026-08-19,98.86000061035156
ITRI,2026-08-20,98.43000030517578
ITRI,2026-08-21,100.02999877929688
ITRI,2026-08-24,98.69000244140625
ITRI,2026-08-25,98.7300033569336
ITRI,2026-08-26,98.86000061035156
ITRI,2026-08-27,99.2699966430664
ITRI,2026-08-28,97.52999877929688
ITRI,2026-08-31,97.01000213623047
ITRI,2026-09-01,95.0999984741211
ITRI,2026-09-02,96.12000274658203
ITRI,2026-09-03,95.55000305175781
ITRI,2026-09-04,97.01000213623047
ITRI,2026-09-08,96.56999969482422
KNSA,2026-03-18,45.150001525878906
KNSA,2026-03-19,45.630001068115234
KNSA,2026-03-20,46.08000183105469
KNSA,2026-03-23,46.040000915527344
KNSA,2026-03-24,44.939998626708984
KNSA,2026-03-25,45.84000015258789
KNSA,2026-03-26,46.779998779296875
KNSA,2026-03-27,45.75
KNSA,2026-03-30,45.70000076293945
KNSA,2026-03-31,48.150001525878906
KNSA,2026-04-01,48.130001068115234
KNSA,2026-04-02,48.81999969482422
KNSA,2026-04-06,49.54999923706055
KNSA,2026-04-07,48.939998626708984
KNSA,2026-04-08,47.029998779296875
KNSA,2026-04-09,47.33000183105469
KNSA,2026-04-10,47.08000183105469
KNSA,2026-04-13,47.29999923706055
KNSA,2026-04-14,46.91999816894531
KNSA,2026-04-15,45.88999938964844
KNSA,2026-04-16,45.31999969482422
KNSA,2026-04-17,44.900001525878906
KNSA,2026-04-20,42.459999084472656
KNSA,2026-04-21,42.45000076293945
KNSA,2026-04-22,43.040000915527344
KNSA,2026-04-23,43.04999923706055
KNSA,2026-04-24,42.790000915527344
KNSA,2026-04-27,43.61000061035156
KNSA,2026-04-28,53.849998474121094
KNSA,2026-04-29,52.9900016784668
KNSA,2026-04-30,53.779998779296875
KNSA,2026-05-01,55.27000045776367
KNSA,2026-05-04,57.619998931884766
KNSA,2026-05-05,56.7400016784668
KNSA,2026-05-06,58.22999954223633
KNSA,2026-05-07,56.93000030517578
KNSA,2026-05-08,58.599998474121094
KNSA,2026-05-11,58.369998931884766
KNSA,2026-05-12,59.47999954223633
KNSA,2026-05-13,59.119998931884766
KNSA,2026-05-14,58.540000915527344
KNSA,2026-05-15,56.5099983215332
KNSA,2026-05-18,53.63999938964844
KNSA,2026-05-19,53.34000015258789
KNSA,2026-05-20,54.279998779296875
KNSA,2026-05-21,53.650001525878906
KNSA,2026-05-22,53.2400016784668
KNSA,2026-05-26,52.86000061035156
KNSA,2026-05-27,51.84000015258789
KNSA,2026-05-28,50.84000015258789
KNSA,2026-05-29,48.380001068115234
KNSA,2026-06-01,48.43000030517578
KNSA,2026-06-02,46.91999816894531
KNSA,2026-06-03,47.849998474121094
KNSA,2026-06-04,49.22999954223633
KNSA,2026-06-05,48.41999816894531
KNSA,2026-06-08,49.040000915527344
KNSA,2026-06-09,48.70000076293945
KNSA,2026-06-10,49.27000045776367
KNSA,2026-06-11,51.58000183105469
KNSA,2026-06-12,51.88999938964844
KNSA,2026-06-15,52.34000015258789
KNSA,2026-06-16,52.29999923706055
KNSA,2026-06-17,54.209999084472656
KNSA,2026-06-18,55.11000061035156
KNSA,2026-06-22,57.130001068115234
KNSA,2026-06-23,59.4900016784668
KNSA,2026-06-24,59.130001068115234
KNSA,2026-06-25,56.88999938964844
KNSA,2026-06-26,59.20000076293945
KNSA,2026-06-29,62.40999984741211
KNSA,2026-06-30,63.95000076293945
KNSA,2026-07-01,62.8849983215332
KNSA,2026-07-02,64.52999877929688
KNSA,2026-07-06,62.77000045776367
KNSA,2026-07-07,67.29000091552734
KNSA,2026-07-08,64.76000213623047
KNSA,2026-07-09,65.37999725341797
KNSA,2026-07-10,63.439998626708984
KNSA,2026-07-13,60.939998626708984
KNSA,2026-07-14,61.97999954223633
KNSA,2026-07-15,61.689998626708984
KNSA,2026-07-16,61.11000061035156
KNSA,2026-07-17,63.95000076293945
KNSA,2026-07-20,62.58000183105469
KNSA,2026-07-21,63.54999923706055
KNSA,2026-07-22,62.439998626708984
KNSA,2026-07-23,63.04999923706055
KNSA,2026-07-24,62.84000015258789
KNSA,2026-07-27,63.53499984741211
KNSA,2026-07-28,79.44000244140625
KNSA,2026-07-29,80.91999816894531
KNSA,2026-07-30,78.19999694824219
KNSA,2026-07-31,74.33999633789062
KNSA,2026-08-03,73.41000366210938
KNSA,2026-08-04,75.98999786376953
KNSA,2026-08-05,78.08000183105469
KNSA,2026-08-06,76.51000213623047
KNSA,2026-08-07,76.05999755859375
KNSA,2026-08-10,76.52999877929688
KNSA,2026-08-11,77.80000305175781
KNSA,2026-08-12,78.1500015258789
KNSA,2026-08-13,77.83000183105469
KNSA,2026-08-14,76.75
KNSA,2026-08-17,79.18000030517578
KNSA,2026-08-18,79.48999786376953
KNSA,2026-08-19,80.80000305175781
KNSA,2026-08-20,78.47000122070312
KNSA,2026-08-21,79.02999877929688
KNSA,2026-08-24,79.37999725341797
KNSA,2026-08-25,80.19999694824219
KNSA,2026-08-26,78.68000030517578
KNSA,2026-08-27,79.80000305175781
KNSA,2026-08-28,78.08000183105469
KNSA,2026-08-31,78.62999725341797
KNSA,2026-09-01,79.27999877929688
KNSA,2026-09-02,79.88999938964844
KNSA,2026-09-03,80.47000122070312
KNSA,2026-09-04,77.91000366210938
KNSA,2026-09-08,77.08999633789062
KRO,2026-03-18,5.360000133514404
KRO,2026-03-19,5.53000020980835
KRO,2026-03-20,5.400000095367432
KRO,2026-03-23,5.590000152587891
KRO,2026-03-24,6.179999828338623
KRO,2026-03-25,6.349999904632568
KRO,2026-03-26,6.510000228881836
KRO,2026-03-27,6.429999828338623
KRO,2026-03-30,6.400000095367432
KRO,2026-03-31,6.570000171661377
KRO,2026-04-01,6.440000057220459
KRO,2026-04-02,6.369999885559082
KRO,2026-04-06,6.289999961853027
KRO,2026-04-07,6.429999828338623
KRO,2026-04-08,6.46999979019165
KRO,2026-04-09,6.519999980926514
KRO,2026-04-10,6.610000133514404
KRO,2026-04-13,6.619999885559082
KRO,2026-04-14,6.5
KRO,2026-04-15,6.46999979019165
KRO,2026-04-16,6.329999923706055
KRO,2026-04-17,6.320000171661377
KRO,2026-04-20,6.320000171661377
KRO,2026-04-21,6.619999885559082
KRO,2026-04-22,6.900000095367432
KRO,2026-04-23,6.840000152587891
KRO,2026-04-24,7.119999885559082
KRO,2026-04-27,7.28000020980835
KRO,2026-04-28,7.210000038146973
KRO,2026-04-29,7.179999828338623
KRO,2026-04-30,7.440000057220459
KRO,2026-05-01,7.880000114440918
KRO,2026-05-04,7.420000076293945
KRO,2026-05-05,7.800000190734863
KRO,2026-05-06,7.570000171661377
KRO,2026-05-07,7.050000190734863
KRO,2026-05-08,7.289999961853027
KRO,2026-05-11,7.360000133514404
KRO,2026-05-12,6.989999771118164
KRO,2026-05-13,7.21999979019165
KRO,2026-05-14,7.309999942779541
KRO,2026-05-15,6.75
KRO,2026-05-18,6.880000114440918
KRO,2026-05-19,6.710000038146973
KRO,2026-05-20,6.800000190734863
KRO,2026-05-21,6.800000190734863
KRO,2026-05-22,6.739999771118164
KRO,2026-05-26,6.889999866485596
KRO,2026-05-27,7.269999980926514
KRO,2026-05-28,7.480000019073486
KRO,2026-05-29,7.190000057220459
KRO,2026-06-01,6.989999771118164
KRO,2026-06-02,7.230000019073486
KRO,2026-06-03,7.070000171661377
KRO,2026-06-04,6.860000133514404
KRO,2026-06-05,6.429999828338623
KRO,2026-06-08,6.510000228881836
KRO,2026-06-09,6.53000020980835
KRO,2026-06-10,6.5
KRO,2026-06-11,6.820000171661377
KRO,2026-06-12,7.039999961853027
KRO,2026-06-15,6.96999979019165
KRO,2026-06-16,6.96999979019165
KRO,2026-06-17,6.949999809265137
KRO,2026-06-18,6.840000152587891
KRO,2026-06-22,6.800000190734863
KRO,2026-06-23,6.5
KRO,2026-06-24,6.559999942779541
KRO,2026-06-25,6.630000114440918
KRO,2026-06-26,6.53000020980835
KRO,2026-06-29,6.329999923706055
KRO,2026-06-30,6.329999923706055
KRO,2026-07-01,6.130000114440918
KRO,2026-07-02,5.96999979019165
KRO,2026-07-06,5.840000152587891
KRO,2026-07-07,5.96999979019165
KRO,2026-07-08,5.880000114440918
KRO,2026-07-09,5.900000095367432
KRO,2026-07-10,5.889999866485596
KRO,2026-07-13,6.460000038146973
KRO,2026-07-14,6.409999847412109
KRO,2026-07-15,6.710000038146973
KRO,2026-07-16,6.679999828338623
KRO,2026-07-17,6.579999923706055
KRO,2026-07-20,6.510000228881836
KRO,2026-07-21,6.730000019073486
KRO,2026-07-22,7.099999904632568
KRO,2026-07-23,6.639999866485596
KRO,2026-07-24,6.610000133514404
KRO,2026-07-27,6.130000114440918
KRO,2026-07-28,6.190000057220459
KRO,2026-07-29,6.190000057220459
KRO,2026-07-30,6.230000019073486
KRO,2026-07-31,6.019999980926514
KRO,2026-08-03,6.150000095367432
KRO,2026-08-04,6.239999771118164
KRO,2026-08-05,6.210000038146973
KRO,2026-08-06,8.229999542236328
KRO,2026-08-07,8.59000015258789
KRO,2026-08-10,8.489999771118164
KRO,2026-08-11,8.369999885559082
KRO,2026-08-12,7.860000133514404
KRO,2026-08-13,8.649999618530273
KRO,2026-08-14,8.470000267028809
KRO,2026-08-17,8.09000015258789
KRO,2026-08-18,7.929999828338623
KRO,2026-08-19,8.140000343322754
KRO,2026-08-20,8.130000114440918
KRO,2026-08-21,8.199999809265137
KRO,2026-08-24,8.710000038146973
KRO,2026-08-25,8.90999984741211
KRO,2026-08-26,8.789999961853027
KRO,2026-08-27,8.760000228881836
KRO,2026-08-28,8.800000190734863
KRO,2026-08-31,8.819999694824219
KRO,2026-09-01,8.399999618530273
KRO,2026-09-02,8.739999771118164
KRO,2026-09-03,8.449999809265137
KRO,2026-09-04,8.430000305175781
KRO,2026-09-08,8.630000114440918
LAD,2026-03-18,249.88999938964844
LAD,2026-03-19,248.30999755859375
LAD,2026-03-20,243.0
LAD,2026-03-23,252.5800018310547
LAD,2026-03-24,251.9499969482422
LAD,2026-03-25,254.1999969482422
LAD,2026-03-26,256.8399963378906
LAD,2026-03-27,250.4499969482422
LAD,2026-03-30,245.88999938964844
LAD,2026-03-31,249.72000122070312
LAD,2026-04-01,250.82000732421875
LAD,2026-04-02,251.82000732421875
LAD,2026-04-06,257.57000732421875
LAD,2026-04-07,261.5400085449219
LAD,2026-04-08,263.2799987792969
LAD,2026-04-09,266.5400085449219
LAD,2026-04-10,273.1000061035156
LAD,2026-04-13,279.05999755859375
LAD,2026-04-14,281.7799987792969
LAD,2026-04-15,274.4800109863281
LAD,2026-04-16,274.8699951171875
LAD,2026-04-17,283.0400085449219
LAD,2026-04-20,288.760009765625
LAD,2026-04-21,279.8900146484375
LAD,2026-04-22,276.5799865722656
LAD,2026-04-23,276.3900146484375
LAD,2026-04-24,274.9200134277344
LAD,2026-04-27,276.8599853515625
LAD,2026-04-28,277.239990234375
LAD,2026-04-29,291.0
LAD,2026-04-30,290.1199951171875
LAD,2026-05-01,290.8999938964844
LAD,2026-05-04,282.0199890136719
LAD,2026-05-05,286.5199890136719
LAD,2026-05-06,289.4599914550781
LAD,2026-05-07,291.1000061035156
LAD,2026-05-08,293.989990234375
LAD,2026-05-11,286.6700134277344
LAD,2026-05-12,275.29998779296875
LAD,2026-05-13,273.2200012207031
LAD,2026-05-14,274.760009765625
LAD,2026-05-15,261.9200134277344
LAD,2026-05-18,264.8900146484375
LAD,2026-05-19,257.0899963378906
LAD,2026-05-20,271.1099853515625
LAD,2026-05-21,274.5299987792969
LAD,2026-05-22,276.5799865722656
LAD,2026-05-26,283.04998779296875
LAD,2026-05-27,292.6300048828125
LAD,2026-05-28,295.6199951171875
LAD,2026-05-29,290.8900146484375
LAD,2026-06-01,293.5199890136719
LAD,2026-06-02,295.5
LAD,2026-06-03,290.6700134277344
LAD,2026-06-04,290.6000061035156
LAD,2026-06-05,288.8399963378906
LAD,2026-06-08,291.95001220703125
LAD,2026-06-09,303.8699951171875
LAD,2026-06-10,304.8299865722656
LAD,2026-06-11,312.6600036621094
LAD,2026-06-12,313.3800048828125
LAD,2026-06-15,308.5199890136719
LAD,2026-06-16,307.5
LAD,2026-06-17,293.0199890136719
LAD,2026-06-18,294.8500061035156
LAD,2026-06-22,295.1499938964844
LAD,2026-06-23,297.0799865722656
LAD,2026-06-24,305.29998779296875
LAD,2026-06-25,296.7300109863281
LAD,2026-06-26,292.1000061035156
LAD,2026-06-29,291.3599853515625
LAD,2026-06-30,290.489990234375
LAD,2026-07-01,290.29998779296875
LAD,2026-07-02,306.2300109863281
LAD,2026-07-06,309.0199890136719
LAD,2026-07-07,311.69000244140625
LAD,2026-07-08,302.9100036621094
LAD,2026-07-09,311.9800109863281
LAD,2026-07-10,313.739990234375
LAD,2026-07-13,317.9599914550781
LAD,2026-07-14,319.25
LAD,2026-07-15,331.3699951171875
LAD,2026-07-16,339.1600036621094
LAD,2026-07-17,335.2799987792969
LAD,2026-07-20,325.17999267578125
LAD,2026-07-21,330.7900085449219
LAD,2026-07-22,339.95001220703125
LAD,2026-07-23,334.0199890136719
LAD,2026-07-24,340.95001220703125
LAD,2026-07-27,345.4800109863281
LAD,2026-07-28,358.30999755859375
LAD,2026-07-29,427.4800109863281
LAD,2026-07-30,405.0299987792969
LAD,2026-07-31,385.4200134277344
LAD,2026-08-03,377.9100036621094
LAD,2026-08-04,370.989990234375
LAD,2026-08-05,368.57000732421875
LAD,2026-08-06,375.7799987792969
LAD,2026-08-07,375.6300048828125
LAD,2026-08-10,379.8399963378906
LAD,2026-08-11,378.3299865722656
LAD,2026-08-12,378.54998779296875
LAD,2026-08-13,378.6600036621094
LAD,2026-08-14,377.54998779296875
LAD,2026-08-17,369.5199890136719
LAD,2026-08-18,356.54998779296875
LAD,2026-08-19,371.510009765625
LAD,2026-08-20,370.6700134277344
LAD,2026-08-21,370.7300109863281
LAD,2026-08-24,368.54998779296875
LAD,2026-08-25,371.8900146484375
LAD,2026-08-26,370.1499938964844
LAD,2026-08-27,371.0400085449219
LAD,2026-08-28,370.3599853515625
LAD,2026-08-31,367.32000732421875
LAD,2026-09-01,369.6099853515625
LAD,2026-09-02,372.2200012207031
LAD,2026-09-03,378.9800109863281
LAD,2026-09-04,386.80999755859375
LAD,2026-09-08,368.70001220703125
LIFE,2026-03-18,10.800000190734863
LIFE,2026-03-19,10.0
LIFE,2026-03-20,9.850000381469727
LIFE,2026-03-23,10.130000114440918
LIFE,2026-03-24,10.09000015258789
LIFE,2026-03-25,10.680000305175781
LIFE,2026-03-26,10.100000381469727
LIFE,2026-03-27,10.130000114440918
LIFE,2026-03-30,10.899999618530273
LIFE,2026-03-31,11.170000076293945
LIFE,2026-04-01,11.130000114440918
LIFE,2026-04-02,11.869999885559082
LIFE,2026-04-06,12.199999809265137
LIFE,2026-04-07,12.569999694824219
LIFE,2026-04-08,12.949999809265137
LIFE,2026-04-09,13.880000114440918
LIFE,2026-04-10,13.8100004196167
LIFE,2026-04-13,14.369999885559082
LIFE,2026-04-14,14.6899995803833
LIFE,2026-04-15,14.770000457763672
LIFE,2026-04-16,15.319999694824219
LIFE,2026-04-17,16.200000762939453
LIFE,2026-04-20,16.0
LIFE,2026-04-21,16.360000610351562
LIFE,2026-04-22,16.110000610351562
LIFE,2026-04-23,16.34000015258789
LIFE,2026-04-24,16.770000457763672
LIFE,2026-04-27,17.649999618530273
LIFE,2026-04-28,17.979999542236328
LIFE,2026-04-29,17.68000030517578
LIFE,2026-04-30,17.540000915527344
LIFE,2026-05-01,18.649999618530273
LIFE,2026-05-04,19.489999771118164
LIFE,2026-05-05,21.049999237060547
LIFE,2026-05-06,23.1200008392334
LIFE,2026-05-07,30.59000015258789
LIFE,2026-05-08,29.75
LIFE,2026-05-11,29.780000686645508
LIFE,2026-05-12,25.649999618530273
LIFE,2026-05-13,24.440000534057617
LIFE,2026-05-14,22.469999313354492
LIFE,2026-05-15,21.709999084472656
LIFE,2026-05-18,20.719999313354492
LIFE,2026-05-19,19.079999923706055
LIFE,2026-05-20,20.020000457763672
LIFE,2026-05-21,20.709999084472656
LIFE,2026-05-22,17.700000762939453
LIFE,2026-05-26,19.299999237060547
LIFE,2026-05-27,21.139999389648438
LIFE,2026-05-28,19.579999923706055
LIFE,2026-05-29,18.899999618530273
LIFE,2026-06-01,18.8799991607666
LIFE,2026-06-02,17.270000457763672
LIFE,2026-06-03,16.889999389648438
LIFE,2026-06-04,17.18000030517578
LIFE,2026-06-05,16.81999969482422
LIFE,2026-06-08,16.690000534057617
LIFE,2026-06-09,17.690000534057617
LIFE,2026-06-10,16.510000228881836
LIFE,2026-06-11,17.18000030517578
LIFE,2026-06-12,15.609999656677246
LIFE,2026-06-15,16.459999084472656
LIFE,2026-06-16,15.979999542236328
LIFE,2026-06-17,15.930000305175781
LIFE,2026-06-18,16.06999969482422
LIFE,2026-06-22,15.529999732971191
LIFE,2026-06-23,15.260000228881836
LIFE,2026-06-24,18.100000381469727
LIFE,2026-06-25,18.6200008392334
LIFE,2026-06-26,19.579999923706055
LIFE,2026-06-29,18.899999618530273
LIFE,2026-06-30,18.139999389648438
LIFE,2026-07-01,19.360000610351562
LIFE,2026-07-02,19.59000015258789
LIFE,2026-07-06,19.420000076293945
LIFE,2026-07-07,19.450000762939453
LIFE,2026-07-08,18.899999618530273
LIFE,2026-07-09,18.809999465942383
LIFE,2026-07-10,20.09000015258789
LIFE,2026-07-13,19.309999465942383
LIFE,2026-07-14,19.84000015258789
LIFE,2026-07-15,18.299999237060547
LIFE,2026-07-16,18.5
LIFE,2026-07-17,18.649999618530273
LIFE,2026-07-20,18.5
LIFE,2026-07-21,18.829999923706055
LIFE,2026-07-22,19.229999542236328
LIFE,2026-07-23,19.030000686645508
LIFE,2026-07-24,18.5
LIFE,2026-07-27,19.479999542236328
LIFE,2026-07-28,18.799999237060547
LIFE,2026-07-29,19.84000015258789
LIFE,2026-07-30,20.270000457763672
LIFE,2026-07-31,20.420000076293945
LIFE,2026-08-03,22.829999923706055
LIFE,2026-08-04,27.649999618530273
LIFE,2026-08-05,27.719999313354492
LIFE,2026-08-06,29.809999465942383
LIFE,2026-08-07,31.610000610351562
LIFE,2026-08-10,32.43000030517578
LIFE,2026-08-11,33.45000076293945
LIFE,2026-08-12,33.59000015258789
LIFE,2026-08-13,34.79999923706055
LIFE,2026-08-14,34.02000045776367
LIFE,2026-08-17,35.16999816894531
LIFE,2026-08-18,34.0099983215332
LIFE,2026-08-19,32.849998474121094
LIFE,2026-08-20,33.52000045776367
LIFE,2026-08-21,34.15999984741211
LIFE,2026-08-24,36.720001220703125
LIFE,2026-08-25,38.560001373291016
LIFE,2026-08-26,39.11000061035156
LIFE,2026-08-27,39.439998626708984
LIFE,2026-08-28,38.63999938964844
LIFE,2026-08-31,36.33000183105469
LIFE,2026-09-01,35.0
LIFE,2026-09-02,36.79999923706055
LIFE,2026-09-03,37.709999084472656
LIFE,2026-09-04,39.849998474121094
LIFE,2026-09-08,42.02000045776367
MMED,2026-03-18,16.790000915527344
MMED,2026-03-19,17.110000610351562
MMED,2026-03-20,16.56999969482422
MMED,2026-03-23,17.100000381469727
MMED,2026-03-24,16.309999465942383
MMED,2026-03-25,16.010000228881836
MMED,2026-03-26,15.270000457763672
MMED,2026-03-27,14.470000267028809
MMED,2026-03-30,14.350000381469727
MMED,2026-03-31,14.920000076293945
MMED,2026-04-01,14.479999542236328
MMED,2026-04-02,14.010000228881836
MMED,2026-04-06,13.229999542236328
MMED,2026-04-07,13.199999809265137
MMED,2026-04-08,13.5600004196167
MMED,2026-04-09,13.800000190734863
MMED,2026-04-10,13.920000076293945
MMED,2026-04-13,14.390000343322754
MMED,2026-04-14,15.210000038146973
MMED,2026-04-15,15.220000267028809
MMED,2026-04-16,14.020000457763672
MMED,2026-04-17,14.4399995803833
MMED,2026-04-20,13.8100004196167
MMED,2026-04-21,13.199999809265137
MMED,2026-04-22,13.1899995803833
MMED,2026-04-23,13.630000114440918
MMED,2026-04-24,13.199999809265137
MMED,2026-04-27,12.920000076293945
MMED,2026-04-28,12.9399995803833
MMED,2026-04-29,12.020000457763672
MMED,2026-04-30,12.34000015258789
MMED,2026-05-01,12.109999656677246
MMED,2026-05-04,11.869999885559082
MMED,2026-05-05,11.680000305175781
MMED,2026-05-06,11.789999961853027
MMED,2026-05-07,11.729999542236328
MMED,2026-05-08,11.569999694824219
MMED,2026-05-11,11.15999984741211
MMED,2026-05-12,11.890000343322754
MMED,2026-05-13,11.180000305175781
MMED,2026-05-14,11.079999923706055
MMED,2026-05-15,10.800000190734863
MMED,2026-05-18,10.880000114440918
MMED,2026-05-19,10.890000343322754
MMED,2026-05-20,11.630000114440918
MMED,2026-05-21,11.720000267028809
MMED,2026-05-22,11.869999885559082
MMED,2026-05-26,11.180000305175781
MMED,2026-05-27,10.800000190734863
MMED,2026-05-28,11.510000228881836
MMED,2026-05-29,12.039999961853027
MMED,2026-06-01,12.0
MMED,2026-06-02,12.300000190734863
MMED,2026-06-03,14.260000228881836
MMED,2026-06-04,14.0600004196167
MMED,2026-06-05,14.229999542236328
MMED,2026-06-08,14.880000114440918
MMED,2026-06-09,15.119999885559082
MMED,2026-06-10,14.710000038146973
MMED,2026-06-11,15.470000267028809
MMED,2026-06-12,15.15999984741211
MMED,2026-06-15,15.0
MMED,2026-06-16,14.699999809265137
MMED,2026-06-17,14.170000076293945
MMED,2026-06-18,14.770000457763672
MMED,2026-06-22,14.220000267028809
MMED,2026-06-23,13.739999771118164
MMED,2026-06-24,14.130000114440918
MMED,2026-06-25,14.220000267028809
MMED,2026-06-26,14.239999771118164
MMED,2026-06-29,14.880000114440918
MMED,2026-06-30,14.949999809265137
MMED,2026-07-01,15.1899995803833
MMED,2026-07-02,15.59000015258789
MMED,2026-07-06,15.289999961853027
MMED,2026-07-07,15.369999885559082
MMED,2026-07-08,15.020000457763672
MMED,2026-07-09,15.050000190734863
MMED,2026-07-10,15.289999961853027
MMED,2026-07-13,16.100000381469727
MMED,2026-07-14,15.039999961853027
MMED,2026-07-15,15.420000076293945
MMED,2026-07-16,15.880000114440918
MMED,2026-07-17,16.93000030517578
MMED,2026-07-20,16.920000076293945
MMED,2026-07-21,16.700000762939453
MMED,2026-07-22,16.329999923706055
MMED,2026-07-23,16.329999923706055
MMED,2026-07-24,16.829999923706055
MMED,2026-07-27,17.670000076293945
MMED,2026-07-28,17.639999389648438
MMED,2026-07-29,18.399999618530273
MMED,2026-07-30,18.149999618530273
MMED,2026-07-31,18.049999237060547
MMED,2026-08-03,19.100000381469727
MMED,2026-08-04,18.989999771118164
MMED,2026-08-05,18.559999465942383
MMED,2026-08-06,18.420000076293945
MMED,2026-08-07,19.600000381469727
MMED,2026-08-10,19.5
MMED,2026-08-11,19.780000686645508
MMED,2026-08-12,20.700000762939453
MMED,2026-08-13,20.020000457763672
MMED,2026-08-14,20.149999618530273
MMED,2026-08-17,19.530000686645508
MMED,2026-08-18,19.360000610351562
MMED,2026-08-19,20.219999313354492
MMED,2026-08-20,20.18000030517578
MMED,2026-08-21,20.450000762939453
MMED,2026-08-24,19.940000534057617
MMED,2026-08-25,18.920000076293945
MMED,2026-08-26,19.489999771118164
MMED,2026-08-27,19.510000228881836
MMED,2026-08-28,20.100000381469727
MMED,2026-08-31,20.260000228881836
MMED,2026-09-01,22.420000076293945
MMED,2026-09-02,23.760000228881836
MMED,2026-09-03,23.84000015258789
MMED,2026-09-04,23.290000915527344
MMED,2026-09-08,23.31999969482422
MRK,2026-03-18,114.5
MRK,2026-03-19,114.19999694824219
MRK,2026-03-20,114.18000030517578
MRK,2026-03-23,115.68000030517578
MRK,2026-03-24,116.37000274658203
MRK,2026-03-25,119.37000274658203
MRK,2026-03-26,118.93000030517578
MRK,2026-03-27,119.62999725341797
MRK,2026-03-30,118.0999984741211
MRK,2026-03-31,120.29000091552734
MRK,2026-04-01,120.83999633789062
MRK,2026-04-02,120.87000274658203
MRK,2026-04-06,120.8499984741211
MRK,2026-04-07,119.27999877929688
MRK,2026-04-08,123.18000030517578
MRK,2026-04-09,122.68000030517578
MRK,2026-04-10,121.41999816894531
MRK,2026-04-13,120.1500015258789
MRK,2026-04-14,119.95999908447266
MRK,2026-04-15,117.9000015258789
MRK,2026-04-16,115.45999908447266
MRK,2026-04-17,119.06999969482422
MRK,2026-04-20,117.0999984741211
MRK,2026-04-21,112.55999755859375
MRK,2026-04-22,112.88999938964844
MRK,2026-04-23,114.62000274658203
MRK,2026-04-24,111.9000015258789
MRK,2026-04-27,110.2300033569336
MRK,2026-04-28,110.02999877929688
MRK,2026-04-29,110.94999694824219
MRK,2026-04-30,109.18000030517578
MRK,2026-05-01,112.16000366210938
MRK,2026-05-04,113.11000061035156
MRK,2026-05-05,113.1500015258789
MRK,2026-05-06,113.55999755859375
MRK,2026-05-07,112.30000305175781
MRK,2026-05-08,111.37999725341797
MRK,2026-05-11,111.27999877929688
MRK,2026-05-12,112.37000274658203
MRK,2026-05-13,113.44999694824219
MRK,2026-05-14,113.41000366210938
MRK,2026-05-15,111.37999725341797
MRK,2026-05-18,112.55999755859375
MRK,2026-05-19,114.23999786376953
MRK,2026-05-20,113.0
MRK,2026-05-21,115.87999725341797
MRK,2026-05-22,122.41000366210938
MRK,2026-05-26,119.72000122070312
MRK,2026-05-27,120.23999786376953
MRK,2026-05-28,119.88999938964844
MRK,2026-05-29,118.72000122070312
MRK,2026-06-01,115.16999816894531
MRK,2026-06-02,115.6500015258789
MRK,2026-06-03,114.69999694824219
MRK,2026-06-04,120.26000213623047
MRK,2026-06-05,120.79000091552734
MRK,2026-06-08,119.5199966430664
MRK,2026-06-09,119.5999984741211
MRK,2026-06-10,119.08999633789062
MRK,2026-06-11,120.76000213623047
MRK,2026-06-12,119.05000305175781
MRK,2026-06-15,114.9000015258789
MRK,2026-06-16,115.16999816894531
MRK,2026-06-17,115.44000244140625
MRK,2026-06-18,113.87000274658203
MRK,2026-06-22,115.4800033569336
MRK,2026-06-23,119.5999984741211
MRK,2026-06-24,120.5999984741211
MRK,2026-06-25,125.44999694824219
MRK,2026-06-26,128.66000366210938
MRK,2026-06-29,129.3800048828125
MRK,2026-06-30,128.5
MRK,2026-07-01,125.37000274658203
MRK,2026-07-02,129.55999755859375
MRK,2026-07-06,126.77999877929688
MRK,2026-07-07,128.86000061035156
MRK,2026-07-08,125.98999786376953
MRK,2026-07-09,125.06999969482422
MRK,2026-07-10,123.54000091552734
MRK,2026-07-13,124.02999877929688
MRK,2026-07-14,120.77999877929688
MRK,2026-07-15,123.61000061035156
MRK,2026-07-16,127.62999725341797
MRK,2026-07-17,127.5
MRK,2026-07-20,124.4000015258789
MRK,2026-07-21,126.26000213623047
MRK,2026-07-22,127.47000122070312
MRK,2026-07-23,130.47999572753906
MRK,2026-07-24,131.07000732421875
MRK,2026-07-27,130.75999450683594
MRK,2026-07-28,131.82000732421875
MRK,2026-07-29,130.36000061035156
MRK,2026-07-30,129.7899932861328
MRK,2026-07-31,130.1999969482422
MRK,2026-08-03,127.7699966430664
MRK,2026-08-04,128.0
MRK,2026-08-05,128.3300018310547
MRK,2026-08-06,128.3699951171875
MRK,2026-08-07,128.5800018310547
MRK,2026-08-10,130.9199981689453
MRK,2026-08-11,130.4199981689453
MRK,2026-08-12,132.9199981689453
MRK,2026-08-13,135.5500030517578
MRK,2026-08-14,135.83999633789062
MRK,2026-08-17,135.97000122070312
MRK,2026-08-18,135.1699981689453
MRK,2026-08-19,152.1999969482422
MRK,2026-08-20,148.99000549316406
MRK,2026-08-21,152.5500030517578
MRK,2026-08-24,150.66000366210938
MRK,2026-08-25,156.4499969482422
MRK,2026-08-26,153.10000610351562
MRK,2026-08-27,149.5399932861328
MRK,2026-08-28,148.35000610351562
MRK,2026-08-31,147.75999450683594
MRK,2026-09-01,149.86000061035156
MRK,2026-09-02,151.63999938964844
MRK,2026-09-03,152.33999633789062
MRK,2026-09-04,150.3300018310547
MRK,2026-09-08,148.4600067138672
MRNA,2026-03-18,52.400001525878906
MRNA,2026-03-19,52.369998931884766
MRNA,2026-03-20,51.380001068115234
MRNA,2026-03-23,51.279998779296875
MRNA,2026-03-24,51.34000015258789
MRNA,2026-03-25,53.540000915527344
MRNA,2026-03-26,53.56999969482422
MRNA,2026-03-27,49.560001373291016
MRNA,2026-03-30,48.22999954223633
MRNA,2026-03-31,50.79999923706055
MRNA,2026-04-01,50.029998779296875
MRNA,2026-04-02,49.20000076293945
MRNA,2026-04-06,48.77000045776367
MRNA,2026-04-07,50.11000061035156
MRNA,2026-04-08,52.099998474121094
MRNA,2026-04-09,51.279998779296875
MRNA,2026-04-10,50.959999084472656
MRNA,2026-04-13,50.68000030517578
MRNA,2026-04-14,52.84000015258789
MRNA,2026-04-15,54.2599983215332
MRNA,2026-04-16,54.68000030517578
MRNA,2026-04-17,53.720001220703125
MRNA,2026-04-20,54.59000015258789
MRNA,2026-04-21,54.22999954223633
MRNA,2026-04-22,55.599998474121094
MRNA,2026-04-23,52.849998474121094
MRNA,2026-04-24,50.72999954223633
MRNA,2026-04-27,48.70000076293945
MRNA,2026-04-28,47.13999938964844
MRNA,2026-04-29,45.720001220703125
MRNA,2026-04-30,45.939998626708984
MRNA,2026-05-01,45.369998931884766
MRNA,2026-05-04,47.29999923706055
MRNA,2026-05-05,46.709999084472656
MRNA,2026-05-06,48.790000915527344
MRNA,2026-05-07,48.540000915527344
MRNA,2026-05-08,54.349998474121094
MRNA,2026-05-11,52.880001068115234
MRNA,2026-05-12,53.27000045776367
MRNA,2026-05-13,50.41999816894531
MRNA,2026-05-14,50.029998779296875
MRNA,2026-05-15,49.040000915527344
MRNA,2026-05-18,48.11000061035156
MRNA,2026-05-19,45.720001220703125
MRNA,2026-05-20,48.119998931884766
MRNA,2026-05-21,47.2599983215332
MRNA,2026-05-22,46.880001068115234
MRNA,2026-05-26,47.029998779296875
MRNA,2026-05-27,47.61000061035156
MRNA,2026-05-28,47.56999969482422
MRNA,2026-05-29,47.189998626708984
MRNA,2026-06-01,46.060001373291016
MRNA,2026-06-02,45.63999938964844
MRNA,2026-06-03,49.060001373291016
MRNA,2026-06-04,51.59000015258789
MRNA,2026-06-05,47.439998626708984
MRNA,2026-06-08,47.599998474121094
MRNA,2026-06-09,47.72999954223633
MRNA,2026-06-10,45.9900016784668
MRNA,2026-06-11,49.63999938964844
MRNA,2026-06-12,49.90999984741211
MRNA,2026-06-15,52.130001068115234
MRNA,2026-06-16,55.400001525878906
MRNA,2026-06-17,61.79999923706055
MRNA,2026-06-18,63.959999084472656
MRNA,2026-06-22,59.345001220703125
MRNA,2026-06-23,61.0
MRNA,2026-06-24,60.41999816894531
MRNA,2026-06-25,59.75
MRNA,2026-06-26,67.2699966430664
MRNA,2026-06-29,69.69999694824219
MRNA,2026-06-30,70.02999877929688
MRNA,2026-07-01,72.5
MRNA,2026-07-02,79.76000213623047
MRNA,2026-07-06,81.80000305175781
MRNA,2026-07-07,79.7699966430664
MRNA,2026-07-08,73.80000305175781
MRNA,2026-07-09,76.55999755859375
MRNA,2026-07-10,68.2699966430664
MRNA,2026-07-13,67.01000213623047
MRNA,2026-07-14,67.44000244140625
MRNA,2026-07-15,68.27999877929688
MRNA,2026-07-16,63.150001525878906
MRNA,2026-07-17,61.81999969482422
MRNA,2026-07-20,59.4900016784668
MRNA,2026-07-21,59.65999984741211
MRNA,2026-07-22,58.06999969482422
MRNA,2026-07-23,57.02000045776367
MRNA,2026-07-24,54.06999969482422
MRNA,2026-07-27,55.630001068115234
MRNA,2026-07-28,55.80500030517578
MRNA,2026-07-29,54.4900016784668
MRNA,2026-07-30,57.91999816894531
MRNA,2026-07-31,54.81999969482422
MRNA,2026-08-03,55.13999938964844
MRNA,2026-08-04,56.9900016784668
MRNA,2026-08-05,56.255001068115234
MRNA,2026-08-06,53.86000061035156
MRNA,2026-08-07,59.16999816894531
MRNA,2026-08-10,59.810001373291016
MRNA,2026-08-11,60.56999969482422
MRNA,2026-08-12,63.66999816894531
MRNA,2026-08-13,63.650001525878906
MRNA,2026-08-14,63.31999969482422
MRNA,2026-08-17,64.45999908447266
MRNA,2026-08-18,62.959999084472656
MRNA,2026-08-19,174.3800048828125
MRNA,2026-08-20,133.32000732421875
MRNA,2026-08-21,145.1300048828125
MRNA,2026-08-24,138.88999938964844
MRNA,2026-08-25,158.8300018310547
MRNA,2026-08-26,149.66000366210938
MRNA,2026-08-27,142.77000427246094
MRNA,2026-08-28,137.99000549316406
MRNA,2026-08-31,140.33999633789062
MRNA,2026-09-01,154.27000427246094
MRNA,2026-09-02,150.80999755859375
MRNA,2026-09-03,148.8699951171875
MRNA,2026-09-04,145.5500030517578
MRNA,2026-09-08,140.3300018310547
MRVI,2026-03-18,3.049999952316284
MRVI,2026-03-19,3.0299999713897705
MRVI,2026-03-20,2.9800000190734863
MRVI,2026-03-23,3.069999933242798
MRVI,2026-03-24,3.0799999237060547
MRVI,2026-03-25,3.109999895095825
MRVI,2026-03-26,3.0899999141693115
MRVI,2026-03-27,2.859999895095825
MRVI,2026-03-30,2.880000114440918
MRVI,2026-03-31,2.8299999237060547
MRVI,2026-04-01,2.869999885559082
MRVI,2026-04-02,2.950000047683716
MRVI,2026-04-06,2.950000047683716
MRVI,2026-04-07,2.890000104904175
MRVI,2026-04-08,3.109999895095825
MRVI,2026-04-09,3.109999895095825
MRVI,2026-04-10,3.069999933242798
MRVI,2026-04-13,3.059999942779541
MRVI,2026-04-14,3.2799999713897705
MRVI,2026-04-15,3.5
MRVI,2026-04-16,3.4100000858306885
MRVI,2026-04-17,3.390000104904175
MRVI,2026-04-20,3.609999895095825
MRVI,2026-04-21,3.680000066757202
MRVI,2026-04-22,3.690000057220459
MRVI,2026-04-23,3.450000047683716
MRVI,2026-04-24,3.549999952316284
MRVI,2026-04-27,3.680000066757202
MRVI,2026-04-28,3.559999942779541
MRVI,2026-04-29,3.4800000190734863
MRVI,2026-04-30,3.680000066757202
MRVI,2026-05-01,3.7300000190734863
MRVI,2026-05-04,3.7899999618530273
MRVI,2026-05-05,3.8499999046325684
MRVI,2026-05-06,3.940000057220459
MRVI,2026-05-07,3.940000057220459
MRVI,2026-05-08,4.849999904632568
MRVI,2026-05-11,4.739999771118164
MRVI,2026-05-12,4.659999847412109
MRVI,2026-05-13,4.369999885559082
MRVI,2026-05-14,4.289999961853027
MRVI,2026-05-15,4.150000095367432
MRVI,2026-05-18,4.079999923706055
MRVI,2026-05-19,4.21999979019165
MRVI,2026-05-20,4.429999828338623
MRVI,2026-05-21,4.480000019073486
MRVI,2026-05-22,4.400000095367432
MRVI,2026-05-26,4.380000114440918
MRVI,2026-05-27,4.369999885559082
MRVI,2026-05-28,4.639999866485596
MRVI,2026-05-29,4.800000190734863
MRVI,2026-06-01,4.75
MRVI,2026-06-02,4.829999923706055
MRVI,2026-06-03,4.840000152587891
MRVI,2026-06-04,4.989999771118164
MRVI,2026-06-05,5.019999980926514
MRVI,2026-06-08,5.039999961853027
MRVI,2026-06-09,5.099999904632568
MRVI,2026-06-10,5.079999923706055
MRVI,2026-06-11,5.210000038146973
MRVI,2026-06-12,4.980000019073486
MRVI,2026-06-15,4.960000038146973
MRVI,2026-06-16,5.010000228881836
MRVI,2026-06-17,5.21999979019165
MRVI,2026-06-18,5.199999809265137
MRVI,2026-06-22,5.25
MRVI,2026-06-23,5.369999885559082
MRVI,2026-06-24,5.760000228881836
MRVI,2026-06-25,6.119999885559082
MRVI,2026-06-26,6.21999979019165
MRVI,2026-06-29,6.389999866485596
MRVI,2026-06-30,6.239999771118164
MRVI,2026-07-01,6.150000095367432
MRVI,2026-07-02,6.039999961853027
MRVI,2026-07-06,5.900000095367432
MRVI,2026-07-07,5.920000076293945
MRVI,2026-07-08,5.760000228881836
MRVI,2026-07-09,5.96999979019165
MRVI,2026-07-10,6.090000152587891
MRVI,2026-07-13,6.360000133514404
MRVI,2026-07-14,6.510000228881836
MRVI,2026-07-15,7.039999961853027
MRVI,2026-07-16,7.090000152587891
MRVI,2026-07-17,7.239999771118164
MRVI,2026-07-20,6.989999771118164
MRVI,2026-07-21,7.099999904632568
MRVI,2026-07-22,7.099999904632568
MRVI,2026-07-23,7.050000190734863
MRVI,2026-07-24,6.760000228881836
MRVI,2026-07-27,6.690000057220459
MRVI,2026-07-28,6.860000133514404
MRVI,2026-07-29,6.590000152587891
MRVI,2026-07-30,6.75
MRVI,2026-07-31,6.570000171661377
MRVI,2026-08-03,6.420000076293945
MRVI,2026-08-04,6.429999828338623
MRVI,2026-08-05,6.409999847412109
MRVI,2026-08-06,6.25
MRVI,2026-08-07,6.230000019073486
MRVI,2026-08-10,6.070000171661377
MRVI,2026-08-11,5.809999942779541
MRVI,2026-08-12,5.78000020980835
MRVI,2026-08-13,5.78000020980835
MRVI,2026-08-14,5.699999809265137
MRVI,2026-08-17,5.679999828338623
MRVI,2026-08-18,5.739999771118164
MRVI,2026-08-19,7.21999979019165
MRVI,2026-08-20,8.289999961853027
MRVI,2026-08-21,8.640000343322754
MRVI,2026-08-24,8.430000305175781
MRVI,2026-08-25,9.0
MRVI,2026-08-26,8.899999618530273
MRVI,2026-08-27,8.369999885559082
MRVI,2026-08-28,7.679999828338623
MRVI,2026-08-31,7.639999866485596
MRVI,2026-09-01,7.300000190734863
MRVI,2026-09-02,7.380000114440918
MRVI,2026-09-03,7.369999885559082
MRVI,2026-09-04,7.320000171661377
MRVI,2026-09-08,7.190000057220459
NINE,2026-03-31,8.199999809265137
NINE,2026-04-01,8.0
NINE,2026-04-02,8.109999656677246
NINE,2026-04-06,8.579999923706055
NINE,2026-04-07,8.760000228881836
NINE,2026-04-08,8.949999809265137
NINE,2026-04-09,8.520000457763672
NINE,2026-04-10,8.710000038146973
NINE,2026-04-13,8.75
NINE,2026-04-14,8.760000228881836
NINE,2026-04-15,8.800000190734863
NINE,2026-04-16,8.920000076293945
NINE,2026-04-17,8.75
NINE,2026-04-20,8.300000190734863
NINE,2026-04-21,8.930000305175781
NINE,2026-04-22,9.09000015258789
NINE,2026-04-23,9.100000381469727
NINE,2026-04-24,9.380000114440918
NINE,2026-04-27,9.399999618530273
NINE,2026-04-28,9.199999809265137
NINE,2026-04-29,9.319999694824219
NINE,2026-04-30,9.510000228881836
NINE,2026-05-01,9.720000267028809
NINE,2026-05-04,9.979999542236328
NINE,2026-05-05,10.050000190734863
NINE,2026-05-06,9.899999618530273
NINE,2026-05-07,9.850000381469727
NINE,2026-05-08,10.010000228881836
NINE,2026-05-11,10.300000190734863
NINE,2026-05-12,10.300000190734863
NINE,2026-05-13,10.380000114440918
NINE,2026-05-14,10.399999618530273
NINE,2026-05-15,10.34000015258789
NINE,2026-05-18,10.600000381469727
NINE,2026-05-19,10.489999771118164
NINE,2026-05-20,10.479999542236328
NINE,2026-05-21,10.399999618530273
NINE,2026-05-22,10.800000190734863
NINE,2026-05-26,11.050000190734863
NINE,2026-05-27,10.550000190734863
NINE,2026-05-28,10.510000228881836
NINE,2026-05-29,10.239999771118164
NINE,2026-06-01,10.5
NINE,2026-06-02,11.100000381469727
NINE,2026-06-03,11.109999656677246
NINE,2026-06-04,11.140000343322754
NINE,2026-06-05,10.220000267028809
NINE,2026-06-08,10.210000038146973
NINE,2026-06-09,9.949999809265137
NINE,2026-06-10,9.970000267028809
NINE,2026-06-11,10.0
NINE,2026-06-12,10.40999984741211
NINE,2026-06-15,10.199999809265137
NINE,2026-06-16,11.130000114440918
NINE,2026-06-17,11.390000343322754
NINE,2026-06-18,11.25
NINE,2026-06-22,12.229999542236328
NINE,2026-06-23,11.989999771118164
NINE,2026-06-24,11.789999961853027
NINE,2026-06-25,11.9399995803833
NINE,2026-06-26,12.859999656677246
NINE,2026-06-29,12.920000076293945
NINE,2026-06-30,13.010000228881836
NINE,2026-07-01,12.75
NINE,2026-07-02,11.65999984741211
NINE,2026-07-06,11.520000457763672
NINE,2026-07-07,10.699999809265137
NINE,2026-07-08,11.520000457763672
NINE,2026-07-09,11.420000076293945
NINE,2026-07-10,10.930000305175781
NINE,2026-07-13,11.229999542236328
NINE,2026-07-14,11.510000228881836
NINE,2026-07-15,11.890000343322754
NINE,2026-07-16,11.529999732971191
NINE,2026-07-17,11.319999694824219
NINE,2026-07-20,11.449999809265137
NINE,2026-07-21,11.510000228881836
NINE,2026-07-22,11.899999618530273
NINE,2026-07-23,12.199999809265137
NINE,2026-07-24,12.40999984741211
NINE,2026-07-27,11.710000038146973
NINE,2026-07-28,11.390000343322754
NINE,2026-07-29,11.149999618530273
NINE,2026-07-30,12.239999771118164
NINE,2026-07-31,11.350000381469727
NINE,2026-08-03,11.100000381469727
NINE,2026-08-04,11.819999694824219
NINE,2026-08-05,11.220000267028809
NINE,2026-08-06,10.430000305175781
NINE,2026-08-07,10.15999984741211
NINE,2026-08-10,10.489999771118164
NINE,2026-08-11,10.449999809265137
NINE,2026-08-12,10.640000343322754
NINE,2026-08-13,10.170000076293945
NINE,2026-08-14,10.789999961853027
NINE,2026-08-17,11.180000305175781
NINE,2026-08-18,10.130000114440918
NINE,2026-08-19,10.550000190734863
NINE,2026-08-20,10.180000305175781
NINE,2026-08-21,11.550000190734863
NINE,2026-08-24,10.90999984741211
NINE,2026-08-25,10.5600004196167
NINE,2026-08-26,10.449999809265137
NINE,2026-08-27,10.550000190734863
NINE,2026-08-28,10.640000343322754
NINE,2026-08-31,10.640000343322754
NINE,2026-09-01,10.430000305175781
NINE,2026-09-02,10.640000343322754
NINE,2026-09-03,10.289999961853027
NINE,2026-09-04,10.25
NINE,2026-09-08,10.199999809265137
NVAX,2026-03-18,10.010000228881836
NVAX,2026-03-19,9.739999771118164
NVAX,2026-03-20,9.619999885559082
NVAX,2026-03-23,9.720000267028809
NVAX,2026-03-24,9.260000228881836
NVAX,2026-03-25,9.34000015258789
NVAX,2026-03-26,8.949999809265137
NVAX,2026-03-27,8.449999809265137
NVAX,2026-03-30,8.09000015258789
NVAX,2026-03-31,8.140000343322754
NVAX,2026-04-01,8.020000457763672
NVAX,2026-04-02,7.699999809265137
NVAX,2026-04-06,7.96999979019165
NVAX,2026-04-07,7.980000019073486
NVAX,2026-04-08,8.420000076293945
NVAX,2026-04-09,8.539999961853027
NVAX,2026-04-10,8.119999885559082
NVAX,2026-04-13,8.109999656677246
NVAX,2026-04-14,8.390000343322754
NVAX,2026-04-15,8.6899995803833
NVAX,2026-04-16,8.640000343322754
NVAX,2026-04-17,8.84000015258789
NVAX,2026-04-20,8.670000076293945
NVAX,2026-04-21,8.489999771118164
NVAX,2026-04-22,8.449999809265137
NVAX,2026-04-23,8.149999618530273
NVAX,2026-04-24,8.220000267028809
NVAX,2026-04-27,8.069999694824219
NVAX,2026-04-28,7.920000076293945
NVAX,2026-04-29,7.96999979019165
NVAX,2026-04-30,7.929999828338623
NVAX,2026-05-01,8.039999961853027
NVAX,2026-05-04,8.029999732971191
NVAX,2026-05-05,8.100000381469727
NVAX,2026-05-06,9.359999656677246
NVAX,2026-05-07,9.229999542236328
NVAX,2026-05-08,10.109999656677246
NVAX,2026-05-11,9.5
NVAX,2026-05-12,9.619999885559082
NVAX,2026-05-13,9.229999542236328
NVAX,2026-05-14,9.350000381469727
NVAX,2026-05-15,9.0600004196167
NVAX,2026-05-18,8.930000305175781
NVAX,2026-05-19,8.899999618530273
NVAX,2026-05-20,9.270000457763672
NVAX,2026-05-21,8.979999542236328
NVAX,2026-05-22,9.210000038146973
NVAX,2026-05-26,10.460000038146973
NVAX,2026-05-27,11.09000015258789
NVAX,2026-05-28,10.319999694824219
NVAX,2026-05-29,10.970000267028809
NVAX,2026-06-01,10.510000228881836
NVAX,2026-06-02,10.210000038146973
NVAX,2026-06-03,10.199999809265137
NVAX,2026-06-04,10.1899995803833
NVAX,2026-06-05,9.489999771118164
NVAX,2026-06-08,8.619999885559082
NVAX,2026-06-09,8.670000076293945
NVAX,2026-06-10,8.5600004196167
NVAX,2026-06-11,9.029999732971191
NVAX,2026-06-12,8.880000114440918
NVAX,2026-06-15,9.210000038146973
NVAX,2026-06-16,9.199999809265137
NVAX,2026-06-17,9.5
NVAX,2026-06-18,9.130000114440918
NVAX,2026-06-22,9.0
NVAX,2026-06-23,9.0
NVAX,2026-06-24,8.899999618530273
NVAX,2026-06-25,8.5600004196167
NVAX,2026-06-26,8.880000114440918
NVAX,2026-06-29,9.359999656677246
NVAX,2026-06-30,9.420000076293945
NVAX,2026-07-01,9.460000038146973
NVAX,2026-07-02,9.739999771118164
NVAX,2026-07-06,9.350000381469727
NVAX,2026-07-07,9.460000038146973
NVAX,2026-07-08,9.350000381469727
NVAX,2026-07-09,9.399999618530273
NVAX,2026-07-10,9.329999923706055
NVAX,2026-07-13,8.90999984741211
NVAX,2026-07-14,8.420000076293945
NVAX,2026-07-15,8.430000305175781
NVAX,2026-07-16,8.239999771118164
NVAX,2026-07-17,8.210000038146973
NVAX,2026-07-20,7.880000114440918
NVAX,2026-07-21,8.079999923706055
NVAX,2026-07-22,7.909999847412109
NVAX,2026-07-23,7.829999923706055
NVAX,2026-07-24,7.460000038146973
NVAX,2026-07-27,7.489999771118164
NVAX,2026-07-28,7.369999885559082
NVAX,2026-07-29,7.340000152587891
NVAX,2026-07-30,7.440000057220459
NVAX,2026-07-31,7.320000171661377
NVAX,2026-08-03,7.409999847412109
NVAX,2026-08-04,7.659999847412109
NVAX,2026-08-05,7.699999809265137
NVAX,2026-08-06,7.739999771118164
NVAX,2026-08-07,7.949999809265137
NVAX,2026-08-10,7.889999866485596
NVAX,2026-08-11,7.949999809265137
NVAX,2026-08-12,7.960000038146973
NVAX,2026-08-13,8.140000343322754
NVAX,2026-08-14,8.050000190734863
NVAX,2026-08-17,8.069999694824219
NVAX,2026-08-18,7.929999828338623
NVAX,2026-08-19,8.789999961853027
NVAX,2026-08-20,8.420000076293945
NVAX,2026-08-21,8.9399995803833
NVAX,2026-08-24,8.859999656677246
NVAX,2026-08-25,9.4399995803833
NVAX,2026-08-26,9.210000038146973
NVAX,2026-08-27,9.050000190734863
NVAX,2026-08-28,9.260000228881836
NVAX,2026-08-31,9.369999885559082
NVAX,2026-09-01,10.119999885559082
NVAX,2026-09-02,10.319999694824219
NVAX,2026-09-03,10.34000015258789
NVAX,2026-09-04,10.220000267028809
NVAX,2026-09-08,10.1899995803833
OABI,2026-03-18,1.8200000524520874
OABI,2026-03-19,1.840000033378601
OABI,2026-03-20,1.75
OABI,2026-03-23,1.7599999904632568
OABI,2026-03-24,1.6699999570846558
OABI,2026-03-25,1.6200000047683716
OABI,2026-03-26,1.5800000429153442
OABI,2026-03-27,1.5099999904632568
OABI,2026-03-30,1.559999942779541
OABI,2026-03-31,1.5700000524520874
OABI,2026-04-01,1.559999942779541
OABI,2026-04-02,1.5399999618530273
OABI,2026-04-06,1.5399999618530273
OABI,2026-04-07,1.5099999904632568
OABI,2026-04-08,1.5199999809265137
OABI,2026-04-09,1.5
OABI,2026-04-10,1.4700000286102295
OABI,2026-04-13,1.4600000381469727
OABI,2026-04-14,1.4600000381469727
OABI,2026-04-15,1.4800000190734863
OABI,2026-04-16,1.559999942779541
OABI,2026-04-17,1.6399999856948853
OABI,2026-04-20,1.5499999523162842
OABI,2026-04-21,1.4800000190734863
OABI,2026-04-22,1.5
OABI,2026-04-23,1.559999942779541
OABI,2026-04-24,1.4600000381469727
OABI,2026-04-27,1.440000057220459
OABI,2026-04-28,1.399999976158142
OABI,2026-04-29,1.3600000143051147
OABI,2026-04-30,1.3899999856948853
OABI,2026-05-01,1.399999976158142
OABI,2026-05-04,1.409999966621399
OABI,2026-05-05,1.399999976158142
OABI,2026-05-06,1.4299999475479126
OABI,2026-05-07,1.4700000286102295
OABI,2026-05-08,1.659999966621399
OABI,2026-05-11,1.6699999570846558
OABI,2026-05-12,1.850000023841858
OABI,2026-05-13,2.009999990463257
OABI,2026-05-14,2.190000057220459
OABI,2026-05-15,2.180000066757202
OABI,2026-05-18,2.2899999618530273
OABI,2026-05-19,2.369999885559082
OABI,2026-05-20,2.5799999237060547
OABI,2026-05-21,2.549999952316284
OABI,2026-05-22,2.6500000953674316
OABI,2026-05-26,2.549999952316284
OABI,2026-05-27,2.5899999141693115
OABI,2026-05-28,2.7200000286102295
OABI,2026-05-29,2.700000047683716
OABI,2026-06-01,2.609999895095825
OABI,2026-06-02,2.619999885559082
OABI,2026-06-03,2.5
OABI,2026-06-04,2.6600000858306885
OABI,2026-06-05,2.4800000190734863
OABI,2026-06-08,2.2799999713897705
OABI,2026-06-09,2.4000000953674316
OABI,2026-06-10,2.380000114440918
OABI,2026-06-11,2.3399999141693115
OABI,2026-06-12,2.2699999809265137
OABI,2026-06-15,2.109999895095825
OABI,2026-06-16,2.0199999809265137
OABI,2026-06-17,2.0299999713897705
OABI,2026-06-18,2.3399999141693115
OABI,2026-06-22,2.319999933242798
OABI,2026-06-23,2.3299999237060547
OABI,2026-06-24,2.2799999713897705
OABI,2026-06-25,2.509999990463257
OABI,2026-06-26,2.5199999809265137
OABI,2026-06-29,2.569999933242798
OABI,2026-06-30,2.4600000381469727
OABI,2026-07-01,2.390000104904175
OABI,2026-07-02,2.4200000762939453
OABI,2026-07-06,2.4100000858306885
OABI,2026-07-07,2.319999933242798
OABI,2026-07-08,2.299999952316284
OABI,2026-07-09,2.240000009536743
OABI,2026-07-10,2.2899999618530273
OABI,2026-07-13,2.109999895095825
OABI,2026-07-14,2.140000104904175
OABI,2026-07-15,2.0799999237060547
OABI,2026-07-16,2.0399999618530273
OABI,2026-07-17,2.119999885559082
OABI,2026-07-20,2.0799999237060547
OABI,2026-07-21,2.0899999141693115
OABI,2026-07-22,2.109999895095825
OABI,2026-07-23,2.0399999618530273
OABI,2026-07-24,2.0299999713897705
OABI,2026-07-27,2.0299999713897705
OABI,2026-07-28,1.9700000286102295
OABI,2026-07-29,1.9500000476837158
OABI,2026-07-30,1.9900000095367432
OABI,2026-07-31,1.9800000190734863
OABI,2026-08-03,1.9600000381469727
OABI,2026-08-04,2.0
OABI,2026-08-05,2.0299999713897705
OABI,2026-08-06,2.240000009536743
OABI,2026-08-07,3.0799999237060547
OABI,2026-08-10,3.390000104904175
OABI,2026-08-11,3.380000114440918
OABI,2026-08-12,3.4200000762939453
OABI,2026-08-13,3.430000066757202
OABI,2026-08-14,3.380000114440918
OABI,2026-08-17,3.819999933242798
OABI,2026-08-18,3.9200000762939453
OABI,2026-08-19,4.190000057220459
OABI,2026-08-20,4.300000190734863
OABI,2026-08-21,4.329999923706055
OABI,2026-08-24,4.710000038146973
OABI,2026-08-25,4.659999847412109
OABI,2026-08-26,4.809999942779541
OABI,2026-08-27,4.610000133514404
OABI,2026-08-28,4.46999979019165
OABI,2026-08-31,4.380000114440918
OABI,2026-09-01,4.440000057220459
OABI,2026-09-02,5.039999961853027
OABI,2026-09-03,4.75
OABI,2026-09-04,4.329999923706055
OABI,2026-09-08,4.239999771118164
OKTA,2026-03-18,78.43000030517578
OKTA,2026-03-19,80.76000213623047
OKTA,2026-03-20,78.41000366210938
OKTA,2026-03-23,81.0999984741211
OKTA,2026-03-24,76.76000213623047
OKTA,2026-03-25,78.12000274658203
OKTA,2026-03-26,79.37999725341797
OKTA,2026-03-27,73.2300033569336
OKTA,2026-03-30,75.47000122070312
OKTA,2026-03-31,78.70999908447266
OKTA,2026-04-01,79.1449966430664
OKTA,2026-04-02,80.19000244140625
OKTA,2026-04-06,80.55999755859375
OKTA,2026-04-07,79.33999633789062
OKTA,2026-04-08,76.04000091552734
OKTA,2026-04-09,67.76000213623047
OKTA,2026-04-10,62.93000030517578
OKTA,2026-04-13,65.45999908447266
OKTA,2026-04-14,64.08999633789062
OKTA,2026-04-15,67.3499984741211
OKTA,2026-04-16,72.01000213623047
OKTA,2026-04-17,72.25
OKTA,2026-04-20,75.76000213623047
OKTA,2026-04-21,77.63999938964844
OKTA,2026-04-22,78.69999694824219
OKTA,2026-04-23,76.04000091552734
OKTA,2026-04-24,75.9800033569336
OKTA,2026-04-27,76.13999938964844
OKTA,2026-04-28,76.19999694824219
OKTA,2026-04-29,76.16000366210938
OKTA,2026-04-30,73.6500015258789
OKTA,2026-05-01,75.77999877929688
OKTA,2026-05-04,77.23999786376953
OKTA,2026-05-05,77.75
OKTA,2026-05-06,77.44000244140625
OKTA,2026-05-07,80.87999725341797
OKTA,2026-05-08,83.9000015258789
OKTA,2026-05-11,81.69000244140625
OKTA,2026-05-12,79.05999755859375
OKTA,2026-05-13,78.19999694824219
OKTA,2026-05-14,81.05000305175781
OKTA,2026-05-15,82.7699966430664
OKTA,2026-05-18,87.04000091552734
OKTA,2026-05-19,85.69999694824219
OKTA,2026-05-20,89.04000091552734
OKTA,2026-05-21,89.44000244140625
OKTA,2026-05-22,92.23999786376953
OKTA,2026-05-26,93.80999755859375
OKTA,2026-05-27,89.5
OKTA,2026-05-28,94.72000122070312
OKTA,2026-05-29,123.2699966430664
OKTA,2026-06-01,139.7899932861328
OKTA,2026-06-02,135.32000732421875
OKTA,2026-06-03,124.6500015258789
OKTA,2026-06-04,123.4800033569336
OKTA,2026-06-05,118.72000122070312
OKTA,2026-06-08,116.8499984741211
OKTA,2026-06-09,119.95999908447266
OKTA,2026-06-10,114.91999816894531
OKTA,2026-06-11,117.5
OKTA,2026-06-12,116.29000091552734
OKTA,2026-06-15,118.12000274658203
OKTA,2026-06-16,116.2699966430664
OKTA,2026-06-17,113.02999877929688
OKTA,2026-06-18,117.80999755859375
OKTA,2026-06-22,115.94000244140625
OKTA,2026-06-23,118.16000366210938
OKTA,2026-06-24,118.58000183105469
OKTA,2026-06-25,119.26000213623047
OKTA,2026-06-26,124.27999877929688
OKTA,2026-06-29,131.30999755859375
OKTA,2026-06-30,136.4499969482422
OKTA,2026-07-01,140.4600067138672
OKTA,2026-07-02,141.4199981689453
OKTA,2026-07-06,148.60000610351562
OKTA,2026-07-07,148.47000122070312
OKTA,2026-07-08,146.77000427246094
OKTA,2026-07-09,148.83999633789062
OKTA,2026-07-10,138.6300048828125
OKTA,2026-07-13,139.52999877929688
OKTA,2026-07-14,154.6199951171875
OKTA,2026-07-15,150.86000061035156
OKTA,2026-07-16,147.74000549316406
OKTA,2026-07-17,149.35000610351562
OKTA,2026-07-20,148.41000366210938
OKTA,2026-07-21,141.7100067138672
OKTA,2026-07-22,136.69000244140625
OKTA,2026-07-23,136.10000610351562
OKTA,2026-07-24,138.5
OKTA,2026-07-27,137.42999267578125
OKTA,2026-07-28,136.2100067138672
OKTA,2026-07-29,136.91000366210938
OKTA,2026-07-30,140.4199981689453
OKTA,2026-07-31,141.92999267578125
OKTA,2026-08-03,141.57000732421875
OKTA,2026-08-04,147.82000732421875
OKTA,2026-08-05,147.0399932861328
OKTA,2026-08-06,143.50999450683594
OKTA,2026-08-07,148.32000732421875
OKTA,2026-08-10,150.77000427246094
OKTA,2026-08-11,150.3300018310547
OKTA,2026-08-12,147.3000030517578
OKTA,2026-08-13,154.9499969482422
OKTA,2026-08-14,147.42999267578125
OKTA,2026-08-17,143.24000549316406
OKTA,2026-08-18,143.9199981689453
OKTA,2026-08-19,141.2100067138672
OKTA,2026-08-20,134.16000366210938
OKTA,2026-08-21,135.13999938964844
OKTA,2026-08-24,130.97000122070312
OKTA,2026-08-25,130.61000061035156
OKTA,2026-08-26,134.4199981689453
OKTA,2026-08-27,172.91000366210938
OKTA,2026-08-28,166.22999572753906
OKTA,2026-08-31,173.0399932861328
OKTA,2026-09-01,166.42999267578125
OKTA,2026-09-02,163.14999389648438
OKTA,2026-09-03,170.4199981689453
OKTA,2026-09-04,170.60000610351562
OKTA,2026-09-08,167.59500122070312
OOMA,2026-03-18,13.90999984741211
OOMA,2026-03-19,13.699999809265137
OOMA,2026-03-20,13.579999923706055
OOMA,2026-03-23,14.039999961853027
OOMA,2026-03-24,14.15999984741211
OOMA,2026-03-25,14.25
OOMA,2026-03-26,14.350000381469727
OOMA,2026-03-27,14.0
OOMA,2026-03-30,14.289999961853027
OOMA,2026-03-31,14.550000190734863
OOMA,2026-04-01,14.8100004196167
OOMA,2026-04-02,14.710000038146973
OOMA,2026-04-06,14.630000114440918
OOMA,2026-04-07,14.640000343322754
OOMA,2026-04-08,14.3100004196167
OOMA,2026-04-09,13.90999984741211
OOMA,2026-04-10,13.899999618530273
OOMA,2026-04-13,13.960000038146973
OOMA,2026-04-14,14.270000457763672
OOMA,2026-04-15,14.829999923706055
OOMA,2026-04-16,14.949999809265137
OOMA,2026-04-17,15.710000038146973
OOMA,2026-04-20,15.859999656677246
OOMA,2026-04-21,15.84000015258789
OOMA,2026-04-22,15.960000038146973
OOMA,2026-04-23,15.899999618530273
OOMA,2026-04-24,16.059999465942383
OOMA,2026-04-27,16.5
OOMA,2026-04-28,16.309999465942383
OOMA,2026-04-29,16.100000381469727
OOMA,2026-04-30,16.31999969482422
OOMA,2026-05-01,17.729999542236328
OOMA,2026-05-04,17.899999618530273
OOMA,2026-05-05,18.65999984741211
OOMA,2026-05-06,18.56999969482422
OOMA,2026-05-07,19.0
OOMA,2026-05-08,19.309999465942383
OOMA,2026-05-11,18.989999771118164
OOMA,2026-05-12,18.360000610351562
OOMA,2026-05-13,18.84000015258789
OOMA,2026-05-14,18.709999084472656
OOMA,2026-05-15,18.81999969482422
OOMA,2026-05-18,19.360000610351562
OOMA,2026-05-19,19.5
OOMA,2026-05-20,19.139999389648438
OOMA,2026-05-21,18.8700008392334
OOMA,2026-05-22,19.1200008392334
OOMA,2026-05-26,19.270000457763672
OOMA,2026-05-27,17.43000030517578
OOMA,2026-05-28,17.770000457763672
OOMA,2026-05-29,17.649999618530273
OOMA,2026-06-01,18.139999389648438
OOMA,2026-06-02,17.649999618530273
OOMA,2026-06-03,16.8799991607666
OOMA,2026-06-04,17.290000915527344
OOMA,2026-06-05,17.1299991607666
OOMA,2026-06-08,16.729999542236328
OOMA,2026-06-09,17.34000015258789
OOMA,2026-06-10,17.530000686645508
OOMA,2026-06-11,17.31999969482422
OOMA,2026-06-12,17.549999237060547
OOMA,2026-06-15,17.149999618530273
OOMA,2026-06-16,17.360000610351562
OOMA,2026-06-17,17.3799991607666
OOMA,2026-06-18,17.100000381469727
OOMA,2026-06-22,17.299999237060547
OOMA,2026-06-23,18.06999969482422
OOMA,2026-06-24,18.489999771118164
OOMA,2026-06-25,17.549999237060547
OOMA,2026-06-26,18.450000762939453
OOMA,2026-06-29,19.440000534057617
OOMA,2026-06-30,19.219999313354492
OOMA,2026-07-01,19.600000381469727
OOMA,2026-07-02,19.489999771118164
OOMA,2026-07-06,19.799999237060547
OOMA,2026-07-07,20.200000762939453
OOMA,2026-07-08,19.610000610351562
OOMA,2026-07-09,19.93000030517578
OOMA,2026-07-10,20.18000030517578
OOMA,2026-07-13,20.40999984741211
OOMA,2026-07-14,20.540000915527344
OOMA,2026-07-15,20.25
OOMA,2026-07-16,20.829999923706055
OOMA,2026-07-17,20.670000076293945
OOMA,2026-07-20,20.969999313354492
OOMA,2026-07-21,20.90999984741211
OOMA,2026-07-22,20.239999771118164
OOMA,2026-07-23,19.360000610351562
OOMA,2026-07-24,20.020000457763672
OOMA,2026-07-27,20.780000686645508
OOMA,2026-07-28,22.139999389648438
OOMA,2026-07-29,21.8799991607666
OOMA,2026-07-30,21.440000534057617
OOMA,2026-07-31,21.75
OOMA,2026-08-03,21.479999542236328
OOMA,2026-08-04,21.540000915527344
OOMA,2026-08-05,21.489999771118164
OOMA,2026-08-06,21.399999618530273
OOMA,2026-08-07,21.969999313354492
OOMA,2026-08-10,21.579999923706055
OOMA,2026-08-11,21.030000686645508
OOMA,2026-08-12,20.139999389648438
OOMA,2026-08-13,20.889999389648438
OOMA,2026-08-14,20.829999923706055
OOMA,2026-08-17,20.06999969482422
OOMA,2026-08-18,20.65999984741211
OOMA,2026-08-19,20.200000762939453
OOMA,2026-08-20,20.510000228881836
OOMA,2026-08-21,22.020000457763672
OOMA,2026-08-24,21.239999771118164
OOMA,2026-08-25,20.59000015258789
OOMA,2026-08-26,20.530000686645508
OOMA,2026-08-27,23.040000915527344
OOMA,2026-08-28,22.90999984741211
OOMA,2026-08-31,22.639999389648438
OOMA,2026-09-01,21.8799991607666
OOMA,2026-09-02,22.530000686645508
OOMA,2026-09-03,23.3799991607666
OOMA,2026-09-04,23.200000762939453
OOMA,2026-09-08,22.860000610351562
PRLD,2026-03-18,3.119999885559082
PRLD,2026-03-19,3.190000057220459
PRLD,2026-03-20,2.990000009536743
PRLD,2026-03-23,3.1600000858306885
PRLD,2026-03-24,3.119999885559082
PRLD,2026-03-25,3.259999990463257
PRLD,2026-03-26,3.240000009536743
PRLD,2026-03-27,3.049999952316284
PRLD,2026-03-30,3.069999933242798
PRLD,2026-03-31,3.4200000762939453
PRLD,2026-04-01,3.450000047683716
PRLD,2026-04-02,3.4600000381469727
PRLD,2026-04-06,3.680000066757202
PRLD,2026-04-07,4.400000095367432
PRLD,2026-04-08,4.21999979019165
PRLD,2026-04-09,4.400000095367432
PRLD,2026-04-10,4.079999923706055
PRLD,2026-04-13,4.369999885559082
PRLD,2026-04-14,4.400000095367432
PRLD,2026-04-15,5.519999980926514
PRLD,2026-04-16,4.429999828338623
PRLD,2026-04-17,4.440000057220459
PRLD,2026-04-20,4.510000228881836
PRLD,2026-04-21,4.619999885559082
PRLD,2026-04-22,4.309999942779541
PRLD,2026-04-23,4.400000095367432
PRLD,2026-04-24,4.699999809265137
PRLD,2026-04-27,4.519999980926514
PRLD,2026-04-28,4.389999866485596
PRLD,2026-04-29,4.269999980926514
PRLD,2026-04-30,5.230000019073486
PRLD,2026-05-01,4.699999809265137
PRLD,2026-05-04,4.739999771118164
PRLD,2026-05-05,4.670000076293945
PRLD,2026-05-06,4.840000152587891
PRLD,2026-05-07,5.150000095367432
PRLD,2026-05-08,4.860000133514404
PRLD,2026-05-11,4.800000190734863
PRLD,2026-05-12,4.639999866485596
PRLD,2026-05-13,4.659999847412109
PRLD,2026-05-14,4.46999979019165
PRLD,2026-05-15,4.480000019073486
PRLD,2026-05-18,4.340000152587891
PRLD,2026-05-19,4.269999980926514
PRLD,2026-05-20,4.5
PRLD,2026-05-21,4.329999923706055
PRLD,2026-05-22,4.269999980926514
PRLD,2026-05-26,4.090000152587891
PRLD,2026-05-27,4.159999847412109
PRLD,2026-05-28,3.930000066757202
PRLD,2026-05-29,3.9200000762939453
PRLD,2026-06-01,3.819999933242798
PRLD,2026-06-02,3.5
PRLD,2026-06-03,3.6600000858306885
PRLD,2026-06-04,4.079999923706055
PRLD,2026-06-05,3.809999942779541
PRLD,2026-06-08,3.8399999141693115
PRLD,2026-06-09,3.940000057220459
PRLD,2026-06-10,3.950000047683716
PRLD,2026-06-11,4.110000133514404
PRLD,2026-06-12,4.489999771118164
PRLD,2026-06-15,4.460000038146973
PRLD,2026-06-16,4.199999809265137
PRLD,2026-06-17,4.349999904632568
PRLD,2026-06-18,4.320000171661377
PRLD,2026-06-22,4.320000171661377
PRLD,2026-06-23,4.380000114440918
PRLD,2026-06-24,4.269999980926514
PRLD,2026-06-25,4.099999904632568
PRLD,2026-06-26,4.380000114440918
PRLD,2026-06-29,4.929999828338623
PRLD,2026-06-30,5.329999923706055
PRLD,2026-07-01,4.909999847412109
PRLD,2026-07-02,4.909999847412109
PRLD,2026-07-06,4.989999771118164
PRLD,2026-07-07,4.96999979019165
PRLD,2026-07-08,5.119999885559082
PRLD,2026-07-09,4.909999847412109
PRLD,2026-07-10,4.804999828338623
PRLD,2026-07-13,4.440000057220459
PRLD,2026-07-14,4.389999866485596
PRLD,2026-07-15,4.460000038146973
PRLD,2026-07-16,4.179999828338623
PRLD,2026-07-17,4.199999809265137
PRLD,2026-07-20,4.059999942779541
PRLD,2026-07-21,4.039999961853027
PRLD,2026-07-22,3.924999952316284
PRLD,2026-07-23,3.930000066757202
PRLD,2026-07-24,3.8299999237060547
PRLD,2026-07-27,3.890000104904175
PRLD,2026-07-28,4.639999866485596
PRLD,2026-07-29,4.710000038146973
PRLD,2026-07-30,5.050000190734863
PRLD,2026-07-31,4.599999904632568
PRLD,2026-08-03,4.389999866485596
PRLD,2026-08-04,4.519999980926514
PRLD,2026-08-05,4.539999961853027
PRLD,2026-08-06,4.679999828338623
PRLD,2026-08-07,4.900000095367432
PRLD,2026-08-10,4.829999923706055
PRLD,2026-08-11,5.320000171661377
PRLD,2026-08-12,5.730000019073486
PRLD,2026-08-13,5.360000133514404
PRLD,2026-08-14,5.550000190734863
PRLD,2026-08-17,5.630000114440918
PRLD,2026-08-18,5.75
PRLD,2026-08-19,5.78000020980835
PRLD,2026-08-20,6.5
PRLD,2026-08-21,6.630000114440918
PRLD,2026-08-24,6.46999979019165
PRLD,2026-08-25,6.590000152587891
PRLD,2026-08-26,6.559999942779541
PRLD,2026-08-27,6.340000152587891
PRLD,2026-08-28,5.46999979019165
PRLD,2026-08-31,5.599999904632568
PRLD,2026-09-01,5.489999771118164
PRLD,2026-09-02,5.429999828338623
PRLD,2026-09-03,5.25
PRLD,2026-09-04,5.460000038146973
PRLD,2026-09-08,5.300000190734863
PSQL,2026-03-18,10.0600004196167
PSQL,2026-03-19,10.0600004196167
PSQL,2026-03-20,10.039999961853027
PSQL,2026-03-23,10.029999732971191
PSQL,2026-03-24,10.050000190734863
PSQL,2026-03-25,10.029999732971191
PSQL,2026-03-26,10.020000457763672
PSQL,2026-03-27,10.010000228881836
PSQL,2026-03-30,10.010000228881836
PSQL,2026-03-31,10.020000457763672
PSQL,2026-04-01,10.029999732971191
PSQL,2026-04-02,10.010000228881836
PSQL,2026-04-06,10.029999732971191
PSQL,2026-04-07,10.020000457763672
PSQL,2026-04-08,10.039999961853027
PSQL,2026-04-09,10.140000343322754
PSQL,2026-04-10,10.149999618530273
PSQL,2026-04-13,10.170000076293945
PSQL,2026-04-14,10.180000305175781
PSQL,2026-04-15,10.220000267028809
PSQL,2026-04-16,10.239999771118164
PSQL,2026-04-17,10.25
PSQL,2026-04-20,10.239999771118164
PSQL,2026-04-21,10.229999542236328
PSQL,2026-04-22,10.229999542236328
PSQL,2026-04-23,10.3100004196167
PSQL,2026-04-24,10.300000190734863
PSQL,2026-04-27,10.300000190734863
PSQL,2026-04-28,10.289999961853027
PSQL,2026-04-29,10.279999732971191
PSQL,2026-04-30,10.25
PSQL,2026-05-01,10.289999961853027
PSQL,2026-05-04,10.25
PSQL,2026-05-05,10.270000457763672
PSQL,2026-05-06,10.350000381469727
PSQL,2026-05-07,10.359999656677246
PSQL,2026-05-08,10.449999809265137
PSQL,2026-05-11,10.460000038146973
PSQL,2026-05-12,10.4399995803833
PSQL,2026-05-13,10.359999656677246
PSQL,2026-05-14,10.34000015258789
PSQL,2026-05-15,10.350000381469727
PSQL,2026-05-18,10.279999732971191
PSQL,2026-05-19,10.289999961853027
PSQL,2026-05-20,10.420000076293945
PSQL,2026-05-21,10.600000381469727
PSQL,2026-05-22,10.710000038146973
PSQL,2026-05-26,10.65999984741211
PSQL,2026-05-27,10.5600004196167
PSQL,2026-05-28,10.550000190734863
PSQL,2026-05-29,10.59000015258789
PSQL,2026-06-01,10.600000381469727
PSQL,2026-06-02,10.819999694824219
PSQL,2026-06-03,11.130000114440918
PSQL,2026-06-04,10.8100004196167
PSQL,2026-06-05,10.529999732971191
PSQL,2026-06-08,10.4399995803833
PSQL,2026-06-09,10.399999618530273
PSQL,2026-06-10,10.350000381469727
PSQL,2026-06-11,10.380000114440918
PSQL,2026-06-12,10.350000381469727
PSQL,2026-06-15,10.510000228881836
PSQL,2026-06-16,10.350000381469727
PSQL,2026-06-17,10.359999656677246
PSQL,2026-06-18,10.359999656677246
PSQL,2026-06-22,10.390000343322754
PSQL,2026-06-23,10.399999618530273
PSQL,2026-06-24,10.350000381469727
PSQL,2026-06-25,10.319999694824219
PSQL,2026-06-26,10.319999694824219
PSQL,2026-06-29,10.300000190734863
PSQL,2026-06-30,10.319999694824219
PSQL,2026-07-01,10.390000343322754
PSQL,2026-07-02,10.380000114440918
PSQL,2026-07-06,10.399999618530273
PSQL,2026-07-07,10.319999694824219
PSQL,2026-07-08,10.3100004196167
PSQL,2026-07-09,10.270000457763672
PSQL,2026-07-10,10.350000381469727
PSQL,2026-07-13,10.319999694824219
PSQL,2026-07-14,10.350000381469727
PSQL,2026-07-15,10.289999961853027
PSQL,2026-07-16,10.289999961853027
PSQL,2026-07-17,10.319999694824219
PSQL,2026-07-20,10.289999961853027
PSQL,2026-07-21,10.3100004196167
PSQL,2026-07-22,10.279999732971191
PSQL,2026-07-23,10.260000228881836
PSQL,2026-07-24,10.25
PSQL,2026-07-27,10.210000038146973
PSQL,2026-07-28,10.199999809265137
PSQL,2026-07-29,10.210000038146973
PSQL,2026-07-30,10.229999542236328
PSQL,2026-07-31,10.199999809265137
PSQL,2026-08-03,10.210000038146973
PSQL,2026-08-04,10.220000267028809
PSQL,2026-08-05,10.210000038146973
PSQL,2026-08-06,10.170000076293945
PSQL,2026-08-07,10.170000076293945
PSQL,2026-08-10,10.1899995803833
PSQL,2026-08-11,10.180000305175781
PSQL,2026-08-12,10.170000076293945
PSQL,2026-08-13,10.170000076293945
PSQL,2026-08-14,10.15999984741211
PSQL,2026-08-17,10.15999984741211
PSQL,2026-08-18,10.15999984741211
PSQL,2026-08-19,10.170000076293945
PSQL,2026-08-20,10.180000305175781
PSQL,2026-08-21,9.710000038146973
PSQL,2026-08-24,10.449999809265137
PSQL,2026-08-25,10.25
PSQL,2026-08-26,10.380000114440918
PSQL,2026-08-27,9.789999961853027
PSQL,2026-08-28,19.110000610351562
PSQL,2026-08-31,17.299999237060547
PSQL,2026-09-01,15.5600004196167
PSQL,2026-09-02,12.1899995803833
PSQL,2026-09-03,9.75
PSQL,2026-09-04,7.960000038146973
PSQL,2026-09-08,8.039999961853027
PURR,2026-03-18,6.380000114440918
PURR,2026-03-19,5.849999904632568
PURR,2026-03-20,5.199999809265137
PURR,2026-03-23,5.289999961853027
PURR,2026-03-24,5.289999961853027
PURR,2026-03-25,5.269999980926514
PURR,2026-03-26,4.880000114440918
PURR,2026-03-27,4.949999809265137
PURR,2026-03-30,4.920000076293945
PURR,2026-03-31,5.090000152587891
PURR,2026-04-01,5.130000114440918
PURR,2026-04-02,4.949999809265137
PURR,2026-04-06,5.050000190734863
PURR,2026-04-07,4.889999866485596
PURR,2026-04-08,5.369999885559082
PURR,2026-04-09,5.630000114440918
PURR,2026-04-10,6.010000228881836
PURR,2026-04-13,6.5
PURR,2026-04-14,6.25
PURR,2026-04-15,6.510000228881836
PURR,2026-04-16,6.449999809265137
PURR,2026-04-17,6.409999847412109
PURR,2026-04-20,6.170000076293945
PURR,2026-04-21,5.639999866485596
PURR,2026-04-22,6.139999866485596
PURR,2026-04-23,5.96999979019165
PURR,2026-04-24,6.0
PURR,2026-04-27,6.25
PURR,2026-04-28,5.909999847412109
PURR,2026-04-29,5.829999923706055
PURR,2026-04-30,6.019999980926514
PURR,2026-05-01,6.269999980926514
PURR,2026-05-04,6.380000114440918
PURR,2026-05-05,6.679999828338623
PURR,2026-05-06,6.920000076293945
PURR,2026-05-07,6.550000190734863
PURR,2026-05-08,6.710000038146973
PURR,2026-05-11,6.53000020980835
PURR,2026-05-12,6.25
PURR,2026-05-13,6.070000171661377
PURR,2026-05-14,7.139999866485596
PURR,2026-05-15,6.989999771118164
PURR,2026-05-18,6.929999828338623
PURR,2026-05-19,7.789999961853027
PURR,2026-05-20,8.119999885559082
PURR,2026-05-21,8.479999542236328
PURR,2026-05-22,7.670000076293945
PURR,2026-05-26,8.449999809265137
PURR,2026-05-27,8.359999656677246
PURR,2026-05-28,8.539999961853027
PURR,2026-05-29,9.989999771118164
PURR,2026-06-01,10.869999885559082
PURR,2026-06-02,10.970000267028809
PURR,2026-06-03,10.369999885559082
PURR,2026-06-04,9.489999771118164
PURR,2026-06-05,8.529999732971191
PURR,2026-06-08,8.920000076293945
PURR,2026-06-09,8.25
PURR,2026-06-10,7.570000171661377
PURR,2026-06-11,8.489999771118164
PURR,2026-06-12,8.699999809265137
PURR,2026-06-15,9.34000015258789
PURR,2026-06-16,10.039999961853027
PURR,2026-06-17,9.8100004196167
PURR,2026-06-18,9.279999732971191
PURR,2026-06-22,9.199999809265137
PURR,2026-06-23,8.140000343322754
PURR,2026-06-24,7.900000095367432
PURR,2026-06-25,8.020000457763672
PURR,2026-06-26,8.739999771118164
PURR,2026-06-29,8.470000267028809
PURR,2026-06-30,7.869999885559082
PURR,2026-07-01,8.210000038146973
PURR,2026-07-02,8.050000190734863
PURR,2026-07-06,8.819999694824219
PURR,2026-07-07,8.180000305175781
PURR,2026-07-08,7.78000020980835
PURR,2026-07-09,7.559999942779541
PURR,2026-07-10,7.550000190734863
PURR,2026-07-13,7.159999847412109
PURR,2026-07-14,7.349999904632568
PURR,2026-07-15,7.610000133514404
PURR,2026-07-16,6.78000020980835
PURR,2026-07-17,6.679999828338623
PURR,2026-07-20,7.050000190734863
PURR,2026-07-21,7.079999923706055
PURR,2026-07-22,6.849999904632568
PURR,2026-07-23,6.510000228881836
PURR,2026-07-24,6.190000057220459
PURR,2026-07-27,6.340000152587891
PURR,2026-07-28,6.159999847412109
PURR,2026-07-29,5.96999979019165
PURR,2026-07-30,6.300000190734863
PURR,2026-07-31,6.210000038146973
PURR,2026-08-03,6.579999923706055
PURR,2026-08-04,6.809999942779541
PURR,2026-08-05,6.820000171661377
PURR,2026-08-06,6.670000076293945
PURR,2026-08-07,6.809999942779541
PURR,2026-08-10,6.599999904632568
PURR,2026-08-11,6.570000171661377
PURR,2026-08-12,6.75
PURR,2026-08-13,6.820000171661377
PURR,2026-08-14,6.679999828338623
PURR,2026-08-17,7.150000095367432
PURR,2026-08-18,7.199999809265137
PURR,2026-08-19,9.390000343322754
PURR,2026-08-20,10.079999923706055
PURR,2026-08-21,10.579999923706055
PURR,2026-08-24,10.640000343322754
PURR,2026-08-25,11.869999885559082
PURR,2026-08-26,11.5600004196167
PURR,2026-08-27,12.829999923706055
PURR,2026-08-28,11.609999656677246
PURR,2026-08-31,12.25
PURR,2026-09-01,11.354999542236328
PURR,2026-09-02,11.319999694824219
PURR,2026-09-03,12.770000457763672
PURR,2026-09-04,12.180000305175781
PURR,2026-09-08,11.930000305175781
SMTC,2026-03-18,73.37000274658203
SMTC,2026-03-19,78.3499984741211
SMTC,2026-03-20,73.5999984741211
SMTC,2026-03-23,76.5199966430664
SMTC,2026-03-24,77.94999694824219
SMTC,2026-03-25,80.04000091552734
SMTC,2026-03-26,74.16000366210938
SMTC,2026-03-27,72.16000366210938
SMTC,2026-03-30,70.61000061035156
SMTC,2026-03-31,76.88999938964844
SMTC,2026-04-01,80.04000091552734
SMTC,2026-04-02,82.6500015258789
SMTC,2026-04-06,82.63999938964844
SMTC,2026-04-07,83.08000183105469
SMTC,2026-04-08,86.94999694824219
SMTC,2026-04-09,88.66000366210938
SMTC,2026-04-10,85.22000122070312
SMTC,2026-04-13,91.83000183105469
SMTC,2026-04-14,90.12000274658203
SMTC,2026-04-15,93.2699966430664
SMTC,2026-04-16,102.44000244140625
SMTC,2026-04-17,107.70999908447266
SMTC,2026-04-20,105.91000366210938
SMTC,2026-04-21,103.4800033569336
SMTC,2026-04-22,103.4800033569336
SMTC,2026-04-23,105.33999633789062
SMTC,2026-04-24,109.79000091552734
SMTC,2026-04-27,101.29000091552734
SMTC,2026-04-28,94.4000015258789
SMTC,2026-04-29,98.29000091552734
SMTC,2026-04-30,105.05000305175781
SMTC,2026-05-01,107.80999755859375
SMTC,2026-05-04,107.0999984741211
SMTC,2026-05-05,112.9800033569336
SMTC,2026-05-06,119.19000244140625
SMTC,2026-05-07,121.5
SMTC,2026-05-08,121.80999755859375
SMTC,2026-05-11,136.52999877929688
SMTC,2026-05-12,132.0800018310547
SMTC,2026-05-13,139.74000549316406
SMTC,2026-05-14,141.16000366210938
SMTC,2026-05-15,137.63999938964844
SMTC,2026-05-18,132.38999938964844
SMTC,2026-05-19,134.7899932861328
SMTC,2026-05-20,141.85000610351562
SMTC,2026-05-21,146.52999877929688
SMTC,2026-05-22,156.77999877929688
SMTC,2026-05-26,164.4600067138672
SMTC,2026-05-27,157.1999969482422
SMTC,2026-05-28,166.3300018310547
SMTC,2026-05-29,152.5399932861328
SMTC,2026-06-01,149.5800018310547
SMTC,2026-06-02,166.6300048828125
SMTC,2026-06-03,163.5
SMTC,2026-06-04,169.35000610351562
SMTC,2026-06-05,151.02000427246094
SMTC,2026-06-08,158.7899932861328
SMTC,2026-06-09,157.52000427246094
SMTC,2026-06-10,154.27999877929688
SMTC,2026-06-11,163.57000732421875
SMTC,2026-06-12,166.7100067138672
SMTC,2026-06-15,174.3000030517578
SMTC,2026-06-16,161.58999633789062
SMTC,2026-06-17,150.1999969482422
SMTC,2026-06-18,158.22999572753906
SMTC,2026-06-22,174.72999572753906
SMTC,2026-06-23,163.27999877929688
SMTC,2026-06-24,158.47999572753906
SMTC,2026-06-25,162.27000427246094
SMTC,2026-06-26,149.75
SMTC,2026-06-29,156.13999938964844
SMTC,2026-06-30,161.85000610351562
SMTC,2026-07-01,147.02999877929688
SMTC,2026-07-02,135.27000427246094
SMTC,2026-07-06,138.88999938964844
SMTC,2026-07-07,126.4000015258789
SMTC,2026-07-08,128.83999633789062
SMTC,2026-07-09,137.5
SMTC,2026-07-10,136.1300048828125
SMTC,2026-07-13,132.14999389648438
SMTC,2026-07-14,141.36000061035156
SMTC,2026-07-15,135.22000122070312
SMTC,2026-07-16,127.6500015258789
SMTC,2026-07-17,124.95999908447266
SMTC,2026-07-20,125.87999725341797
SMTC,2026-07-21,137.83999633789062
SMTC,2026-07-22,136.92999267578125
SMTC,2026-07-23,138.67999267578125
SMTC,2026-07-24,125.91999816894531
SMTC,2026-07-27,121.5199966430664
SMTC,2026-07-28,111.30000305175781
SMTC,2026-07-29,103.55000305175781
SMTC,2026-07-30,114.61000061035156
SMTC,2026-07-31,117.81999969482422
SMTC,2026-08-03,119.08000183105469
SMTC,2026-08-04,129.16000366210938
SMTC,2026-08-05,121.25
SMTC,2026-08-06,134.77999877929688
SMTC,2026-08-07,139.4199981689453
SMTC,2026-08-10,131.27000427246094
SMTC,2026-08-11,131.17999267578125
SMTC,2026-08-12,140.0
SMTC,2026-08-13,133.5800018310547
SMTC,2026-08-14,140.35000610351562
SMTC,2026-08-17,154.22000122070312
SMTC,2026-08-18,135.22999572753906
SMTC,2026-08-19,125.36000061035156
SMTC,2026-08-20,124.87999725341797
SMTC,2026-08-21,124.08999633789062
SMTC,2026-08-24,120.91000366210938
SMTC,2026-08-25,127.5199966430664
SMTC,2026-08-26,140.8000030517578
SMTC,2026-08-27,142.42999267578125
SMTC,2026-08-28,131.1699981689453
SMTC,2026-08-31,132.9600067138672
SMTC,2026-09-01,132.27000427246094
SMTC,2026-09-02,133.85000610351562
SMTC,2026-09-03,135.39999389648438
SMTC,2026-09-04,147.88999938964844
SMTC,2026-09-08,162.6199951171875
SOLS,2026-03-18,74.41000366210938
SOLS,2026-03-19,73.08000183105469
SOLS,2026-03-20,67.05000305175781
SOLS,2026-03-23,70.94999694824219
SOLS,2026-03-24,72.11000061035156
SOLS,2026-03-25,76.3499984741211
SOLS,2026-03-26,74.43000030517578
SOLS,2026-03-27,75.02999877929688
SOLS,2026-03-30,72.4000015258789
SOLS,2026-03-31,76.16000366210938
SOLS,2026-04-01,77.5199966430664
SOLS,2026-04-02,76.41999816894531
SOLS,2026-04-06,78.02999877929688
SOLS,2026-04-07,77.55000305175781
SOLS,2026-04-08,83.3499984741211
SOLS,2026-04-09,82.80999755859375
SOLS,2026-04-10,81.95999908447266
SOLS,2026-04-13,82.01000213623047
SOLS,2026-04-14,80.22000122070312
SOLS,2026-04-15,79.23999786376953
SOLS,2026-04-16,79.95999908447266
SOLS,2026-04-17,81.19999694824219
SOLS,2026-04-20,81.4000015258789
SOLS,2026-04-21,80.33000183105469
SOLS,2026-04-22,81.33999633789062
SOLS,2026-04-23,81.05000305175781
SOLS,2026-04-24,81.30000305175781
SOLS,2026-04-27,81.37000274658203
SOLS,2026-04-28,79.70999908447266
SOLS,2026-04-29,76.95999908447266
SOLS,2026-04-30,81.94999694824219
SOLS,2026-05-01,80.58999633789062
SOLS,2026-05-04,81.06999969482422
SOLS,2026-05-05,83.55999755859375
SOLS,2026-05-06,82.01000213623047
SOLS,2026-05-07,77.76000213623047
SOLS,2026-05-08,78.25
SOLS,2026-05-11,85.41999816894531
SOLS,2026-05-12,87.31999969482422
SOLS,2026-05-13,88.56999969482422
SOLS,2026-05-14,86.80999755859375
SOLS,2026-05-15,85.11000061035156
SOLS,2026-05-18,82.06999969482422
SOLS,2026-05-19,79.87000274658203
SOLS,2026-05-20,84.4800033569336
SOLS,2026-05-21,79.37999725341797
SOLS,2026-05-22,81.76000213623047
SOLS,2026-05-26,84.63999938964844
SOLS,2026-05-27,86.0999984741211
SOLS,2026-05-28,84.56999969482422
SOLS,2026-05-29,84.2300033569336
SOLS,2026-06-01,83.77999877929688
SOLS,2026-06-02,87.38999938964844
SOLS,2026-06-03,86.5999984741211
SOLS,2026-06-04,84.12999725341797
SOLS,2026-06-05,81.0199966430664
SOLS,2026-06-08,80.45999908447266
SOLS,2026-06-09,80.27999877929688
SOLS,2026-06-10,77.69000244140625
SOLS,2026-06-11,81.16999816894531
SOLS,2026-06-12,83.05999755859375
SOLS,2026-06-15,86.66000366210938
SOLS,2026-06-16,83.55999755859375
SOLS,2026-06-17,85.13999938964844
SOLS,2026-06-18,85.56999969482422
SOLS,2026-06-22,86.94999694824219
SOLS,2026-06-23,84.66999816894531
SOLS,2026-06-24,86.66000366210938
SOLS,2026-06-25,86.91000366210938
SOLS,2026-06-26,82.69000244140625
SOLS,2026-06-29,82.54000091552734
SOLS,2026-06-30,88.5999984741211
SOLS,2026-07-01,82.94999694824219
SOLS,2026-07-02,80.19000244140625
SOLS,2026-07-06,68.05000305175781
SOLS,2026-07-07,62.099998474121094
SOLS,2026-07-08,61.0099983215332
SOLS,2026-07-09,62.79999923706055
SOLS,2026-07-10,61.29999923706055
SOLS,2026-07-13,61.060001373291016
SOLS,2026-07-14,63.36000061035156
SOLS,2026-07-15,61.029998779296875
SOLS,2026-07-16,58.2400016784668
SOLS,2026-07-17,58.380001068115234
SOLS,2026-07-20,56.470001220703125
SOLS,2026-07-21,60.08000183105469
SOLS,2026-07-22,60.66999816894531
SOLS,2026-07-23,60.880001068115234
SOLS,2026-07-24,60.540000915527344
SOLS,2026-07-27,60.59000015258789
SOLS,2026-07-28,57.310001373291016
SOLS,2026-07-29,55.65999984741211
SOLS,2026-07-30,57.38999938964844
SOLS,2026-07-31,60.16999816894531
SOLS,2026-08-03,62.22999954223633
SOLS,2026-08-04,63.52000045776367
SOLS,2026-08-05,62.5
SOLS,2026-08-06,62.18000030517578
SOLS,2026-08-07,60.959999084472656
SOLS,2026-08-10,60.31999969482422
SOLS,2026-08-11,61.11000061035156
SOLS,2026-08-12,62.209999084472656
SOLS,2026-08-13,62.56999969482422
SOLS,2026-08-14,62.650001525878906
SOLS,2026-08-17,62.54999923706055
SOLS,2026-08-18,60.09000015258789
SOLS,2026-08-19,57.34000015258789
SOLS,2026-08-20,56.619998931884766
SOLS,2026-08-21,56.15999984741211
SOLS,2026-08-24,55.36000061035156
SOLS,2026-08-25,55.540000915527344
SOLS,2026-08-26,56.369998931884766
SOLS,2026-08-27,56.34000015258789
SOLS,2026-08-28,63.529998779296875
SOLS,2026-08-31,63.38999938964844
SOLS,2026-09-01,61.72999954223633
SOLS,2026-09-02,60.9900016784668
SOLS,2026-09-03,61.369998931884766
SOLS,2026-09-04,63.72999954223633
SOLS,2026-09-08,64.52999877929688
SPY,2026-03-18,661.4299926757812
SPY,2026-03-19,659.7999877929688
SPY,2026-03-20,648.5700073242188
SPY,2026-03-23,655.3800048828125
SPY,2026-03-24,653.1799926757812
SPY,2026-03-25,656.8200073242188
SPY,2026-03-26,645.0900268554688
SPY,2026-03-27,634.0900268554688
SPY,2026-03-30,631.969970703125
SPY,2026-03-31,650.3400268554688
SPY,2026-04-01,655.239990234375
SPY,2026-04-02,655.8300170898438
SPY,2026-04-06,658.9299926757812
SPY,2026-04-07,659.219970703125
SPY,2026-04-08,676.010009765625
SPY,2026-04-09,679.9099731445312
SPY,2026-04-10,679.4600219726562
SPY,2026-04-13,686.0999755859375
SPY,2026-04-14,694.4600219726562
SPY,2026-04-15,699.9400024414062
SPY,2026-04-16,701.6599731445312
SPY,2026-04-17,710.1400146484375
SPY,2026-04-20,708.719970703125
SPY,2026-04-21,704.0800170898438
SPY,2026-04-22,711.2100219726562
SPY,2026-04-23,708.4500122070312
SPY,2026-04-24,713.9400024414062
SPY,2026-04-27,715.1699829101562
SPY,2026-04-28,711.6900024414062
SPY,2026-04-29,711.5800170898438
SPY,2026-04-30,718.6599731445312
SPY,2026-05-01,720.6500244140625
SPY,2026-05-04,718.010009765625
SPY,2026-05-05,723.77001953125
SPY,2026-05-06,733.8300170898438
SPY,2026-05-07,731.5800170898438
SPY,2026-05-08,737.6199951171875
SPY,2026-05-11,739.2999877929688
SPY,2026-05-12,738.1799926757812
SPY,2026-05-13,742.3099975585938
SPY,2026-05-14,748.1699829101562
SPY,2026-05-15,739.1699829101562
SPY,2026-05-18,738.6500244140625
SPY,2026-05-19,733.72998046875
SPY,2026-05-20,741.25
SPY,2026-05-21,742.719970703125
SPY,2026-05-22,745.6400146484375
SPY,2026-05-26,750.5900268554688
SPY,2026-05-27,750.4600219726562
SPY,2026-05-28,754.5999755859375
SPY,2026-05-29,756.47998046875
SPY,2026-06-01,758.5399780273438
SPY,2026-06-02,759.5700073242188
SPY,2026-06-03,754.239990234375
SPY,2026-06-04,757.0900268554688
SPY,2026-06-05,737.5499877929688
SPY,2026-06-08,739.219970703125
SPY,2026-06-09,737.0499877929688
SPY,2026-06-10,725.4299926757812
SPY,2026-06-11,737.760009765625
SPY,2026-06-12,741.75
SPY,2026-06-15,754.8300170898438
SPY,2026-06-16,750.3300170898438
SPY,2026-06-17,740.9600219726562
SPY,2026-06-18,746.739990234375
SPY,2026-06-22,744.3900146484375
SPY,2026-06-23,733.5800170898438
SPY,2026-06-24,733.239990234375
SPY,2026-06-25,734.2999877929688
SPY,2026-06-26,728.989990234375
SPY,2026-06-29,741.0
SPY,2026-06-30,746.77001953125
SPY,2026-07-01,745.760009765625
SPY,2026-07-02,744.780029296875
SPY,2026-07-06,751.280029296875
SPY,2026-07-07,747.7100219726562
SPY,2026-07-08,745.4000244140625
SPY,2026-07-09,751.7100219726562
SPY,2026-07-10,754.9500122070312
SPY,2026-07-13,749.1699829101562
SPY,2026-07-14,751.8300170898438
SPY,2026-07-15,754.8099975585938
SPY,2026-07-16,750.719970703125
SPY,2026-07-17,743.2899780273438
SPY,2026-07-20,742.0900268554688
SPY,2026-07-21,748.280029296875
SPY,2026-07-22,747.4099731445312
SPY,2026-07-23,738.1799926757812
SPY,2026-07-24,738.9299926757812
SPY,2026-07-27,739.0900268554688
SPY,2026-07-28,740.8599853515625
SPY,2026-07-29,729.4600219726562
SPY,2026-07-30,741.6900024414062
SPY,2026-07-31,747.030029296875
SPY,2026-08-03,757.6699829101562
SPY,2026-08-04,771.3300170898438
SPY,2026-08-05,769.7899780273438
SPY,2026-08-06,768.5599975585938
SPY,2026-08-07,773.260009765625
SPY,2026-08-10,773.030029296875
SPY,2026-08-11,770.5599975585938
SPY,2026-08-12,772.489990234375
SPY,2026-08-13,777.8800048828125
SPY,2026-08-14,776.3400268554688
SPY,2026-08-17,772.6699829101562
SPY,2026-08-18,767.4500122070312
SPY,2026-08-19,769.0599975585938
SPY,2026-08-20,762.5999755859375
SPY,2026-08-21,765.719970703125
SPY,2026-08-24,763.469970703125
SPY,2026-08-25,765.9099731445312
SPY,2026-08-26,766.0800170898438
SPY,2026-08-27,771.0999755859375
SPY,2026-08-28,769.3499755859375
SPY,2026-08-31,767.0499877929688
SPY,2026-09-01,761.780029296875
SPY,2026-09-02,765.1599731445312
SPY,2026-09-03,773.1699829101562
SPY,2026-09-04,770.1900024414062
SPY,2026-09-08,765.9600219726562
SWMR,2026-03-18,55.0
SWMR,2026-03-19,52.54999923706055
SWMR,2026-03-20,36.709999084472656
SWMR,2026-03-23,26.360000610351562
SWMR,2026-03-24,35.380001068115234
SWMR,2026-03-25,31.899999618530273
SWMR,2026-03-26,36.709999084472656
SWMR,2026-03-27,34.869998931884766
SWMR,2026-03-30,43.189998626708984
SWMR,2026-03-31,47.20000076293945
SWMR,2026-04-01,46.0
SWMR,2026-04-02,66.4800033569336
SWMR,2026-04-06,50.119998931884766
SWMR,2026-04-07,46.0099983215332
SWMR,2026-04-08,41.11000061035156
SWMR,2026-04-09,43.0
SWMR,2026-04-10,40.09000015258789
SWMR,2026-04-13,45.810001373291016
SWMR,2026-04-14,42.31999969482422
SWMR,2026-04-15,40.959999084472656
SWMR,2026-04-16,40.13999938964844
SWMR,2026-04-17,35.130001068115234
SWMR,2026-04-20,37.959999084472656
SWMR,2026-04-21,42.95000076293945
SWMR,2026-04-22,41.20000076293945
SWMR,2026-04-23,38.290000915527344
SWMR,2026-04-24,37.880001068115234
SWMR,2026-04-27,38.709999084472656
SWMR,2026-04-28,39.04999923706055
SWMR,2026-04-29,36.810001373291016
SWMR,2026-04-30,38.34000015258789
SWMR,2026-05-01,36.84000015258789
SWMR,2026-05-04,33.599998474121094
SWMR,2026-05-05,29.979999542236328
SWMR,2026-05-06,28.860000610351562
SWMR,2026-05-07,27.719999313354492
SWMR,2026-05-08,27.139999389648438
SWMR,2026-05-11,33.2400016784668
SWMR,2026-05-12,36.040000915527344
SWMR,2026-05-13,30.290000915527344
SWMR,2026-05-14,29.530000686645508
SWMR,2026-05-15,29.639999389648438
SWMR,2026-05-18,32.369998931884766
SWMR,2026-05-19,30.719999313354492
SWMR,2026-05-20,31.3700008392334
SWMR,2026-05-21,35.54999923706055
SWMR,2026-05-22,38.86000061035156
SWMR,2026-05-26,44.2599983215332
SWMR,2026-05-27,48.560001373291016
SWMR,2026-05-28,56.790000915527344
SWMR,2026-05-29,56.209999084472656
SWMR,2026-06-01,57.0099983215332
SWMR,2026-06-02,78.5199966430664
SWMR,2026-06-03,73.23999786376953
SWMR,2026-06-04,72.80999755859375
SWMR,2026-06-05,60.75
SWMR,2026-06-08,57.47999954223633
SWMR,2026-06-09,60.31999969482422
SWMR,2026-06-10,56.470001220703125
SWMR,2026-06-11,51.75
SWMR,2026-06-12,45.189998626708984
SWMR,2026-06-15,41.959999084472656
SWMR,2026-06-16,41.400001525878906
SWMR,2026-06-17,40.79999923706055
SWMR,2026-06-18,41.790000915527344
SWMR,2026-06-22,45.13999938964844
SWMR,2026-06-23,41.45000076293945
SWMR,2026-06-24,38.22999954223633
SWMR,2026-06-25,36.47999954223633
SWMR,2026-06-26,41.0099983215332
SWMR,2026-06-29,48.400001525878906
SWMR,2026-06-30,44.310001373291016
SWMR,2026-07-01,41.220001220703125
SWMR,2026-07-02,42.93000030517578
SWMR,2026-07-06,42.369998931884766
SWMR,2026-07-07,40.209999084472656
SWMR,2026-07-08,41.4900016784668
SWMR,2026-07-09,44.369998931884766
SWMR,2026-07-10,42.0
SWMR,2026-07-13,39.97999954223633
SWMR,2026-07-14,41.599998474121094
SWMR,2026-07-15,37.68000030517578
SWMR,2026-07-16,35.7599983215332
SWMR,2026-07-17,36.540000915527344
SWMR,2026-07-20,39.08000183105469
SWMR,2026-07-21,46.18000030517578
SWMR,2026-07-22,41.119998931884766
SWMR,2026-07-23,40.79999923706055
SWMR,2026-07-24,38.84000015258789
SWMR,2026-07-27,40.060001373291016
SWMR,2026-07-28,38.29999923706055
SWMR,2026-07-29,36.84000015258789
SWMR,2026-07-30,38.29999923706055
SWMR,2026-07-31,36.77000045776367
SWMR,2026-08-03,37.43000030517578
SWMR,2026-08-04,37.709999084472656
SWMR,2026-08-05,35.93000030517578
SWMR,2026-08-06,34.599998474121094
SWMR,2026-08-07,36.599998474121094
SWMR,2026-08-10,36.29999923706055
SWMR,2026-08-11,39.470001220703125
SWMR,2026-08-12,39.65999984741211
SWMR,2026-08-13,42.9900016784668
SWMR,2026-08-14,41.599998474121094
SWMR,2026-08-17,47.08000183105469
SWMR,2026-08-18,46.86000061035156
SWMR,2026-08-19,45.20000076293945
SWMR,2026-08-20,45.90999984741211
SWMR,2026-08-21,42.4900016784668
SWMR,2026-08-24,39.779998779296875
SWMR,2026-08-25,38.83000183105469
SWMR,2026-08-26,37.04999923706055
SWMR,2026-08-27,36.5099983215332
SWMR,2026-08-28,33.0099983215332
SWMR,2026-08-31,33.13999938964844
SWMR,2026-09-01,32.20000076293945
SWMR,2026-09-02,31.799999237060547
SWMR,2026-09-03,33.099998474121094
SWMR,2026-09-04,32.2400016784668
SWMR,2026-09-08,31.850000381469727
TEM,2026-03-18,48.689998626708984
TEM,2026-03-19,48.7400016784668
TEM,2026-03-20,46.959999084472656
TEM,2026-03-23,49.13999938964844
TEM,2026-03-24,48.83000183105469
TEM,2026-03-25,46.7599983215332
TEM,2026-03-26,45.529998779296875
TEM,2026-03-27,42.619998931884766
TEM,2026-03-30,42.369998931884766
TEM,2026-03-31,45.220001220703125
TEM,2026-04-01,47.029998779296875
TEM,2026-04-02,47.38999938964844
TEM,2026-04-06,47.29999923706055
TEM,2026-04-07,46.814998626708984
TEM,2026-04-08,47.5
TEM,2026-04-09,44.15999984741211
TEM,2026-04-10,42.939998626708984
TEM,2026-04-13,45.97999954223633
TEM,2026-04-14,49.529998779296875
TEM,2026-04-15,56.40999984741211
TEM,2026-04-16,54.41999816894531
TEM,2026-04-17,55.869998931884766
TEM,2026-04-20,56.779998779296875
TEM,2026-04-21,55.150001525878906
TEM,2026-04-22,55.5099983215332
TEM,2026-04-23,51.439998626708984
TEM,2026-04-24,52.119998931884766
TEM,2026-04-27,52.68000030517578
TEM,2026-04-28,51.099998474121094
TEM,2026-04-29,50.02000045776367
TEM,2026-04-30,55.47999954223633
TEM,2026-05-01,55.0
TEM,2026-05-04,55.810001373291016
TEM,2026-05-05,54.06999969482422
TEM,2026-05-06,53.5
TEM,2026-05-07,49.470001220703125
TEM,2026-05-08,49.86000061035156
TEM,2026-05-11,48.459999084472656
TEM,2026-05-12,46.95000076293945
TEM,2026-05-13,45.900001525878906
TEM,2026-05-14,45.47999954223633
TEM,2026-05-15,43.93000030517578
TEM,2026-05-18,43.619998931884766
TEM,2026-05-19,45.529998779296875
TEM,2026-05-20,45.880001068115234
TEM,2026-05-21,46.4900016784668
TEM,2026-05-22,46.18000030517578
TEM,2026-05-26,46.65999984741211
TEM,2026-05-27,47.16999816894531
TEM,2026-05-28,51.290000915527344
TEM,2026-05-29,50.470001220703125
TEM,2026-06-01,52.79999923706055
TEM,2026-06-02,49.619998931884766
TEM,2026-06-03,47.5099983215332
TEM,2026-06-04,52.2599983215332
TEM,2026-06-05,46.43000030517578
TEM,2026-06-08,48.59000015258789
TEM,2026-06-09,48.81999969482422
TEM,2026-06-10,49.47999954223633
TEM,2026-06-11,49.59000015258789
TEM,2026-06-12,47.81999969482422
TEM,2026-06-15,52.31999969482422
TEM,2026-06-16,50.560001373291016
TEM,2026-06-17,48.790000915527344
TEM,2026-06-18,50.84000015258789
TEM,2026-06-22,47.849998474121094
TEM,2026-06-23,48.61000061035156
TEM,2026-06-24,51.939998626708984
TEM,2026-06-25,54.869998931884766
TEM,2026-06-26,56.13999938964844
TEM,2026-06-29,58.310001373291016
TEM,2026-06-30,57.93000030517578
TEM,2026-07-01,61.599998474121094
TEM,2026-07-02,60.27000045776367
TEM,2026-07-06,60.70000076293945
TEM,2026-07-07,60.09000015258789
TEM,2026-07-08,57.27000045776367
TEM,2026-07-09,61.5
TEM,2026-07-10,58.22999954223633
TEM,2026-07-13,55.93000030517578
TEM,2026-07-14,58.66999816894531
TEM,2026-07-15,57.25
TEM,2026-07-16,53.59000015258789
TEM,2026-07-17,52.470001220703125
TEM,2026-07-20,48.40999984741211
TEM,2026-07-21,48.97999954223633
TEM,2026-07-22,46.959999084472656
TEM,2026-07-23,46.0099983215332
TEM,2026-07-24,42.689998626708984
TEM,2026-07-27,42.90999984741211
TEM,2026-07-28,42.900001525878906
TEM,2026-07-29,41.54999923706055
TEM,2026-07-30,44.290000915527344
TEM,2026-07-31,43.869998931884766
TEM,2026-08-03,46.04999923706055
TEM,2026-08-04,47.04999923706055
TEM,2026-08-05,46.70000076293945
TEM,2026-08-06,46.119998931884766
TEM,2026-08-07,52.04999923706055
TEM,2026-08-10,55.060001373291016
TEM,2026-08-11,55.689998626708984
TEM,2026-08-12,54.61000061035156
TEM,2026-08-13,54.290000915527344
TEM,2026-08-14,52.099998474121094
TEM,2026-08-17,51.63999938964844
TEM,2026-08-18,49.36000061035156
TEM,2026-08-19,61.25
TEM,2026-08-20,66.6500015258789
TEM,2026-08-21,72.69000244140625
TEM,2026-08-24,66.16999816894531
TEM,2026-08-25,68.7300033569336
TEM,2026-08-26,68.4800033569336
TEM,2026-08-27,70.69000244140625
TEM,2026-08-28,64.04000091552734
TEM,2026-08-31,63.04999923706055
TEM,2026-09-01,62.27000045776367
TEM,2026-09-02,61.939998626708984
TEM,2026-09-03,64.66000366210938
TEM,2026-09-04,64.62000274658203
TEM,2026-09-08,64.29000091552734
TMC,2026-03-18,5.769999980926514
TMC,2026-03-19,5.510000228881836
TMC,2026-03-20,5.03000020980835
TMC,2026-03-23,5.059999942779541
TMC,2026-03-24,4.679999828338623
TMC,2026-03-25,4.590000152587891
TMC,2026-03-26,4.610000133514404
TMC,2026-03-27,4.269999980926514
TMC,2026-03-30,4.099999904632568
TMC,2026-03-31,4.670000076293945
TMC,2026-04-01,4.510000228881836
TMC,2026-04-02,4.590000152587891
TMC,2026-04-06,4.590000152587891
TMC,2026-04-07,4.409999847412109
TMC,2026-04-08,4.679999828338623
TMC,2026-04-09,4.420000076293945
TMC,2026-04-10,4.340000152587891
TMC,2026-04-13,4.619999885559082
TMC,2026-04-14,4.71999979019165
TMC,2026-04-15,5.119999885559082
TMC,2026-04-16,5.159999847412109
TMC,2026-04-17,5.320000171661377
TMC,2026-04-20,5.659999847412109
TMC,2026-04-21,5.340000152587891
TMC,2026-04-22,5.739999771118164
TMC,2026-04-23,5.239999771118164
TMC,2026-04-24,5.110000133514404
TMC,2026-04-27,5.199999809265137
TMC,2026-04-28,5.059999942779541
TMC,2026-04-29,4.920000076293945
TMC,2026-04-30,5.239999771118164
TMC,2026-05-01,5.400000095367432
TMC,2026-05-04,5.190000057220459
TMC,2026-05-05,5.239999771118164
TMC,2026-05-06,6.159999847412109
TMC,2026-05-07,5.699999809265137
TMC,2026-05-08,5.699999809265137
TMC,2026-05-11,5.909999847412109
TMC,2026-05-12,5.639999866485596
TMC,2026-05-13,5.639999866485596
TMC,2026-05-14,5.710000038146973
TMC,2026-05-15,5.420000076293945
TMC,2026-05-18,5.159999847412109
TMC,2026-05-19,5.010000228881836
TMC,2026-05-20,5.099999904632568
TMC,2026-05-21,5.260000228881836
TMC,2026-05-22,5.400000095367432
TMC,2026-05-26,5.630000114440918
TMC,2026-05-27,5.710000038146973
TMC,2026-05-28,6.159999847412109
TMC,2026-05-29,6.050000190734863
TMC,2026-06-01,6.360000133514404
TMC,2026-06-02,6.489999771118164
TMC,2026-06-03,6.119999885559082
TMC,2026-06-04,5.989999771118164
TMC,2026-06-05,5.119999885559082
TMC,2026-06-08,5.110000133514404
TMC,2026-06-09,5.010000228881836
TMC,2026-06-10,4.829999923706055
TMC,2026-06-11,5.130000114440918
TMC,2026-06-12,5.429999828338623
TMC,2026-06-15,5.340000152587891
TMC,2026-06-16,5.190000057220459
TMC,2026-06-17,5.110000133514404
TMC,2026-06-18,5.130000114440918
TMC,2026-06-22,4.949999809265137
TMC,2026-06-23,4.820000171661377
TMC,2026-06-24,4.559999942779541
TMC,2026-06-25,4.440000057220459
TMC,2026-06-26,4.25
TMC,2026-06-29,4.230000019073486
TMC,2026-06-30,4.429999828338623
TMC,2026-07-01,4.360000133514404
TMC,2026-07-02,4.230000019073486
TMC,2026-07-06,4.239999771118164
TMC,2026-07-07,4.039999961853027
TMC,2026-07-08,4.019999980926514
TMC,2026-07-09,4.150000095367432
TMC,2026-07-10,4.210000038146973
TMC,2026-07-13,3.990000009536743
TMC,2026-07-14,4.179999828338623
TMC,2026-07-15,4.110000133514404
TMC,2026-07-16,3.759999990463257
TMC,2026-07-17,3.740000009536743
TMC,2026-07-20,3.7200000286102295
TMC,2026-07-21,4.019999980926514
TMC,2026-07-22,3.930000066757202
TMC,2026-07-23,3.809999942779541
TMC,2026-07-24,3.6700000762939453
TMC,2026-07-27,3.7799999713897705
TMC,2026-07-28,3.5899999141693115
TMC,2026-07-29,3.450000047683716
TMC,2026-07-30,3.619999885559082
TMC,2026-07-31,3.559999942779541
TMC,2026-08-03,3.6700000762939453
TMC,2026-08-04,3.950000047683716
TMC,2026-08-05,4.019999980926514
TMC,2026-08-06,4.119999885559082
TMC,2026-08-07,4.570000171661377
TMC,2026-08-10,4.429999828338623
TMC,2026-08-11,4.550000190734863
TMC,2026-08-12,4.46999979019165
TMC,2026-08-13,4.409999847412109
TMC,2026-08-14,4.010000228881836
TMC,2026-08-17,3.7699999809265137
TMC,2026-08-18,3.9200000762939453
TMC,2026-08-19,3.9700000286102295
TMC,2026-08-20,3.9700000286102295
TMC,2026-08-21,4.789999961853027
TMC,2026-08-24,4.735000133514404
TMC,2026-08-25,4.960000038146973
TMC,2026-08-26,5.010000228881836
TMC,2026-08-27,5.090000152587891
TMC,2026-08-28,4.809999942779541
TMC,2026-08-31,4.769999980926514
TMC,2026-09-01,4.454999923706055
TMC,2026-09-02,4.590000152587891
TMC,2026-09-03,4.400000095367432
TMC,2026-09-04,4.440000057220459
TMC,2026-09-08,4.429999828338623
VEEV,2026-03-18,184.02999877929688
VEEV,2026-03-19,185.58999633789062
VEEV,2026-03-20,184.07000732421875
VEEV,2026-03-23,185.22999572753906
VEEV,2026-03-24,179.11000061035156
VEEV,2026-03-25,178.11000061035156
VEEV,2026-03-26,178.27999877929688
VEEV,2026-03-27,172.58999633789062
VEEV,2026-03-30,175.9600067138672
VEEV,2026-03-31,175.66000366210938
VEEV,2026-04-01,172.74000549316406
VEEV,2026-04-02,173.97999572753906
VEEV,2026-04-06,174.63999938964844
VEEV,2026-04-07,172.52000427246094
VEEV,2026-04-08,166.57000732421875
VEEV,2026-04-09,157.0800018310547
VEEV,2026-04-10,151.42999267578125
VEEV,2026-04-13,158.4499969482422
VEEV,2026-04-14,159.08999633789062
VEEV,2026-04-15,167.3000030517578
VEEV,2026-04-16,167.69000244140625
VEEV,2026-04-17,167.9499969482422
VEEV,2026-04-20,168.83999633789062
VEEV,2026-04-21,167.7899932861328
VEEV,2026-04-22,163.77999877929688
VEEV,2026-04-23,156.14999389648438
VEEV,2026-04-24,161.1300048828125
VEEV,2026-04-27,160.4499969482422
VEEV,2026-04-28,158.49000549316406
VEEV,2026-04-29,158.22000122070312
VEEV,2026-04-30,155.97000122070312
VEEV,2026-05-01,171.60000610351562
VEEV,2026-05-04,170.22000122070312
VEEV,2026-05-05,171.19000244140625
VEEV,2026-05-06,167.35000610351562
VEEV,2026-05-07,168.25
VEEV,2026-05-08,166.33999633789062
VEEV,2026-05-11,159.3300018310547
VEEV,2026-05-12,159.4199981689453
VEEV,2026-05-13,155.72999572753906
VEEV,2026-05-14,156.25
VEEV,2026-05-15,158.86000061035156
VEEV,2026-05-18,163.85000610351562
VEEV,2026-05-19,163.30999755859375
VEEV,2026-05-20,164.9600067138672
VEEV,2026-05-21,158.27000427246094
VEEV,2026-05-22,160.1699981689453
VEEV,2026-05-26,158.5399932861328
VEEV,2026-05-27,158.49000549316406
VEEV,2026-05-28,164.3800048828125
VEEV,2026-05-29,174.33999633789062
VEEV,2026-06-01,188.66000366210938
VEEV,2026-06-02,182.94000244140625
VEEV,2026-06-03,178.72000122070312
VEEV,2026-06-04,178.60000610351562
VEEV,2026-06-05,172.61000061035156
VEEV,2026-06-08,167.24000549316406
VEEV,2026-06-09,167.67999267578125
VEEV,2026-06-10,163.75999450683594
VEEV,2026-06-11,161.5500030517578
VEEV,2026-06-12,159.5399932861328
VEEV,2026-06-15,162.1699981689453
VEEV,2026-06-16,163.3800048828125
VEEV,2026-06-17,154.85000610351562
VEEV,2026-06-18,153.3000030517578
VEEV,2026-06-22,153.16000366210938
VEEV,2026-06-23,159.7100067138672
VEEV,2026-06-24,161.35000610351562
VEEV,2026-06-25,158.0800018310547
VEEV,2026-06-26,171.36000061035156
VEEV,2026-06-29,176.22000122070312
VEEV,2026-06-30,177.47000122070312
VEEV,2026-07-01,184.22000122070312
VEEV,2026-07-02,192.74000549316406
VEEV,2026-07-06,192.00999450683594
VEEV,2026-07-07,192.3000030517578
VEEV,2026-07-08,188.1699981689453
VEEV,2026-07-09,189.6999969482422
VEEV,2026-07-10,190.1199951171875
VEEV,2026-07-13,196.80999755859375
VEEV,2026-07-14,193.08999633789062
VEEV,2026-07-15,193.6699981689453
VEEV,2026-07-16,197.3699951171875
VEEV,2026-07-17,195.3800048828125
VEEV,2026-07-20,197.41000366210938
VEEV,2026-07-21,189.24000549316406
VEEV,2026-07-22,184.5500030517578
VEEV,2026-07-23,179.5800018310547
VEEV,2026-07-24,186.24000549316406
VEEV,2026-07-27,194.4600067138672
VEEV,2026-07-28,201.1999969482422
VEEV,2026-07-29,207.91000366210938
VEEV,2026-07-30,201.55999755859375
VEEV,2026-07-31,203.77999877929688
VEEV,2026-08-03,206.25
VEEV,2026-08-04,211.86000061035156
VEEV,2026-08-05,213.50999450683594
VEEV,2026-08-06,217.8000030517578
VEEV,2026-08-07,230.47000122070312
VEEV,2026-08-10,234.69000244140625
VEEV,2026-08-11,236.5800018310547
VEEV,2026-08-12,241.50999450683594
VEEV,2026-08-13,252.63999938964844
VEEV,2026-08-14,243.75
VEEV,2026-08-17,238.33999633789062
VEEV,2026-08-18,242.75
VEEV,2026-08-19,251.0
VEEV,2026-08-20,250.52999877929688
VEEV,2026-08-21,247.89999389648438
VEEV,2026-08-24,248.4600067138672
VEEV,2026-08-25,246.77999877929688
VEEV,2026-08-26,244.91000366210938
VEEV,2026-08-27,282.1300048828125
VEEV,2026-08-28,276.69000244140625
VEEV,2026-08-31,285.69000244140625
VEEV,2026-09-01,279.2300109863281
VEEV,2026-09-02,280.7200012207031
VEEV,2026-09-03,284.3800048828125
VEEV,2026-09-04,275.0899963378906
VEEV,2026-09-08,264.8399963378906
WEAV,2026-03-18,4.78000020980835
WEAV,2026-03-19,4.769999980926514
WEAV,2026-03-20,4.75
WEAV,2026-03-23,4.760000228881836
WEAV,2026-03-24,4.440000057220459
WEAV,2026-03-25,4.409999847412109
WEAV,2026-03-26,4.519999980926514
WEAV,2026-03-27,4.369999885559082
WEAV,2026-03-30,4.409999847412109
WEAV,2026-03-31,4.619999885559082
WEAV,2026-04-01,4.739999771118164
WEAV,2026-04-02,4.909999847412109
WEAV,2026-04-06,5.079999923706055
WEAV,2026-04-07,5.110000133514404
WEAV,2026-04-08,4.900000095367432
WEAV,2026-04-09,4.78000020980835
WEAV,2026-04-10,4.630000114440918
WEAV,2026-04-13,4.849999904632568
WEAV,2026-04-14,5.019999980926514
WEAV,2026-04-15,5.21999979019165
WEAV,2026-04-16,5.340000152587891
WEAV,2026-04-17,5.329999923706055
WEAV,2026-04-20,5.46999979019165
WEAV,2026-04-21,5.420000076293945
WEAV,2026-04-22,5.420000076293945
WEAV,2026-04-23,4.710000038146973
WEAV,2026-04-24,4.869999885559082
WEAV,2026-04-27,4.869999885559082
WEAV,2026-04-28,4.980000019073486
WEAV,2026-04-29,4.840000152587891
WEAV,2026-04-30,4.909999847412109
WEAV,2026-05-01,5.75
WEAV,2026-05-04,6.090000152587891
WEAV,2026-05-05,6.110000133514404
WEAV,2026-05-06,6.010000228881836
WEAV,2026-05-07,6.050000190734863
WEAV,2026-05-08,5.940000057220459
WEAV,2026-05-11,5.489999771118164
WEAV,2026-05-12,5.449999809265137
WEAV,2026-05-13,5.190000057220459
WEAV,2026-05-14,5.150000095367432
WEAV,2026-05-15,5.28000020980835
WEAV,2026-05-18,5.440000057220459
WEAV,2026-05-19,5.800000190734863
WEAV,2026-05-20,5.889999866485596
WEAV,2026-05-21,5.610000133514404
WEAV,2026-05-22,5.710000038146973
WEAV,2026-05-26,5.630000114440918
WEAV,2026-05-27,5.579999923706055
WEAV,2026-05-28,5.760000228881836
WEAV,2026-05-29,6.019999980926514
WEAV,2026-06-01,6.480000019073486
WEAV,2026-06-02,6.03000020980835
WEAV,2026-06-03,5.679999828338623
WEAV,2026-06-04,5.769999980926514
WEAV,2026-06-05,5.690000057220459
WEAV,2026-06-08,5.670000076293945
WEAV,2026-06-09,5.579999923706055
WEAV,2026-06-10,5.579999923706055
WEAV,2026-06-11,5.460000038146973
WEAV,2026-06-12,5.519999980926514
WEAV,2026-06-15,5.440000057220459
WEAV,2026-06-16,5.46999979019165
WEAV,2026-06-17,5.289999961853027
WEAV,2026-06-18,5.199999809265137
WEAV,2026-06-22,5.159999847412109
WEAV,2026-06-23,5.440000057220459
WEAV,2026-06-24,5.429999828338623
WEAV,2026-06-25,5.449999809265137
WEAV,2026-06-26,5.920000076293945
WEAV,2026-06-29,6.130000114440918
WEAV,2026-06-30,5.989999771118164
WEAV,2026-07-01,6.409999847412109
WEAV,2026-07-02,6.579999923706055
WEAV,2026-07-06,6.699999809265137
WEAV,2026-07-07,6.809999942779541
WEAV,2026-07-08,6.75
WEAV,2026-07-09,6.769999980926514
WEAV,2026-07-10,6.929999828338623
WEAV,2026-07-13,7.28000020980835
WEAV,2026-07-14,7.429999828338623
WEAV,2026-07-15,7.349999904632568
WEAV,2026-07-16,7.349999904632568
WEAV,2026-07-17,7.230000019073486
WEAV,2026-07-20,7.150000095367432
WEAV,2026-07-21,6.800000190734863
WEAV,2026-07-22,6.139999866485596
WEAV,2026-07-23,5.960000038146973
WEAV,2026-07-24,6.170000076293945
WEAV,2026-07-27,6.650000095367432
WEAV,2026-07-28,6.889999866485596
WEAV,2026-07-29,6.949999809265137
WEAV,2026-07-30,6.559999942779541
WEAV,2026-07-31,6.539999961853027
WEAV,2026-08-03,6.75
WEAV,2026-08-04,6.869999885559082
WEAV,2026-08-05,6.800000190734863
WEAV,2026-08-06,6.659999847412109
WEAV,2026-08-07,5.289999961853027
WEAV,2026-08-10,5.329999923706055
WEAV,2026-08-11,5.03000020980835
WEAV,2026-08-12,5.010000228881836
WEAV,2026-08-13,5.320000171661377
WEAV,2026-08-14,5.460000038146973
WEAV,2026-08-17,5.53000020980835
WEAV,2026-08-18,7.28000020980835
WEAV,2026-08-19,7.309999942779541
WEAV,2026-08-20,7.289999961853027
WEAV,2026-08-21,7.289999961853027
WEAV,2026-08-24,7.289999961853027
WEAV,2026-08-25,7.289999961853027
WEAV,2026-08-26,7.309999942779541
WEAV,2026-08-27,7.300000190734863
WEAV,2026-08-28,7.289999961853027
WEAV,2026-08-31,7.309999942779541
WEAV,2026-09-01,7.300000190734863
WEAV,2026-09-02,7.309999942779541
WEAV,2026-09-03,7.329999923706055
WEAV,2026-09-04,7.329999923706055
WEAV,2026-09-08,7.309999942779541
WPM,2026-03-18,128.75
WPM,2026-03-19,121.25
WPM,2026-03-20,114.62000274658203
WPM,2026-03-23,119.87999725341797
WPM,2026-03-24,120.58999633789062
WPM,2026-03-25,122.63999938964844
WPM,2026-03-26,118.94999694824219
WPM,2026-03-27,124.69999694824219
WPM,2026-03-30,123.69999694824219
WPM,2026-03-31,131.00999450683594
WPM,2026-04-01,136.8000030517578
WPM,2026-04-02,135.55999755859375
WPM,2026-04-06,134.08999633789062
WPM,2026-04-07,135.97000122070312
WPM,2026-04-08,140.13999938964844
WPM,2026-04-09,140.88999938964844
WPM,2026-04-10,144.83999633789062
WPM,2026-04-13,144.8300018310547
WPM,2026-04-14,147.69000244140625
WPM,2026-04-15,147.61000061035156
WPM,2026-04-16,144.72000122070312
WPM,2026-04-17,152.3800048828125
WPM,2026-04-20,149.2100067138672
WPM,2026-04-21,141.80999755859375
WPM,2026-04-22,144.72000122070312
WPM,2026-04-23,141.5500030517578
WPM,2026-04-24,139.44000244140625
WPM,2026-04-27,136.50999450683594
WPM,2026-04-28,129.42999267578125
WPM,2026-04-29,124.88999938964844
WPM,2026-04-30,126.45999908447266
WPM,2026-05-01,125.83999633789062
WPM,2026-05-04,124.13999938964844
WPM,2026-05-05,125.23999786376953
WPM,2026-05-06,134.57000732421875
WPM,2026-05-07,131.55999755859375
WPM,2026-05-08,138.85000610351562
WPM,2026-05-11,143.8000030517578
WPM,2026-05-12,142.72999572753906
WPM,2026-05-13,142.22000122070312
WPM,2026-05-14,139.25999450683594
WPM,2026-05-15,130.41000366210938
WPM,2026-05-18,129.49000549316406
WPM,2026-05-19,124.13999938964844
WPM,2026-05-20,127.16000366210938
WPM,2026-05-21,127.23999786376953
WPM,2026-05-22,126.52999877929688
WPM,2026-05-26,130.27000427246094
WPM,2026-05-27,127.0999984741211
WPM,2026-05-28,130.07000732421875
WPM,2026-05-29,132.60000610351562
WPM,2026-06-01,128.82000732421875
WPM,2026-06-02,130.30999755859375
WPM,2026-06-03,124.94999694824219
WPM,2026-06-04,128.42999267578125
WPM,2026-06-05,116.2300033569336
WPM,2026-06-08,114.87000274658203
WPM,2026-06-09,112.58000183105469
WPM,2026-06-10,107.5199966430664
WPM,2026-06-11,112.66000366210938
WPM,2026-06-12,116.0999984741211
WPM,2026-06-15,123.94000244140625
WPM,2026-06-16,128.24000549316406
WPM,2026-06-17,125.8499984741211
WPM,2026-06-18,122.56999969482422
WPM,2026-06-22,121.72000122070312
WPM,2026-06-23,116.45999908447266
WPM,2026-06-24,112.79000091552734
WPM,2026-06-25,113.08000183105469
WPM,2026-06-26,113.31999969482422
WPM,2026-06-29,110.93000030517578
WPM,2026-06-30,112.31999969482422
WPM,2026-07-01,111.44000244140625
WPM,2026-07-02,115.7300033569336
WPM,2026-07-06,115.23999786376953
WPM,2026-07-07,111.88999938964844
WPM,2026-07-08,107.5999984741211
WPM,2026-07-09,110.6500015258789
WPM,2026-07-10,110.05000305175781
WPM,2026-07-13,107.83000183105469
WPM,2026-07-14,108.48999786376953
WPM,2026-07-15,108.52999877929688
WPM,2026-07-16,104.25
WPM,2026-07-17,104.18000030517578
WPM,2026-07-20,103.44999694824219
WPM,2026-07-21,109.95999908447266
WPM,2026-07-22,111.36000061035156
WPM,2026-07-23,110.02999877929688
WPM,2026-07-24,111.4800033569336
WPM,2026-07-27,112.01000213623047
WPM,2026-07-28,109.58000183105469
WPM,2026-07-29,109.45999908447266
WPM,2026-07-30,113.37999725341797
WPM,2026-07-31,109.02999877929688
WPM,2026-08-03,111.86000061035156
WPM,2026-08-04,115.41000366210938
WPM,2026-08-05,122.81999969482422
WPM,2026-08-06,125.30000305175781
WPM,2026-08-07,134.1999969482422
WPM,2026-08-10,133.38999938964844
WPM,2026-08-11,134.41000366210938
WPM,2026-08-12,134.8800048828125
WPM,2026-08-13,131.86000061035156
WPM,2026-08-14,134.2100067138672
WPM,2026-08-17,136.61000061035156
WPM,2026-08-18,132.6999969482422
WPM,2026-08-19,147.42999267578125
WPM,2026-08-20,150.25
WPM,2026-08-21,157.77999877929688
WPM,2026-08-24,160.19000244140625
WPM,2026-08-25,163.72000122070312
WPM,2026-08-26,156.02000427246094
WPM,2026-08-27,157.99000549316406
WPM,2026-08-28,153.3300018310547
WPM,2026-08-31,150.8300018310547
WPM,2026-09-01,144.92999267578125
WPM,2026-09-02,150.91000366210938
WPM,2026-09-03,156.6300048828125
WPM,2026-09-04,154.97999572753906
WPM,2026-09-08,155.11000061035156
