date,damage,thrust,dd
2009-01-02,3,2,-0.13584462196619795
2009-01-05,3,4,-0.1317915142542705
2009-01-06,4,4,-0.13852577277513412
2009-01-07,4,2,-0.1118734362539594
2009-01-08,4,2,-0.11488025239288568
2009-01-09,4,2,-0.0956140924548109
2009-01-12,3,0,-0.07473632975507671
2009-01-13,3,2,-0.07636014292668414
2009-01-14,2,2,-0.04438539867412128
2009-01-15,3,2,-0.06467633151897922
2009-01-16,3,2,-0.07257800376584012
2009-01-20,2,2,-0.03263700506430667
2009-01-21,3,2,-0.0835356603555939
2009-01-22,2,2,-0.101715991432213
2009-01-23,3,2,-0.10652081713670836
2009-01-26,3,2,-0.11145509570992684
2009-01-27,3,2,-0.12105804853063773
2009-01-28,4,2,-0.1590225213986839
2009-01-29,3,2,-0.17076461275384436
2009-01-30,3,0,-0.1568629668075705
2009-02-02,3,2,-0.15641353092858779
2009-02-03,3,2,-0.18599661322617866
2009-02-04,3,2,-0.17985412228417275
2009-02-05,3,2,-0.2001772786855862
2009-02-06,4,4,-0.22112589418333395
2009-02-09,4,2,-0.222280957472202
2009-02-10,3,2,-0.18210497211926424
2009-02-11,3,2,-0.18855993808490135
2009-02-12,3,2,-0.18996871691560058
2009-02-13,3,2,-0.18178848710340423
2009-02-17,2,2,-0.14273218197923376
2009-02-18,2,0,-0.14191668912332933
2009-02-19,2,0,-0.13147350607691355
2009-02-20,1,0,-0.12144660733536305
2009-02-23,1,0,-0.0898658553498114
2009-02-24,2,2,-0.12495794231461821
2009-02-25,1,2,-0.11553143194743876
2009-02-26,1,0,-0.10135088407860737
2009-02-27,1,0,-0.07966370841555115
2009-03-02,1,0,-0.03465936727475094
2009-03-03,1,0,-0.02843477561935126
2009-03-04,1,2,-0.050976988888890795
2009-03-05,1,2,-0.008819806027041799
2009-03-06,1,0,-0.010023669901070842
2009-03-09,1,0,0.06366302222212594
2009-03-10,1,2,0.002445816877900686
2009-03-11,1,2,0.04072863130673077
2009-03-12,1,2,0.004195892659293543
2009-03-13,1,2,-0.0035159251701146754
2009-03-16,1,2,0.01943249425546245
2009-03-17,2,2,-0.012311747738086298
2009-03-18,3,4,-0.032491972495568455
2009-03-19,3,4,-0.01976940007446848
2009-03-20,2,2,0.024709256268325985
2009-03-23,4,2,-0.04300533994584621
2009-03-24,3,2,-0.023061040456650694
2009-03-25,3,2,-0.03237575002193538
2009-03-26,4,4,-0.054426862680349686
2009-03-27,4,2,-0.03481870365409789
2009-03-30,3,0,0.013129614663131228
2009-03-31,3,2,0.01655660953977356
2009-04-01,3,4,0.005511134054520639
2009-04-02,4,4,-0.022567675375308682
2009-04-03,4,2,-0.031988145052856076
2009-04-06,4,2,-0.02385454246862917
2009-04-07,4,0,0.011783441230339475
2009-04-08,4,2,0.0087619876620455
2009-04-09,4,4,-0.028217501376490373
2009-04-13,4,2,-0.030673164346648796
2009-04-14,4,2,-0.01082588871249257
2009-04-15,4,2,-0.023085208748816588
2009-04-16,4,2,-0.03803302162117361
2009-04-17,4,4,-0.04278974468970964
2009-04-20,4,2,0.01340714442525437
2009-04-21,4,2,-0.007681664273476052
2009-04-22,4,4,0.009922346320087705
2009-04-23,4,2,0.0038031626201644464
2009-04-24,4,2,-0.01277952457640441
2009-04-27,4,2,-0.0027405354973477625
2009-04-28,4,2,0.02063944170487897
2009-04-29,4,2,-0.0009500676204463598
2009-04-30,4,4,0.005396388659423046
2009-05-01,4,4,0.0061081060628402906
2009-05-04,4,4,-0.026850652102834882
2009-05-05,4,2,-0.02314669527850044
2009-05-06,4,2,-0.03985734369337257
2009-05-07,4,2,-0.027011548914962824
2009-05-08,4,2,-0.04987998295379603
2009-05-11,4,2,-0.028991229636487592
2009-05-12,4,2,-0.02803982098055935
2009-05-13,4,0,-0.0011765522303498477
2009-05-14,4,2,-0.01141008247711417
2009-05-15,4,2,0.004666540293586596
2009-05-18,4,2,-0.024964023066834873
2009-05-19,4,4,-0.023267599098368175
2009-05-20,4,2,-0.01822968248773915
2009-05-21,4,2,-0.00149721056843366
2009-05-22,4,2,0.006809445352135013
2009-05-26,4,2,-0.018993154941515655
2009-05-27,4,2,-2.241678196845953e-05
2009-05-28,4,2,-0.015206862149043432
2009-05-29,4,4,-0.02839614879684771
2009-06-01,4,4,-0.052849297727043054
2009-06-02,4,4,-0.05472406454838996
2009-06-03,4,2,-0.04155579906034057
2009-06-04,4,2,-0.05243728412147575
2009-06-05,4,2,-0.06282376780035104
2009-06-08,4,2,-0.0634410377159228
2009-06-09,4,2,-0.06671052025698454
2009-06-10,4,2,-0.06390887288609348
2009-06-11,4,2,-0.06959541189573504
2009-06-12,4,2,-0.07089336989899508
2009-06-15,4,2,-0.04827216822688285
2009-06-16,4,0,-0.036009920145718244
2009-06-17,4,2,-0.034676259542460564
2009-06-18,4,2,-0.042727866157439065
2009-06-19,4,2,-0.04569974542569244
2009-06-22,4,2,-0.015575980344415652
2009-06-23,4,2,-0.01784154970250218
2009-06-24,4,2,-0.024208046595213917
2009-06-25,4,2,-0.044693895688553975
2009-06-26,4,4,-0.043280028811196636
2009-06-29,4,2,-0.05187491409803335
2009-06-30,4,2,-0.043717097551682405
2009-07-01,4,2,-0.04787022125235463
2009-07-02,4,2,-0.019287809684042534
2009-07-06,4,0,-0.021797630473245233
2009-07-07,4,0,-0.0021565943848461666
2009-07-08,3,0,-0.0004888724782559084
2009-07-09,3,2,-0.00402182877421664
2009-07-10,3,2,0.024933721734452963
2009-07-13,4,2,0.005316063622877065
2009-07-14,4,2,0.02962991811422233
2009-07-15,4,2,0.008255792198287093
2009-07-16,4,2,-0.00038266189946167817
2009-07-17,4,2,0.01143154888894049
2009-07-20,4,2,0.003091062658430843
2009-07-21,4,2,-0.0005342765996504406
2009-07-22,4,2,0.022094832588820834
2009-07-23,4,2,-0.0011676383440755167
2009-07-24,4,2,-0.004197031749051283
2009-07-27,4,2,-0.007157515235641232
2009-07-28,4,2,-0.004562963930304975
2009-07-29,4,2,0.004696668143385985
2009-07-30,4,2,-0.007114283791487153
2009-07-31,4,2,-0.007848260373158222
2009-08-03,4,2,-0.022839955220309793
2009-08-04,4,4,-0.025774417855172427
2009-08-05,4,2,-0.022927627758579483
2009-08-06,4,2,-0.017400846796361336
2009-08-07,4,2,-0.03043108284612961
2009-08-10,4,2,-0.02717703880517286
2009-08-11,4,2,-0.014703067809271664
2009-08-12,4,2,-0.025929367527811276
2009-08-13,4,2,-0.03258519115305114
2009-08-14,4,2,-0.02426081898553223
2009-08-17,4,2,0.01014565506778764
2009-08-18,4,2,0.005133041496222512
2009-08-19,4,2,-0.0017160969180388674
2009-08-20,4,2,-0.012527666277889815
2009-08-21,4,2,-0.030580925159084726
2009-08-24,4,2,-0.03005153027405083
2009-08-25,4,2,-0.03234435797665369
2009-08-26,4,2,-0.03245729610908299
2009-08-27,4,2,-0.035141303570489835
2009-08-28,4,2,-0.03321902551846334
2009-08-31,4,2,-0.025347333229756353
2009-09-01,4,2,-0.003296439120451411
2009-09-02,4,2,0.008534797923473336
2009-09-03,4,2,0.013117533499250822
2009-09-04,4,2,0.008667784643665577
2009-09-08,4,2,-0.00017559534261624155
2009-09-09,4,4,-0.007896527108629758
2009-09-10,4,4,-0.018129803901166697
2009-09-11,4,2,-0.01680206751451996
2009-09-14,4,2,-0.022995412038794405
2009-09-15,4,2,-0.02604908070083478
2009-09-16,4,4,-0.04074820205676988
2009-09-17,4,2,-0.037804230603813216
2009-09-18,4,2,-0.040335192287871524
2009-09-21,4,2,-0.0370541505980202
2009-09-22,4,2,-0.04334403799778086
2009-09-23,4,2,-0.0336139530232904
2009-09-24,4,2,-0.02433436841817893
2009-10-01,4,0,-0.004505524841904807
2009-10-02,4,2,0.01070998223496522
2009-10-05,4,2,-0.0041039729461598284
2009-10-06,4,2,-0.017568672075605085
2009-10-07,4,2,-0.02022543499049767
2009-10-08,4,2,-0.027489994743602808
2009-10-09,4,2,-0.03294482370330265
2009-10-12,4,2,-0.03716816006264867
2009-10-13,4,2,-0.03447665559697399
2009-10-14,4,2,-0.05112550789038195
2009-10-15,4,2,-0.05505409094046321
2009-10-16,4,2,-0.04733939188184433
2009-10-19,4,2,-0.056215983871166775
2009-10-20,4,2,-0.050290647847764935
2009-10-21,4,2,-0.041806992775230256
2009-10-22,4,2,-0.051898226752040255
2009-10-23,4,2,-0.040209369360283076
2009-10-26,4,0,-0.028829852545416923
2009-10-27,4,0,-0.0255969869556808
2009-10-28,2,0,-0.006176748651393726
2009-10-29,4,2,-0.02806468784310845
2009-10-30,2,2,0.006456406503505763
2009-11-02,2,2,0.0024260023061419833
2009-11-03,2,2,0.0010426203926459099
2009-11-04,2,2,0.01923555172748448
2009-11-05,3,2,0.0025032522365671106
2009-11-06,3,2,0.01677727540170859
2009-11-09,4,2,-0.005342670303269514
2009-11-10,3,2,-0.0052790180141966125
2009-11-11,4,2,-0.010259368991689555
2009-11-12,3,2,0.003807820431204867
2009-11-16,4,2,-0.016154370464729895
2009-11-17,4,2,-0.01705809345274889
2009-11-18,4,2,-0.016597624017734347
2009-11-19,3,2,-0.00321492323752004
2009-11-20,3,2,0.0005130536760178384
2009-11-23,3,2,-0.01292671477650642
2009-11-24,3,2,-0.012400020535501821
2009-11-25,3,2,-0.016828343727787742
2009-11-30,3,2,-0.0033679832243707075
2009-12-01,3,2,-0.015258954393550406
2009-12-02,3,2,-0.015596308265508507
2009-12-03,3,2,-0.007255166030467608
2009-12-07,3,2,-0.010251582681849114
2009-12-08,3,2,0.0036723720907769763
2009-12-09,3,2,0.00011862301072551595
2009-12-10,3,2,-0.005687866530697083
2009-12-11,3,2,-0.00933657306593294
2009-12-14,3,2,-0.01618334772503227
2009-12-15,3,2,-0.010695709189004199
2009-12-16,3,2,-0.011810614167124256
2009-12-17,3,2,0.005829880031232637
2009-12-18,3,2,-0.009714514882132819
2009-12-21,4,2,-0.020008112818582058
2009-12-22,4,2,-0.02348796023941946
2009-12-23,4,2,-0.025727480107840317
2009-12-24,4,2,-0.0372398550344577
2009-12-28,4,2,-0.0478019053177402
2009-12-29,4,2,-0.04646595482466076
2009-12-30,4,2,-0.04665226716320425
2009-12-31,4,2,-0.03697424569226215
2010-01-04,4,2,-0.06167751302759239
2010-01-05,4,2,-0.06459194111685329
2010-01-06,4,2,-0.07070371579432921
2010-01-07,4,2,-0.07440719944264362
2010-01-08,4,2,-0.07706684111476769
2010-01-11,4,2,-0.07867616852169956
2010-01-12,4,2,-0.06995122645095342
2010-01-13,4,2,-0.07763080380816567
2010-01-14,4,2,-0.07986344654823929
2010-01-19,4,2,-0.08127938918465272
2010-01-20,4,2,-0.07143865421035511
2010-01-21,4,2,-0.05350744418121445
2010-01-22,4,0,-0.03207666448486968
2010-01-25,4,2,-0.03650690019234659
2010-01-26,4,2,-0.03244005263406724
2010-01-27,4,2,-0.03713896106207293
2010-01-28,4,2,-0.02562403835006477
2010-01-29,3,2,-0.015951656122902613
2010-02-01,4,2,-0.029792738564936583
2010-02-02,3,2,-0.04221799507147117
2010-02-03,4,2,-0.03694593720846051
2010-02-04,3,2,-0.0059918495780857395
2010-02-05,3,2,-0.00886329049344714
2010-02-08,2,2,0.01077844574227882
2010-02-09,3,2,-0.0022325735201887964
2010-02-10,3,2,0.006909275883156374
2010-02-11,3,2,-0.002744592819371894
2010-02-12,4,2,0.01774968679693889
2010-02-16,4,2,-0.0002466224597023059
2010-02-17,4,2,-0.004465656643484417
2010-02-18,4,2,-0.010978111058561058
2010-02-19,4,2,-0.013136009612691457
2010-02-22,4,2,-0.012102809596931441
2010-02-23,4,2,0.007619190577679458
2010-02-24,4,2,-0.002081040179913507
2010-02-25,4,2,0.0014053791778985136
2010-02-26,4,2,0.01015850827289455
2010-03-01,4,2,0.0023304422719907514
2010-03-02,4,2,0.00042920160206150193
2010-03-03,4,2,0.0037361180334851696
2010-03-04,4,2,0.013829425275861285
2010-03-05,4,2,-0.00017559601339156572
2010-03-08,4,2,0.0017127370855292146
2010-03-09,4,2,0.00452455995494172
2010-03-10,4,2,0.003823294959731216
2010-03-11,4,2,-0.00021734594703937127
2010-03-12,4,2,0.000452194832708086
2010-03-15,4,2,0.0077791163013856135
2010-03-16,4,2,0.00037954176201715484
2010-03-17,4,2,-0.005410635078408221
2010-03-18,4,2,-0.005086446449439896
2010-03-19,4,2,0.005026257377339638
2010-03-22,4,2,-6.868882663146891e-05
2010-03-23,4,2,-0.007188110035751816
2010-03-24,4,2,-0.001704167338318907
2010-03-25,4,2,0.000737722599547963
2010-03-26,4,2,0.0024345211032463787
2010-03-29,4,2,-0.003230354994652962
2010-03-30,4,2,-0.00327287474868454
2010-03-31,4,2,0.0074138011482498545
2010-04-01,4,2,0.0036923653985936333
2010-04-05,4,2,-0.011655297533551212
2010-04-06,4,2,-0.01981600370775871
2010-04-07,4,2,-0.045921543405704535
2010-04-08,4,2,-0.06368627174998731
2010-04-09,4,2,-0.0699029535032678
2010-04-12,4,2,-0.07154317413016942
2010-04-13,4,2,-0.07217910333328503
2010-04-14,4,2,-0.08241028994282418
2010-04-15,4,2,-0.08318274398723113
2010-04-16,4,2,-0.06815531835220179
2010-04-19,4,2,-0.07234953339849082
2010-04-20,4,2,-0.07976509982620328
2010-04-21,4,2,-0.11140685449830245
2010-04-22,4,2,-0.11341397829100353
2010-04-23,4,2,-0.11968492045393697
2010-04-26,4,2,-0.11588637213753417
2010-04-27,4,2,-0.09779423472447835
2010-04-28,4,2,-0.10358752660579751
2010-04-29,4,2,-0.11504174311360515
2010-04-30,4,2,-0.100059826995471
2010-05-03,4,2,-0.11171465199107233
2010-05-04,4,2,-0.09002217673131352
2010-05-05,4,0,-0.08662199958600358
2010-05-06,4,0,-0.06885613795140666
2010-05-07,3,0,-0.054380341633802454
2010-05-10,4,2,-0.09421159373793486
2010-05-11,4,2,-0.09112387613653739
2010-05-12,4,2,-0.1034421541017434
2010-05-13,4,2,-0.0924194568343305
2010-05-14,4,2,-0.07503000755307876
2010-05-17,4,2,-0.07605500304279278
2010-05-18,3,2,-0.06274988852698127
2010-05-19,3,2,-0.05791675287837639
2010-05-20,1,0,-0.019709026578109023
2010-05-21,1,2,-0.03421928371885474
2010-05-24,1,2,-0.021589953135415674
2010-05-25,1,2,-0.021936126505861187
2010-05-26,1,2,-0.016367789941437838
2010-05-27,2,2,-0.04767654080202133
2010-05-28,2,2,-0.044216633254699156
2010-06-01,1,2,-0.037358389722064844
2010-06-02,1,2,-0.0646497655182654
2010-06-03,1,2,-0.07276728250285602
2010-06-04,1,2,-0.03972277402055624
2010-06-07,1,0,-0.026549977049427964
2010-06-08,1,2,-0.03711862797566501
2010-06-09,1,2,-0.0313633037672989
2010-06-10,1,2,-0.059125492944094415
2010-06-11,1,2,-0.06322825214341543
2010-06-14,1,2,-0.061534637897732836
2010-06-15,1,2,-0.08307700205473667
2010-06-16,1,2,-0.0825669691382599
2010-06-17,1,2,-0.08374253494629535
2010-06-18,1,2,-0.08494777840575307
2010-06-21,1,2,-0.08140490303348902
2010-06-22,1,2,-0.06640132712492675
2010-06-23,1,2,-0.06360574657343754
2010-06-24,1,2,-0.04760212641041017
2010-06-25,1,2,-0.05031761226679887
2010-06-28,1,2,-0.048382080085862866
2010-06-29,1,2,-0.01792091479345803
2010-06-30,1,2,-0.007887712504749178
2010-07-01,1,2,-0.004662369010297374
2010-07-02,1,2,0.00535903441522545
2010-07-06,1,2,0.03133081639370272
2010-07-07,1,2,0.00434793521144794
2010-07-08,1,2,-0.005017514708888116
2010-07-09,1,2,-0.012133990619940915
2010-07-12,1,2,-0.012857469401796107
2010-07-13,1,2,-0.02780868213339427
2010-07-14,1,2,-0.027657841108748027
2010-07-15,1,2,-0.028819473359129044
2010-07-16,1,2,0.0044229968784308404
2010-07-19,1,2,-0.00154962350495913
2010-07-20,1,2,-0.012819816608358736
2010-07-21,1,2,0.005647060327335529
2010-07-22,1,2,-0.020097562935683322
2010-07-23,1,2,-0.03201353793001671
2010-07-26,2,2,-0.056627307464001575
2010-07-27,2,2,-0.055636332511633135
2010-07-28,2,2,-0.053257785178631556
2010-07-29,2,2,-0.049304201564452144
2010-07-30,2,2,-0.04936456616557927
2010-08-02,3,2,-0.06984884059440244
2010-08-03,3,2,-0.06536600395171133
2010-08-04,4,2,-0.07098756274128659
2010-08-05,3,2,-0.0698075908015886
2010-08-06,3,2,-0.06634931258995647
2010-08-09,4,2,-0.0714406632163116
2010-08-10,3,2,-0.06586630870004373
2010-08-11,1,2,-0.03878032542074805
2010-08-12,1,2,-0.03358220682751578
2010-08-13,1,2,-0.02967804428712073
2010-08-16,1,2,-0.029794913778469656
2010-08-17,2,2,-0.04148137984788525
2010-08-18,3,2,-0.04290054654733788
2010-08-19,2,2,-0.02641245972194939
2010-08-20,2,2,-0.022833069302690245
2010-08-23,1,2,-0.018868999142593768
2010-08-24,1,2,-0.004420721605947531
2010-08-25,1,2,-0.007684786454732473
2010-08-26,1,2,0.0016234156048857695
2010-08-27,2,2,-0.01471920868888299
2010-08-30,1,2,0.000390794428747121
2010-08-31,1,2,0.029504621333996228
2010-09-01,2,2,0.009080835857702363
2010-09-02,3,2,0.0015961749136264025
2010-09-03,4,2,-0.011471189788493708
2010-09-07,3,2,0.006438699367075529
2010-09-08,3,2,0.0048322900955937165
2010-09-09,3,2,0.004863332840635781
2010-09-10,3,2,0.010409559055052364
2010-09-13,4,2,-0.0007131195389205036
2010-09-14,4,2,0.0031755050140727104
2010-09-15,4,2,-0.00036434366656679096
2010-09-16,4,2,0.00015108732402313585
2010-09-17,4,2,-0.0006752101464151394
2010-09-20,4,2,-0.01564701936101387
2010-09-21,4,2,-0.013116630277695052
2010-09-22,4,2,-0.008331340584428193
2010-09-23,4,2,0.010846148945907297
2010-09-24,4,2,-0.010133471060547405
2010-09-27,4,2,-0.004491493949441927
2010-09-28,4,2,-0.009296786903323806
2010-09-29,4,2,-0.006726434445896157
2010-09-30,4,2,-0.003653980067838236
2010-10-01,4,2,-0.008034932488803492
2010-10-04,4,2,0.018495579496593972
2010-10-05,4,2,-0.002317416675640782
2010-10-06,4,2,-0.0016465185803191673
2010-10-07,4,2,0.00612227817348443
2010-10-08,4,2,0.00014583690635494584
2010-10-11,4,2,0.0004977844298017509
2010-10-12,4,2,-0.0033083384362494472
2010-10-13,4,2,-0.010355616182580185
2010-10-14,4,2,-0.006738768441943543
2010-10-15,4,2,-0.008748516400237993
2010-10-18,4,2,-0.015877250249970554
2010-10-19,4,2,0.01052407519882892
2010-10-20,4,2,0.0001442252549819223
2010-10-21,4,2,-0.0016267974255044226
2010-10-22,4,2,-0.0040064834249933234
2010-10-25,4,2,-0.006140272032233551
2010-10-26,4,2,-0.006157053353407216
2010-10-27,4,2,-0.0034758218286442544
2010-10-28,4,2,-0.0045955019867953695
2010-10-29,4,2,-0.004158041262872558
2010-11-01,4,2,-0.0050997475789855695
2010-11-02,4,2,-0.012760023420580913
2010-11-03,4,2,-0.01637783879006549
2010-11-04,4,2,-0.03498607007311061
2010-11-05,4,2,-0.038756789747388054
2010-11-08,4,2,-0.0367137005352034
2010-11-09,4,2,-0.028894064519802587
2010-11-10,4,2,-0.033125186805015194
2010-11-11,4,2,-0.029006107840809925
2010-11-12,4,2,-0.01740312021830781
2010-11-15,4,2,-0.016205413633636034
2010-11-16,4,2,0.00021216287934855416
2010-11-17,4,2,0.0016630745761085919
2010-11-18,4,2,-0.013487113093938685
2010-11-19,4,2,-0.015986873673967117
2010-11-22,4,2,-0.014434246214473978
2010-11-23,4,2,-0.0001523901684562512
2010-11-24,4,2,-0.01485369643297163
2010-11-26,4,2,-0.00744070573758171
2010-11-29,4,2,-0.006070216944686235
2010-11-30,4,2,0.02161695515261708
2010-12-01,4,2,0.012818562518186694
2010-12-02,4,2,0.0013016182837746193
2010-12-03,4,2,-0.001298238661417761
2010-12-06,4,2,0.0005150801927265025
2010-12-07,4,2,0.003701760406026544
2010-12-08,4,2,0.0038427480627742927
2010-12-09,4,2,0.001808581077656024
2010-12-10,4,2,-0.0041680456655542875
2010-12-13,4,2,-0.004216162257101308
2010-12-14,4,2,-0.005122452280258649
2010-12-15,4,2,0.006185094896691501
2010-12-16,4,2,0.0008368043854836138
2010-12-17,4,2,0.0025483530061645165
2010-12-20,4,2,0.006030102155631267
2010-12-21,4,2,0.0017296700044162616
2010-12-22,4,2,-0.0016443283858672553
2010-12-23,4,2,0.0006126972471360848
2010-12-27,4,2,7.95009167358085e-05
2010-12-28,4,2,-0.0006912897874761237
2010-12-29,4,2,-0.0016987208867185188
2010-12-30,4,2,-0.0001907894500615681
2010-12-31,4,2,0.009629134895924762
2011-01-03,4,2,-0.001666833186824368
2011-01-04,4,2,-0.0003542364896643724
2011-01-05,4,2,-0.005334695025044023
2011-01-06,4,2,-0.0032185702119683635
2011-01-07,4,2,-0.001376327172630698
2011-01-10,4,2,0.0037251273626697223
2011-01-11,4,2,0.0014594072720377493
2011-01-12,4,2,-0.007480788989864262
2011-01-13,4,2,-0.005779930741624528
2011-01-14,4,2,-0.013067972334353528
2011-01-18,4,2,-0.014424528910139123
2011-01-19,4,2,-0.004352906525922129
2011-01-20,4,2,-0.003061912357967156
2011-01-21,4,2,-0.005462274437200487
2011-01-24,4,2,-0.011232995866211404
2011-01-25,4,2,-0.011493430252406345
2011-01-26,4,2,-0.015648287472981748
2011-01-27,4,2,-0.017852526697772375
2011-01-28,4,2,0.007662558220206783
2011-01-31,4,2,0.013925632326442061
2011-02-01,4,2,-0.00272251746839014
2011-02-02,4,2,0.0015873455691650662
2011-02-03,4,2,-0.0007650524203794973
2011-02-04,4,2,-0.0036388196762590086
2011-02-07,4,2,-0.01814947317414639
2011-02-09,4,2,-0.019509735506622605
2011-02-10,4,2,-0.02024405566695131
2011-02-11,4,2,-0.03557162730198027
2011-02-14,4,2,-0.0566229918094181
2011-02-15,4,2,-0.05356134694750225
2011-02-16,4,2,-0.05944679762271998
2011-02-17,4,2,-0.06233077854142366
2011-02-18,4,2,-0.06413206473259525
2011-02-22,4,2,-0.04451737755570573
2011-02-23,4,2,-0.03864159292324598
2011-02-24,4,2,-0.037684688479566186
2011-02-25,4,2,-0.047731611788144
2011-02-28,4,2,-0.05299797122782013
2011-03-01,4,2,-0.03785410488573748
2011-03-02,4,2,-0.03940565775454952
2011-03-03,4,2,-0.05566614382830304
2011-03-04,4,2,-0.04864702595736936
2011-03-07,4,2,-0.04064482135478076
2011-03-08,4,2,-0.04912918857713211
2011-03-09,4,2,-0.04783261898623248
2011-03-10,3,2,-0.029518713392030826
2011-03-11,3,2,-0.03634190768037393
2011-03-14,3,2,-0.03047694699834569
2011-03-15,2,2,-0.019494949042855536
2011-03-16,2,2,0.013398228752857344
2011-03-17,2,2,0.004310201897316901
2011-03-18,3,2,0.01138207099566313
2011-03-21,3,2,-0.003550567117658776
2011-03-22,3,2,0.00291397966743423
2011-03-23,4,2,0.005857218549824905
2011-03-24,4,2,-0.003451292253933036
2011-03-25,4,2,-0.00659159221938832
2011-03-28,4,2,-0.0038543470669545332
2011-03-29,4,2,-0.010837876214791375
2011-03-30,4,2,-0.01740622690377247
2011-03-31,4,2,-0.015605275255522022
2011-04-01,4,2,-0.02046668730473733
2011-04-04,4,2,-0.020804715066237156
2011-04-05,4,2,-0.020628374067558575
2011-04-06,4,2,-0.022762345961115593
2011-04-07,4,2,-0.02127467728732968
2011-04-08,4,2,-0.017339669270407976
2011-04-11,4,2,-0.014587036874551651
2011-04-12,3,2,-0.006863714689726019
2011-04-13,3,2,-0.0070526086154198975
2011-04-14,3,2,-0.007135688116912342
2011-04-15,4,2,-0.011017851653977395
2011-04-18,3,2,0.00573117089721964
2011-04-19,3,2,0.012463611260242757
2011-04-20,4,2,-0.0010373168901707253
2011-04-21,4,2,-0.014962097304107913
2011-04-25,4,2,-0.014207055385227485
2011-04-26,4,2,-0.022980286483415657
2011-04-27,4,2,-0.029048584372144193
2011-04-28,4,2,-0.03248849803482301
2011-04-29,4,2,-0.03470930585953802
2011-05-02,4,2,-0.03428536377621105
2011-05-03,4,2,-0.032197707440663415
2011-05-04,3,2,-0.03500275657557661
2011-05-05,3,2,-0.03664888962277979
2011-05-06,3,2,-0.0412326606319493
2011-05-09,3,2,-0.049565827966177256
2011-05-10,4,2,-0.05717820568805765
2011-05-11,3,2,-0.052977451354649596
2011-05-12,3,2,-0.057590955799713295
2011-05-13,3,2,-0.049926398474607
2011-05-16,2,2,-0.04817703909772253
2011-05-17,2,2,-0.047826105327048674
2011-05-18,3,2,-0.056135697370382265
2011-05-19,3,2,-0.05818691058440295
2011-05-20,2,2,-0.05088989821416079
2011-05-23,2,2,-0.03943459420240836
2011-05-24,2,2,-0.03863918331932048
2011-05-25,2,2,-0.041689646852400175
2011-05-26,3,2,-0.04546304198175111
2011-05-27,3,2,-0.04934259848642342
2011-05-31,3,2,-0.05930709940708967
2011-06-01,2,2,-0.03737400864015039
2011-06-02,2,2,-0.036193504335042426
2011-06-03,2,2,-0.02671978012021692
2011-06-06,1,2,-0.016133170024975496
2011-06-07,1,2,-0.0151912916953727
2011-06-08,1,2,-0.011050684611066619
2011-06-09,1,2,-0.01829321648928428
2011-06-10,1,2,-0.0043745272222045495
2011-06-13,1,2,-0.00503991282707239
2011-06-14,1,2,-0.01743184580508239
2011-06-15,1,2,0.0017543350239683786
2011-06-16,1,2,0.0006389325944891056
2011-06-17,1,2,-0.0023987800457137
2011-06-20,1,2,-0.007752146729594456
2011-06-21,1,2,-0.020895137050193635
2011-06-22,1,2,-0.01452061412422756
2011-06-23,1,2,-0.011725787945559007
2011-06-24,1,2,0.009184457300265958
2011-06-27,1,2,0.012944354874931063
2011-06-28,1,2,0.0030848248701955683
2011-06-29,1,2,-0.011572501730343188
2011-06-30,2,2,-0.025517985876839178
2011-07-01,2,2,-0.06391125598736058
2011-07-05,2,2,-0.06265880030252069
2011-07-06,3,2,-0.10390378538113132
2011-07-07,3,2,-0.1136843744187267
2011-07-08,3,2,-0.1669445451250453
2011-07-11,2,2,-0.15159647346877148
2011-07-12,2,2,-0.14781831517434774
2011-07-13,3,2,-0.15045686046621498
2011-07-14,2,2,-0.14471264135192352
2011-07-15,3,2,-0.14943702913209733
2011-07-18,2,2,-0.14246536709180824
2011-07-19,3,2,-0.15622622732774827
2011-07-20,3,2,-0.15565981581730548
2011-07-21,3,2,-0.1669445451250453
2011-07-22,3,2,-0.16770014967684976
2011-07-25,3,2,-0.16297681674539966
2011-07-26,2,2,-0.15952669776117356
2011-07-27,1,2,-0.14210397169825528
2011-07-28,1,2,-0.1393205631600074
2011-07-29,1,2,-0.1337326774703822
2011-08-01,1,2,-0.1301381479276673
2011-08-02,1,2,-0.10732433527385588
2011-08-03,1,2,-0.11177936803036992
2011-08-04,1,2,-0.06717107248692478
2011-08-05,1,0,-0.06663446415643826
2011-08-08,1,0,0.0011613178438611982
2011-08-09,1,2,-0.04415240397919251
2011-08-10,1,2,0.002471554576460422
2011-08-11,1,2,-0.04187984781185028
2011-08-12,1,2,-0.04689477231202177
2011-08-15,1,2,-0.0672151380201561
2011-08-16,1,2,-0.05804183566009524
2011-08-17,1,2,-0.05893338958218963
2011-08-18,1,2,-0.015008981502439234
2011-08-19,1,2,0.00025804116011829414
2011-08-22,1,2,0.027059525220302083
2011-08-23,1,2,-0.028210020803466018
2011-08-24,1,2,-0.040794767313309666
2011-08-25,1,2,-0.025628162927488818
2011-08-26,1,2,-0.04014275006312018
2011-08-29,1,2,-0.06654097281593063
2011-08-30,1,2,-0.06872669453166447
2011-08-31,1,2,-0.07328795459896587
2011-09-01,1,2,-0.08733669287999557
2011-09-02,1,2,-0.06366431177929621
2011-09-06,1,2,-0.0566492828248607
2011-09-07,1,2,-0.08292037097105176
2011-09-08,1,2,-0.07308376942494377
2011-09-09,1,2,-0.04765081563525464
2011-09-12,1,2,-0.05423872078187508
2011-09-13,1,2,-0.06278616978438412
2011-09-14,1,2,-0.07525159773896561
2011-09-15,1,2,-0.09087676573183179
2011-09-16,1,2,-0.09603541776714752
2011-09-19,1,2,-0.08708650377310001
2011-09-20,1,2,-0.0855676266138452
2011-09-21,1,2,-0.05787825150987147
2011-09-22,1,0,-0.02685123105606224
2011-09-23,1,2,-0.032734151231492925
2011-09-26,1,2,-0.05479167064663104
2011-09-27,1,2,-0.06478757856839223
2011-09-28,1,2,-0.045028126671618485
2011-09-29,1,2,-0.052714617940653685
2011-09-30,1,2,-0.0284510281118181
2011-10-03,1,0,0.022488442948566112
2011-10-04,1,2,0.017865633700204997
2011-10-05,1,2,0.009990936730611688
2011-10-06,1,2,-0.008163308930517088
2011-10-07,1,2,0.034124984892549115
2011-10-10,1,2,0.0005440035535435594
2011-10-11,1,2,0.004449826952875879
2011-10-12,1,2,-0.005293033463191099
2011-10-13,1,2,-0.002326278806817128
2011-10-14,2,2,-0.019369883187983272
2011-10-17,1,2,0.0075112999361115484
2011-10-18,2,2,-0.01264913736003248
2011-10-19,1,2,0.0045541787147385104
2011-10-20,1,2,0.0002139311352662432
2011-10-21,2,2,-0.036559676584898004
2011-10-24,4,4,-0.052743129377660236
2011-10-25,3,2,-0.05472520002725367
2011-10-26,4,2,-0.06709336236287233
2011-10-27,4,4,-0.09802343566850935
2011-10-28,4,2,-0.09837437474216237
2011-10-31,4,2,-0.07550466863166128
2011-11-01,4,0,-0.048929625306232905
2011-11-02,4,2,-0.06400353736664
2011-11-03,4,2,-0.08125915115956395
2011-11-04,4,2,-0.07545297989764732
2011-11-07,4,2,-0.08123727446122608
2011-11-08,4,2,-0.09189447297766995
2011-11-09,4,2,-0.05730203648165366
2011-11-10,4,2,-0.0653625154618791
2011-11-11,4,2,-0.0832218488526395
2011-11-14,4,2,-0.07438206647525958
2011-11-15,4,2,-0.07881954351619469
2011-11-16,4,2,-0.06325439043451808
2011-11-17,4,2,-0.047248205953965394
2011-11-18,4,2,-0.04687202675475133
2011-11-21,3,2,-0.028759859415206868
2011-11-22,3,2,-0.02472138492938658
2011-11-23,1,2,-0.002685506857766806
2011-11-25,1,2,0.029240425313361795
2011-11-28,3,2,0.002213653490450218
2011-11-29,3,2,0.008500769482491899
2011-11-30,4,2,-0.03336914308000627
2011-12-01,4,2,-0.03152065906083601
2011-12-02,4,2,-0.03128721251994726
2011-12-05,4,2,-0.04115090708398783
2011-12-06,4,2,-0.04220998224336536
2011-12-07,4,2,-0.04413924849814055
2011-12-08,4,2,-0.02349414718158349
2011-12-09,4,2,-0.039707110594333184
2011-12-12,4,2,-0.025168419658013197
2011-12-13,4,2,-0.01662683071113158
2011-12-14,3,0,-0.005339052821285772
2011-12-15,3,2,-0.008554410375539834
2011-12-16,4,2,-0.011732825699560245
2011-12-19,3,2,0.029825423296426123
2011-12-20,4,2,0.0019495059855065833
2011-12-21,4,2,0.004759949252857609
2011-12-22,4,2,-0.0034768623218202066
2011-12-23,4,2,-0.012399881415256608
2011-12-27,4,2,-0.0124780022540123
2011-12-28,4,2,0.00636980317866942
2011-12-29,4,2,-0.0042913365279230176
2011-12-30,4,2,0.015473984880403524
2012-01-03,4,2,0.00018792399994027598
2012-01-04,4,2,0.0003992873609399705
2012-01-06,4,2,0.0022615979258335805
2012-01-09,4,2,0.006551116552132585
2012-01-10,4,2,-0.0023140907188938797
2012-01-11,4,2,-0.00262287594366295
2012-01-12,4,2,-0.004947922948427275
2012-01-13,4,2,0.003552954600872571
2012-01-17,4,2,0.011107929092462498
2012-01-18,4,2,0.0033408725931047822
2012-01-19,4,2,-0.001589932156951357
2012-01-20,4,2,-0.0022578803783699364
2012-01-23,4,2,-0.0027279375534289274
2012-01-24,4,2,-0.0017038680962816466
2012-01-25,4,2,-0.01029366982709512
2012-01-26,4,2,-0.004566051505201729
2012-01-27,4,2,-0.002977917395991514
2012-01-30,4,2,-0.0004569466961219515
2012-01-31,4,2,0.008899605562620927
2012-02-01,4,2,0.0010951470667548424
2012-02-02,4,2,0.012900384056321323
2012-02-03,4,2,-0.001680429566955799
2012-02-06,4,2,-0.0012570882606898204
2012-02-07,4,2,-0.003273845825939481
2012-02-08,4,2,-0.005422343255261475
2012-02-09,4,2,-0.006886302644093845
2012-02-10,4,2,0.00043940729747049545
2012-02-13,4,2,-0.006317671600278185
2012-02-14,4,2,-0.0053832058728249255
2012-02-15,4,2,9.678527482481769e-05
2012-02-16,4,2,-0.010809735566465029
2012-02-17,4,2,-0.013127829517120881
2012-02-21,4,2,-0.013837790154584195
2012-02-22,4,2,-0.010532864242973172
2012-02-23,4,2,-0.014741889136309472
2012-02-24,4,2,-0.016386724444505618
2012-02-27,4,2,-0.01771728447438281
2012-02-28,4,2,-0.02100312439423213
2012-02-29,4,2,-0.016343555943959975
2012-03-01,4,2,-0.022363878081596122
2012-03-02,4,2,-0.019180376771533836
2012-03-05,4,2,-0.015370160722531612
2012-03-06,4,2,0.0069006220464606915
2012-03-07,4,2,0.009817931917032618
2012-03-08,4,2,0.0036312500921620305
2012-03-09,4,2,-0.00895783651302784
2012-03-12,4,2,-0.009116834279011998
2012-03-13,4,2,-0.026763126658086445
2012-03-14,4,2,-0.02559748596166922
2012-03-15,4,2,-0.031377449402307134
2012-03-16,4,2,-0.032460511689120786
2012-03-19,4,2,-0.036290146607332874
2012-03-20,4,2,-0.03338981519920936
2012-03-21,4,2,-0.031577706281719076
2012-03-22,4,2,-0.024548071308735597
2012-03-23,4,2,-0.027571214818536305
2012-03-26,4,2,-0.04088925849164726
2012-03-27,4,2,-0.038180027868797484
2012-03-28,4,2,-0.03340358291998813
2012-03-29,4,2,-0.031846860600556526
2012-03-30,4,2,-0.03541431902727166
2012-04-02,4,2,-0.042599272450497105
2012-04-03,4,2,-0.03876525695369715
2012-04-04,4,2,-0.02885714834192532
2012-04-05,4,2,-0.0282458739669037
2012-04-09,3,2,-0.017081454337735447
2012-04-10,3,2,-0.0029515967779165653
2012-04-11,3,2,-0.010323593227256178
2012-04-12,3,2,-0.024632943176692734
2012-04-13,3,2,-0.02328757604561893
2012-04-16,3,2,-0.028410313919930763
2012-04-17,3,2,-0.04744098928578011
2012-04-18,3,2,-0.05795806088040201
2012-04-19,2,2,-0.05933537942267941
2012-04-20,2,2,-0.06043398172199599
2012-04-23,2,2,-0.05246753608599841
2012-04-24,2,2,-0.05594145764040748
2012-04-25,2,2,-0.06864935731582755
2012-04-26,3,2,-0.07482964844293605
2012-04-27,3,2,-0.07705792938178069
2012-04-30,3,2,-0.07345970839734506
2012-05-01,3,2,-0.07867293096664896
2012-05-02,3,2,-0.08861807613065908
2012-05-03,2,2,-0.08158404651474094
2012-05-04,1,2,-0.06651080136384224
2012-05-07,1,2,-0.06683795026898909
2012-05-08,1,2,-0.06282809776295128
2012-05-09,1,2,-0.05650453976531267
2012-05-10,1,2,-0.058873741151859615
2012-05-11,1,2,-0.055674990040111005
2012-05-14,1,2,-0.04506290404124935
2012-05-15,1,2,-0.03954428160880785
2012-05-16,1,2,-0.03529589979030223
2012-05-17,1,2,-0.020553888225667727
2012-05-18,1,2,-0.01326410341812334
2012-05-21,1,2,-0.0288375682592511
2012-05-22,1,2,-0.029309650909670082
2012-05-23,1,2,-0.03095093242834368
2012-05-24,1,2,-0.03228640769475144
2012-05-25,1,2,-0.03018614746163273
2012-05-29,1,2,-0.04081295919400363
2012-05-30,1,2,-0.026863147343684224
2012-05-31,1,2,-0.024642584749729912
2012-06-01,1,2,0.00010955419561042845
2012-06-04,1,2,0.005726850663809513
2012-06-05,1,2,0.018226412843980855
2012-06-06,1,2,-0.004714325693167876
2012-06-07,1,2,-0.004608351826584922
2012-06-08,1,2,-0.012620113782869202
2012-06-11,1,2,0.0036594140218628723
2012-06-12,1,2,-0.0078992905673958
2012-06-13,1,2,-0.0008822357746560705
2012-06-14,1,2,-0.011571744161707809
2012-06-15,1,2,-0.021685380133438792
2012-06-18,1,2,-0.023096757772339882
2012-06-19,1,2,-0.03259253479594537
2012-06-20,1,2,-0.030958384672818196
2012-06-21,1,2,-0.008894718995433815
2012-06-22,1,2,-0.015954853497705423
2012-06-25,1,2,0.004772721486371312
2012-06-26,1,2,0.006856149588314819
2012-06-27,1,2,-0.002109799583246086
2012-06-28,1,2,0.0043038362539926656
2012-06-29,2,2,-0.020115128712143715
2012-07-02,2,2,-0.022519058652142654
2012-07-03,3,2,-0.0285730987959103
2012-07-05,3,2,-0.0239985575569156
2012-07-06,3,2,-0.014704611535945045
2012-07-09,3,2,-0.013087227484062214
2012-07-10,2,2,-0.00500194643491203
2012-07-11,2,2,-0.004987097282612596
2012-07-12,2,2,0.002344994500818265
2012-07-13,2,2,-0.013922680346516336
2012-07-16,2,2,-0.01163529433938204
2012-07-17,2,2,-0.0189048878879009
2012-07-18,2,2,-0.02541559019204831
2012-07-19,3,2,-0.028056457884939934
2012-07-20,2,2,-0.018177695764124646
2012-07-23,1,2,-0.009351956801940786
2012-07-24,1,2,-0.000313861457302278
2012-07-25,1,2,0.016540974699349675
2012-07-26,1,2,0.0036616964436055888
2012-07-27,2,2,-0.015130176804975526
2012-07-30,2,2,-0.014653900319499424
2012-07-31,2,2,-0.010381888790623961
2012-08-01,2,2,-0.0075036694675360005
2012-08-02,2,2,0.01904028588598905
2012-08-03,3,2,0.0023292692665812798
2012-08-06,3,2,0.0037655193716570334
2012-08-07,4,2,-0.0013344240552083386
2012-08-08,4,2,-0.001954037377602802
2012-08-09,4,2,-0.002366743829349427
2012-08-10,4,2,-0.004545238656939121
2012-08-13,4,2,-0.0032974659614383173
2012-08-14,4,2,-0.003169725749815555
2012-08-15,4,2,-0.004304460738666416
2012-08-16,4,2,-0.011324560890621505
2012-08-17,4,2,-0.013172035074125232
2012-08-20,4,2,-0.01315113871778184
2012-08-21,4,2,-0.009687484910409161
2012-08-22,4,2,-0.009911644130781494
2012-08-23,4,2,-0.0018543704121222193
2012-08-24,4,2,-0.00825581227367489
2012-08-27,4,2,-0.007770597397130263
2012-08-28,4,2,-0.0069680465615116205
2012-08-29,4,2,-0.00780580496271055
2012-08-30,4,2,0.0028295945585257165
2012-08-31,4,2,-0.002232375511197371
2012-09-04,4,2,-0.0010676612969652277
2012-09-05,4,2,0.018269406400637456
2012-09-06,4,2,-0.0021227544290038924
2012-09-07,4,2,-0.006147829935223559
2012-09-10,4,2,0.002966937025749461
2012-09-11,4,2,-0.0006975640776298864
2012-09-12,4,2,-0.0027844293568315415
2012-09-13,4,2,-0.02150701348919648
2012-09-14,4,2,-0.025365543854436012
2012-09-17,4,2,-0.02231056665676423
2012-09-18,4,2,-0.021057740317258045
2012-09-19,4,2,-0.022216954876972173
2012-09-20,4,2,-0.021687948538969826
2012-09-21,4,2,-0.02161425748454482
2012-09-24,4,2,-0.030050332459337747
2012-09-25,4,2,-0.02278037902520047
2012-09-26,4,2,-0.01714198309503423
2012-09-27,4,2,-0.02653492987336281
2012-09-28,4,2,-0.02215638763328387
2012-10-01,4,2,-0.024742289995776323
2012-10-02,4,2,-0.025592253155801492
2012-10-03,4,2,-0.029111152053882927
2012-10-04,4,2,-0.03602711340802944
2012-10-05,4,2,-0.045450515748785114
2012-10-08,4,2,-0.05382998245346171
2012-10-09,4,2,-0.04437798066562315
2012-10-10,4,2,-0.03842774234691704
2012-10-11,4,2,-0.04069535880795638
2012-10-12,4,2,-0.05116931893327603
2012-10-15,4,2,-0.06027237022617837
2012-10-16,4,2,-0.06982520332536124
2012-10-17,4,2,-0.07363908495940141
2012-10-18,4,2,-0.0713697642314225
2012-10-19,4,2,-0.055721843312131814
2012-10-22,4,2,-0.05613674885936337
2012-10-23,4,2,-0.04230387578925965
2012-10-24,4,2,-0.039339871478482724
2012-10-25,4,2,-0.04220897533919943
2012-10-26,3,2,-0.04151025382367801
2012-10-31,3,2,-0.04165963963083963
2012-11-01,4,2,-0.052017744270816735
2012-11-02,3,2,-0.0430420005790183
2012-11-05,3,2,-0.04510820404895899
2012-11-06,3,2,-0.05254871416349416
2012-11-07,2,2,-0.029544055973438343
2012-11-08,2,2,-0.017553450457359343
2012-11-09,2,2,-0.01921949487297603
2012-11-12,1,2,-0.019347458153349928
2012-11-13,1,2,-0.015423506791650166
2012-11-14,1,2,-0.0015935449138314572
2012-11-15,1,2,0.00483994963594836
2012-11-16,1,2,0.019862053761098286
2012-11-19,1,2,0.0006633863793055195
2012-11-20,1,2,0.002320181125065268
2012-11-21,1,2,0.005686370490055603
2012-11-23,2,2,-0.007245561388722899
2012-11-26,2,2,-0.0052265872985560735
2012-11-27,2,2,0.005797323517493291
2012-11-28,2,2,-0.005319412817862856
2012-11-29,3,2,-0.009548287670583355
2012-11-30,3,2,-0.00970921738656727
2012-12-03,2,2,-0.004987660111952841
2012-12-04,2,2,-0.003283461822154332
2012-12-05,2,2,-0.00486062063148307
2012-12-06,2,2,-0.008140294618076305
2012-12-07,2,2,-0.011028999393896566
2012-12-10,2,2,-0.011363712637777135
2012-12-11,3,2,-0.017796050480192727
2012-12-12,3,2,-0.018236116091220445
2012-12-13,2,2,-0.011990487897714286
2012-12-14,2,2,-0.007887705464407868
2012-12-17,3,2,-0.01952650516419485
2012-12-18,3,2,-0.030660969562872564
2012-12-19,4,2,-0.023248203815695034
2012-12-20,4,2,-0.028579466069509785
2012-12-21,3,2,-0.01938256143056183
2012-12-24,3,2,-0.016983710125924922
2012-12-26,3,2,-0.012254919872306091
2012-12-27,3,2,-0.011049941573072375
2012-12-28,3,2,0.016941941334216226
2012-12-31,4,2,0.021708246642999862
2013-01-02,4,2,-0.003603629171433198
2013-01-03,4,2,-0.0015211842853783963
2013-01-04,4,2,-0.006355361156555994
2013-01-07,4,2,-0.003242371304872038
2013-01-08,4,2,0.002655865938542279
2013-01-09,4,2,0.007549540149637268
2013-01-10,4,2,-4.7513986152325494e-05
2013-01-11,4,2,0.0001969477820529253
2013-01-15,4,2,0.00019699191031485874
2013-01-16,4,2,0.005642922184040833
2013-01-17,4,2,0.0034032703971196288
2013-01-18,4,2,0.004428106846314561
2013-01-22,4,2,0.001507477027169024
2013-01-23,4,2,-0.004656165489253072
2013-01-24,4,2,-0.004662749330063609
2013-01-25,4,2,-0.010053484952544767
2013-01-28,4,2,-0.008219065501170686
2013-01-29,4,2,-0.013257368611727882
2013-01-30,4,2,-0.009394381820108766
2013-01-31,4,2,-0.0068486358584796125
2013-02-01,4,2,-0.016733128216943505
2013-02-04,4,2,-0.005255019727645527
2013-02-05,4,2,-0.015509970204728551
2013-02-06,4,2,-0.016050326435481765
2013-02-07,4,2,-0.01427069137430137
2013-02-08,4,2,-0.01981651134152207
2013-02-11,4,2,-0.019222044674703676
2013-02-12,4,2,-0.020784160513260375
2013-02-13,4,2,-0.021363770633735846
2013-02-14,4,2,-0.022039220437538032
2013-02-15,4,2,-0.021016102656038704
2013-02-19,4,2,-0.028146085065056226
2013-02-20,4,2,-0.015939664912359208
2013-02-21,4,2,-0.009697732946316706
2013-02-25,4,2,0.006109463971145868
2013-02-26,4,2,0.011850917871843336
2013-02-27,4,2,-0.0008640799292052304
2013-02-28,4,2,0.002323855425648391
2013-03-01,4,2,0.00461072337316093
2013-03-04,4,2,0.00956601649469957
2013-03-05,4,2,0.001084512714484509
2013-03-06,4,2,0.0018164914425815581
2013-03-07,4,2,0.0009972666861546298
2013-03-08,4,2,-0.003468330365608896
2013-03-11,4,2,-0.006695661327551394
2013-03-12,4,2,-0.004302748972394577
2013-03-13,4,2,-0.005609429659036769
2013-03-14,4,2,-0.011149947134073246
2013-03-15,4,2,-0.009546935868462225
2013-03-18,4,2,-0.0040589696906825345
2013-03-19,4,2,-0.004346578023763925
2013-03-20,4,2,-0.010970594924313293
2013-03-21,4,2,-0.002710611556610454
2013-03-22,4,2,-0.00981445648254442
2013-03-25,4,2,-0.006496114839509959
2013-03-26,4,2,-0.014170903587427897
2013-03-27,4,2,-0.01359054967922424
2013-03-28,4,2,-0.017575919477263113
2013-04-01,4,2,-0.013161216778824425
2013-04-02,4,2,-0.018239143224605958
2013-04-03,4,2,-0.007775010787386516
2013-04-04,4,2,-0.011775789014720317
2013-04-05,3,2,-0.007513161648383004
2013-04-08,4,2,-0.013729366998865844
2013-04-09,4,2,-0.017212691651933287
2013-04-10,4,2,-0.02904775729155873
2013-04-11,4,2,-0.03248461432325278
2013-04-12,4,2,-0.029732190553078408
2013-04-15,3,2,-0.00692494015656131
2013-04-16,3,2,-0.020932674991784195
2013-04-17,2,2,-0.006701003439812281
2013-04-18,2,2,0.008847902373522176
2013-04-19,3,2,0.004661629963028435
2013-04-22,3,2,0.01041921875000007
2013-04-23,3,2,6.340190171760796e-06
2013-04-24,4,2,0.002185186811745732
2013-04-25,4,2,-0.0018421130247733286
2013-04-26,4,2,0.00029070238417605587
2013-04-29,4,2,-0.006846113089132411
2013-04-30,4,2,-0.009307883608932754
2013-05-01,3,2,0.009407983261396247
2013-05-02,4,2,0.007079450194182213
2013-05-03,4,2,-0.0034191966037291355
2013-05-06,4,2,-0.005316831892387963
2013-05-07,4,2,-0.010492224244932236
2013-05-09,4,2,-0.010924169654068727
2013-05-10,4,2,-0.01518022127626506
2013-05-13,4,2,-0.015222457763255481
2013-05-14,4,2,-0.02510994235399977
2013-05-15,4,2,-0.03007029503722425
2013-05-16,4,2,-0.02518673288636275
2013-05-17,4,2,-0.03512503812249479
2013-05-21,4,2,-0.04850948448045633
2013-05-22,4,2,-0.04057150159797185
2013-05-23,4,2,-0.046906740030196015
2013-05-24,4,2,-0.04638094744057486
2013-05-28,4,2,-0.05238972669887054
2013-05-29,4,2,-0.045663580892614575
2013-05-30,4,2,-0.04915351495658471
2013-05-31,4,2,-0.035352063945998435
2013-06-03,4,2,-0.041044413212037445
2013-06-04,4,2,-0.03573050968384717
2013-06-05,4,2,-0.022257479054232365
2013-06-06,4,2,-0.03048891319086977
2013-06-07,4,2,-0.04277162850567373
2013-06-10,4,2,-0.04243953365681119
2013-06-11,4,2,-0.03261734234239311
2013-06-12,4,2,-0.024452442905111726
2013-06-13,4,2,-0.03866509820432751
2013-06-14,4,2,-0.03297413540812766
2013-06-17,4,2,-0.040237011708334935
2013-06-18,4,2,-0.04765686730377161
2013-06-19,4,2,-0.03428022447213941
2013-06-20,3,2,-0.00950766353082888
2013-06-21,4,2,-0.012145015629135836
2013-06-24,3,2,0.009497272121224087
2013-06-25,3,2,0.009590486444071455
2013-06-26,3,2,0.0018836742093326642
2013-06-27,4,2,-0.004289562412875814
2013-06-28,4,2,0.0048558947478334336
2013-07-01,4,2,-0.0005449081736377259
2013-07-02,4,2,0.0008240472350893313
2013-07-03,4,2,0.010201732142340214
2013-07-05,4,2,0.0052515464964768555
2013-07-08,4,2,0.007229670722828763
2013-07-09,4,2,0.00018159245054127915
2013-07-10,4,2,0.013554249906357896
2013-07-11,4,2,0.0007402838293968372
2013-07-12,4,2,-0.0023389805781933726
2013-07-15,4,2,-0.003708760911961373
2013-07-16,4,2,0.0027740472164057284
2013-07-17,4,2,-0.01165445353545369
2013-07-18,4,2,-0.019853578055394228
2013-07-19,4,2,-0.027202990477074085
2013-07-22,4,2,-0.029176699821494734
2013-07-23,4,2,-0.02930173623756216
2013-07-24,4,2,-0.025588036393598856
2013-07-25,4,2,-0.02807274141214322
2013-07-26,4,2,-0.02887711694554418
2013-07-29,4,2,-0.03254554123890363
2013-07-30,4,2,-0.03290705696112717
2013-07-31,4,2,-0.032775118577790696
2013-08-01,4,2,-0.04475444226388947
2013-08-02,4,2,-0.04631891618912609
2013-08-05,4,2,-0.04490553412250409
2013-08-06,4,2,-0.03940803410031968
2013-08-07,4,2,-0.03573818387106209
2013-08-08,4,2,-0.03947027403616177
2013-08-09,4,2,-0.03602893538757945
2013-08-12,4,2,-0.03491627034354716
2013-08-13,4,2,-0.037587980135401655
2013-08-14,4,2,-0.032580016318146665
2013-08-15,4,2,-0.018563531900763985
2013-08-16,4,2,-0.015309528308292242
2013-08-19,4,2,-0.00946507270112018
2013-08-20,4,2,-0.013235691857248488
2013-08-21,4,2,-0.007499432671774886
2013-08-22,4,2,-0.015981062363008336
2013-08-23,4,2,-0.019849726198527207
2013-08-26,4,2,-0.015874194741040237
2013-08-27,4,2,0.0015271516757042747
2013-08-28,4,2,-0.0012171492158339348
2013-08-29,4,2,-0.0031743183568806455
2013-08-30,4,2,0.004164221602432239
2013-09-03,4,2,0.008116953209842404
2013-09-04,4,2,0.0012098628337211537
2013-09-05,4,2,5.443114110303959e-05
2013-09-06,4,2,0.009992880823750605
2013-09-09,4,2,-0.009726573476003142
2013-09-10,4,2,-0.016947867403016903
2013-09-11,4,2,-0.019939290411974064
2013-09-12,4,2,-0.016615040835492256
2013-09-13,4,2,-0.019277388640190796
2013-09-16,4,2,-0.024829185332377324
2013-09-17,4,2,-0.028924926858490352
2013-09-18,4,2,-0.04060808774528735
2013-09-19,4,2,-0.03883670818529683
2013-09-20,4,2,-0.03184967742115108
2013-09-23,4,2,-0.027258740880536814
2013-09-24,4,2,-0.02472581428689058
2013-09-25,4,2,-0.0220467446426712
2013-09-26,4,2,-0.025443489115199225
2013-09-27,4,2,-0.021457099942736813
2013-09-30,4,2,-0.015521451576442358
2013-10-01,4,2,-0.023333362140486757
2013-10-02,4,2,-0.02268181386768975
2013-10-03,4,2,-0.013826553641133499
2013-10-04,4,2,-0.02073353967945879
2013-10-07,4,2,-0.012332078852067663
2013-10-08,4,2,0.0005739063518743759
2013-10-09,4,2,0.02183049604365883
2013-10-10,4,2,0.0032495154142828664
2013-10-11,4,2,-0.0030177857711823908
2013-10-14,4,2,-0.007063723409320266
2013-10-15,4,2,0.013827532394934838
2013-10-16,4,2,0.0067439531397044394
2013-10-17,4,2,0.006548755402622897
2013-10-18,4,2,9.173641713244862e-05
2013-10-21,4,2,0.0009858486292051438
2013-10-22,4,2,-0.004724557241463034
2013-10-23,4,2,0.0004409232407018848
2013-10-24,4,2,-0.002808062477996698
2013-10-25,4,2,-0.00717138886168156
2013-10-28,4,2,-0.008489799763841233
2013-10-29,4,2,-0.01399583929637016
2013-10-30,4,2,-0.009164601597393074
2013-10-31,4,2,-0.005345744725209434
2013-11-01,4,2,-0.008225284458735826
2013-11-04,4,2,-0.011753875247076162
2013-11-05,4,2,-0.008973463276151561
2013-11-06,4,2,-0.013182771972194418
2013-11-07,3,2,0.011756241138522583
2013-11-08,4,2,-0.0016491739962330998
2013-11-11,4,2,-0.0023703916199453445
2013-11-12,4,2,0.00441822879160414
2013-11-13,4,2,-0.0037486272227482687
2013-11-14,4,2,-0.008544553768999763
2013-11-15,4,2,-0.012712913467535225
2013-11-18,4,2,-0.00904817822907189
2013-11-19,4,2,-0.007019553358130204
2013-11-20,4,2,-0.0033962898469764857
2013-11-21,4,2,-0.01143192893391698
2013-11-22,4,2,-0.016312453355161516
2013-11-25,4,2,-0.015068147482350525
2013-11-26,4,2,-0.015215672561884608
2013-11-27,4,2,-0.01765687517612502
2013-11-29,4,2,-0.016884451473501705
2013-12-02,4,2,-0.014204052295086589
2013-12-03,4,2,-0.011046474030198428
2013-12-04,4,2,-0.009755697331599311
2013-12-05,4,2,-0.0054397309000102645
2013-12-06,4,2,-0.01649226359624756
2013-12-09,4,2,-0.018276154170531522
2013-12-10,4,2,-0.015144649955106226
2013-12-11,3,2,-0.0038715896620439283
2013-12-12,3,2,-0.00010141014414954963
2013-12-13,3,2,0.003199453553603293
2013-12-16,4,2,-0.003100987910356179
2013-12-17,3,2,0.016058380452519616
2013-12-18,4,2,-0.0005799292044109672
2013-12-19,4,2,0.0048187283492318045
2013-12-20,4,2,0.0004839659184339151
2013-12-23,4,2,-0.020623718605287
2013-12-24,4,2,-0.0282328721727394
2013-12-26,4,2,-0.03282264052313921
2013-12-27,4,2,-0.03649401126926277
2013-12-30,4,2,-0.036321268103894355
2013-12-31,4,2,-0.04012207295516734
2014-01-02,4,2,-0.04917628291836529
2014-01-03,4,2,-0.048859586379225495
2014-01-06,4,2,-0.04646452699316406
2014-01-07,4,2,-0.0522286493021048
2014-01-08,4,2,-0.05202748101704957
2014-01-09,4,2,-0.052357553589094885
2014-01-10,4,2,-0.05453843730360941
2014-01-13,4,2,-0.04249666809502539
2014-01-14,4,2,-0.05274405615202493
2014-01-15,4,2,-0.05761260668967605
2014-01-16,4,2,-0.05634138500922947
2014-01-17,4,2,-0.05265129661951462
2014-01-21,4,2,-0.055271738518750446
2014-01-22,4,2,-0.055814517915029005
2014-01-23,4,2,-0.04734582552448985
2014-01-24,4,2,-0.02703473926459843
2014-01-27,4,2,-0.022267025887763525
2014-01-28,4,2,-0.028234301451359856
2014-01-29,4,2,-0.01821098941080257
2014-01-30,4,2,-0.029149604259190554
2014-01-31,4,2,-0.02283191982018462
2014-02-03,3,2,0.005597368328658758
2014-02-04,4,2,-0.0020282227794392593
2014-02-05,3,2,0.012439792925644788
2014-02-06,3,2,0.013301886798946505
2014-02-07,4,2,0.0015692347655638095
2014-02-10,4,2,0.01078987260762454
2014-02-11,4,2,-0.00026926239009483766
2014-02-12,4,2,0.005216401274932503
2014-02-13,4,2,-0.0005901947616028247
2014-02-14,4,2,-0.00537356882927742
2014-02-18,4,2,-0.006524484290135191
2014-02-19,4,2,0.004101161995898828
2014-02-20,4,2,-0.0019187235651341172
2014-02-21,4,2,0.002657592856535107
2014-02-24,4,2,-0.0035072231261604747
2014-02-25,4,2,-0.0021624556911928883
2014-02-26,4,2,-0.002184108273658003
2014-02-27,4,2,-0.00709707429930484
2014-02-28,4,2,-0.009852347075820389
2014-03-03,4,2,-0.0024922256422195144
2014-03-04,4,2,-0.01749285115025523
2014-03-05,4,2,-0.017440430293913067
2014-03-06,4,2,-0.019125972335940933
2014-03-07,4,2,-0.019653486300597045
2014-03-10,4,2,-0.019199133919031386
2014-03-11,4,2,-0.014189105942139069
2014-03-12,4,2,-0.018798841684562473
2014-03-13,4,2,-0.016600422988972685
2014-03-14,4,2,-0.013817635587434651
2014-03-17,4,2,-0.0232081554893816
2014-03-18,4,2,-0.030209672102416874
2014-03-19,4,2,-0.024226571608433445
2014-03-20,4,2,-0.030085345732967617
2014-03-21,4,2,-0.027232538410043583
2014-03-24,4,2,-0.02247717359216017
2014-03-25,4,2,-0.026763249665857747
2014-03-26,3,2,-0.019902252030353895
2014-03-27,3,2,-0.018036438882718442
2014-03-28,3,2,-0.02257192204064984
2014-03-31,3,2,-0.03025627046808399
2014-04-01,4,2,-0.03703491737115583
2014-04-02,4,2,-0.03977475384036655
2014-04-03,3,2,-0.03869188803787604
2014-04-04,3,2,-0.026486671055749977
2014-04-07,2,0,-0.01590756679251437
2014-04-08,2,2,-0.019584667215423734
2014-04-09,3,2,-0.030173439885077036
2014-04-10,2,2,-0.009486773662544357
2014-04-11,1,2,0.008217286225508769
2014-04-14,1,2,0.006757307791485534
2014-04-15,1,2,0.010488490558689278
2014-04-16,1,2,0.0005852762354381369
2014-04-17,1,2,-0.0007775162564587212
2014-04-21,2,2,-0.004535517668205147
2014-04-22,2,2,-0.008592495009181467
2014-04-23,2,2,-0.006393331595413443
2014-04-24,2,2,-0.008096390978489132
2014-04-25,1,2,0.0023183139596774094
2014-04-28,1,2,-0.0009147616967094541
2014-04-29,1,2,-0.005648627024960051
2014-04-30,1,2,-0.008614868170279344
2014-05-01,1,2,-0.008472820517672397
2014-05-02,1,2,-0.0071339952586253474
2014-05-05,1,2,-0.008988392160571124
2014-05-06,1,2,0.001675842702283603
2014-05-07,1,2,-0.003918616930286611
2014-05-08,1,2,-0.0025484926581635925
2014-05-09,1,2,-0.004061797284051316
2014-05-12,1,2,-0.013602957053764131
2014-05-13,1,2,-0.0140188022190042
2014-05-14,1,2,-0.009361807033336
2014-05-15,1,2,0.0010583320386927664
2014-05-16,1,2,-0.0026785965599737116
2014-05-19,1,2,-0.00649839809746755
2014-05-20,1,2,0.008116098951240547
2014-05-21,1,2,0.0023622298736216685
2014-05-22,1,2,0.004248391856225497
2014-05-23,1,2,0.004867063323078513
2014-05-27,1,2,-0.0011140717108722997
2014-05-28,1,2,0.0053671102654548886
2014-05-29,1,2,0.0018436779311643559
2014-05-30,1,2,0.0003483335485694461
2014-06-02,1,2,-0.00037921654875650024
2014-06-03,1,2,0.001891663548679423
2014-06-04,1,2,0.0011567008647332955
2014-06-05,2,2,-0.005333774359836396
2014-06-06,2,2,-0.00991564584479765
2014-06-09,2,2,-0.010844236813913999
2014-06-10,3,2,-0.010600860829121261
2014-06-11,3,2,-0.007088893503764959
2014-06-12,3,2,0.003134561695468774
2014-06-13,3,2,0.0008367051734305964
2014-06-16,3,2,0.0021725690603942027
2014-06-17,3,2,0.004114331317130349
2014-06-18,4,2,-0.003576940014646146
2014-06-19,4,2,-0.004848225087621172
2014-06-20,4,2,-0.006566922251856955
2014-06-23,4,2,-0.006435310620591883
2014-06-24,4,2,0.0037128536225456976
2014-06-25,4,2,-0.00117888399729138
2014-06-26,4,2,0.000459848370410354
2014-06-27,4,2,-0.0014482528337573797
2014-06-30,4,2,-0.0010763968374046806
2014-07-01,4,2,-0.021613272811616513
2014-07-02,4,2,-0.025052906800019037
2014-07-03,4,2,-0.03036602404073996
2014-07-07,4,2,-0.029044604842851762
2014-07-08,4,0,-0.022151947520413162
2014-07-09,4,2,-0.03206561699424615
2014-07-10,4,2,-0.028050423435501015
2014-07-11,4,2,-0.02947798634015064
2014-07-14,4,2,-0.034156102438300584
2014-07-15,4,2,-0.03228638716346499
2014-07-16,4,2,-0.03633482640107466
2014-07-17,3,2,-0.024794215343896475
2014-07-18,3,2,-0.034702927596905186
2014-07-21,3,2,-0.03245798778659814
2014-07-22,4,2,-0.03728710022808679
2014-07-23,4,2,-0.03897316223670999
2014-07-24,4,2,-0.03944206428135111
2014-07-25,4,2,-0.03476147715730682
2014-07-28,3,2,-0.03503953524565773
2014-07-29,3,2,-0.030650527363344393
2014-07-30,4,2,-0.030709569532777925
2014-07-31,3,2,-0.01092889886722026
2014-08-01,2,2,-0.008092916358423463
2014-08-04,3,2,-0.015172870460128718
2014-08-05,2,2,-0.005541068354443235
2014-08-06,3,2,-0.0055566200056119674
2014-08-07,2,2,0.011531402436471216
2014-08-08,3,2,0.001118267446978738
2014-08-11,3,2,-0.00163664161317445
2014-08-12,3,2,0.006707160027472625
2014-08-13,3,2,0.004284174414470376
2014-08-14,3,2,-6.137292417618401e-05
2014-08-15,3,2,0.008531672245722488
2014-08-18,3,2,0.005000651911710952
2014-08-19,3,2,0.0012767608639716599
2014-08-20,3,2,-0.0011980835088232222
2014-08-21,3,2,-0.0041357731016674615
2014-08-22,3,2,-0.002831424669928584
2014-08-25,3,2,-0.007582898254599568
2014-08-26,3,2,-0.0170148443338336
2014-08-27,3,2,-0.01706397864434772
2014-08-28,3,2,-0.015400102241850067
2014-08-29,4,2,-0.018658562808626877
2014-09-02,4,2,-0.028028045176525462
2014-09-03,3,2,-0.027270151406677434
2014-09-04,3,2,-0.025775280757437846
2014-09-05,3,2,-0.030656782082742584
2014-09-08,3,2,-0.0331944713470147
2014-09-09,3,2,-0.02682503238322098
2014-09-10,3,2,-0.033812857933833484
2014-09-11,3,2,-0.04571826504863685
2014-09-12,3,2,-0.055803482502644886
2014-09-15,2,2,-0.05513248344576005
2014-09-16,2,2,-0.06827981849141318
2014-09-17,2,2,-0.06948543382785277
2014-09-18,2,2,-0.07401459519995712
2014-09-19,2,2,-0.07357243950630987
2014-09-22,1,2,-0.06608870637998232
2014-09-23,1,2,-0.06066262254929122
2014-09-24,1,2,-0.06796279601423916
2014-09-25,1,2,-0.05264523243460728
2014-09-26,1,2,-0.06070050020602069
2014-09-29,1,2,-0.05830218209473337
2014-09-30,1,2,-0.05567134987930933
2014-10-01,1,2,-0.04299237599983896
2014-10-02,1,2,-0.042997298191528865
2014-10-03,1,2,-0.05356473035822695
2014-10-06,1,2,-0.05208108572388892
2014-10-07,1,2,-0.03752260155425635
2014-10-08,1,2,-0.05404061355507506
2014-10-09,1,2,-0.0340834100199191
2014-10-10,1,0,-0.022894563611426055
2014-10-13,1,2,-0.006534239448569346
2014-10-14,1,2,-0.008100314924121665
2014-10-15,1,2,0.0001449777086941495
2014-10-16,1,2,0.012884107385910504
2014-10-17,1,2,0.00914265720638352
2014-10-20,1,2,0.012132276336499492
2014-10-21,1,2,-0.0072993302004167315
2014-10-22,1,2,0.012303377138681793
2014-10-23,1,2,0.005541289760909729
2014-10-24,1,2,-0.0015015683952100956
2014-10-27,1,2,0.010537177701126943
2014-10-28,2,2,-0.0013853554985293615
2014-10-29,2,2,0.0062301242403934864
2014-10-30,2,2,0.0087483773886603
2014-10-31,3,2,-0.002948426995476594
2014-11-03,2,2,-0.0028298416808330007
2014-11-04,2,2,0.005700497411807337
2014-11-05,2,2,0.0037755130048497954
2014-11-06,2,2,0.00034958621780534216
2014-11-07,2,2,0.0031152584342821754
2014-11-10,3,2,-0.0059462458465155965
2014-11-11,3,2,-0.006638315179807508
2014-11-12,3,2,-0.017622982433613377
2014-11-13,2,2,-0.02437072579859767
2014-11-14,2,2,-0.032885233903473976
2014-11-17,2,2,-0.033595887885855324
2014-11-18,2,2,-0.038532048305050415
2014-11-19,2,2,-0.037086562124287514
2014-11-20,3,2,-0.03897698685452444
2014-11-21,3,2,-0.04398352787284954
2014-11-24,3,2,-0.0467137618841611
2014-11-25,3,2,-0.045616192182062254
2014-11-26,3,2,-0.048286682515318646
2014-11-28,3,2,-0.04586085321452127
2014-12-01,2,0,-0.03929988384106797
2014-12-02,2,2,-0.04539452535734456
2014-12-03,3,2,-0.048974890236588076
2014-12-04,2,2,-0.04786861238868312
2014-12-05,3,2,-0.049451481498734906
2014-12-08,2,2,-0.04250334457870153
2014-12-09,3,2,-0.04227557516436786
2014-12-10,2,2,-0.02635554504032034
2014-12-11,2,2,-0.030751753854022623
2014-12-12,2,2,-0.014777767136149422
2014-12-15,1,2,-0.008489022887163578
2014-12-16,1,2,0.0101027270748284
2014-12-17,2,2,-0.010045243682455407
2014-12-18,3,4,-0.033261662780514234
2014-12-19,3,4,-0.03765960547467384
2014-12-22,3,2,-0.04131264902451348
2014-12-23,3,2,-0.04298394525317728
2014-12-24,3,2,-0.04285061765747511
2014-12-26,4,2,-0.046007925567365104
2014-12-29,4,2,-0.04682934377363013
2014-12-30,4,2,-0.042146777991703854
2014-12-31,4,2,-0.032167595094372836
2015-01-02,4,2,-0.03183845534018781
2015-01-05,3,2,-0.013812822415536052
2015-01-06,3,2,-0.004963493380616968
2015-01-07,3,2,-0.01640257666631939
2015-01-08,4,2,-0.033688232734763734
2015-01-09,4,2,-0.02549870802391052
2015-01-12,3,2,-0.017547043105398008
2015-01-13,3,2,-0.015007184723854206
2015-01-14,3,2,-0.009247875921837956
2015-01-15,2,2,0.0011642400587652535
2015-01-16,3,2,-0.012097559288957505
2015-01-20,3,2,-0.013626391401151405
2015-01-21,2,2,-0.018271561212934828
2015-01-22,3,2,-0.03303682007397768
2015-01-23,3,2,-0.027697398520154404
2015-01-26,3,2,-0.030188321854162647
2015-01-27,3,2,-0.017028433772158125
2015-01-28,2,2,-0.0035811542648488404
2015-01-29,2,2,-0.012991965252009852
2015-01-30,2,2,0.012962463710669558
2015-02-02,2,2,0.010223437874796959
2015-02-03,3,2,-0.0041560462088314765
2015-02-04,3,2,0.002561819654928188
2015-02-05,3,2,-0.007650849032952101
2015-02-06,3,2,-0.005502360377256488
2015-02-09,3,2,-0.0031757819903912576
2015-02-10,3,2,-0.013705034082010403
2015-02-11,3,2,-0.013676397568236576
2015-02-12,3,2,-0.02309813389906079
2015-02-13,4,2,-0.027062599375430096
2015-02-17,4,2,-0.028614460107081352
2015-02-18,4,2,-0.02830904868429418
2015-02-19,4,2,-0.02727595998442589
2015-02-20,4,2,-0.03319909821954237
2015-02-23,4,2,-0.03290574062507989
2015-02-24,4,2,-0.03556639199095768
2015-02-25,4,2,-0.03482733645855551
2015-02-26,4,2,-0.03340060847199455
2015-02-27,4,2,-0.030534573421537203
2015-03-02,4,2,-0.036436323142079674
2015-03-03,4,2,-0.032043210450679926
2015-03-04,4,2,-0.027776604694110807
2015-03-05,4,2,-0.028938072429716466
2015-03-06,4,2,-0.014976400541214518
2015-03-09,4,2,-0.01884648326444449
2015-03-10,3,2,-0.0019176795748703235
2015-03-11,3,2,0.006450178494865844
2015-03-12,4,2,-0.006074710968194674
2015-03-13,3,2,0.001339242296087173
2015-03-16,3,2,-0.012031597195583443
2015-03-17,3,2,-0.008740443284926513
2015-03-18,4,2,-0.020647819793403244
2015-03-19,4,2,-0.01585248286620744
2015-03-20,4,2,-0.024643135005902872
2015-03-23,4,2,-0.022937446575891696
2015-03-24,4,2,-0.016901791850944314
2015-03-25,4,2,-0.002377499996742527
2015-03-26,3,2,0.0017216833551214616
2015-03-27,4,2,-0.0006453494446417851
2015-03-30,4,2,-0.012726267808308211
2015-03-31,4,2,-0.003965371271123064
2015-04-01,4,2,0.0035296669586522
2015-04-02,4,2,0.004533284323151587
2015-04-06,4,2,-0.0020619040578628844
2015-04-07,4,2,0.0018396998911653917
2015-04-08,4,2,-0.000840578357311994
2015-04-09,4,2,-0.005274548177316096
2015-04-10,4,2,-0.010423182801283848
2015-04-13,4,2,-0.005868788775759137
2015-04-14,4,2,-0.007486346710099623
2015-04-15,4,2,-0.012569830459917997
2015-04-16,4,2,-0.01180057292712311
2015-04-17,4,2,-0.0004949256338748764
2015-04-20,4,2,-0.009641021206201694
2015-04-21,4,2,-0.008172516151562781
2015-04-22,4,2,-0.013192878000102826
2015-04-23,4,2,-0.015514016251084284
2015-04-24,4,2,-0.017726881697124885
2015-04-27,4,2,-0.013642063519259229
2015-04-28,4,2,-0.016365974040577158
2015-04-29,4,2,-0.012673039881765935
2015-04-30,4,2,-0.0025701662407640047
2015-05-01,4,2,-0.013347374506053833
2015-05-04,4,2,-0.016240364366453486
2015-05-05,4,2,-0.004455724813014705
2015-05-06,3,2,0.0037738134388320965
2015-05-07,3,2,-0.004176231179657597
2015-05-08,3,2,-0.017399965341977963
2015-05-11,3,2,-0.012373379879379809
2015-05-12,3,2,-0.009451621052161463
2015-05-13,3,2,-0.009149456440173509
2015-05-14,3,2,-0.01971621631887377
2015-05-15,3,2,-0.020468901636881864
2015-05-18,4,2,-0.023445389357408586
2015-05-19,3,2,-0.022816694494189216
2015-05-20,3,2,-0.021906562654967265
2015-05-21,3,2,-0.02418788889208423
2015-05-22,3,2,-0.022003155135615904
2015-05-26,3,2,-0.01184294385194784
2015-05-27,3,2,-0.02081486596455595
2015-05-28,3,2,-0.01957289925030703
2015-05-29,3,2,-0.023607401826881258
2015-06-01,3,2,-0.025614111837640507
2015-06-02,3,2,-0.024630357732658648
2015-06-03,3,2,-0.02669267051543034
2015-06-04,3,2,-0.01822667460805505
2015-06-05,4,2,-0.016814640574356776
2015-06-08,3,2,-0.015678492135069333
2015-06-09,3,2,-0.016090113791848104
2015-06-10,4,2,-0.027797785872245573
2015-06-11,4,2,-0.029485148631766767
2015-06-12,3,2,-0.022649264498002197
2015-06-15,3,2,-0.01811040868136804
2015-06-16,3,2,-0.023665611354881655
2015-06-17,3,2,-0.02559458456085173
2015-06-18,3,2,-0.0351492225616582
2015-06-19,3,2,-0.030004851594772397
2015-06-22,4,2,-0.03588102807136917
2015-06-23,4,2,-0.036493691386336624
2015-06-24,3,2,-0.029356259720098365
2015-06-25,3,2,-0.02646137027000861
2015-06-26,3,2,-0.02608146447432036
2015-06-29,2,2,-0.005326412511110323
2015-06-30,2,2,-0.00796373089920499
2015-07-01,2,2,-0.014797137468633759
2015-07-02,2,2,-0.014493579079787544
2015-07-06,1,2,-0.01067303889791893
2015-07-07,1,2,-0.016652749054007154
2015-07-08,1,2,0.0022622025726091177
2015-07-09,1,2,0.007960685375651977
2015-07-10,1,2,-0.004324442653255933
2015-07-13,1,2,-0.01522204400438043
2015-07-14,2,2,-0.019587974845394207
2015-07-15,1,2,-0.018866855655353176
2015-07-16,1,2,-0.026667802156327025
2015-07-17,1,2,-0.02774329598814884
2015-07-20,1,2,-0.028492555436318123
2015-07-21,1,2,-0.024334572463297288
2015-07-22,1,2,-0.03709288626509577
2015-07-23,1,2,-0.06244078386083085
2015-07-24,1,2,-0.08964967670574431
2015-07-27,1,2,-0.09674310693297117
2015-07-28,1,2,-0.10779410708154191
2015-07-29,1,2,-0.11427653584938602
2015-07-30,1,2,-0.11430166072552483
2015-07-31,1,2,-0.11228519881276433
2015-08-03,1,2,-0.1098311039926122
2015-08-04,1,2,-0.10782397131687138
2015-08-05,1,2,-0.11059418470877325
2015-08-06,1,2,-0.10364475569182197
2015-08-07,1,2,-0.1010604100460567
2015-08-10,1,2,-0.11242857263856199
2015-08-11,1,2,-0.1038641100863823
2015-08-12,1,2,-0.10471468007168616
2015-08-13,1,2,-0.10357154366317012
2015-08-14,1,2,-0.10706467460757318
2015-08-17,1,2,-0.1116940139072975
2015-08-18,1,2,-0.10935560015014578
2015-08-19,1,2,-0.10194224451675338
2015-08-20,1,2,-0.08258462405631806
2015-08-21,1,0,-0.05240273608839485
2015-08-24,1,0,-0.01352199497897244
2015-08-25,1,2,0.024758911441389975
2015-08-26,1,2,-0.013738673877238927
2015-08-27,1,4,-0.05327370517470742
2015-08-28,1,2,-0.05384966128951374
2015-08-31,1,2,-0.04584268764384258
2015-09-01,1,2,-0.016762001444165286
2015-09-02,1,2,-0.03442523645853901
2015-09-03,1,2,-0.03554862319680663
2015-09-04,1,2,-0.02053380236175517
2015-09-08,1,2,-0.04450064391234909
2015-09-09,1,2,-0.03103438565578942
2015-09-10,1,2,-0.036121692023339924
2015-09-11,1,2,-0.04042733603063864
2015-09-14,1,2,-0.03648689917547243
2015-09-15,1,2,-0.0486934102863813
2015-09-16,1,2,-0.05690345646957773
2015-09-17,1,2,-0.05448192860058054
2015-09-18,1,2,-0.03894731369008153
2015-09-21,1,2,-0.04331532887684042
2015-09-22,1,2,-0.03138349496566939
2015-09-23,1,2,-0.02939507208077008
2015-09-24,1,2,-0.026119928662175718
2015-09-25,1,2,-0.02566609046896018
2015-09-28,1,0,0.001232853252514099
2015-09-29,1,2,0.019075555906861608
2015-09-30,1,2,0.001973884228037459
2015-10-01,1,2,0.014315289284541954
2015-10-02,1,2,0.014635976348876811
2015-10-05,1,4,-0.0035882361830883447
2015-10-06,1,2,0.007232588170847487
2015-10-07,1,2,-0.0007966439302552475
2015-10-08,2,2,-0.009531030611762858
2015-10-09,2,2,-0.010248710482425705
2015-10-12,1,2,-0.011509507575225841
2015-10-13,1,2,-0.0047162741982138545
2015-10-14,1,2,0.012385646307780718
2015-10-15,2,2,-0.002431019922782718
2015-10-16,2,2,-0.006969639639471947
2015-10-19,2,2,-0.0072382269042206016
2015-10-20,2,2,-0.005825414995899281
2015-10-21,1,2,0.002030817050156619
2015-10-22,2,2,-0.014358015582340622
2015-10-23,2,2,-0.025111373025339168
2015-10-26,2,2,-0.023242738036763577
2015-10-27,1,2,-0.02074159599190961
2015-10-28,2,2,-0.03220037575008117
2015-10-29,2,2,-0.031764888575584016
2015-10-30,2,2,-0.02708528847810021
2015-11-02,3,2,-0.03850194048888922
2015-11-03,3,4,-0.04111783561104876
2015-11-04,3,2,-0.0377061505305617
2015-11-05,3,2,-0.03661545626813023
2015-11-06,3,2,-0.036280446780145414
2015-11-09,3,2,-0.026720182516422608
2015-11-10,3,2,-0.028188196523284192
2015-11-11,2,2,-0.03018313488328317
2015-11-12,2,2,-0.016422516491965133
2015-11-13,2,2,-0.005274262367173432
2015-11-16,2,2,-0.019881232352572553
2015-11-17,2,2,-0.0185667209852306
2015-11-18,2,2,-0.0374499785806619
2015-11-19,2,2,-0.036367714324827216
2015-11-20,3,2,-0.04002540538771848
2015-11-23,3,2,-0.03883850476085837
2015-11-24,3,2,-0.04001160671286841
2015-11-25,3,2,-0.03988762521604694
2015-11-27,3,2,-0.04045722677168129
2015-11-30,3,2,-0.03598322755795169
2015-12-01,3,2,-0.04617067168022937
2015-12-02,3,2,-0.03556605190173423
2015-12-03,2,2,-0.02150157875101666
2015-12-04,3,2,-0.048491858010481836
2015-12-07,2,2,-0.06450437304933576
2015-12-08,2,2,-0.06859892350929586
2015-12-09,2,2,-0.06133460608892172
2015-12-10,2,2,-0.06344315813091084
2015-12-11,1,2,-0.060669740711972175
2015-12-14,1,0,-0.06511563939817433
2015-12-15,1,2,-0.07980780919991293
2015-12-16,2,2,-0.09297327439454173
2015-12-17,1,2,-0.08940739084087346
2015-12-18,1,2,-0.07290772566801629
2015-12-21,1,2,-0.08006336313717588
2015-12-22,2,2,-0.08810331551204253
2015-12-23,3,2,-0.09928841351232576
2015-12-24,3,2,-0.09784619776671244
2015-12-28,2,2,-0.0958765105496292
2015-12-29,3,2,-0.10538604478840097
2015-12-30,2,2,-0.0988824736086028
2015-12-31,2,2,-0.09032065062760553
2016-01-04,1,2,-0.07618280063254379
2016-01-05,1,2,-0.07803799650478838
2016-01-06,1,2,-0.06578540143926015
2016-01-07,1,0,-0.046137865971746184
2016-01-08,1,2,-0.036326210982726925
2016-01-11,1,2,-0.03732971713094446
2016-01-12,1,2,-0.056533360131527655
2016-01-13,1,2,-0.032376194158360794
2016-01-14,1,2,-0.04826625078848934
2016-01-15,1,2,-0.02725585466262148
2016-01-19,1,0,-0.02777290598698212
2016-01-20,1,2,-0.016269301691985594
2016-01-21,1,2,-0.021353797713321465
2016-01-22,1,2,-0.040809726447660455
2016-01-25,1,2,-0.025571633134311433
2016-01-26,1,2,-0.03916204758114972
2016-01-27,1,2,-0.028609361116401888
2016-01-28,1,2,-0.03395024178930206
2016-01-29,1,2,-0.05729189932131007
2016-02-01,1,2,-0.05687387131476063
2016-02-02,1,2,-0.03885912050978524
2016-02-03,1,2,-0.0436333401117196
2016-02-04,1,2,-0.0450912304257004
2016-02-05,1,2,-0.027111029733069225
2016-02-08,1,0,-0.01314312096516057
2016-02-09,1,2,-0.012487787761979896
2016-02-10,1,2,-0.012301161792504733
2016-02-11,1,2,0.019518049565855122
2016-02-12,1,2,0.01651665412216241
2016-02-16,1,4,0.011711493979073895
2016-02-17,1,4,-0.004691625187707826
2016-02-18,1,2,-2.6032942938902792e-05
2016-02-19,1,2,0.0018198073715756102
2016-02-22,1,2,-0.012454371867771763
2016-02-23,1,2,0.004439786812972857
2016-02-24,1,2,0.0012591623894406823
2016-02-25,1,2,-0.009975903668714259
2016-02-26,1,2,-0.008120976341902342
2016-02-29,1,2,0.023868791801894496
2016-03-01,2,2,0.0004599965582015031
2016-03-02,3,4,-0.003619492855588158
2016-03-03,3,4,-0.007093415508808265
2016-03-04,3,2,-0.010365042110196065
2016-03-07,4,2,-0.011240108649505087
2016-03-08,3,2,0.0050523932937867055
2016-03-09,3,2,0.00015580493345068724
2016-03-10,3,2,0.01324914837552793
2016-03-11,4,2,-0.003095598275481226
2016-03-14,4,2,-0.0018369416879204792
2016-03-15,3,2,0.005600351545632876
2016-03-16,4,2,0.004301442778358533
2016-03-17,4,2,-0.0022787647160624758
2016-03-18,4,4,-0.006655088456572145
2016-03-21,4,2,-0.007633142671366722
2016-03-22,4,2,-0.006761687526448679
2016-03-23,4,2,-0.0003780702927851376
2016-03-24,4,2,0.0005452554858313974
2016-03-28,4,2,0.0023857957512425365
2016-03-29,4,2,-0.006374652932922498
2016-03-30,4,2,-0.010678513294217096
2016-03-31,4,2,-0.008656411070922965
2016-04-01,4,2,-0.014893039628358085
2016-04-04,4,2,-0.01172232628465908
2016-04-05,4,2,-0.0015940042615411043
2016-04-06,4,2,-0.011975786526205012
2016-04-07,4,2,3.915748164673438e-05
2016-04-08,4,2,-0.002739785807018724
2016-04-11,4,2,0.004231114069826125
2016-04-12,4,2,-0.005379046644653163
2016-04-13,4,2,-0.015265911898247886
2016-04-14,4,2,-0.017366233321107427
2016-04-15,4,2,-0.016398088861823812
2016-04-18,4,2,-0.022790043897376377
2016-04-19,4,2,-0.02579496487863797
2016-04-20,4,2,-0.029661275769529594
2016-04-21,4,2,-0.02459499583386937
2016-04-22,4,2,-0.024641676214808395
2016-04-25,4,2,-0.02287107377015829
2016-04-26,4,2,-0.02469757293842867
2016-04-27,4,2,-0.026303541918218376
2016-04-28,4,2,-0.017231836498317277
2016-04-29,4,2,-0.012230673107260004
2016-05-02,4,2,-0.019885316314972257
2016-05-03,4,2,-0.011306782981232777
2016-05-04,4,2,-0.005401964532527281
2016-05-05,4,2,-0.005164190690265191
2016-05-06,4,2,-0.008312440771441443
2016-05-09,4,2,-0.009059111801464681
2016-05-10,4,2,-0.021277139019691638
2016-05-11,4,2,-0.011828721475378279
2016-05-12,4,2,-0.011661232737937177
2016-05-13,4,2,-0.0032101603803784684
2016-05-16,4,2,-0.012880625830548498
2016-05-17,4,2,-0.0035022894631270285
2016-05-18,4,2,-0.003706707658226005
2016-05-19,3,2,0.003921491660367815
2016-05-20,4,2,-0.0020854589704891735
2016-05-23,4,2,0.011318104723790245
2016-05-24,4,2,-0.002331381440816127
2016-05-25,4,2,-0.025414488070096275
2016-05-26,4,2,-0.04284965045175537
2016-05-27,4,2,-0.04693530284085956
2016-05-31,4,2,-0.0459762580673404
2016-06-01,4,2,-0.04705788770041042
2016-06-02,4,2,-0.049742060466338
2016-06-03,4,2,-0.046967005023007546
2016-06-06,4,2,-0.05161153004064867
2016-06-07,4,2,-0.052832851169837936
2016-06-08,4,2,-0.05595722354916799
2016-06-09,4,2,-0.054332795614913554
2016-06-10,4,2,-0.04557578047552946
2016-06-13,4,2,-0.03776707613937813
2016-06-14,3,2,-0.03603301025079553
2016-06-15,4,2,-0.034255351647356935
2016-06-16,3,2,-0.03727157086215771
2016-06-17,4,2,-0.03412478280451836
2016-06-20,4,2,-0.03970236934477378
2016-06-21,4,2,-0.042299711528594575
2016-06-22,3,2,-0.040715391928567546
2016-06-23,4,2,-0.05336627943178951
2016-06-24,3,2,-0.01809650217612302
2016-06-27,2,0,0.01777016508725926
2016-06-28,2,2,0.017032672570028273
2016-06-29,3,2,0.008586192155177086
2016-06-30,3,2,-0.0049122180927123615
2016-07-01,4,2,-0.006847477437932237
2016-07-05,3,2,0.004476719876007396
2016-07-06,3,2,-0.0008715778419239317
2016-07-07,3,2,0.015253349296718177
2016-07-08,4,2,0.003408615474199461
2016-07-11,4,2,0.007009293213798395
2016-07-12,4,2,0.00013476775533982632
2016-07-13,4,2,0.0021371648798544918
2016-07-14,4,2,-0.003105705697573624
2016-07-15,4,2,-0.0021787823506884685
2016-07-18,4,2,-0.004550237330942064
2016-07-19,4,2,-0.003119540761356121
2016-07-20,4,2,-0.0073584182799311115
2016-07-21,4,2,-0.0037594705597406852
2016-07-22,4,2,-0.008275747809247003
2016-07-25,4,2,-0.005280173796854637
2016-07-26,4,2,-0.005601150078205164
2016-07-27,4,2,-0.004407891000451691
2016-07-28,4,2,-0.006004455611850146
2016-07-29,4,2,-0.007623328862214396
2016-08-01,4,2,-0.006361619481225378
2016-08-02,4,2,0.0031339432802557354
2016-08-03,4,2,0.00021257188969192597
2016-08-04,4,2,0.002213255891186261
2016-08-05,4,2,-0.006335731116617782
2016-08-08,4,2,-0.005433494628019342
2016-08-09,4,2,-0.005821019566364827
2016-08-10,4,2,-0.021916870155531343
2016-08-11,4,2,-0.026525869105716082
2016-08-12,4,2,-0.02611205238976788
2016-08-15,4,2,-0.02939519470498575
2016-08-16,4,2,-0.02404787786007645
2016-08-17,4,2,-0.0258681305870766
2016-08-18,4,2,-0.028006145098355306
2016-08-19,4,2,-0.02660419097225175
2016-08-22,4,2,-0.026055545507188804
2016-08-23,4,2,-0.027952757575683163
2016-08-24,4,2,-0.02283212739161733
2016-08-25,4,2,-0.021496247037541494
2016-08-26,4,2,-0.019948926138750323
2016-08-29,4,2,-0.025046031524932233
2016-08-30,4,2,-0.023137554429359497
2016-08-31,4,2,-0.02081113459858297
2016-09-01,4,2,-0.020770609647516314
2016-09-02,4,2,-0.02486718292057133
2016-09-06,4,2,-0.02776607217070637
2016-09-07,4,2,-0.02762373065374535
2016-09-08,4,2,-0.0254573089688912
2016-09-09,4,2,-0.0009587505493080517
2016-09-12,4,2,-0.015409635268133548
2016-09-13,4,2,-0.0005876766502063147
2016-09-14,4,2,0.003189446287501063
2016-09-15,4,2,-0.006850572762776674
2016-09-16,4,2,-0.005918170043160198
2016-09-19,4,2,-0.005899676734419601
2016-09-20,4,2,-0.006196961203643325
2016-09-21,4,2,-0.016929303600168866
2016-09-22,4,2,-0.023277787427718466
2016-09-23,4,2,-0.017642222415206743
2016-09-26,4,2,-0.00913289071542156
2016-09-27,4,2,-0.015477322273705685
2016-09-28,4,2,-0.02066442603788743
2016-09-29,4,2,-0.011491621635977056
2016-09-30,4,2,-0.01942567890903446
2016-10-03,4,2,-0.022894679616256797
2016-10-04,4,2,-0.0244363140804007
2016-10-05,4,2,-0.032906923088575124
2016-10-06,4,2,-0.03498293997388169
2016-10-07,4,2,-0.031833024833368695
2016-10-10,4,2,-0.03627186510667424
2016-10-11,4,2,-0.024125673014058657
2016-10-12,3,2,-0.02524331833955884
2016-10-13,3,2,-0.02221289822179351
2016-10-14,3,2,-0.022409984747076894
2016-10-17,3,2,-0.019431022035915846
2016-10-18,3,2,-0.02543473711523836
2016-10-19,3,2,-0.02756628363937108
2016-10-20,3,2,-0.0262266403022986
2016-10-21,3,2,-0.026144698559016577
2016-10-24,3,2,-0.03074848771789984
2016-10-25,2,2,-0.027053501766783228
2016-10-26,2,2,-0.025357222126175638
2016-10-27,2,2,-0.02243751010079964
2016-10-28,1,2,-0.019389479062317916
2016-10-31,1,2,-0.019269558866927494
2016-11-01,1,2,-0.012567972757137502
2016-11-02,1,2,-0.0060821616071010665
2016-11-03,1,2,-0.0016661307322337615
2016-11-04,1,2,0.022223543967337278
2016-11-07,1,2,0.0037719744542996647
2016-11-08,1,2,0.011077020753253342
2016-11-09,2,2,0.00043450227989549894
2016-11-10,3,4,-0.0015132916227285076
2016-11-11,4,4,-0.00011550278622274313
2016-11-14,4,2,0.005886697404034358
2016-11-15,4,2,-0.0015822634216101639
2016-11-16,4,2,0.0022784096350842997
2016-11-17,4,2,-0.002386798421690206
2016-11-18,4,2,0.004207422976365116
2016-11-21,4,2,-0.0032298782340015597
2016-11-22,4,2,-0.0053836525718804484
2016-11-23,4,2,-0.00618667801778694
2016-11-25,4,2,-0.010061679602712648
2016-11-28,4,2,-0.004832536707530144
2016-11-29,4,2,-0.006159604894063753
2016-11-30,4,2,-0.0035155289737457407
2016-12-01,4,2,0.00039700650631591117
2016-12-02,4,2,0.005821305253253195
2016-12-05,4,2,0.0034108883546988267
2016-12-06,4,2,0.012024110463693116
2016-12-07,4,2,-0.0011243310600540513
2016-12-08,4,2,-0.0032765988065294183
2016-12-09,4,2,-0.00916117551149187
2016-12-12,4,2,-0.008032877466275123
2016-12-13,4,2,-0.01447796955711278
2016-12-14,4,2,-0.006412851924305185
2016-12-15,4,2,-0.010256252512742425
2016-12-16,4,2,-0.0085205461530935
2016-12-19,4,2,-0.0104749775096864
2016-12-20,4,2,-0.014061341358535095
2016-12-21,4,2,-0.011632565319674382
2016-12-22,4,2,-0.009787826053904936
2016-12-23,4,2,-0.011025740243930326
2016-12-27,4,2,-0.013244334755284748
2016-12-28,4,2,-0.004928994868740988
2016-12-29,4,2,-0.004637050227782158
2016-12-30,4,2,0.008486575281279274
2017-01-03,4,2,0.002595351766292442
2017-01-04,4,2,-0.0031091307249807576
2017-01-05,4,2,-0.0023402638139048415
2017-01-06,4,2,-0.005836695612828402
2017-01-09,4,2,-0.002296249795823102
2017-01-10,4,2,-0.002296249795823102
2017-01-11,4,2,-0.005111424592457836
2017-01-12,4,2,-0.002972992095892746
2017-01-13,4,2,-0.004813927341907331
2017-01-17,4,2,-0.001851920230175108
2017-01-18,4,2,-0.003609308355419394
2017-01-19,4,2,0.0006670567987270282
2017-01-20,4,2,-0.002690124758069401
2017-01-23,4,2,0.006034860634953176
2017-01-24,4,2,-0.0005262782001863586
2017-01-25,4,2,-0.008484273204814374
2017-01-26,4,2,-0.00775459140290502
2017-01-27,4,2,-0.006894100999569108
2017-01-30,4,2,-0.0008899054071440649
2017-01-31,4,2,0.00029836348965073256
2017-02-01,4,2,0.0005703094032936118
2017-02-02,4,2,0.005134033555967976
2017-02-03,4,2,-0.002115356985885164
2017-02-06,4,2,0.00022682918569594257
2017-02-07,4,2,0.0006933223855400961
2017-02-08,4,2,0.005752546449780516
2017-02-09,4,2,0.003566050102845164
2017-02-10,4,2,0.005245845097992419
2017-02-13,4,2,0.004007335176634763
2017-02-14,4,2,0.004123876939376325
2017-02-15,4,2,-0.0008641180363413437
2017-02-16,4,2,0.0016785565287558146
2017-02-17,4,2,-0.003036753281370541
2017-02-21,4,2,-0.009030204169933387
2017-02-22,4,2,-0.007956614674082596
2017-02-23,4,2,-0.00838903195834484
2017-02-24,4,2,-0.010877186649994153
2017-02-27,4,2,-0.011883072944139705
2017-02-28,3,2,-0.009328749593682573
2017-03-01,4,2,-0.022692312865529307
2017-03-02,4,2,-0.01693164980652584
2017-03-03,4,2,-0.017426746137281457
2017-03-06,3,2,-0.014196029095708051
2017-03-07,3,2,-0.011315621963884914
2017-03-08,3,2,-0.009052083705712088
2017-03-09,2,2,-0.00984410481052611
2017-03-10,2,2,-0.013070053312506325
2017-03-13,2,2,-0.013431761600529502
2017-03-14,2,2,-0.010086818057355007
2017-03-15,3,2,-0.023607513798582946
2017-03-16,3,2,-0.022016618188066328
2017-03-17,3,2,-0.020729548545411536
2017-03-20,3,2,-0.018757355298690048
2017-03-21,2,2,-0.006429155141084775
2017-03-22,2,2,-0.008303349190077247
2017-03-23,2,2,-0.0072507672973358694
2017-03-24,2,2,-0.006412183304513208
2017-03-27,2,2,-0.005398099686242053
2017-03-28,3,2,-0.012558506353005594
2017-03-29,3,2,-0.013629039162510348
2017-03-30,3,2,-0.016515673781137163
2017-03-31,3,2,-0.014292857363541245
2017-04-03,3,2,-0.012671540081158672
2017-04-04,3,2,-0.013223663692180199
2017-04-05,2,2,-0.010199961961811721
2017-04-06,2,2,-0.012106112509797984
2017-04-07,2,2,-0.011288319217536147
2017-04-10,3,2,-0.011967775623782595
2017-04-11,3,2,-0.010549022345311188
2017-04-12,2,2,-0.006814694227374907
2017-04-13,2,2,0.003958853086768022
2017-04-17,2,2,-0.004614747423620669
2017-04-18,2,2,-0.0017163507793208632
2017-04-19,2,2,0.004499253639707268
2017-04-20,3,2,-0.0030350729326357184
2017-04-21,2,2,0.0035509531265038863
2017-04-24,3,2,-0.007210948655758553
2017-04-25,3,2,-0.013221110480473364
2017-04-26,3,2,-0.012741595634316205
2017-04-27,3,2,-0.013287168699732455
2017-04-28,3,2,-0.011395823517925008
2017-05-01,3,2,-0.013105411649254828
2017-05-02,3,2,-0.014277484952367914
2017-05-03,2,2,-0.013022680943550191
2017-05-04,2,2,-0.01359686881415978
2017-05-05,2,2,-0.017613547790219508
2017-05-08,2,2,-0.017650332829323934
2017-05-09,3,2,-0.01664214653734486
2017-05-10,3,2,-0.017752676702665338
2017-05-11,3,2,-0.015623658569362209
2017-05-12,2,2,-0.014166161039896763
2017-05-15,3,2,-0.018852624868354928
2017-05-16,3,2,-0.018178214414433458
2017-05-17,2,2,0.003686818283279214
2017-05-18,2,2,0.006767499942466504
2017-05-19,2,2,0.005160131149745784
2017-05-22,2,2,0.001837871992654172
2017-05-23,2,2,0.002489126548973042
2017-05-24,2,2,0.003081927882359503
2017-05-25,2,2,-0.0013540060696753953
2017-05-26,2,2,-0.0016640392982495422
2017-05-30,2,2,-0.000459968801852062
2017-05-31,2,2,0.0031428119375227492
2017-06-01,3,2,-0.0043950254412356005
2017-06-02,3,2,-0.00807282488613359
2017-06-05,3,2,-0.006863517168213429
2017-06-06,3,2,-0.008059867327749992
2017-06-07,3,2,-0.00961304882200642
2017-06-08,3,2,-0.009877614205274776
2017-06-09,3,2,-0.009055140640106485
2017-06-12,3,2,-0.008084290067282174
2017-06-13,3,2,-0.012539224468505084
2017-06-14,3,2,-0.011554900397767964
2017-06-15,2,2,-0.009336211613837797
2017-06-16,3,2,-0.009617123187194432
2017-06-19,3,2,-0.01781564061913521
2017-06-20,2,2,-0.011193965182589749
2017-06-21,3,2,-0.010617507023424344
2017-06-22,3,2,-0.010166358595194103
2017-06-23,3,2,-0.01170899735733777
2017-06-26,3,2,-0.012021002897672828
2017-06-27,3,2,-0.0039803103600685175
2017-06-28,3,2,-0.012676719349457133
2017-06-29,3,2,-0.0041120599134848446
2017-06-30,3,2,-0.005636649433972685
2017-07-03,3,2,-0.007929160311481498
2017-07-05,3,2,-0.009368823820586791
2017-07-06,3,2,0.006403125486305727
2017-07-07,3,2,0.00014435945625401736
2017-07-10,3,2,-0.0007826806116978391
2017-07-11,3,2,0.007305607635895495
2017-07-12,3,2,-0.0020628421416146736
2017-07-13,3,2,-0.003930059228158922
2017-07-14,4,2,-0.008563540573622852
2017-07-17,4,2,-0.008511078082134804
2017-07-18,3,2,-0.009103492835703664
2017-07-19,4,2,-0.01771345119733836
2017-07-20,4,2,-0.019365624245219037
2017-07-21,3,2,-0.01900474390384066
2017-07-24,4,2,-0.017960113874503802
2017-07-25,4,2,-0.020822418050123415
2017-07-26,4,2,-0.021099118038165
2017-07-27,3,2,-0.020146025571734616
2017-07-28,3,2,-0.018830163419457868
2017-07-31,3,2,-0.0181152083210413
2017-08-01,3,2,-0.0205140819451195
2017-08-02,3,2,-0.020996386820937518
2017-08-03,2,2,-0.018853903039581343
2017-08-04,3,2,-0.020703894768467457
2017-08-07,3,2,-0.022314338384895493
2017-08-08,2,2,-0.01994806886902112
2017-08-09,2,2,-0.0195915838677444
2017-08-10,1,2,-0.00519229775622243
2017-08-11,1,2,-0.006459628024869324
2017-08-14,2,2,-0.016339274902844814
2017-08-15,1,2,-0.015848372315006465
2017-08-16,2,2,-0.01724398699465124
2017-08-17,1,2,-0.0018353673110713675
2017-08-18,1,2,0.001162651069903653
2017-08-21,1,2,0.004365007393478226
2017-08-22,1,2,-0.005520890438198034
2017-08-23,1,2,-0.0020744620703185834
2017-08-24,2,2,0.0016728693563305974
2017-08-25,2,2,0.00048707205438569545
2017-08-28,2,2,0.000842821736810162
2017-08-29,2,2,0.004615148933961866
2017-08-30,2,2,0.00010579867118853947
2017-08-31,3,2,-0.0055832359892128425
2017-09-01,3,2,-0.007550806889900619
2017-09-05,3,2,0.001456489957539997
2017-09-06,3,2,-0.0016670211624053577
2017-09-07,3,2,-0.001488850703918465
2017-09-08,3,2,0.01083929931877714
2017-09-11,3,2,0.003018359092398226
2017-09-12,3,2,-0.0003444302730152282
2017-09-13,4,2,-0.0011007176162897148
2017-09-14,4,2,0.00041664791636919496
2017-09-15,4,2,-0.0014278959884744813
2017-09-18,4,2,-0.002879624237947298
2017-09-19,4,2,-0.003985395098467626
2017-09-20,4,2,-0.004616814248272094
2017-09-21,4,2,-0.0015756959901617185
2017-09-22,4,2,-0.002222050282888466
2017-09-25,4,2,7.216672978804795e-05
2017-09-26,4,2,0.004085143947080816
2017-09-27,4,2,0.001204615596159142
2017-09-28,4,2,0.0037051100814438076
2017-09-29,4,2,0.003874003457017716
2017-10-02,4,2,0.0021588381272976687
2017-10-03,4,2,0.0012467201713795006
2017-10-04,4,2,0.0027544154488929884
2017-10-05,4,2,-0.002876131020706496
2017-10-06,4,2,-0.0018044339160793177
2017-10-09,4,2,0.002322412261707374
2017-10-10,4,2,0.0001137122740626495
2017-10-11,4,2,-0.0016867529508860502
2017-10-12,4,2,0.0008781073155288421
2017-10-13,4,2,0.0015588388515195284
2017-10-16,4,2,-0.00019157905528333075
2017-10-17,4,2,-0.000863577216709599
2017-10-18,4,2,-0.0016047208819892633
2017-10-19,4,2,-0.0019320850567190462
2017-10-20,4,2,-0.007013043156751109
2017-10-23,4,2,-0.0030526858629006393
2017-10-24,4,2,-0.004663049754275228
2017-10-25,4,2,0.001270946219078306
2017-10-26,4,2,0.0016482639449746372
2017-10-27,4,2,-0.006373306704661186
2017-10-30,4,2,-0.0031910233821128564
2017-10-31,4,2,-0.004131579932813545
2017-11-01,4,2,-0.005714591844683481
2017-11-02,4,2,-0.005903436204524493
2017-11-03,4,2,-0.00897272239184288
2017-11-06,4,2,-0.010230967502186883
2017-11-07,4,2,-0.010043763884424295
2017-11-08,4,2,-0.01147085892168509
2017-11-09,4,2,-0.0077380810692456725
2017-11-10,4,2,-0.006846583009843643
2017-11-13,3,2,-0.007822522870119086
2017-11-14,3,2,-0.005525675723266343
2017-11-15,3,2,0.0055485724273096615
2017-11-16,3,2,-0.0026259630899742037
2017-11-17,4,2,0.0012756828808564435
2017-11-20,4,2,0.005785970616780878
2017-11-21,4,2,-0.0007502611166068096
2017-11-22,4,2,0.0016710473375673995
2017-11-24,4,2,-0.0003842577408796899
2017-11-27,4,2,0.00947565069256795
2017-11-28,4,2,-0.000369225702197995
2017-11-29,4,2,0.0012185322891533623
2017-11-30,4,2,-0.006915771403868898
2017-12-01,4,2,-0.004901163156536437
2017-12-04,4,2,-0.0038530605358580994
2017-12-05,3,2,-0.00011410565998426492
2017-12-06,3,2,0.0029323579853828274
2017-12-07,3,2,0.005506306319651655
2017-12-08,3,2,0.00019234763930797705
2017-12-11,3,2,-0.0030000039466490103
2017-12-12,3,2,-0.004541890976105134
2017-12-13,3,2,-0.004070859227173984
2017-12-14,3,2,0.008144802461797163
2017-12-15,3,2,-0.0008221626810952509
2017-12-18,3,2,-0.0061519780340950625
2017-12-19,3,2,-0.002931177065984114
2017-12-20,3,2,-0.00210502662242229
2017-12-21,4,2,-0.004082575853271764
2017-12-22,3,2,-0.0036260705501548474
2017-12-26,4,2,-0.0025703758918578234
2017-12-27,4,2,-0.003358660329093155
2017-12-28,4,2,-0.005183153157965359
2017-12-29,3,2,0.008303361477520088
2018-01-02,4,2,0.006398818768781567
2018-01-03,4,2,0.004028636080503967
2018-01-04,4,2,-0.027551514174862124
2018-01-05,4,2,-0.03434371590739793
2018-01-08,4,2,-0.035946304717529354
2018-01-09,4,2,-0.06189461548755004
2018-01-10,4,2,-0.06085006773713553
2018-01-11,4,2,-0.06740957906747103
2018-01-12,4,2,-0.07366199284832975
2018-01-16,4,2,-0.07038557832527981
2018-01-17,4,2,-0.07905631064510454
2018-01-18,4,2,-0.07756529666388645
2018-01-19,4,2,-0.08159272847884746
2018-01-22,4,2,-0.08894198431640543
2018-01-23,4,2,-0.09091865940165844
2018-01-24,4,2,-0.09040931071663705
2018-01-25,4,2,-0.09095711895747116
2018-01-26,4,2,-0.10159530548956275
2018-01-29,4,2,-0.09550627696181202
2018-01-30,4,2,-0.0855397432312115
2018-01-31,4,2,-0.08598668237433393
2018-02-01,4,2,-0.08539393692960273
2018-02-02,3,2,-0.06557616422731971
2018-02-05,2,0,-0.025647973494703935
2018-02-06,2,2,-0.04235026645275197
2018-02-07,2,2,-0.03753641975808808
2018-02-08,1,2,0.014936090208494734
2018-02-09,1,2,0.013914584754042503
2018-02-12,2,2,0.0026129297463290957
2018-02-13,2,2,0.005531473030883083
2018-02-14,3,2,-0.007766889809897037
2018-02-15,3,2,-0.019599454545210726
2018-02-16,3,2,-0.019965467426872996
2018-02-20,3,2,-0.014207066978818017
2018-02-21,2,2,-0.021337687380565518
2018-02-22,2,2,-0.04278907707337509
2018-02-23,3,2,-0.05788957748912038
2018-02-26,3,2,-0.06883727197015221
2018-02-27,2,2,-0.05685280578717933
2018-02-28,2,2,-0.046270423992843424
2018-03-01,2,2,-0.03577365465397786
2018-03-02,2,2,-0.04063915176497912
2018-03-05,3,2,-0.0511073605402258
2018-03-06,3,2,-0.05360476375423062
2018-03-07,3,2,-0.053146605332468844
2018-03-08,3,2,-0.057353709449504575
2018-03-09,4,2,-0.07345596217768491
2018-03-12,4,2,-0.07227405311752966
2018-03-13,3,2,-0.06633258907485051
2018-03-14,3,2,-0.060957016907494
2018-03-15,3,2,-0.06022217593359458
2018-03-16,3,2,-0.06182031546012223
2018-03-19,3,2,-0.048302214158954415
2018-03-20,3,2,-0.04971035853072436
2018-03-21,3,2,-0.047954796807544775
2018-03-22,2,2,-0.023380222327006872
2018-03-23,2,2,-0.002465025510981267
2018-03-26,2,2,-0.028839090710148896
2018-03-27,1,2,-0.011766055911753504
2018-03-28,1,2,-0.008875284908829162
2018-03-29,1,2,-0.022337423560165104
2018-04-02,1,2,0.00874947283218197
2018-04-03,1,2,-0.0038172390579810367
2018-04-04,2,2,-0.015207820801004357
2018-04-05,2,2,-0.021920248779842444
2018-04-06,1,2,0.0033365488963206236
2018-04-09,1,2,0.006341008172744855
2018-04-10,2,2,-0.010215078465137695
2018-04-11,2,2,-0.0047157703321164535
2018-04-12,2,2,-0.012860412348099981
2018-04-13,2,2,-0.010002660795453755
2018-04-16,2,2,-0.017966012100361084
2018-04-17,3,2,-0.028325524093776533
2018-04-18,3,2,-0.029132669988946813
2018-04-19,3,2,-0.023541345981256567
2018-04-20,3,2,-0.015134005608356982
2018-04-23,3,2,-0.015189383175765458
2018-04-24,2,2,-0.00183335282459951
2018-04-25,2,2,-0.003663681985595746
2018-04-26,3,2,-0.013952305546813148
2018-04-27,3,2,-0.015049171306638076
2018-04-30,2,2,-0.006918324057916703
2018-05-01,3,2,-0.009443298138570255
2018-05-02,3,2,-0.0022536742393085563
2018-05-03,3,2,0.012811178963797909
2018-05-04,3,2,0.0031913856054723855
2018-05-07,4,2,-0.0002656413228280252
2018-05-08,4,2,0.006714342522019079
2018-05-09,4,2,-0.002939417643998965
2018-05-10,4,2,-0.01219577906693703
2018-05-11,4,2,-0.013879673752394295
2018-05-14,4,2,-0.014750131722356064
2018-05-15,4,2,-0.007962471791400416
2018-05-16,4,2,-0.011974410637208832
2018-05-17,4,2,-0.011128062517120396
2018-05-18,4,2,-0.00851828937688559
2018-05-21,4,2,-0.015788417235782615
2018-05-22,4,2,-0.012692455964555482
2018-05-23,4,2,-0.015889251056401266
2018-05-24,4,2,-0.013894148388445049
2018-05-25,4,2,-0.011564187290653005
2018-05-29,4,2,0.0036320756472310034
2018-05-30,4,2,-0.008950087138344553
2018-05-31,4,2,-0.00208487015271297
2018-06-01,4,2,-0.012795281565831096
2018-06-04,4,2,-0.017197840582054535
2018-06-05,4,2,-0.017887865665815683
2018-06-06,4,2,-0.026230530878920355
2018-06-07,4,2,-0.02553457891280464
2018-06-08,4,2,-0.02857117254845354
2018-06-11,4,2,-0.029608237666247317
2018-06-12,4,2,-0.0312970600453546
2018-06-13,4,2,-0.027381172277548216
2018-06-14,4,2,-0.029779121474897252
2018-06-15,4,2,-0.028791302471295244
2018-06-18,4,2,-0.026721989071653907
2018-06-19,4,2,-0.02279028124878213
2018-06-20,4,2,-0.024460555293484898
2018-06-21,4,2,-0.018230728054481338
2018-06-22,4,2,-0.020055320867055193
2018-06-25,4,2,-0.006418747072432285
2018-06-26,4,2,-0.008604355128821406
2018-06-27,4,2,0.005034055956021133
2018-06-28,4,2,-0.001137604995000041
2018-06-29,4,2,-0.0018945714756839482
2018-07-02,4,2,-0.00494735062681062
2018-07-03,4,2,0.008620803683929923
2018-07-05,4,2,0.008481281595267509
2018-07-06,4,2,0.005145245276920063
2018-07-09,4,2,-0.0036455757473720096
2018-07-10,4,2,-0.007094202866256172
2018-07-11,4,2,0.008749042674663476
2018-07-12,4,2,4.9992165276790956e-05
2018-07-13,4,2,-0.001028135726814483
2018-07-16,4,2,0.0012150193384981023
2018-07-17,4,2,-0.0027477605199968114
2018-07-18,4,2,-0.004897691623355294
2018-07-19,4,2,-0.0009484477101494582
2018-07-20,4,2,0.0002748273484753927
2018-07-23,4,2,-0.0015603541325466264
2018-07-24,4,2,-0.006311092505962845
2018-07-25,4,2,-0.015273682537332411
2018-07-26,4,2,-0.012278618920382622
2018-07-27,3,2,-0.005754170294581917
2018-07-30,3,2,0.0038392954366279763
2018-07-31,3,2,-0.0010403515262938923
2018-08-01,3,2,0.001780792210854365
2018-08-02,3,2,-0.0031302316789393325
2018-08-03,3,2,-0.007738475791025601
2018-08-06,3,2,-0.011236944377493674
2018-08-07,3,2,-0.01402152728542383
2018-08-08,3,2,-0.013762758391848262
2018-08-09,3,2,-0.012338872564822245
2018-08-10,3,2,-0.005262420923877076
2018-08-14,3,2,-0.007602164835758152
2018-08-15,2,2,0.007919408484583057
2018-08-16,2,2,0.0033231157222237684
2018-08-17,2,2,0.002403433505805852
2018-08-20,3,2,-2.4524722415653066e-05
2018-08-21,3,2,-0.00208874051692709
2018-08-22,3,2,-0.0016912621251551352
2018-08-23,3,2,0.005145276226073969
2018-08-24,3,2,-0.0010470728415853392
2018-08-27,3,2,-0.00865112460152917
2018-08-28,4,2,-0.0089180015035083
2018-08-29,4,2,-0.014536556414476376
2018-08-30,4,2,-0.01015120051892493
2018-08-31,4,2,-0.010284295021147472
2018-09-04,4,2,-0.00864427328694184
2018-09-05,3,2,-0.00585756610247079
2018-09-06,3,2,-0.002213344827027508
2018-09-07,3,2,0.0018978268127400888
2018-09-10,3,2,0.0011157664787058152
2018-09-11,3,2,-0.035392610085370424
2018-09-12,3,2,-0.055574335401895825
2018-09-13,3,2,-0.06053681885812312
2018-09-14,3,2,-0.06079555262640812
2018-09-17,3,2,-0.05553514571065765
2018-09-18,3,2,-0.06057891129276982
2018-09-19,3,2,-0.06175478842474791
2018-09-20,3,2,-0.06905395643180068
2018-09-21,3,2,-0.06871074559780688
2018-09-24,3,2,-0.06542507196175862
2018-09-25,3,2,-0.08899146500952004
2018-09-26,3,2,-0.08598501552526949
2018-09-27,3,2,-0.08850374136710704
2018-09-28,3,2,-0.09359363561065992
2018-10-01,3,2,-0.09688198324401265
2018-10-02,2,2,-0.09652358299631492
2018-10-03,3,2,-0.09716596723878523
2018-10-04,2,2,-0.08972952870405082
2018-10-05,2,2,-0.08466960169790161
2018-10-08,1,2,-0.08430779648105635
2018-10-09,1,2,-0.08300758958839449
2018-10-10,1,2,-0.051847281520085886
2018-10-11,1,2,-0.03193119461274063
2018-10-12,1,2,-0.045491136355535366
2018-10-15,1,2,-0.03982130133779038
2018-10-16,1,2,-0.06002659384059961
2018-10-17,1,2,-0.05978903794056312
2018-10-18,1,2,-0.04606000763782625
2018-10-19,1,2,-0.04571534874793448
2018-10-22,1,2,-0.04159465857979083
2018-10-23,1,2,-0.036282813281398485
2018-10-24,1,2,-0.008862632505179935
2018-10-25,1,2,-0.02698507446524845
2018-10-26,1,2,-0.009828104588487374
2018-10-29,1,2,-0.0032900866658779337
2018-10-30,1,2,-0.018664454809642295
2018-10-31,1,2,-0.02919893939897289
2018-11-01,1,4,-0.03934142250259165
2018-11-02,1,2,-0.03323466910485118
2018-11-05,1,2,-0.03861870925395039
2018-11-06,1,2,-0.04459884764949573
2018-11-07,1,2,-0.06444098415600696
2018-11-08,1,2,-0.062087840973852115
2018-11-09,1,2,-0.05337986941815642
2018-11-12,1,0,-0.034355229260982556
2018-11-13,1,2,-0.044901506710867345
2018-11-14,1,2,-0.057610780438820175
2018-11-15,1,2,-0.0674895659882111
2018-11-16,1,2,-0.0838038852002746
2018-11-19,1,2,-0.08299237018009786
2018-11-20,1,0,-0.08526841940819585
2018-11-21,1,2,-0.11276895680006283
2018-11-23,1,2,-0.10691492489172272
2018-11-26,1,2,-0.12057448592756592
2018-11-27,1,2,-0.12343357574724867
2018-11-28,1,2,-0.14311953021756163
2018-11-29,1,2,-0.14124477473707264
2018-11-30,1,2,-0.1482045800792099
2018-12-03,1,2,-0.15742356787206557
2018-12-04,1,2,-0.12924155513757196
2018-12-06,1,2,-0.12791404134402629
2018-12-07,1,2,-0.10709130451875437
2018-12-10,1,2,-0.10866197937246236
2018-12-11,1,2,-0.10834424125883746
2018-12-12,1,2,-0.1131505252476267
2018-12-13,1,2,-0.11297318168872572
2018-12-14,1,2,-0.09571332455975201
2018-12-17,1,2,-0.07652963079811703
2018-12-18,1,2,-0.07660941228609908
2018-12-19,1,2,-0.06217086260243454
2018-12-20,1,0,-0.047142289477162924
2018-12-21,1,0,-0.027112254452099527
2018-12-24,1,2,0.041167874995353015
2018-12-26,1,2,-0.00802774202120582
2018-12-27,1,2,-0.01644957038518191
2018-12-28,1,2,-0.015226893321485857
2018-12-31,1,2,-0.023519637306294916
2019-01-02,1,2,-0.02475673039503723
2019-01-03,1,2,0.03433571464262353
2019-01-04,1,2,0.007010434848680358
2019-01-07,1,4,0.009695285023358924
2019-01-08,1,2,0.003185271806920964
2019-01-09,2,2,-0.0009090483222699008
2019-01-10,2,2,-0.00540305384522155
2019-01-11,2,2,-0.005257525167898014
2019-01-14,2,2,0.010721688622945758
2019-01-15,2,2,0.0022219854881162515
2019-01-16,2,2,0.0064216979704068144
2019-01-17,3,2,-0.0011608896337945707
2019-01-18,3,2,-0.014157306164566674
2019-01-22,2,2,0.0022029127742235755
2019-01-23,2,2,0.0004926853572524426
2019-01-24,3,2,-0.0008818270451106391
2019-01-25,3,2,-0.009291647155798777
2019-01-28,3,2,-0.0014562465775435074
2019-01-29,3,2,0.01554926091974429
2019-01-30,4,2,0.008597395948725328
2019-01-31,4,2,0.0007211090941363629
2019-02-01,4,2,-0.00017734163802152203
2019-02-04,4,2,-0.0069067763049198705
2019-02-05,4,2,-0.011560763746298108
2019-02-06,4,2,-0.009357140143940179
2019-02-07,4,2,0.0006762010869560964
2019-02-08,4,2,0.0007091030986317026
2019-02-11,4,2,0.01227766585421608
2019-02-12,4,2,-0.0006047633542048958
2019-02-13,4,2,-0.0036178177613427343
2019-02-14,4,2,-0.0009687449706620166
2019-02-15,4,2,-0.011719998613756943
2019-02-19,4,2,-0.013198960081932887
2019-02-20,4,2,-0.01494950391153671
2019-02-21,4,2,-0.01146349240201483
2019-02-22,4,2,-0.017760728945124926
2019-02-25,4,2,-0.01896922403796364
2019-02-26,4,2,-0.01819314784389192
2019-02-27,4,2,-0.017658705664166274
2019-02-28,4,2,-0.01487522742773928
2019-03-01,4,2,-0.02162146111508667
2019-03-04,4,2,-0.017810015429198356
2019-03-05,4,2,-0.01669737623536216
2019-03-06,4,2,-0.010240084905917213
2019-03-07,4,2,-0.0021316888487414865
2019-03-08,4,2,0.014666041867757107
2019-03-11,4,2,0.0029533182046204143
2019-03-12,4,2,0.002450309452473043
2019-03-13,4,2,-0.004468222077542161
2019-03-14,4,2,-0.003603327464412276
2019-03-15,4,2,-0.008545631222818928
2019-03-18,4,2,-0.012206342068519005
2019-03-19,4,2,-0.012077357351062634
2019-03-20,4,2,-0.00915997394892798
2019-03-21,4,2,-0.019797601899434136
2019-03-22,4,2,-0.000839020658475631
2019-03-25,4,2,0.002505042059109064
2019-03-26,4,2,-0.0046443248906916645
2019-03-27,4,2,0.003589481529391092
2019-03-28,4,2,0.0067342800173637585
2019-03-29,4,2,0.011568600124275408
2019-04-01,4,2,1.745570720723677e-05
2019-04-02,4,2,0.002148376881724312
2019-04-03,4,2,0.001670511934036556
2019-04-04,4,2,-0.0004132616459192606
2019-04-05,4,2,-0.00502638989732429
2019-04-08,4,2,-0.006067494393846573
2019-04-09,4,2,-0.0025988397594490786
2019-04-10,4,2,-0.006055650548583369
2019-04-11,4,2,-0.026468656299334592
2019-04-12,4,2,-0.03286079287408061
2019-04-15,4,2,-0.032251722003122985
2019-04-16,4,2,-0.03274440138409007
2019-04-17,4,2,-0.030540031883186214
2019-04-18,3,2,-0.03206848506551352
2019-04-22,3,2,-0.03304705842350519
2019-04-23,4,2,-0.04152116702963038
2019-04-24,4,2,-0.0394157939405585
2019-04-25,4,2,-0.03906123285357954
2019-04-26,4,2,-0.04676721353079305
2019-04-29,4,2,-0.05436913934712839
2019-04-30,3,2,-0.05526797346620127
2019-05-01,3,2,-0.058716065786443394
2019-05-02,3,2,-0.05932095313854324
2019-05-03,3,2,-0.06830092908273377
2019-05-06,3,2,-0.06411660525415985
2019-05-07,3,2,-0.048404186922128334
2019-05-08,3,2,-0.04687401433801164
2019-05-09,2,2,-0.0439854882468117
2019-05-10,2,2,-0.04752896363343351
2019-05-13,1,2,-0.02397698442880436
2019-05-14,2,2,-0.03173851479744216
2019-05-15,2,2,-0.03735934956119158
2019-05-16,2,2,-0.045846816089114006
2019-05-17,1,2,-0.040244402732604545
2019-05-20,1,2,-0.033722631602201236
2019-05-21,1,2,-0.04186280766140382
2019-05-22,1,2,-0.039148983672673277
2019-05-23,1,2,-0.027563226136569585
2019-05-24,1,2,-0.028877697476282327
2019-05-28,1,2,-0.020675189258888893
2019-05-29,1,2,-0.013859069675636548
2019-05-30,1,2,-0.015924124746097168
2019-05-31,1,2,-0.0027652403144732274
2019-06-03,1,2,0.021432370568193138
2019-06-04,1,2,0.008161854781411959
2019-06-05,1,2,0.006135586748687638
2019-06-06,1,2,0.01049769746289475
2019-06-07,1,2,0.0022621756566143514
2019-06-10,1,2,-0.002386746465634526
2019-06-11,1,2,-0.0020375791387226005
2019-06-12,1,2,0.0024792670288005247
2019-06-13,1,2,-0.001611511904139773
2019-06-14,1,2,0.0009317492412306283
2019-06-17,1,2,0.008343550673161504
2019-06-18,1,2,-0.00136062743659493
2019-06-19,1,2,-0.004332856697128018
2019-06-20,1,2,-0.013675504972140873
2019-06-21,1,2,-0.012431936757742013
2019-06-24,1,2,-0.010718613174201863
2019-06-25,1,2,-0.0012339337557076835
2019-06-26,1,2,0.003823175554131808
2019-06-27,2,2,0.0057574526279098315
2019-06-28,2,2,0.007672301032188189
2019-07-01,2,2,0.002928125887423194
2019-07-02,2,2,-0.00654217480196384
2019-07-03,2,2,-0.021286331647472068
2019-07-05,2,2,-0.04871235922711592
2019-07-08,2,2,-0.04409011007924779
2019-07-09,2,2,-0.04527068726092964
2019-07-10,2,2,-0.04955783684887327
2019-07-11,2,2,-0.051724860552860075
2019-07-12,2,2,-0.056085908414194585
2019-07-15,2,2,-0.05625188463227815
2019-07-16,2,2,-0.05440671205476222
2019-07-17,2,2,-0.04819021048766936
2019-07-18,2,2,-0.051587422239586345
2019-07-19,2,2,-0.04569292075791109
2019-07-22,2,2,-0.048384749976751684
2019-07-23,2,2,-0.054856603011842475
2019-07-24,2,2,-0.05926689897363524
2019-07-25,2,2,-0.054290194482140675
2019-07-26,2,2,-0.06122556998296669
2019-07-29,2,2,-0.059705947028958484
2019-07-30,2,2,-0.05727498453449753
2019-07-31,2,2,-0.04689998948199303
2019-08-01,2,2,-0.03824535770275905
2019-08-02,1,2,-0.03118976472056656
2019-08-05,1,2,-0.0014552797768290215
2019-08-06,1,2,-0.014286331524018259
2019-08-07,1,2,-0.015041672655941696
2019-08-08,2,2,-0.033181416266363395
2019-08-09,1,2,-0.026741749541397186
2019-08-12,1,2,-0.014604313396720525
2019-08-13,1,2,-0.029292752911742603
2019-08-14,1,2,0.002291772703590489
2019-08-15,1,2,-0.00017207129427276868
2019-08-16,1,2,-0.014390595428528608
2019-08-19,1,2,-0.02617953499169534
2019-08-20,1,2,-0.018410521654453782
2019-08-21,1,2,-0.026439280826049072
2019-08-22,1,2,-0.025946336754618105
2019-08-23,1,2,0.007744626605771465
2019-08-26,1,2,-0.003203180635808267
2019-08-27,1,2,0.006545480165679685
2019-08-28,1,2,0.006347111954161377
2019-08-29,1,2,-0.006260747903845676
2019-08-30,1,2,-0.00689910050906084
2019-09-03,1,2,-0.006420570691633376
2019-09-04,1,2,-0.017077494357876644
2019-09-05,2,2,-0.02970090476415488
2019-09-06,2,2,-0.030583660279214553
2019-09-09,2,2,-0.03049251662896202
2019-09-10,3,4,-0.030804892432803155
2019-09-11,4,4,-0.03776156951348664
2019-09-12,4,2,-0.04052404767701079
2019-09-13,4,2,-0.03982848564193553
2019-09-16,4,2,-0.03680831463843737
2019-09-17,4,2,-0.03928863348584033
2019-09-18,3,2,-0.03961774879043323
2019-09-19,3,2,-0.03963693177518457
2019-09-20,3,2,-0.0349122709531926
2019-09-23,3,2,-0.034818710217636495
2019-09-24,2,2,-0.026626436875256898
2019-09-25,3,2,-0.03258433564850338
2019-09-26,2,2,-0.030228842573324477
2019-09-27,2,2,-0.025045641541864727
2019-09-30,2,2,-0.029942112211648775
2019-10-01,1,2,-0.017903202985502964
2019-10-02,1,2,0.001887357007744006
2019-10-03,1,2,-0.006036433667674923
2019-10-04,1,2,-0.019969427941253892
2019-10-07,1,2,-0.015560819201407838
2019-10-08,1,2,0.0091044925499415
2019-10-09,1,2,0.006415695380997066
2019-10-10,1,2,0.009536685119048594
2019-10-11,1,2,-0.0013871187334510982
2019-10-14,1,2,0.006759620885067985
2019-10-15,1,2,-0.0031645505144329844
2019-10-16,1,2,-0.0011673418658034729
2019-10-17,2,2,-0.003919344949506964
2019-10-18,2,2,0.0032784271725201375
2019-10-21,2,2,-0.003568666378412577
2019-10-22,2,2,0.0028471487971184484
2019-10-23,2,2,0.0019204463587332299
2019-10-24,2,2,0.004072700506109195
2019-10-25,2,2,0.004744286618367122
2019-10-28,3,2,-0.0008324053147991117
2019-10-29,3,2,0.00022067511148926577
2019-10-30,3,2,-0.0030228605633046968
2019-10-31,3,2,0.009662312168146059
2019-11-01,3,2,0.002513997899867171
2019-11-04,4,2,-0.001185699214361291
2019-11-05,4,2,0.0007024972279667807
2019-11-06,3,2,0.0027300951851503275
2019-11-07,3,2,0.0005931835956247689
2019-11-08,4,2,-0.0019624672514313435
2019-11-11,3,2,0.0015646460846321375
2019-11-12,4,2,0.0004398232905304944
2019-11-13,3,2,-0.0002715181057836302
2019-11-14,3,2,-0.0011076337083945065
2019-11-15,3,2,-0.00873589474208003
2019-11-18,3,2,-0.00923440128841202
2019-11-19,3,2,-0.008646930965472754
2019-11-20,3,2,-0.0049091865288245495
2019-11-21,3,2,-0.003331707585686128
2019-11-22,3,2,-0.005494692673669865
2019-11-25,4,2,-0.01290510166851977
2019-11-26,4,2,-0.015067590101348172
2019-11-27,4,2,-0.019162024044093506
2019-11-29,4,2,-0.015211822295583155
2019-12-02,3,2,-0.00663809511563529
2019-12-03,3,2,0.00632356747139462
2019-12-04,4,2,0.0015002511791302187
2019-12-05,3,2,0.0048405539888698446
2019-12-06,4,2,-0.0042562860832676686
2019-12-09,4,2,-0.0010969340964486207
2019-12-10,4,2,0.002908158040315856
2019-12-11,4,2,0.008575225775086182
2019-12-12,4,2,7.258178414493166e-05
2019-12-13,4,2,0.007049937959405783
2019-12-16,4,2,-9.715289241374325e-05
2019-12-17,4,2,-0.00043230017186479675
2019-12-18,4,2,0.004459292004863613
2019-12-19,4,2,0.004944781081796634
2019-12-20,4,2,2.1752118766205086e-05
2019-12-23,4,2,-0.0008436607500864612
2019-12-24,4,2,-0.0006483392668494847
2019-12-26,4,2,-0.005747034192920664
2019-12-27,4,2,-0.005780822450430323
2019-12-30,4,2,0.0029460216619106028
2019-12-31,4,2,-0.0016280928190489652
2020-01-02,4,2,-0.009923746383622367
2020-01-03,4,2,-0.002884238169725384
2020-01-06,4,2,-0.006395015087506617
2020-01-07,4,2,-0.003601873345194573
2020-01-08,4,2,-0.008462836071886581
2020-01-09,4,2,-0.015018148952249954
2020-01-10,4,2,-0.01219779715307967
2020-01-13,4,2,-0.019041177055845737
2020-01-14,4,2,-0.017553229223971623
2020-01-15,4,2,-0.019387168286754464
2020-01-16,4,2,-0.027523444951564335
2020-01-17,4,2,-0.03126485724869488
2020-01-21,4,2,-0.028688962087511483
2020-01-22,4,2,-0.028969663722059114
2020-01-23,4,2,-0.03007632395231863
2020-01-24,4,2,-0.050754524014047786
2020-01-27,3,2,-0.03922765384195048
2020-01-28,4,2,-0.09079920315833423
2020-01-29,3,2,-0.09750716110551982
2020-01-30,3,2,-0.10032705889892923
2020-01-31,3,2,-0.08411048363840312
2020-02-03,3,2,-0.09070705288476277
2020-02-04,3,2,-0.10412759258599791
2020-02-05,3,2,-0.11409455673191604
2020-02-06,3,2,-0.17909724054066178
2020-02-07,3,2,-0.17463958973757
2020-02-10,3,2,-0.18218788548801435
2020-02-11,3,2,-0.2612195986663316
2020-02-12,3,2,-0.2659634175916924
2020-02-13,3,2,-0.29277642037161844
2020-02-14,3,2,-0.29407781144784795
2020-02-18,3,2,-0.2920105227868637
2020-02-19,3,2,-0.2953265650877057
2020-02-20,3,2,-0.3167024083087556
2020-02-21,3,2,-0.3296682189068234
2020-02-24,2,2,-0.3064239707959703
2020-02-25,1,0,-0.2847667099451282
2020-02-26,1,0,-0.28205392153521736
2020-02-27,1,0,-0.24888212040962865
2020-02-28,1,0,-0.24264275357557985
2020-03-02,1,2,-0.27597624886016936
2020-03-03,1,2,-0.2550369035305716
2020-03-04,1,2,-0.2852031811628635
2020-03-05,1,2,-0.2601043851078366
2020-03-06,1,0,-0.24726739466052416
2020-03-09,1,0,-0.18538103860386435
2020-03-10,1,2,-0.22372610183595698
2020-03-11,1,2,-0.18384171549099393
2020-03-12,1,0,-0.0980553408667374
2020-03-13,1,2,-0.17470181473222446
2020-03-16,1,2,-0.06233104976391479
2020-03-17,1,0,-0.11536897023252524
2020-03-18,1,0,-0.06701146272816472
2020-03-19,1,2,-0.07138321230788436
2020-03-20,1,4,-0.02929386782180443
2020-03-23,1,0,0.09382773976227554
2020-03-24,1,2,0.009467428232137642
2020-03-25,1,4,-0.0020440055882241515
2020-03-26,1,4,-0.06067141338896498
2020-03-27,1,2,-0.027924772482552873
2020-03-30,1,0,-0.05944831178468746
2020-03-31,1,2,-0.04414243033166543
2020-04-01,1,0,0.007346651424306794
2020-04-02,1,2,-0.015137125124949469
2020-04-03,1,2,0.06861552105212043
2020-04-06,1,2,-0.0016030527844311804
2020-04-07,1,4,0.029010250030685025
2020-04-08,2,4,-0.004880007116529028
2020-04-09,2,4,-0.019090840434360268
2020-04-13,2,2,-0.009077908801167212
2020-04-14,2,2,-0.03847424079100581
2020-04-15,2,2,-0.016814227057193154
2020-04-16,2,0,-0.022500040769316554
2020-04-17,2,2,-0.04800734623283898
2020-04-20,2,2,-0.030674795694063395
2020-04-21,2,0,0.0223784565012779
2020-04-22,2,2,-0.0005394221197431159
2020-04-23,2,4,0.007934788328127107
2020-04-24,2,4,-0.005901136618795988
2020-04-27,3,4,-0.020316271388216012
2020-04-28,3,4,-0.015153330215557093
2020-04-29,3,4,-0.04065643912372796
2020-04-30,3,2,-0.03173636235380861
2020-05-01,3,0,-0.0037834893314018236
2020-05-04,3,2,-0.007999321187478814
2020-05-05,3,2,-0.016887207818791716
2020-05-06,3,2,-0.00997743403517981
2020-05-07,3,2,-0.021237732551705468
2020-05-08,3,4,-0.037476976926136385
2020-05-11,3,4,-0.03760505073379916
2020-05-12,3,0,-0.01746272460422804
2020-05-13,2,0,0.01152482269503552
2020-05-14,2,2,0.0039263632504382695
2020-05-15,2,2,0.02068652136901883
2020-05-18,3,4,-0.010484399194493177
2020-05-19,3,2,0.00874806491818414
2020-05-20,3,2,-0.007773596407737116
2020-05-21,3,2,0.002353711326488428
2020-05-22,3,2,0.012289184036080147
2020-05-26,4,2,0.003452831620599728
2020-05-27,4,4,-0.01120827713889716
2020-05-28,4,2,-0.00911958590059736
2020-05-29,4,2,-0.013865197737775059
2020-06-01,4,2,-0.01755059614405885
2020-06-02,4,4,-0.025551628772999324
2020-06-03,4,4,-0.038672764155819994
2020-06-04,4,4,-0.03542339278702089
2020-06-05,4,4,-0.060060752142373386
2020-06-08,4,4,-0.0712444360287855
2020-06-09,4,2,-0.06394397519177131
2020-06-10,4,2,-0.05894405927443824
2020-06-11,4,0,0.002315029794409895
2020-06-12,4,2,-0.010607274215421958
2020-06-15,4,2,-0.018763524766389428
2020-06-16,4,4,-0.037023861750997256
2020-06-17,4,2,-0.033544331837851216
2020-06-18,4,2,-0.034118277961257326
2020-06-19,4,2,-0.028630531189139496
2020-06-22,4,2,-0.03489895468200588
2020-06-23,4,2,-0.039038220257288425
2020-06-24,4,2,-0.01353297126527675
2020-06-25,4,2,-0.024226905044785974
2020-06-26,4,2,0.014685678433118632
2020-06-29,4,2,0.015409875731554612
2020-06-30,4,2,0.005022132820864389
2020-07-01,4,2,0.004541250844364075
2020-07-02,4,2,0.004891376879301523
2020-07-06,4,2,-0.010818532028197159
2020-07-07,4,2,0.0021396806437763427
2020-07-08,4,2,-0.005643606159361103
2020-07-09,4,2,0.001005669905583595
2020-07-10,4,2,-0.009362541127788226
2020-07-13,4,2,0.013406370782667931
2020-07-14,4,2,0.005645015111045648
2020-07-15,4,2,-0.0034061012455366413
2020-07-16,4,2,1.8601508240623232e-05
2020-07-17,4,2,-0.0028219719825742784
2020-07-20,4,4,-0.011135296970157471
2020-07-21,4,4,-0.012792854631435202
2020-07-22,4,2,-0.018433995017951954
2020-07-23,4,2,-0.006190400054688405
2020-07-24,4,2,0.0008738750093004732
2020-07-27,4,2,-0.006473392152297919
2020-07-28,4,2,0.008631520178293828
2020-07-29,4,2,-0.003750251937389204
2020-07-30,4,2,0.007670504990141325
2020-07-31,4,2,0.00718102343932614
2020-08-03,4,2,0.0036119303819721615
2020-08-04,4,4,0.006429743053199433
2020-08-05,4,4,0.0017789456123034064
2020-08-06,4,2,-0.00461906003567969
2020-08-07,4,2,-0.005800751126824988
2020-08-10,4,4,-0.00851960679967323
2020-08-11,4,2,-0.0005548966904956876
2020-08-12,4,2,-0.014350587472954146
2020-08-13,4,2,-0.012328652022653208
2020-08-14,4,2,-0.012158859296510838
2020-08-17,4,2,-0.01482851885681502
2020-08-18,4,2,-0.017092537245925077
2020-08-19,4,2,-0.016409655347828678
2020-08-20,4,2,-0.030852057997343252
2020-08-21,3,2,-0.034175563270301246
2020-08-24,3,2,-0.05664361572427612
2020-08-25,3,2,-0.06002409913940154
2020-08-26,3,2,-0.0695110169376143
2020-08-27,3,2,-0.07106516579849509
2020-08-28,3,2,-0.07727745563324007
2020-08-31,3,2,-0.0752476587244294
2020-09-01,3,2,-0.08215444926251414
2020-09-02,3,2,-0.09604454752912994
2020-09-03,3,2,-0.06313642397508301
2020-09-04,3,2,-0.055454408930564636
2020-09-08,2,2,-0.02848881204131215
2020-09-09,3,2,-0.047673418023378544
2020-09-10,3,2,-0.03062719441715267
2020-09-11,3,2,-0.03114366478613606
2020-09-14,3,2,-0.04333334776440978
2020-09-15,3,2,-0.04830060909540845
2020-09-16,3,2,-0.043884362023793644
2020-09-17,3,2,-0.035772931132549535
2020-09-18,3,2,-0.024868442720281436
2020-09-21,3,2,-0.013453010896017692
2020-09-22,3,2,-0.023721455093028143
2020-09-23,2,2,0.0029874591429570607
2020-09-24,2,2,0.0159767237756141
2020-09-25,2,2,0.01122039078961734
2020-09-28,3,2,-0.0048126645432444715
2020-09-29,2,2,-0.019319598728890996
2020-09-30,2,2,-0.02734759759236549
2020-10-01,3,2,-0.03278516513540786
2020-10-02,3,2,-0.02343193588860415
2020-10-05,3,2,-0.040673629274985634
2020-10-06,3,2,-0.027078495362630517
2020-10-07,4,2,-0.043714755348876255
2020-10-08,4,4,-0.05131384871856326
2020-10-09,4,2,-0.059583432948109416
2020-10-12,4,2,-0.07477180593064525
2020-10-13,4,2,-0.06889943006069221
2020-10-14,4,2,-0.06269150301842064
2020-10-15,4,2,-0.06125733392926891
2020-10-16,4,2,-0.061383971588442776
2020-10-19,3,2,-0.04580205097165535
2020-10-20,3,2,-0.050291639662994214
2020-10-21,3,2,-0.04820177637180756
2020-10-22,4,2,-0.05314335058617603
2020-10-23,4,2,-0.05639478895554584
2020-10-26,3,2,-0.038521366226159204
2020-10-27,3,2,-0.035603469845858604
2020-10-28,2,2,-0.0003271349849408578
2020-10-29,2,2,-0.012129550130175693
2020-10-30,1,2,0.01231820260127181
2020-11-02,2,2,0.01779929009643455
2020-11-03,3,4,0.02204704770168342
2020-11-04,2,4,0.019166879958140592
2020-11-05,3,4,-0.00028771518741854685
2020-11-06,3,2,0.007855973836192076
2020-11-09,4,2,-0.0037994621136107076
2020-11-10,4,4,-0.002403031270599487
2020-11-11,4,2,-0.009978532303877019
2020-11-12,4,2,0.005804345828875679
2020-11-13,4,2,-0.007701174018748924
2020-11-16,4,4,-0.01912643951129467
2020-11-17,4,2,-0.014403534480222246
2020-11-18,4,2,-0.002872926906509754
2020-11-19,4,2,-0.006792562915180156
2020-11-20,4,2,0.005635930617216234
2020-11-23,4,2,0.012309905226688844
2020-11-24,4,4,-0.0037905022074606887
2020-11-25,4,2,-0.002209584876511461
2020-11-27,4,2,-0.004595548640170977
2020-11-30,4,2,0.007140461134530041
2020-12-01,4,2,-0.0040846867907951
2020-12-02,4,2,-0.005865347729761217
2020-12-03,4,2,-0.005244463886633355
2020-12-04,4,4,-0.013957407523273457
2020-12-07,4,2,-0.012045084771675763
2020-12-08,4,2,-0.01479100810740086
2020-12-09,4,2,-0.006896629198694937
2020-12-10,4,2,-0.005618741820879958
2020-12-11,4,2,-0.004359258971957769
2020-12-14,4,2,0.010903393741375167
2020-12-15,4,2,-0.0019921148016369683
2020-12-16,4,2,-0.0037582473658297477
2020-12-17,4,2,-0.009461426491994218
2020-12-18,4,4,-0.005971273832919288
2020-12-21,4,2,-0.002073092860288006
2020-12-22,4,2,0.000745811250824957
2020-12-23,4,4,0.0028834319012593923
2020-12-24,4,2,-0.0006508552958537361
2020-12-28,4,2,-0.00929233168420851
2020-12-29,4,2,-0.007080722622284541
2020-12-30,4,2,-0.00841098605325663
2020-12-31,4,2,-0.014754827521051062
2021-01-04,4,2,0.003672351681259567
2021-01-05,4,4,-0.0033862599678392558
2021-01-06,4,4,-0.009044460269713173
2021-01-07,4,4,-0.02354232171295023
2021-01-08,4,2,-0.0288756035485761
2021-01-11,4,2,-0.022468125616558532
2021-01-12,4,2,-0.0228744031506376
2021-01-13,4,2,-0.025092942341624735
2021-01-14,4,2,-0.021419889657706248
2021-01-15,4,2,-0.014332915747528707
2021-01-19,4,2,-0.022287952026739832
2021-01-20,4,2,-0.03572571723536366
2021-01-21,4,2,-0.036031028676339005
2021-01-22,4,2,-0.03312012886709159
2021-01-25,4,4,-0.03660361503347831
2021-01-26,4,4,-0.03516713931036719
2021-01-27,4,2,-0.009739341283697356
2021-01-28,4,2,-0.019311475173124593
2021-01-29,4,2,0.016051767614439383
2021-02-01,4,2,0.009881075042643683
2021-02-02,4,4,-0.015116414248949384
2021-02-03,4,4,-0.016108933136227743
2021-02-04,4,4,-0.026672767229133698
2021-02-05,4,4,-0.030451577517628947
2021-02-08,4,4,-0.037572910821917826
2021-02-09,4,4,-0.036500029524859534
2021-02-10,4,4,-0.03616732900951791
2021-02-11,4,2,-0.03776699823183527
2021-02-12,4,2,-0.042278854262786325
2021-02-16,4,2,-0.041733339483528864
2021-02-17,4,2,-0.041426210515385975
2021-02-18,4,2,-0.03717453150869776
2021-02-19,4,2,-0.03538527088435339
2021-02-22,4,4,-0.027867929652231394
2021-02-23,4,0,-0.029087704361001276
2021-02-24,4,2,-0.03998541909316389
2021-02-25,4,2,-0.015895719834335797
2021-02-26,4,0,-0.01119870189686789
2021-03-01,4,2,-0.034176383154521206
2021-03-02,4,2,-0.026308123507983616
2021-03-03,4,2,-0.013417213930100202
2021-03-04,3,0,0.014032253769892256
2021-03-05,3,2,-0.005359231030161227
2021-03-08,3,4,0.01415464230382213
2021-03-09,4,4,0.003535069922127043
2021-03-10,4,4,-0.002480286515704977
2021-03-11,4,4,-0.01274330070328622
2021-03-12,4,2,-0.01374474280799165
2021-03-15,4,2,-0.0201061366526627
2021-03-16,4,2,-0.018565595030823223
2021-03-17,4,2,-0.021383406163756224
2021-03-18,4,2,-0.006722088495848877
2021-03-19,4,2,-0.006123074922738558
2021-03-22,4,2,-0.013056469758325195
2021-03-23,3,2,-0.00546733601831495
2021-03-24,2,0,0.005240265846959469
2021-03-25,3,2,0.01254118895719425
2021-03-26,3,2,-0.004023104579957026
2021-03-29,2,2,-0.0031578329337678124
2021-03-30,3,2,0.0036224990395776757
2021-03-31,3,2,0.011825201774944727
2021-04-01,3,4,0.013450639608371118
2021-04-05,3,2,-0.0009735307519511682
2021-04-06,3,2,0.001475232784985625
2021-04-07,3,2,0.0042206328286402695
2021-04-08,3,2,0.006709566578683601
2021-04-09,3,2,-0.0010026275511832994
2021-04-12,2,2,-0.0008067068805709399
2021-04-13,2,2,-0.018966099408911363
2021-04-14,2,2,-0.014939441033494205
2021-04-15,2,2,-0.02574797857867095
2021-04-16,2,2,-0.029251235702753786
2021-04-19,2,2,-0.02407241733748866
2021-04-20,1,0,-0.01738837887916156
2021-04-21,2,2,-0.026448304958229474
2021-04-22,2,2,-0.01739789351969112
2021-04-23,2,2,-0.028020364004715304
2021-04-26,3,4,-0.029749613059140367
2021-04-27,3,2,-0.02954106542461321
2021-04-28,3,2,-0.028719809252852113
2021-04-29,3,2,-0.03524426582861562
2021-04-30,3,2,-0.028252829954235836
2021-05-03,3,2,-0.030915960835574796
2021-05-04,2,2,-0.02440057852859767
2021-05-05,2,2,-0.025086394920625366
2021-05-06,2,2,-0.03298253394163664
2021-05-07,2,2,-0.040060495837450305
2021-05-10,1,2,-0.029937263236186507
2021-05-11,1,2,-0.021449400664502738
2021-05-12,1,2,0.012173141406923493
2021-05-13,1,0,0.0007732950227963276
2021-05-14,1,2,-0.01393675395953109
2021-05-17,1,4,-0.011435634518504711
2021-05-18,1,4,-0.002943411456817757
2021-05-19,1,2,0.00976258741785574
2021-05-20,2,2,-0.0007838806801412357
2021-05-21,2,2,0.002548289013501126
2021-05-24,2,2,-0.007290742497462088
2021-05-25,2,2,-0.005176460163991203
2021-05-26,2,2,-0.007040063825815901
2021-05-27,3,4,-0.008195827650503862
2021-05-28,3,2,-0.008957822034497687
2021-06-01,3,2,-0.008469658408571501
2021-06-02,3,4,-0.009902265314339465
2021-06-03,3,2,-0.0062964097758961834
2021-06-04,3,2,-0.01499801161631642
2021-06-07,4,2,-0.01421259663769725
2021-06-08,4,4,-0.014385103751368145
2021-06-09,4,2,-0.012584188321704715
2021-06-10,4,2,-0.017156614593609842
2021-06-11,4,2,-0.019067896712139487
2021-06-14,4,2,-0.02084526022982036
2021-06-15,3,2,-0.018871530189205177
2021-06-16,4,2,-0.013554465836267626
2021-06-17,3,2,-0.013124468779900589
2021-06-18,3,0,0.014002289962720793
2021-06-21,3,2,0.0040356572823398995
2021-06-22,3,2,-0.0010832833431588806
2021-06-23,4,2,0.003925275644136583
2021-06-24,4,2,-0.0018750775369281714
2021-06-25,4,2,-0.005188394403752072
2021-06-28,4,2,-0.007486028776731213
2021-06-29,4,2,-0.007761212504860837
2021-06-30,4,2,-0.009077316026759763
2021-07-01,4,2,-0.014224666977950329
2021-07-02,4,2,-0.021563024199447334
2021-07-06,3,2,-0.019580757613059108
2021-07-07,3,0,-0.02286293688273422
2021-07-08,3,2,-0.014425408227944247
2021-07-09,3,2,-0.02541670773345095
2021-07-12,3,2,-0.028768596622478992
2021-07-13,3,2,-0.02534090317297155
2021-07-14,2,0,-0.026474996109868476
2021-07-15,1,2,-0.02328872869789611
2021-07-16,1,2,-0.015869512427409305
2021-07-19,1,2,0.015162609437855634
2021-07-20,1,2,0.008241819990835397
2021-07-21,2,4,0.0020166699583279435
2021-07-22,2,2,0.004506071205651496
2021-07-23,1,2,-0.005582741380352196
2021-07-26,1,2,-0.007946012253681412
2021-07-27,1,2,-0.0032488776029793165
2021-07-28,1,2,-0.003063186275167884
2021-07-29,1,2,-0.007238891370664691
2021-07-30,1,2,-0.001842805614891363
2021-08-02,1,2,0.0029882344875360456
2021-08-03,1,2,-0.00517275772190684
2021-08-04,1,2,-0.0005428846728851022
2021-08-05,1,2,-0.006509240588230547
2021-08-06,2,2,-0.008170818533538404
2021-08-09,2,2,-0.007237713045718852
2021-08-10,2,2,-0.00822223034174785
2021-08-11,2,2,-0.009485872586407429
2021-08-12,2,2,-0.013575961767905986
2021-08-13,1,2,-0.015158903417356706
2021-08-16,1,0,-0.017733277845877526
2021-08-17,1,0,-0.010748470745585936
2021-08-18,1,2,0.0012566922329095842
2021-08-19,1,2,-0.010910578407944627
2021-08-20,1,2,-0.01969529073691756
2021-08-23,1,2,-0.027980580498724872
2021-08-24,1,4,-0.02943229384970225
2021-08-25,1,2,-0.03158229564376169
2021-08-26,1,2,-0.02590829051314314
2021-08-27,1,2,-0.03475878677103561
2021-08-30,1,2,-0.03889784130651963
2021-08-31,2,2,-0.047569168801901096
2021-09-01,2,2,-0.04786593815917739
2021-09-02,2,2,-0.0521253759010486
2021-09-03,2,2,-0.051807701968044295
2021-09-07,2,2,-0.048577074633405326
2021-09-08,1,2,-0.047320903663296665
2021-09-09,2,2,-0.042912935191736556
2021-09-10,2,2,-0.03546423175469704
2021-09-13,2,2,-0.0376549982358968
2021-09-14,1,2,-0.032092785365485876
2021-09-15,1,2,-0.04022590812113669
2021-09-16,2,2,-0.038734850866163684
2021-09-17,2,2,-0.029896360341561956
2021-09-20,1,2,-0.013142168006722077
2021-09-21,1,2,-0.01233983385929116
2021-09-22,1,2,-0.021653313924897444
2021-09-23,2,2,-0.033382937253766176
2021-09-24,2,2,-0.03479311324723777
2021-09-27,2,2,-0.032105868802083326
2021-09-28,2,2,-0.011985839200573056
2021-09-29,1,2,-0.013533786415900972
2021-09-30,1,2,-0.0016436476645127485
2021-10-01,2,2,-0.012985898136748442
2021-10-04,1,2,0.010524514660609219
2021-10-05,2,2,0.0011343775614365281
2021-10-06,1,2,-0.0029562862625956976
2021-10-07,2,2,-0.011161941991683633
2021-10-08,2,2,-0.00926595136201136
2021-10-11,2,2,-0.0024167805585421087
2021-10-12,2,2,0.00302251448379387
2021-10-13,2,2,0.01706310194558336
2021-10-14,3,2,0.007460210377712606
2021-10-15,2,2,0.00337476955709759
2021-10-18,2,2,0.007393339551406308
2021-10-19,2,2,0.0036640298040166996
2021-10-20,3,2,0.001920104988989868
2021-10-21,3,2,-0.0010725536274130976
2021-10-22,2,2,0.0014918421930487646
2021-10-25,3,2,-0.0032409656345369076
2021-10-26,3,2,-0.005051568068462853
2021-10-27,2,2,0.009433866121509649
2021-10-28,2,2,-0.00039156663622796906
2021-10-29,2,2,-0.008333706184746159
2021-11-01,3,2,-0.02181124452258254
2021-11-02,3,2,-0.025398133255922217
2021-11-03,3,2,-0.03165488142450057
2021-11-04,3,2,-0.03568758038148678
2021-11-05,3,2,-0.0392737788862394
2021-11-08,4,4,-0.040125943470000536
2021-11-09,3,2,-0.036755767768528846
2021-11-10,3,2,-0.028766573123499062
2021-11-11,3,2,-0.02930136987020704
2021-11-12,3,2,-0.03626211709803384
2021-11-15,3,2,-0.03625176661514973
2021-11-16,3,2,-0.039962532107434945
2021-11-17,3,2,-0.037458359351145276
2021-11-18,2,0,-0.04070536086630083
2021-11-19,2,2,-0.039361749229999465
2021-11-22,1,2,-0.03628060672773237
2021-11-23,1,2,-0.03787497577174914
2021-11-24,1,2,-0.04007689599411757
2021-11-26,1,2,-0.01775556543180279
2021-11-29,1,0,-0.0305524663171034
2021-11-30,1,0,-0.011815187417889228
2021-12-01,1,0,0.005625949803012231
2021-12-02,1,2,-0.008448563730297565
2021-12-03,1,2,0.006519841135356197
2021-12-06,1,2,-0.00515061028909769
2021-12-07,1,4,-0.025333115798527817
2021-12-08,1,2,-0.028330991917597692
2021-12-09,1,2,-0.021302889505089406
2021-12-10,1,2,-0.030560141808210095
2021-12-13,1,2,-0.021621511953868522
2021-12-14,1,0,-0.014257346414605743
2021-12-15,1,2,-0.030113501530670495
2021-12-16,1,2,-0.021558581786250475
2021-12-17,1,2,-0.019019090102990854
2021-12-20,1,2,-0.01867111761722362
2021-12-21,1,2,-0.05404981902770145
2021-12-22,1,2,-0.06358273150176919
2021-12-23,1,2,-0.07815409501842141
2021-12-27,1,2,-0.09209815745595074
2021-12-28,1,2,-0.09607327559603751
2021-12-29,1,2,-0.09733871206813804
2021-12-30,1,2,-0.09463188267427303
2021-12-31,1,2,-0.09224796250682676
2022-01-03,1,2,-0.09799737462404645
2022-01-04,1,2,-0.09742909616518813
2022-01-05,1,0,-0.07957960640662287
2022-01-06,1,2,-0.07869167799149679
2022-01-07,1,2,-0.07494500476428756
2022-01-10,1,2,-0.07361004789041103
2022-01-11,1,2,-0.08201874213858629
2022-01-12,1,2,-0.0845981198535265
2022-01-13,1,2,-0.07137108687106153
2022-01-14,1,2,-0.07213192038927208
2022-01-18,1,2,-0.05475072811046733
2022-01-19,1,2,-0.045502080556779956
2022-01-20,1,2,-0.03484934750127744
2022-01-21,1,0,-0.021187232436706616
2022-01-24,1,2,-0.04186495357700326
2022-01-25,1,2,-0.03005892170037916
2022-01-26,1,2,-0.02860509726662508
2022-01-27,1,0,-0.02334670926379112
2022-01-28,1,2,-0.04656071236826731
2022-01-31,1,4,-0.06423355233207817
2022-02-01,1,4,-0.07061194585425856
2022-02-02,1,2,-0.07928737478787751
2022-02-03,1,0,-0.06172055935371301
2022-02-04,1,2,-0.07328683634793431
2022-02-07,1,2,-0.06984366488997129
2022-02-08,1,2,-0.07759299723523927
2022-02-09,1,4,-0.0907921565121036
2022-02-10,1,2,-0.07401730809175189
2022-02-11,1,0,-0.0561122729470267
2022-02-14,1,2,-0.05247320463868699
2022-02-15,1,2,-0.06718070634442286
2022-02-16,1,2,-0.06800199021912046
2022-02-17,1,2,-0.047841813391311216
2022-02-18,1,0,-0.04096924421146564
2022-02-22,1,0,-0.031142172295655635
2022-02-23,1,0,-0.012968833200213026
2022-02-24,1,2,-0.027514163878597175
2022-02-25,1,2,-0.04879516307947107
2022-02-28,1,2,-0.04646605779145818
2022-03-01,1,2,-0.031479654663337575
2022-03-02,1,2,-0.04920503217294914
2022-03-03,1,2,-0.044182530201104964
2022-03-04,1,0,-0.036538384750098296
2022-03-07,1,0,-0.00723375351819977
2022-03-08,1,2,0.0005777610127570831
2022-03-09,1,4,-0.024491108306287646
2022-03-10,1,2,-0.020286359931114828
2022-03-11,1,2,-0.007421002465963666
2022-03-14,1,0,0.021408574170870942
2022-03-15,1,2,0.02238376135718223
2022-03-16,1,4,0.00796950373769012
2022-03-17,2,4,-0.004528892873349455
2022-03-18,2,4,-0.01600453805985902
2022-03-21,2,2,-0.015576648249323588
2022-03-22,3,2,-0.026580295173790458
2022-03-23,2,2,-0.04139373990563622
2022-03-24,2,2,-0.05494946252077282
2022-03-25,2,2,-0.08097182483542087
2022-03-28,2,2,-0.08749165614179999
2022-03-29,3,2,-0.09854043801724255
2022-03-30,2,2,-0.1022325065050057
2022-03-31,2,2,-0.08795671180434306
2022-04-01,2,2,-0.0910564117568774
2022-04-04,3,4,-0.09835159373003177
2022-04-05,2,2,-0.0868904982019858
2022-04-06,2,0,-0.07984782174026506
2022-04-07,2,2,-0.11309916095494676
2022-04-08,1,2,-0.1107417136885489
2022-04-11,1,2,-0.10818053968075858
2022-04-12,1,2,-0.1062820717527847
2022-04-13,2,2,-0.11615862577273495
2022-04-14,1,2,-0.10529318285500355
2022-04-18,1,0,-0.10510984824521541
2022-04-19,2,2,-0.12068684217264647
2022-04-20,2,2,-0.12527556801446715
2022-04-21,1,2,-0.11217756942042734
2022-04-22,1,0,-0.08684664583667911
2022-04-25,1,2,-0.09202025719518447
2022-04-26,1,2,-0.06572383201123633
2022-04-27,1,2,-0.06767988329686359
2022-04-28,1,2,-0.09019474307580178
2022-04-29,1,2,-0.05593999096924407
2022-05-02,1,2,-0.06126752569675653
2022-05-03,1,2,-0.06578643477902935
2022-05-04,1,2,-0.09287537238490307
2022-05-05,1,2,-0.05934115879469526
2022-05-06,1,0,-0.05397318996755318
2022-05-09,1,0,-0.022662117886467548
2022-05-10,1,0,-0.025058424299138737
2022-05-11,1,0,-0.008739090251404957
2022-05-12,1,2,-0.04591514466000168
2022-05-13,1,4,-0.0716744045708938
2022-05-16,1,2,-0.06799634447839409
2022-05-17,1,2,-0.10322708537711822
2022-05-18,1,2,-0.06547677603304203
2022-05-19,1,2,-0.059992980188057876
2022-05-20,1,2,-0.06013033440423643
2022-05-23,1,2,-0.07725196111198485
2022-05-24,1,2,-0.06969716002587167
2022-05-25,1,2,-0.07840691941119027
2022-05-26,1,4,-0.09637394768867391
2022-05-27,1,4,-0.11819187616456217
2022-05-31,1,2,-0.1126241529980645
2022-06-01,1,2,-0.10593406441641284
2022-06-02,1,2,-0.12211438993131618
2022-06-03,1,2,-0.10752481789907409
2022-06-06,1,2,-0.11031611281969989
2022-06-07,2,2,-0.11870899357393139
2022-06-08,2,2,-0.10909258726053339
2022-06-09,1,2,-0.08737326282793734
2022-06-10,1,0,-0.06000986486165938
2022-06-13,1,0,-0.022098144582499146
2022-06-14,1,2,-0.018393877439246253
2022-06-15,1,2,-0.03251195148816344
2022-06-16,1,2,0.002200865698254617
2022-06-17,1,2,0.023143811064801678
2022-06-21,1,2,-0.0013015723144006452
2022-06-22,1,2,0.006779451250604751
2022-06-23,1,2,-0.002726773956394979
2022-06-24,1,4,-0.03230278795045982
2022-06-27,1,2,-0.029417175784613003
2022-06-28,1,2,-0.009464789301062981
2022-06-29,1,0,-0.008759278267998716
2022-06-30,1,0,0.0013208713933052785
2022-07-01,1,2,-0.009136517528869237
2022-07-05,1,2,-0.010703690022533685
2022-07-06,1,2,-0.014226022397737403
2022-07-07,1,2,-0.02876022543948964
2022-07-08,1,2,-0.027953162624766326
2022-07-11,1,2,-0.01661725597924213
2022-07-12,1,2,-0.00744217179539064
2022-07-13,1,2,-0.00299863390215227
2022-07-14,1,2,0.010677086755146226
2022-07-15,1,2,-0.008363571580831342
2022-07-18,1,2,0.023545674947464068
2022-07-19,1,2,-0.003972853542166033
2022-07-20,2,4,-0.009810817059449084
2022-07-21,2,2,-0.019480089347185148
2022-07-22,1,2,-0.01024321685385865
2022-07-25,2,2,-0.01154320266205866
2022-07-26,1,2,0.026156273782937722
2022-07-27,2,2,0.012133338697180918
2022-07-28,3,4,-0.0036268320828541922
2022-07-29,3,2,-0.024133881809242252
2022-08-01,3,2,-0.032163601603517944
2022-08-02,3,2,-0.033288589226301735
2022-08-03,4,4,-0.04817370303467017
2022-08-04,4,4,-0.05483700025860938
2022-08-05,4,4,-0.05717470208846398
2022-08-08,4,4,-0.05600646220244909
2022-08-09,4,2,-0.05197861046174268
2022-08-10,4,2,-0.07174181903033106
2022-08-11,4,4,-0.07108649474281226
2022-08-12,4,4,-0.08690348922915525
2022-08-15,4,2,-0.09051373307306154
2022-08-16,4,2,-0.09380518427365159
2022-08-17,4,2,-0.09375437695370648
2022-08-18,4,2,-0.09580649941297836
2022-08-19,4,2,-0.08810495746673153
2022-08-22,3,0,-0.0841133697810541
2022-08-23,3,2,-0.0897951650963339
2022-08-24,4,2,-0.10808135611288139
2022-08-25,4,4,-0.12957002013303098
2022-08-26,3,2,-0.10113461500856635
2022-08-29,3,2,-0.09510224460895833
2022-08-30,2,2,-0.08672254727064366
2022-08-31,2,2,-0.09339567201327437
2022-09-01,2,2,-0.09610395429209528
2022-09-02,2,2,-0.08629394885543018
2022-09-06,2,2,-0.08253688511942758
2022-09-07,2,2,-0.09906102168947395
2022-09-08,2,2,-0.10497776476077947
2022-09-09,3,2,-0.1184404570805827
2022-09-12,4,4,-0.12767339976146697
2022-09-13,3,2,-0.09043680468290316
2022-09-14,3,2,-0.0935071070665291
2022-09-15,3,2,-0.08313021396213871
2022-09-16,2,2,-0.0764974951402948
2022-09-19,2,2,-0.08278691762443968
2022-09-20,1,2,-0.07233012717766985
2022-09-21,1,0,-0.05617515526245831
2022-09-22,1,0,-0.04815339088388948
2022-09-23,1,0,-0.03146296108999058
2022-09-26,1,0,-0.021343134119437446
2022-09-27,1,2,-0.019263620116069746
2022-09-28,1,2,-0.038184587494095146
2022-09-29,1,2,-0.01742630537177514
2022-09-30,1,2,-0.002395704957546596
2022-10-03,1,2,-0.02756608233081781
2022-10-04,1,4,-0.05642412447628098
2022-10-05,1,2,-0.05451618659016677
2022-10-06,1,2,-0.044729361670055034
2022-10-07,1,2,-0.017207619482283665
2022-10-10,1,0,-0.00978849579717267
2022-10-11,1,2,-0.0032907731480149582
2022-10-12,1,2,0.0016885625820948214
2022-10-13,1,2,-0.02366266361565439
2022-10-14,1,2,0.02308354549576852
2022-10-17,1,2,-0.003308887297697516
2022-10-18,1,2,-0.014569957756881635
2022-10-19,1,2,-0.007950909706564868
2022-10-20,1,2,0.014760804753368939
2022-10-21,1,2,-0.008756274044867118
2022-10-24,1,2,-0.02039590700856153
2022-10-25,1,2,-0.03607573014721721
2022-10-26,1,2,-0.028901530375322393
2022-10-27,1,2,-0.02295856778530092
2022-10-28,1,2,-0.046441265526410036
2022-10-31,1,2,-0.03927966793676774
2022-11-01,2,2,-0.035323306353202244
2022-11-02,1,2,-0.010585992315429671
2022-11-03,1,0,0.007709952877495763
2022-11-04,1,2,-0.005829383030091728
2022-11-07,1,2,-0.015296306536161652
2022-11-08,1,2,-0.02077788695478977
2022-11-09,1,2,0.04944548191325304
2022-11-10,2,2,-0.005674442645032252
2022-11-11,3,4,-0.014778623911734567
2022-11-14,3,2,-0.005895527986606863
2022-11-15,3,2,-0.024044707667696286
2022-11-16,3,2,-0.026884459794647042
2022-11-17,2,2,-0.03266139234437626
2022-11-18,3,2,-0.03724275156933865
2022-11-21,2,2,-0.033489124204197585
2022-11-22,3,2,-0.04643847815895241
2022-11-23,3,2,-0.05204533532674693
2022-11-25,3,2,-0.05177694629333307
2022-11-28,3,2,-0.045590996174127874
2022-11-29,3,2,-0.044069283200739884
2022-11-30,4,2,-0.07276522664883367
2022-12-01,4,2,-0.07196002834174497
2022-12-02,4,2,-0.07085000956068055
2022-12-05,3,2,-0.053920665104975174
2022-12-06,3,0,-0.040098861448092604
2022-12-07,2,2,-0.0383078339581574
2022-12-08,3,2,-0.04548746909135748
2022-12-09,2,2,-0.03842026357691675
2022-12-12,3,2,-0.05195764124489599
2022-12-13,3,4,-0.05881853827687056
2022-12-14,3,2,-0.05308713545529431
2022-12-15,2,2,-0.028885331270455006
2022-12-16,2,0,-0.017947474999947755
2022-12-19,2,2,-0.009021217761437716
2022-12-20,2,2,-0.010048132809347687
2022-12-21,2,2,-0.02455110099464375
2022-12-22,2,2,-0.010247495147226005
2022-12-23,2,2,-0.016021581390292527
2022-12-27,2,2,-0.012020638322615351
2022-12-28,1,2,0.00657644206411323
2022-12-29,2,2,-0.010698086740170809
2022-12-30,2,2,-0.008178122761752782
2023-01-03,2,2,-0.004194353599094258
2023-01-04,3,2,-0.011645528874622113
2023-01-05,3,2,0.022055615157297925
2023-01-06,3,2,-0.0007676325452631305
2023-01-09,3,4,0.0017368585035215656
2023-01-10,4,4,-0.00520505258499715
2023-01-11,4,4,-0.017825430672228193
2023-01-12,4,4,-0.0211690251414276
2023-01-13,4,4,-0.02506569945445969
2023-01-17,4,2,-0.023082076217838643
2023-01-18,4,2,-0.007638350296294338
2023-01-19,4,2,0.018918401045981525
2023-01-20,4,2,0.006225121469269679
2023-01-23,4,4,-0.007154569331986327
2023-01-24,4,2,-0.006447653731955105
2023-01-25,4,2,-0.0114983571561047
2023-01-26,4,2,-0.022261163004874907
2023-01-27,4,2,-0.02469439538646101
2023-01-30,4,2,-0.016521634297243737
2023-01-31,4,2,-0.030714370327889595
2023-02-01,4,4,-0.04074083864401523
2023-02-02,4,4,-0.05463708104112219
2023-02-03,4,2,-0.0447457956437759
2023-02-06,4,2,-0.038843851861846246
2023-02-07,4,2,-0.0590009441980367
2023-02-08,4,2,-0.06223372914551317
2023-02-09,4,0,-0.05530809512051327
2023-02-10,4,2,-0.057377398486522235
2023-02-13,4,2,-0.0680469647133245
2023-02-14,4,2,-0.06778555823692556
2023-02-15,4,2,-0.07036360329327307
2023-02-16,4,2,-0.057365864885346896
2023-02-17,4,2,-0.054749974458271455
2023-02-21,4,2,-0.03541857210345867
2023-02-22,4,2,-0.033898356925447404
2023-02-23,4,2,-0.03901983289627409
2023-02-24,3,2,-0.028785611271533007
2023-02-27,3,2,-0.03176101409732113
2023-02-28,3,2,-0.02881248703244066
2023-03-01,3,2,-0.024201581066986333
2023-03-02,3,2,-0.03154459789018749
2023-03-03,4,2,-0.04693444989032303
2023-03-06,3,2,-0.0475889151390565
2023-03-07,3,2,-0.032764169804188725
2023-03-08,3,2,-0.03413067594186703
2023-03-09,2,2,-0.015966040931399528
2023-03-10,1,0,-0.001509761003189447
2023-03-13,1,0,0.009380750301728025
2023-03-14,1,2,-0.00698088356543769
2023-03-15,1,2,0.006349025129309904
2023-03-16,1,2,-0.011019457310067593
2023-03-17,1,2,0.005190693727938678
2023-03-20,1,2,-0.003694758641167639
2023-03-21,1,2,-0.01646322377571363
2023-03-22,1,2,0.0029845287333754023
2023-03-23,1,2,0.005639807253104534
2023-03-24,1,2,7.051876171026983e-05
2023-03-27,1,2,-0.0015738434957162095
2023-03-28,1,2,0.014237268879836451
2023-03-29,1,2,0.005715269388667954
2023-03-30,1,2,0.0012737912995262057
2023-03-31,2,2,-0.01297543081419894
2023-04-03,1,2,-0.016612828986778294
2023-04-04,1,2,-0.010878921708891487
2023-04-05,1,0,-0.00840750579735372
2023-04-06,1,2,-0.01194391965534769
2023-04-10,1,2,-0.012927343102103639
2023-04-11,1,2,-0.01288652351383679
2023-04-12,1,2,-0.00878797672664633
2023-04-13,1,2,-0.02176204348392896
2023-04-14,1,2,-0.019733506004977364
2023-04-17,1,2,-0.022963741176534214
2023-04-18,1,2,-0.0237986084195716
2023-04-19,1,2,-0.023716344808465295
2023-04-20,1,2,-0.017870169701140082
2023-04-21,1,2,-0.018756417999801323
2023-04-24,1,2,-0.019591313611383776
2023-04-25,1,2,-0.003841187197329843
2023-04-26,1,2,0.0012894460985708456
2023-04-27,1,2,-0.017925961575814053
2023-04-28,1,4,-0.025964870984571564
2023-05-01,1,2,-0.02558864443605624
2023-05-02,1,2,-0.014166518507982784
2023-05-03,1,2,-0.007218732334382416
2023-05-04,1,2,0.011986529169016436
2023-05-05,1,2,-0.006370528294046496
2023-05-08,1,2,-0.00681957363357788
2023-05-09,1,2,-0.0022504581522654332
2023-05-10,1,2,-0.006704361292521388
2023-05-11,1,2,-0.0050162479859944265
2023-05-12,1,2,-0.0034383851701775825
2023-05-15,1,2,-0.006377683373153031
2023-05-16,1,2,0.0012993825052052266
2023-05-17,1,2,-0.010466985419202435
2023-05-18,1,2,-0.019725723649118176
2023-05-19,1,2,-0.01830632456531167
2023-05-22,2,2,-0.018458497554185604
2023-05-23,2,2,-0.007318600335353365
2023-05-24,2,2,0.008757581265902425
2023-05-25,1,2,0.00687746778013798
2023-05-26,2,2,-0.006092122364463326
2023-05-30,2,2,-0.006108624209833935
2023-05-31,1,2,0.009854453563032717
2023-06-01,2,2,0.01101629458871023
2023-06-02,3,2,-0.0034677286759143833
2023-06-05,2,2,-0.0014670864675011552
2023-06-06,3,2,-0.0038120096998572883
2023-06-07,4,4,0.0061886426142414575
2023-06-08,4,2,0.001148059539441082
2023-06-09,4,2,0.006969280667509903
2023-06-12,4,2,-0.002330148481976768
2023-06-13,4,2,-0.009198867377789188
2023-06-14,4,2,-0.010010090380146885
2023-06-15,4,2,-0.021921267591338167
2023-06-16,4,2,-0.018316900753418297
2023-06-20,4,2,-0.013646410278148502
2023-06-21,4,2,-0.00844542733962994
2023-06-22,3,2,-0.01211128322348587
2023-06-23,3,2,-0.004486838293256468
2023-06-26,3,2,0.0110977220150692
2023-06-27,3,2,-0.00035407668843834283
2023-06-28,3,2,0.004473544672805918
2023-06-29,3,2,0.000570974229082033
2023-06-30,4,2,-0.011556246624838229
2023-07-03,4,2,-0.012712042720213645
2023-07-05,4,2,-0.010764913083623817
2023-07-06,3,0,-0.0028651005386203243
2023-07-07,3,2,0.002405026057131332
2023-07-10,4,4,0.0067422110558885695
2023-07-11,4,4,0.006408770113612405
2023-07-12,4,4,-0.0009950885382046248
2023-07-13,4,2,-0.010197300683955746
2023-07-14,4,2,-0.009182299964235807
2023-07-17,4,2,-0.018778270723983193
2023-07-18,4,2,-0.03307366947598456
2023-07-19,4,2,-0.04278850704153048
2023-07-20,4,2,-0.03642004114385344
2023-07-21,4,2,-0.03673223095092326
2023-07-24,4,2,-0.04060258774131764
2023-07-25,4,2,-0.043295398687941744
2023-07-26,4,2,-0.043146666461378436
2023-07-27,4,2,-0.03695945253736943
2023-07-28,4,2,-0.046379169189912584
2023-07-31,4,4,-0.04777771038891532
2023-08-01,4,2,-0.04523317312026498
2023-08-02,4,2,-0.03183420254596159
2023-08-03,4,2,-0.029361039867043748
2023-08-04,4,2,-0.02418917010731103
2023-08-07,4,2,-0.032916223828895586
2023-08-08,4,2,-0.028819509632946327
2023-08-09,3,2,-0.021935175035273757
2023-08-10,3,2,-0.02218032806230308
2023-08-11,3,2,-0.021133241759744292
2023-08-14,3,2,-0.026730007252896648
2023-08-15,3,2,-0.015356479123556976
2023-08-16,2,0,-0.007860472892222137
2023-08-17,2,2,-0.00014870682600087726
2023-08-18,2,2,0.001510420077133423
2023-08-21,2,2,-0.005332088003090485
2023-08-22,2,2,-0.013116615707932433
2023-08-23,2,2,-0.02613828939912477
2023-08-24,1,2,-0.012853294041527574
2023-08-25,2,2,-0.03000201487460674
2023-08-28,2,2,-0.03604085239374899
2023-08-29,2,2,-0.049826264831759226
2023-08-30,2,2,-0.05345454592647081
2023-08-31,2,2,-0.051940555183407455
2023-09-01,2,2,-0.0634044300264146
2023-09-05,2,2,-0.05945963671457799
2023-09-06,1,2,-0.05285653192682627
2023-09-07,1,2,-0.04980520374487096
2023-09-08,1,2,-0.05115884209995902
2023-09-11,1,2,-0.057495725392744834
2023-09-12,1,2,-0.05209657592478678
2023-09-13,1,2,-0.05327206391471628
2023-09-14,1,2,-0.061186188179737755
2023-09-15,1,2,-0.04963005753075811
2023-09-18,1,2,-0.05031505359874633
2023-09-19,1,2,-0.048267867679132825
2023-09-20,1,2,-0.039241741023941956
2023-09-21,1,2,-0.02444338192840645
2023-09-22,1,2,-0.023846895213022745
2023-09-25,1,2,-0.027758286908916796
2023-09-26,1,2,-0.02030166396086741
2023-09-27,1,2,-0.032115913328876755
2023-09-28,1,2,-0.04240530033321277
2023-09-29,1,2,-0.03980356928537088
2023-10-02,1,2,-0.0398797716809659
2023-10-03,1,0,-0.026499916762045883
2023-10-04,1,2,-0.034331253664614536
2023-10-05,1,2,-0.033070348236331815
2023-10-06,1,2,-0.04436111937159104
2023-10-09,1,2,-0.05034758980078902
2023-10-10,1,2,-0.05526774666703116
2023-10-11,1,2,-0.05930615303847819
2023-10-12,1,2,-0.05339323603578405
2023-10-13,1,2,-0.048618385965577327
2023-10-16,1,2,-0.058592009953116975
2023-10-17,1,2,-0.058499512187714764
2023-10-18,1,2,-0.04571222732226976
2023-10-19,1,0,-0.03754789219553534
2023-10-20,1,2,-0.025280774192355193
2023-10-23,1,2,-0.02363504281480755
2023-10-24,1,2,-0.030677935532136158
2023-10-25,1,2,-0.016576000597119056
2023-10-26,1,2,-0.004800280229768528
2023-10-27,1,2,0.012010022325859904
2023-10-30,1,2,0.006474957307233353
2023-10-31,1,2,0.010505999486313922
2023-11-01,1,2,0.01885855702012762
2023-11-02,1,2,0.006848499453737222
2023-11-03,1,4,-0.0025215440942517597
2023-11-06,1,2,-0.0042670563987560195
2023-11-07,1,2,-0.007087047261033375
2023-11-08,1,2,-0.008083839306732843
2023-11-09,1,2,0.014767549332146412
2023-11-10,1,2,-0.0008358389332403515
2023-11-13,1,2,0.019075017703661823
2023-11-14,2,2,0.0015970120755575135
2023-11-15,2,2,0.0011904273935798848
2023-11-16,2,2,0.0012820490603360213
2023-11-17,2,2,0.00535441175945639
2023-11-20,3,2,-0.0020209310950652926
2023-11-21,2,2,0.0024569051731437863
2023-11-22,2,2,-0.0015977354377291197
2023-11-24,3,2,-0.002193299982607866
2023-11-27,2,2,-0.00023961075967127154
2023-11-28,3,2,-0.001218534981558994
2023-11-29,3,2,-0.00027254423693412466
2023-11-30,3,2,-0.00404132442900762
2023-12-01,4,2,-0.009857168089190349
2023-12-04,4,4,-0.004472850414508733
2023-12-05,3,2,-0.003906202808869552
2023-12-06,3,2,0.007968189065892917
2023-12-07,4,2,0.00409549786994079
2023-12-08,4,2,0.003924494286698943
2023-12-11,4,2,0.00459935752021523
2023-12-12,4,2,0.00968623696123938
2023-12-13,4,2,-0.0039110508997812765
2023-12-14,4,4,-0.0065407994795584345
2023-12-15,4,2,-0.006465042942498833
2023-12-18,4,2,-0.010943829879014322
2023-12-19,4,2,-0.016712197133986972
2023-12-20,4,2,-0.0020581526863704402
2023-12-21,4,2,-0.012233596506820432
2023-12-22,4,2,-0.013870628977799448
2023-12-26,4,2,-0.01802603784884027
2023-12-27,4,2,-0.019428703655670843
2023-12-28,4,2,-0.01979155193373494
2023-12-29,4,2,-0.01701316420388077
2024-01-02,4,2,-0.011417213235933033
2024-01-03,4,2,-0.0034283812973570083
2024-01-04,4,2,0.0018256861788026324
2024-01-05,4,2,0.008934975532092215
2024-01-08,4,2,-0.005107562427414503
2024-01-09,4,2,-0.0036350339666771925
2024-01-10,4,2,-0.009248603532728938
2024-01-11,4,2,-0.008583307830943077
2024-01-12,4,2,-0.009327278866265387
2024-01-16,4,2,-0.005616897183990499
2024-01-17,4,2,0.008805260963896
2024-01-18,4,2,0.012313502764936146
2024-01-19,4,2,0.001206626640157138
2024-01-22,4,2,-0.0009855359760394533
2024-01-23,4,2,-0.0038955299371123964
2024-01-24,4,2,-0.004703639330484344
2024-01-25,4,2,-0.009911864826144035
2024-01-26,4,2,-0.009266119094828218
2024-01-29,4,2,-0.016696720631691142
2024-01-30,4,2,-0.016105744611597972
2024-01-31,4,2,0.012493688211609788
2024-02-01,4,2,0.0074640642993539785
2024-02-02,4,2,-0.0031863375266721894
2024-02-05,4,2,0.002095946062753873
2024-02-06,4,2,-0.00021397040467019401
2024-02-07,4,2,-0.008386312922640471
2024-02-08,4,2,-0.008951788442825737
2024-02-09,4,4,-0.014610233020612817
2024-02-12,4,4,-0.013674255653625456
2024-02-13,3,2,0.004510211461015823
2024-02-14,4,2,-0.005021447535315415
2024-02-15,4,4,-0.010779945455182682
2024-02-16,4,2,-0.006005322001165325
2024-02-20,3,2,0.001264199922982101
2024-02-21,3,2,0.01761009753667797
2024-02-22,3,2,-0.0034401213948195286
2024-02-23,3,2,-0.003786751350190576
2024-02-26,3,2,4.536524658038665e-05
2024-02-27,4,4,-0.001658155060430544
2024-02-28,3,2,0.0017535617326542852
2024-02-29,4,2,-0.003457453612146111
2024-03-01,4,2,-0.01137419991369426
2024-03-04,3,2,-0.010193100883444606
2024-03-05,3,2,0.005141103203274655
2024-03-06,3,2,0.002415408107552919
2024-03-07,3,2,-0.007808262482895456
2024-03-08,3,2,-0.0012881532121825634
2024-03-11,3,2,-0.00016610153029983366
2024-03-12,3,2,-0.011241959465241536
2024-03-13,3,2,-0.009335395996901252
2024-03-14,2,2,-0.01721395997775166
2024-03-15,3,2,-0.012835359453424733
2024-03-18,2,2,-0.02470374583302204
2024-03-19,2,2,-0.0323239032102699
2024-03-20,3,2,-0.04926485197880903
2024-03-21,3,2,-0.052332012967722386
2024-03-22,3,2,-0.05100133857594136
2024-03-25,3,2,-0.048093297437515004
2024-03-26,3,2,-0.045420670789679485
2024-03-27,3,2,-0.053588792461522594
2024-03-28,3,2,-0.05464426843494352
2024-04-01,3,2,-0.05273687404910643
2024-04-02,3,2,-0.045829577998365845
2024-04-03,3,2,-0.046869559937982586
2024-04-04,3,2,-0.03496651231145209
2024-04-05,3,2,-0.045560026900626105
2024-04-08,3,2,-0.045202330096358434
2024-04-09,3,2,-0.046580491506196475
2024-04-10,2,2,-0.037477939000988836
2024-04-11,3,2,-0.04459076746801527
2024-04-12,2,2,-0.030483637073390857
2024-04-15,2,0,-0.018686924275223338
2024-04-16,1,2,-0.016664688310272235
2024-04-17,1,2,-0.010947367970750244
2024-04-18,1,2,-0.00875854812743615
2024-04-19,1,2,0.008731248071466746
2024-04-22,1,2,0.0015547117931331567
2024-04-23,2,2,-0.010286787425010768
2024-04-24,2,2,-0.010497561400167776
2024-04-25,1,2,-0.005948353271115536
2024-04-26,2,2,-0.015994208747426186
2024-04-29,2,2,-0.01911191118539224
2024-04-30,1,2,-0.0034354388154940185
2024-05-01,2,2,0.009128437077573048
2024-05-02,2,2,0.012556739721478527
2024-05-03,2,2,0.01032612390701182
2024-05-06,3,2,0.0013375863653655173
2024-05-07,2,2,-5.835618166138978e-06
2024-05-08,2,2,0.005090947698625836
2024-05-09,3,2,0.001407696782562473
2024-05-10,2,2,-0.00024130405535727206
2024-05-13,2,2,0.002692765340486458
2024-05-14,3,2,-0.002134720420772007
2024-05-15,3,2,-0.0136902542716274
2024-05-16,3,2,-0.01163280210898121
2024-05-17,3,2,-0.012782686684411293
2024-05-20,3,2,-0.013686534419398266
2024-05-21,3,2,-0.016148008377126266
2024-05-22,3,2,-0.013478359436903342
2024-05-23,2,2,-0.006142909473537461
2024-05-24,2,2,-0.013052570460031165
2024-05-28,2,2,-0.01329806373006881
2024-05-29,2,2,-0.005975035585443322
2024-05-30,2,2,0.00802787620486467
2024-05-31,2,2,0.0011160825806737495
2024-06-03,2,2,0.0015028090913065117
2024-06-04,2,2,0.010517258816920005
2024-06-05,2,2,-0.001314813526209102
2024-06-06,2,2,-0.0011152197300303701
2024-06-07,2,2,0.0025808546645145203
2024-06-10,2,2,0.0027103813151374556
2024-06-11,2,2,0.008503672791998707
2024-06-12,2,2,0.0019498716883910028
2024-06-13,2,2,-0.000393860697500914
2024-06-14,1,2,0.002995437668224188
2024-06-17,1,2,-0.004633436448266748
2024-06-18,1,2,-0.007136769710032631
2024-06-20,1,2,-0.004622514018134627
2024-06-21,1,2,-0.003065171894990004
2024-06-24,1,2,-0.003807035397111691
2024-06-25,1,2,-0.012813265380641203
2024-06-26,1,2,-0.014363111576087162
2024-06-27,1,2,-0.0152565901719115
2024-06-28,1,2,-0.011218751070256827
2024-07-01,1,2,-0.013857239072132765
2024-07-02,1,2,-0.01992908988223485
2024-07-03,1,2,-0.03439755685651713
2024-07-05,1,2,-0.06841150873056911
2024-07-08,2,2,-0.06935769180186757
2024-07-09,1,2,-0.0700468539804433
2024-07-10,2,2,-0.07944395024270579
2024-07-11,3,2,-0.07130577597297505
2024-07-12,3,2,-0.07640129503418058
2024-07-15,3,2,-0.07900421573747574
2024-07-16,4,4,-0.08485144350207374
2024-07-17,4,2,-0.07192564783044697
2024-07-18,4,0,-0.06461429532589125
2024-07-19,3,2,-0.057887360921889175
2024-07-22,4,2,-0.06794611962605535
2024-07-23,4,2,-0.06649161779817403
2024-07-24,3,2,-0.0443696410233525
2024-07-25,4,2,-0.03942979323819096
2024-07-26,4,2,-0.04996611431403464
2024-07-29,4,2,-0.050738158585009074
2024-07-30,4,2,-0.0460061852934871
2024-07-31,4,2,-0.06083873357931757
2024-08-01,3,2,-0.04779977697495452
2024-08-02,2,0,-0.02996879838863975
2024-08-05,1,0,0.0025393528133792476
2024-08-06,1,2,-0.007734647858502863
2024-08-07,1,2,0.023042611519136447
2024-08-08,1,2,0.004671676849538509
2024-08-09,1,2,4.303397765514916e-05
2024-08-12,1,2,0.011980746823913924
2024-08-13,1,2,-0.004786197092413791
2024-08-14,1,2,-0.008577128909344256
2024-08-15,2,2,-0.02431804758681222
2024-08-16,2,2,-0.02625558412476936
2024-08-19,3,2,-0.03563144976151211
2024-08-20,2,2,-0.033713801269521504
2024-08-21,3,2,-0.03779324694494657
2024-08-22,2,2,-0.029120569784158
2024-08-23,3,2,-0.04014296409060181
2024-08-26,3,2,-0.03710626040137399
2024-08-27,3,2,-0.03863981840082109
2024-08-28,3,2,-0.032860216969060385
2024-08-29,3,2,-0.03282213040590676
2024-08-30,3,2,-0.04248636509769299
2024-09-03,2,2,-0.021796305989561837
2024-09-04,2,2,-0.020226175736744678
2024-09-05,2,2,-0.01726024985928465
2024-09-06,2,2,0.0115800702824842
2024-09-09,2,2,0.004472672652839682
2024-09-10,2,2,0.010665025888896507
2024-09-11,2,2,0.007495302358939249
2024-09-12,2,2,0.004020901708150282
2024-09-13,3,2,-0.00137935056741878
2024-09-16,3,2,-0.002632672039032724
2024-09-17,3,2,-0.002896455862498093
2024-09-18,3,2,0.013826376675662333
2024-09-19,4,2,-0.003097884166479048
2024-09-20,3,2,-0.0011591066290761454
2024-09-23,3,2,-0.003957262656243188
2024-09-24,3,2,-0.006452238775079611
2024-09-25,3,2,-0.004599550753857651
2024-09-26,3,2,-0.00860347980600551
2024-09-27,3,2,-0.007359485871577531
2024-09-30,3,2,-0.011547118478160368
2024-10-01,3,2,-0.0022439340650317607
2024-10-02,3,2,-0.0023819953206744016
2024-10-03,3,2,-0.0007017617801448051
2024-10-04,3,2,-0.009586022165882668
2024-10-07,3,2,0.0016696548776991005
2024-10-08,3,2,-0.00794273272048951
2024-10-09,3,2,-0.014949800617057751
2024-10-10,2,2,-0.01290639560138418
2024-10-11,3,2,-0.01884420095722783
2024-10-14,3,2,-0.02634878021973719
2024-10-15,3,2,-0.018883003466432124
2024-10-16,3,2,-0.02345241216345928
2024-10-17,3,2,-0.02328523719689779
2024-10-18,4,2,-0.027148966384044293
2024-10-21,3,2,-0.02537244501207825
2024-10-22,3,2,-0.024909419458380988
2024-10-23,3,2,-0.015863906324169674
2024-10-24,3,2,-0.017971116416873878
2024-10-25,3,2,-0.01767696256335627
2024-10-28,3,2,-0.020274648979098697
2024-10-29,3,2,-0.021853501894386507
2024-10-30,3,2,-0.018614700871699585
2024-10-31,3,2,0.0012689175868536573
2024-11-01,3,2,-0.002812083478299976
2024-11-04,3,2,0.012265644545291332
2024-11-05,4,2,0.015193498454626475
2024-11-06,4,4,-0.00985318390331491
2024-11-07,4,4,-0.017156916641822506
2024-11-08,4,2,-0.02083547454626511
2024-11-11,4,2,-0.02178342845217529
2024-11-12,4,2,-0.018945571892187596
2024-11-13,4,0,-0.019173347034252886
2024-11-14,3,0,-0.013203489851361216
2024-11-15,3,0,0.003917814394541086
2024-11-18,2,2,-0.0036412188961614245
2024-11-19,3,2,-0.008433339728791345
2024-11-20,3,2,-0.008455104994198437
2024-11-21,3,2,-0.013722283209053221
2024-11-22,3,4,-0.017130833274983992
2024-11-25,4,4,-0.02009063022798474
2024-11-26,4,2,-0.025665776159479736
2024-11-27,4,2,-0.021947967590851603
2024-11-29,4,2,-0.027402088047948303
2024-12-02,4,2,-0.02977763527061872
2024-12-03,4,2,-0.030215443649852958
2024-12-04,4,2,-0.036048715729604774
2024-12-05,4,2,-0.03424296676733518
2024-12-06,4,2,-0.03664696978795501
2024-12-09,4,4,-0.03730640193471613
2024-12-10,4,2,-0.03444460842092589
2024-12-11,4,2,-0.04226526535499886
2024-12-12,3,2,-0.037051842336294105
2024-12-13,3,2,-0.037026355660363386
2024-12-16,3,2,-0.04067118574089634
2024-12-17,3,2,-0.03694996525482608
2024-12-18,2,2,-0.007683734092210792
2024-12-19,2,2,-0.006824525748640564
2024-12-20,2,2,-0.017503402865429618
2024-12-23,2,2,-0.02461132686467682
2024-12-24,2,2,-0.035264666893344065
2024-12-26,2,2,-0.03487315470848973
2024-12-27,2,2,-0.024083681433529458
2024-12-30,2,2,-0.013526445695455691
2024-12-31,2,2,-0.009281414308221603
2025-01-02,2,2,-0.007073257790509713
2025-01-03,3,4,-0.019424611585417084
2025-01-06,3,4,-0.02482517373944415
2025-01-07,3,2,-0.013875331327608431
2025-01-08,2,2,-0.01541164380306681
2025-01-10,2,0,0.0015754440882007614
2025-01-13,2,0,0.0011462798112440442
2025-01-14,2,2,0.01616141357213774
2025-01-15,2,2,-0.0021126894641922966
2025-01-16,2,2,0.009638993551799757
2025-01-17,2,2,-0.0003485827071709746
2025-01-21,2,2,-0.00903756637826747
2025-01-22,2,2,-0.015082929759646424
2025-01-23,2,2,-0.02213864716619862
2025-01-24,2,2,-0.023927960343616106
2025-01-27,2,2,-0.009485550771780593
2025-01-28,2,2,-0.03397174620674115
2025-01-29,2,2,-0.02943055293577468
2025-01-30,2,2,-0.03647562329516518
2025-01-31,2,2,-0.04343656800720719
2025-02-03,2,2,-0.03610266094501702
2025-02-04,2,2,-0.049580294588736584
2025-02-05,2,4,-0.053280710647917506
2025-02-06,2,2,-0.0770944986540415
2025-02-07,2,2,-0.07532710683248056
2025-02-10,2,2,-0.0814926253226701
2025-02-11,2,2,-0.09013429685568919
2025-02-12,2,2,-0.08764917481111478
2025-02-13,2,2,-0.09706345499715219
2025-02-14,2,2,-0.09699848963032276
2025-02-18,2,2,-0.09920093233854155
2025-02-19,2,2,-0.10133702671788514
2025-02-20,2,2,-0.09742510005642258
2025-02-21,1,2,-0.08175606927873491
2025-02-24,1,0,-0.07717043086428776
2025-02-25,1,0,-0.0728315319203644
2025-02-26,1,2,-0.0729576321910187
2025-02-27,1,2,-0.05801343580050644
2025-02-28,1,2,-0.07271475026765473
2025-03-03,1,2,-0.056105280809787605
2025-03-04,1,0,-0.04441384996059117
2025-03-05,1,2,-0.07635429117178716
2025-03-06,1,2,-0.11578594117382279
2025-03-07,1,2,-0.12269075098774096
2025-03-10,1,2,-0.1125270782517448
2025-03-11,1,2,-0.10575958724101675
2025-03-12,1,2,-0.11010837187894762
2025-03-13,1,2,-0.09757276947186311
2025-03-14,1,2,-0.11636405577878228
2025-03-17,1,4,-0.1219974350074845
2025-03-18,1,2,-0.11254290003916922
2025-03-19,1,2,-0.1220237229753367
2025-03-20,1,2,-0.12010123819594043
2025-03-21,1,2,-0.12082625185844298
2025-03-24,1,2,-0.13607114063743575
2025-03-25,1,2,-0.13742911483875808
2025-03-26,1,2,-0.12769688576038163
2025-03-27,1,2,-0.12480262479117532
2025-03-28,1,2,-0.10718085629932028
2025-03-31,1,0,-0.11209851781103897
2025-04-01,1,2,-0.11544323521281574
2025-04-02,1,2,-0.12135493032764266
2025-04-03,1,2,-0.07666977950652332
2025-04-04,1,0,-0.01799539171393827
2025-04-07,1,0,-0.015700524562941354
2025-04-08,1,0,0.03520735957983345
2025-04-09,1,2,-0.0547379853720531
2025-04-10,1,2,-0.020852044579619533
2025-04-11,1,2,-0.03825207951704279
2025-04-14,1,4,-0.04583266456979751
2025-04-15,1,2,-0.04418121914555684
2025-04-16,1,2,-0.022271925175808782
2025-04-17,1,2,-0.023567493023827546
2025-04-21,1,2,0.025117204723895226
2025-04-22,1,2,0.01666113847096007
2025-04-23,1,4,0.020259113708281262
2025-04-24,1,4,0.007373133469998461
2025-04-25,1,2,0.0006407067039131409
2025-04-28,1,2,0.005802410694099036
2025-04-29,1,2,0.00147999135976562
2025-04-30,1,2,0.006299102138585644
2025-05-01,1,2,0.0004942809179770968
2025-05-02,2,2,-0.014025742081176018
2025-05-05,1,2,-0.007693239651855532
2025-05-06,1,2,0.00434635623313584
2025-05-07,1,2,0.005084167753344193
2025-05-08,2,2,-0.0007114809122162891
2025-05-09,2,2,0.02524945874113227
2025-05-12,3,2,-0.007078845417804014
2025-05-13,3,4,-0.01422394836480878
2025-05-14,3,2,-0.015232759286456954
2025-05-15,3,2,-0.01928539769314297
2025-05-16,3,2,-0.026107777894873285
2025-05-19,3,2,-0.026960270776822948
2025-05-20,3,2,-0.023169946035126232
2025-05-21,3,2,-0.0071501845358482585
2025-05-22,3,2,-0.006708297825321674
2025-05-23,3,2,0.014773848416065993
2025-05-27,4,2,-0.005571225417268844
2025-05-28,3,2,0.003929683451149524
2025-05-29,4,2,-8.118516130162234e-05
2025-05-30,3,2,0.0041020419271569075
2025-06-02,4,2,0.0005660204305324434
2025-06-03,4,4,-0.005204084820563226
2025-06-04,4,2,-0.005277383403094138
2025-06-05,4,2,0.004805286818485799
2025-06-06,4,2,-0.0054196781980117015
2025-06-09,4,4,-0.006333799510603311
2025-06-10,4,2,-0.011752350902766606
2025-06-11,4,2,-0.009033248178058728
2025-06-12,4,2,-0.012806715488924203
2025-06-13,4,2,-0.001527591867711675
2025-06-16,4,2,-0.010818635995425319
2025-06-17,4,2,-0.0024872249678048464
2025-06-18,4,2,-0.002178658486505891
2025-06-20,4,2,0.009606504133156335
2025-06-23,4,2,0.011118397529634061
2025-06-24,4,2,-3.2861029504172024e-06
2025-06-25,4,2,0.008020121275230219
2025-06-26,4,2,0.005218970885222163
2025-06-27,4,2,0.004040119764789241
2025-06-30,4,2,-0.001118531087121899
2025-07-01,4,2,0.004438562529995638
2025-07-02,4,4,-0.00030508659566641505
2025-07-03,4,2,-0.008572555644746127
2025-07-07,4,2,-0.0007158868810946961
2025-07-08,4,2,0.002006217320732473
2025-07-09,4,4,-0.004031447033153723
2025-07-10,4,4,-0.00675909019029286
2025-07-11,4,2,-0.0034730195894404625
2025-07-14,4,2,-0.00487357426317836
2025-07-15,4,2,-0.000920919480543847
2025-07-16,4,2,-0.0041014781816546275
2025-07-17,4,4,-0.009424599982337023
2025-07-18,4,2,-0.009334958458651621
2025-07-21,4,2,-0.010719095880560636
2025-07-22,4,2,-0.011349391917816476
2025-07-23,4,4,-0.019012753389221926
2025-07-24,4,2,-0.0196972239634301
2025-07-25,4,2,-0.023577845655760266
2025-07-28,4,2,-0.023750503295482117
2025-07-29,4,2,-0.02085277348854242
2025-07-30,4,2,-0.019627864438468867
2025-07-31,4,2,-0.015992133140148468
2025-08-01,3,0,0.009807643476031025
2025-08-04,3,2,-0.004857865996303334
2025-08-05,3,2,0.006478620104070076
2025-08-06,3,2,-0.0007974800154801898
2025-08-07,3,2,0.0047586627563092065
2025-08-08,3,2,-0.003017516820405741
2025-08-11,3,2,-0.0005146778176619016
2025-08-12,3,2,-0.011727065000640913
2025-08-13,4,4,-0.014908986680012504
2025-08-14,3,2,-0.015207468237571131
2025-08-15,3,2,-0.012346101464207893
2025-08-18,4,2,-0.012246572286999768
2025-08-19,3,2,-0.006426114006747308
2025-08-20,3,2,-0.004004181529308926
2025-08-21,3,2,0.007122277387248355
2025-08-22,4,2,-0.007943533456677643
2025-08-25,4,2,-0.0036929032577032173
2025-08-26,4,2,-0.007794675298637088
2025-08-27,4,2,-0.010161363945069057
2025-08-28,4,2,-0.01327617420766547
2025-08-29,4,2,-0.006922279936861564
2025-09-02,4,2,0.0051000736279842585
2025-09-03,4,2,0.005154915524991699
2025-09-04,4,2,-0.003165152978388819
2025-09-05,4,2,0.0021059789159529885
2025-09-08,4,4,0.0026881536531127015
2025-09-09,4,4,0.002983469943562689
2025-09-10,3,2,0.007999032413692708
2025-09-11,4,2,-0.005307113061395308
2025-09-12,4,2,-0.004826681882018846
2025-09-15,4,2,-0.009488641685586274
2025-09-16,4,2,-0.008211286912877203
2025-09-17,4,2,-0.007248150677376608
2025-09-18,4,2,-0.011979896709338522
2025-09-19,4,4,-0.016783322022046354
2025-09-22,4,2,-0.021100315126050373
2025-09-23,4,2,-0.01568445429347931
2025-09-24,4,2,-0.012874485189409923
2025-09-25,3,2,-0.00790502057928355
2025-09-26,4,2,-0.013725849602882478
2025-09-29,3,2,-0.016318385991424544
2025-09-30,3,2,-0.020326083449177745
2025-10-01,3,2,-0.023645611078378925
2025-10-02,4,4,-0.024248971336294667
2025-10-03,4,4,-0.024312891333376663
2025-10-06,4,4,-0.027857896929555648
2025-10-07,4,2,-0.024138492729509853
2025-10-08,4,2,-0.02979253549421801
2025-10-09,4,2,-0.02711167321141361
2025-10-10,3,2,0.011684081570605187
2025-10-13,3,2,-0.0038544656720180814
2025-10-14,4,4,-0.0022937271500881318
2025-10-15,4,4,-0.006294387099829435
2025-10-16,3,2,0.0052707155502571545
2025-10-17,3,2,0.0012605609716138666
2025-10-20,3,2,-0.017491876273149742
2025-10-21,3,2,-0.017523999751486108
2025-10-22,3,2,-0.02397828746759112
2025-10-23,3,2,-0.029632997773603176
2025-10-24,3,4,-0.037241125252087115
2025-10-27,3,2,-0.04892982606655183
2025-10-28,3,2,-0.05110085404168474
2025-10-29,3,2,-0.05105950087046929
2025-10-30,3,0,-0.04156639578498722
2025-10-31,3,2,-0.04406894843429776
2025-11-03,2,2,-0.045711005652100956
2025-11-04,2,0,-0.03437766032546263
2025-11-05,2,2,-0.03789277266822244
2025-11-06,2,2,-0.027016580065050255
2025-11-07,2,2,-0.02824278394047508
2025-11-10,2,4,-0.04298183846755088
2025-11-11,2,2,-0.04496387318741024
2025-11-12,2,2,-0.045564706610169536
2025-11-13,1,2,-0.029496216222484106
2025-11-14,1,2,-0.029009045237207376
2025-11-17,1,2,-0.020030302019100388
2025-11-18,1,2,-0.0118718847933309
2025-11-19,1,2,-0.015567283563270418
2025-11-20,1,2,0.009823035415319481
2025-11-21,1,2,0.015467217001293498
2025-11-24,1,4,0.0024324782119773403
2025-11-25,1,4,-0.006569686101606131
2025-11-26,2,4,-0.013383958472573343
2025-11-28,2,2,-0.018638924423694525
2025-12-01,2,2,-0.013386857733360347
2025-12-02,2,2,-0.015805255763572834
2025-12-03,2,2,-0.01872923784310021
2025-12-04,2,4,-0.0197881820775081
2025-12-05,2,2,-0.02168283195737719
2025-12-08,2,2,-0.01826910267064108
2025-12-09,2,2,-0.017407999392406448
2025-12-10,3,4,-0.023995596685489118
2025-12-11,3,2,-0.026020841069229084
2025-12-12,3,2,-0.015522720628074915
2025-12-15,2,0,-0.013948427144229614
2025-12-16,2,2,-0.011592143912241393
2025-12-17,2,2,0.007934262269941872
2025-12-18,2,2,0.003262122705573356
2025-12-19,2,2,-0.0055073724074548025
2025-12-22,2,2,-0.011867483751856645
2025-12-23,2,2,-0.016343503224096834
2025-12-24,2,2,-0.019502159565390587
2025-12-26,2,2,-0.019203640904569608
2025-12-29,2,2,-0.0157666473684851
2025-12-30,2,2,-0.014410804687223444
2025-12-31,2,2,-0.007105417678584525
2026-01-02,2,2,-0.008983104049815172
2026-01-05,3,4,-0.015240391533368869
2026-01-06,3,4,-0.02130508273541054
2026-01-07,3,4,-0.01792682621393371
2026-01-08,3,4,-0.01800199645153666
2026-01-09,3,2,-0.02431999964112841
2026-01-12,3,2,-0.025856840246254453
2026-01-13,3,2,-0.02396418669811673
2026-01-14,3,2,-0.01873072395487363
2026-01-15,3,2,-0.0212558117460111
2026-01-16,3,2,-0.02062675805627745
2026-01-20,3,2,0.0002265809643684502
2026-01-21,3,2,-0.011231018224918676
2026-01-22,4,4,-0.016627278192011485
2026-01-23,3,2,-0.01694860804103937
2026-01-26,3,2,-0.02184533152883672
2026-01-27,3,2,-0.025821825694385292
2026-01-28,3,2,-0.02574220637386948
2026-01-29,3,0,-0.024481220290835548
2026-01-30,3,0,-0.020266505140723146
2026-02-02,3,2,-0.02552018516002763
2026-02-03,3,2,-0.017261265521689384
2026-02-04,3,0,-0.020733109999843236
2026-02-05,2,0,-0.008587297548114714
2026-02-06,3,2,-0.02773679595135714
2026-02-09,3,2,-0.03227647094413044
2026-02-10,3,2,-0.038778062080941145
2026-02-11,3,2,-0.044555441983476385
2026-02-12,2,0,-0.02935414548420079
2026-02-13,2,2,-0.02983834263920737
2026-02-17,2,2,-0.0319323377986952
2026-02-18,3,2,-0.039937137242572085
2026-02-19,3,2,-0.05179478965251283
2026-02-20,3,2,-0.05832972219843069
2026-02-23,2,2,-0.048447225992651055
2026-02-24,2,2,-0.05567285289354729
2026-02-25,3,4,-0.06751525446175699
2026-02-26,3,4,-0.07816192198296101
2026-02-27,2,2,-0.07779750149524989
2026-03-02,2,2,-0.07816471894464128
2026-03-03,2,2,-0.06937587577714144
2026-03-04,2,2,-0.07653829029132397
2026-03-05,2,2,-0.07129416252171128
2026-03-06,2,0,-0.05879801596124368
2026-03-09,2,2,-0.06654953935095576
2026-03-10,2,2,-0.06455224624798506
2026-03-11,2,2,-0.06376805724762369
2026-03-12,1,2,-0.04929096765100738
2026-03-13,1,2,-0.04349539580606987
2026-03-16,1,2,-0.05308844612338037
2026-03-17,1,2,-0.05544440851290544
2026-03-18,1,2,-0.0424139919067682
2026-03-19,1,2,-0.03977452629294764
2026-03-20,1,2,-0.025015025960822834
2026-03-23,1,2,-0.03605527809698372
2026-03-24,1,2,-0.032434090593252085
2026-03-25,1,2,-0.037649189334892585
2026-03-26,1,2,-0.02060161215521128
2026-03-27,1,0,-0.003945748828622642
2026-03-30,1,0,0.02913114047102594
2026-03-31,1,2,0.007168516684867399
2026-04-01,1,2,0.0011208758485563575
2026-04-02,1,2,0.0044267825126402816
2026-04-06,1,2,0.0007592481161695641
2026-04-07,1,2,0.025081414644149813
2026-04-08,2,2,0.0050244777357166814
2026-04-09,2,2,-0.0011385210916523558
2026-04-10,2,2,0.010173274948748201
2026-04-13,2,2,0.011782866364792755
2026-04-14,2,4,0.007975783355387733
2026-04-15,3,4,0.0026099558353673835
2026-04-16,3,2,0.003228103578083452
2026-04-17,3,2,-0.008707517542448917
2026-04-20,3,2,-0.006348217959672997
2026-04-21,3,2,0.006283985751939669
2026-04-22,3,2,-0.004132868267081369
2026-04-23,3,2,0.003875737626925835
2026-04-24,3,2,-0.0040655348572353756
2026-04-27,3,2,-0.005291390623902492
2026-04-28,3,2,-0.0003991720531409948
2026-04-29,2,2,0.00908075349657933
2026-04-30,3,2,-0.0011457559212064705
2026-05-01,3,4,-0.004062189384334225
2026-05-04,3,2,0.008120017337603702
2026-05-05,3,2,0.010729754179137574
2026-05-06,4,4,-0.003803095327784889
2026-05-07,3,2,0.0022488418883537253
2026-05-08,3,4,-0.006125252086895738
2026-05-11,3,4,-0.019675267839216914
2026-05-12,3,2,-0.018101668873983456
2026-05-13,3,2,-0.023811635238606965
2026-05-14,3,2,-0.031228169300128727
2026-05-15,3,2,-0.019101000961733172
2026-05-18,2,0,-0.01837885383755611
2026-05-19,2,2,-0.011779198314390782
2026-05-20,2,2,-0.022330236187047436
2026-05-21,3,2,-0.024004391155127536
2026-05-22,3,4,-0.027628394110495114
2026-05-26,3,4,-0.03353183336387611
2026-05-27,3,2,-0.033691157539328276
2026-05-28,4,2,-0.03921921789319438
2026-05-29,4,4,-0.04130176038167577
2026-06-01,4,4,-0.043812036941498045
2026-06-02,3,2,-0.04504592254428974
2026-06-03,3,0,-0.037953677510128236
2026-06-04,3,2,-0.04183898360790195
2026-06-05,3,2,-0.0158117696850264
2026-06-08,3,2,-0.018734108110834535
2026-06-09,3,2,-0.016199450298948426
2026-06-10,2,2,0.011976042673701892
2026-06-11,3,2,-0.005447410332309666
2026-06-12,3,2,-0.010420555558840805
2026-06-15,3,2,-0.026510766530762453
2026-06-16,3,2,-0.020945645733393747
2026-06-17,3,2,-0.008905550768226522
2026-06-18,3,2,-0.01953982986211744
2026-06-22,3,2,-0.015893664737053226
2026-06-23,3,2,-0.0015531876443455328
2026-06-24,3,2,-0.0005708167450638735
2026-06-25,3,2,-0.00047165741757115853
2026-06-26,3,2,0.007380967826044804
2026-06-29,3,2,-0.016703372049916565
2026-06-30,3,2,-0.024430079937161286
2026-07-01,3,4,-0.022327267578449383
2026-07-02,3,2,-0.022328607234029962
2026-07-06,3,2,-0.02935752216299159
2026-07-07,3,2,-0.025013851938636922
2026-07-08,3,0,-0.022259323087925997
2026-07-09,3,2,-0.03015655973138076
2026-07-10,3,2,-0.034221370740819546
2026-07-13,2,2,-0.026504448973375783
2026-07-14,2,2,-0.03015009380377276
2026-07-15,2,2,-0.03383999832347573
2026-07-16,2,2,-0.02888595173775166
2026-07-17,2,2,-0.018979072631680194
2026-07-20,2,2,-0.017079820520253475
2026-07-21,2,2,-0.02570850262978186
2026-07-22,2,2,-0.024378055029766532
2026-07-23,2,2,-0.012438738276418504
2026-07-24,2,0,-0.012929079460214599
2026-07-27,2,2,-0.013088886434258873
2026-07-28,2,4,-0.015161289750108109
2026-07-29,2,0,0.016604359135647728
2026-07-30,2,2,0.00700361981598796
2026-07-31,2,2,0.01479091100582064
2026-08-03,2,2,0.004074760192586124
2026-08-04,3,4,-0.0135784311838264
2026-08-05,3,2,-0.011921926079620282
2026-08-06,3,2,-0.010180305279329338
2026-08-07,3,4,-0.016263956519174894
2026-08-10,3,4,-0.01568914288362988
2026-08-11,3,2,-0.01766258592560699
2026-08-12,3,2,-0.020236149537007142
2026-08-13,3,2,-0.026579086885997638
2026-08-14,3,2,-0.02569174893366266
2026-08-17,3,2,-0.024951388180079248
2026-08-18,3,0,-0.01819475793519898
