date,close,sma21,cycle
2009-06-29,31.519330978393555,31.297543571108864,1
2009-06-30,31.458805084228516,31.298972447713215,2
2009-07-01,31.476106643676758,31.29916899544852,3
2009-07-02,30.784313201904297,31.270946775163925,-1
2009-07-06,30.620027542114258,31.218039285568963,-2
2009-07-07,29.859045028686523,31.127249581473215,-3
2009-07-08,30.014698028564453,31.048396337599982,-4
2009-07-09,30.066587448120117,30.960498718988326,-5
2009-07-10,30.196292877197266,30.88412348429362,-6
2009-07-13,30.775667190551758,30.835337502615793,-7
2009-07-14,30.88808822631836,30.79889642624628,1
2009-07-15,31.925752639770508,30.842713492257253,2
2009-07-16,32.306243896484375,30.919043586367653,3
2009-07-17,32.47916793823242,30.989625295003254,4
2009-07-20,32.79047775268555,31.07791028703962,5
2009-07-21,33.015316009521484,31.161088580176944,6
2009-07-22,33.292030334472656,31.301916304088774,7
2009-07-23,34.02705001831055,31.481038593110583,8
2009-07-24,33.76761245727539,31.62351217724028,9
2009-07-27,34.02705001831055,31.749515351795015,10
2009-07-28,33.7935791015625,31.861106781732467,11
2009-07-29,34.01841354370117,31.980110713413783,12
2009-07-30,34.2172737121582,32.11146636236282,13
2009-07-31,34.113525390625,32.23705773126511,14
2009-08-03,34.623722076416016,32.41988672528948,15
2009-08-04,34.623722076416016,32.61053884597052,16
2009-08-05,34.35565185546875,32.82466298057919,17
2009-08-06,34.0529899597168,33.01696259634836,18
2009-08-07,34.485355377197266,33.2273801167806,19
2009-08-10,34.24324035644531,33.420091901506694,20
2009-08-11,33.94921875,33.57121340433756,21
2009-08-12,34.47670364379883,33.74209985278902,22
2009-08-13,34.666954040527344,33.872633252825054,23
2009-08-14,34.269168853759766,33.96610586983817,24
2009-08-17,33.27473068237305,34.00398981003534,-1
2009-08-18,33.75032043457031,34.049696604410805,-2
2009-08-19,33.98379135131836,34.095814477829705,-3
2009-08-20,34.38157653808594,34.14769763038272,1
2009-08-21,34.83989715576172,34.18640463692801,2
2009-08-24,34.80530548095703,34.235818590436665,3
2009-08-25,34.909053802490234,34.2778187706357,4
2009-08-26,34.84852600097656,34.32805433727446,5
2009-08-27,34.935028076171875,34.371702648344495,6
2009-08-28,34.96959686279297,34.40752756027948,7
2009-08-31,34.615055084228516,34.43140992664156,8
2009-09-01,33.966529846191406,34.40011505853562,-1
2009-09-02,33.94056701660156,34.367583865211124,-2
2009-09-03,34.1653938293457,34.358523959205264,-3
2009-09-04,34.90041732788086,34.39887764340355,1
2009-09-08,35.2290153503418,34.434290023077104,2
2009-09-09,35.531646728515625,34.4956427074614,3
2009-09-10,35.868919372558594,34.587057022821334,4
2009-09-11,35.90350341796875,34.65499986921038,5
2009-09-14,36.04185485839844,34.72047133672805,6
2009-09-15,36.154266357421875,34.810237884521484,7
2009-09-16,36.68174743652344,34.97247677757626,8
2009-09-17,36.67311096191406,35.11165727887835,9
2009-09-18,36.73456573486328,35.24264653523763,10
2009-09-21,36.84709548950195,35.360052199590776,11
2009-09-22,36.916343688964844,35.45893060593378,12
2009-09-23,36.74323272705078,35.55121285574777,13
2009-09-24,36.414310455322266,35.62289174397787,14
2009-09-25,36.09404754638672,35.6822022937593,15
2009-09-28,36.708614349365234,35.766658782958984,16
2009-09-29,36.54414367675781,35.8416372026716,17
2009-09-30,36.57011413574219,35.93473525274368,18
2009-10-01,35.48815155029297,36.007193429129465,-1
2009-10-02,35.38428497314453,36.07594190325056,-2
2009-10-05,35.66990661621094,36.14758536929176,-3
2009-10-06,36.301780700683594,36.21431695847284,1
2009-10-07,36.40564727783203,36.27034705025809,2
2009-10-08,36.56145095825195,36.3193853469122,3
2009-10-09,36.76919937133789,36.36225582304455,4
2009-10-12,36.84709548950195,36.407188778831845,5
2009-10-13,36.855743408203125,36.44594537644159,6
2009-10-14,37.357765197753906,36.503254845028835,7
2009-10-15,37.27123260498047,36.53132556733631,8
2009-10-16,37.02886199951172,36.548266092936196,9
2009-10-19,37.40105056762695,36.580003465924946,10
2009-10-20,37.409725189208984,36.60679535638718,11
2009-10-21,37.340476989746094,36.62699218023391,12
2009-10-22,37.48759460449219,36.6624379839216,13
2009-10-23,37.33180236816406,36.7061280750093,14
2009-10-26,37.21063232421875,36.75929877871559,15
2009-10-27,36.64801025390625,36.75641286940802,-1
2009-10-28,35.825714111328125,36.72220193772089,-2
2009-10-29,36.43162155151367,36.715607052757626,-3
2009-10-30,35.453529357910156,36.713958376929874,-4
2009-11-02,35.60067367553711,36.72426260085333,-5
2009-11-03,35.71320724487305,36.72632453555153,-6
2009-11-04,35.7737922668457,36.70118222917829,-7
2009-11-05,36.65665817260742,36.7131351289295,-8
2009-11-06,36.8730583190918,36.72797357468378,1
2009-11-09,37.66072082519531,36.77042697724842,2
2009-11-10,37.755943298339844,36.81370544433594,3
2009-11-11,37.99827575683594,36.868111746651785,4
2009-11-12,37.78191375732422,36.88830929710751,5
2009-11-13,38.09349822998047,36.9274648030599,6
2009-11-16,38.48300552368164,36.99670973278227,7
2009-11-17,38.60420227050781,37.05400267101469,8
2009-11-18,38.38779830932617,37.10057758149647,9
2009-11-19,37.79056167602539,37.122010185605006,10
2009-11-20,37.60013198852539,37.12736910865421,11
2009-11-23,38.20602035522461,37.168998536609465,12
2009-11-24,38.076202392578125,37.210216158912296,13
2009-11-25,38.240657806396484,37.28605651855469,14
2009-11-27,37.66072082519531,37.3734377906436,15
2009-11-30,37.70399856567383,37.43402717227028,16
2009-12-01,38.09349822998047,37.55973997570219,17
2009-12-02,38.14544677734375,37.6809196472168,18
2009-12-03,37.98964309692383,37.78932135445731,19
2009-12-04,38.18873596191406,37.90431867327009,20
2009-12-07,38.00695037841797,37.96861830211821,21
2009-12-08,37.773250579833984,38.01148460024879,-1
2009-12-09,38.154083251953125,38.03497804914202,1
2009-12-10,38.34452819824219,38.06300590151832,2
2009-12-11,38.19738006591797,38.07248705909366,3
2009-12-14,38.56089782714844,38.1095815386091,4
2009-12-15,38.34452819824219,38.121535346621556,5
2009-12-16,38.396453857421875,38.11741383870443,6
2009-12-17,37.92904281616211,38.08526338849749,-1
2009-12-18,38.54722213745117,38.09285499936058,1
2009-12-21,38.98072814941406,38.14952959333147,2
2009-12-22,39.214813232421875,38.226419176374165,3
2009-12-23,39.50095748901367,38.28808284941174,4
2009-12-24,39.865074157714844,38.37326721918015,5
2009-12-28,40.073150634765625,38.46052878243582,6
2009-12-29,39.90842819213867,38.567562466575986,7
2009-12-30,40.029808044433594,38.67831529889788,8
2009-12-31,39.6656608581543,38.753180185953774,9
2010-01-04,40.246551513671875,38.85323279244559,10
2010-01-05,40.246551513671875,38.96070462181454,11
2010-01-06,40.003787994384766,39.04713567097982,12
2010-01-07,40.029808044433594,39.14346222650437,13
2010-01-08,40.35926055908203,39.26660555884952,14
2010-01-11,40.194541931152344,39.363770257859,15
2010-01-12,39.691680908203125,39.42792038690476,16
2010-01-13,40.18587112426758,39.52261043730236,17
2010-01-14,40.22053909301758,39.60164097377232,18
2010-01-15,39.752357482910156,39.66868046351841,19
2010-01-19,40.39396286010742,39.76379993983677,20
2010-01-20,39.813053131103516,39.853514716738744,-1
2010-01-21,39.44023513793945,39.896039145333425,-2
2010-01-22,38.28711700439453,39.86301004318964,-3
2010-01-25,38.41716766357422,39.82502692086356,-4
2010-01-26,38.45185470581055,39.77506964547293,-5
2010-01-27,38.75532150268555,39.72222428094773,-6
2010-01-28,37.758243560791016,39.61199061075846,-7
2010-01-29,37.09931182861328,39.478223164876304,-8
2010-02-01,37.506813049316406,39.358080546061196,-9
2010-02-02,37.84495162963867,39.27138010660807,-10
2010-02-03,38.05303192138672,39.16692679268973,-11
2010-02-04,36.951927185058594,39.010039919898624,-12
2010-02-05,37.2640380859375,38.87957563854399,-13
2010-02-08,36.99527359008789,38.735073997860866,-14
2010-02-09,37.37675094604492,38.593049730573384,-15
2010-02-10,37.29874038696289,38.45515441894531,-16
2010-02-11,37.86227035522461,38.36803963070824,-17
2010-02-12,37.940311431884766,38.261108216785246,-18
2010-02-16,38.42584228515625,38.175646464029946,1
2010-02-17,38.6425895690918,38.12280037289574,2
2010-02-18,38.885353088378906,38.05096181233724,3
2010-02-19,38.868019104003906,38.005960191999165,4
2010-02-22,38.78999328613281,37.97499629429409,5
2010-02-23,38.28711700439453,37.97499629429409,6
2010-02-24,38.67726135253906,37.987381708054315,7
2010-02-25,38.66862106323242,37.997703915550595,8
2010-02-26,38.80732727050781,38.00018038068499,9
2010-03-01,39.370872497558594,38.07697223481678,10
2010-03-02,39.492271423339844,38.19092269170852,11
2010-03-03,39.535614013671875,38.28753226143973,12
2010-03-04,39.6656608581543,38.374232700892854,13
2010-03-05,40.263916015625,38.47951289585659,14
2010-03-08,40.34193801879883,38.64094198317755,15
2010-03-09,40.567352294921875,38.798242659795854,16
2010-03-10,40.89681625366211,38.984030405680336,17
2010-03-11,41.05288314819336,39.15908432006836,18
2010-03-12,41.06155014038086,39.33826573689779,19
2010-03-15,40.95751190185547,39.485658191499255,20
2010-03-16,41.217620849609375,39.64172054472424,21
2010-03-17,41.330318450927734,39.7800289335705,22
2010-03-18,41.469051361083984,39.91462235223679,23
2010-03-19,41.21820831298828,40.02571069626581,24
2010-03-22,41.591426849365234,40.15539677937826,25
2010-03-23,41.877845764160156,40.30243737357004,26
2010-03-24,41.678226470947266,40.46391877673921,27
2010-03-25,41.617462158203125,40.60392833891369,28
2010-03-26,41.66086196899414,40.74641600109282,29
2010-03-29,41.8604850769043,40.89180446806408,30
2010-03-30,41.99936294555664,41.01697067987351,31
2010-03-31,41.79973220825195,41.12684976486933,32
2010-04-01,41.79973220825195,41.23466491699219,33
2010-04-05,42.1903076171875,41.35488619123186,34
2010-04-06,42.311805725097656,41.4524047488258,35
2010-04-07,42.207672119140625,41.54124922979446,36
2010-04-08,42.30314254760742,41.62390590849377,37
2010-04-09,42.55482864379883,41.70285887945266,38
2010-04-12,42.589542388916016,41.776033129010884,39
2010-04-13,42.80654525756836,41.85912813459124,40
2010-04-14,43.318603515625,41.971561068580264,41
2010-04-15,43.50957107543945,42.080701555524556,42
2010-04-16,42.98878479003906,42.15967614310129,43
2010-04-19,42.96275329589844,42.230804806663876,44
2010-04-20,43.17976379394531,42.32421221051897,45
2010-04-21,43.42275619506836,42.41141836983817,46
2010-04-22,43.66579055786133,42.49655859810965,47
2010-04-23,43.848060607910156,42.599884033203125,48
2010-04-26,43.752567291259766,42.70155570620582,49
2010-04-27,42.82390213012695,42.75693857102167,50
2010-04-28,42.84992980957031,42.80405498686291,51
2010-04-29,43.596343994140625,42.880101703462145,52
2010-04-30,42.73708724975586,42.92473765781948,-1
2010-05-03,43.33596420288086,42.99789156232561,1
2010-05-04,42.034080505371094,42.99045217604864,-1
2010-05-05,41.81709289550781,42.96689442225865,-2
2010-05-06,40.41971206665039,42.88175346737816,-3
2010-05-07,39.412906646728516,42.74412318638393,-4
2010-05-10,41.46123504638672,42.69204730079288,-5
2010-05-11,41.41783142089844,42.63625154041109,-6
2010-05-12,42.198974609375,42.60731960478283,-7
2010-05-13,41.53066635131836,42.52217973981585,-8
2010-05-14,40.73217010498047,42.38992255074637,-9
2010-05-17,40.86235427856445,42.28866395496187,-10
2010-05-18,40.29819869995117,42.1617804027739,-11
2010-05-19,39.97706604003906,42.009270985921226,-12
2010-05-20,38.49290084838867,41.77451596941267,-13
2010-05-21,38.918182373046875,41.54843938918341,-14
2010-05-24,38.761966705322266,41.30624444144113,-15
2010-05-25,38.796661376953125,41.07024892171224,-16
2010-05-26,38.362701416015625,40.85781079246884,-17
2010-05-27,39.81215286254883,40.713154747372585,-18
2010-05-28,39.577823638916016,40.521796635219026,-19
2010-06-01,39.213279724121094,40.35399627685547,-20
2010-06-02,40.1419792175293,40.20190175374349,-21
2010-06-03,40.52386474609375,40.12998671758743,1
2010-06-04,39.13517379760742,40.002276284354075,-1
2010-06-07,38.423458099365234,39.90721657162621,-2
2010-06-08,38.35401916503906,39.85679335821243,-3
2010-06-09,38.03289794921875,39.69353921072824,-4
2010-06-10,39.11779022216797,39.58401343936012,-5
2010-06-11,39.49102020263672,39.45506322951544,1
2010-06-14,39.48231887817383,39.35752287365141,2
2010-06-15,40.54122543334961,39.34843027024042,3
2010-06-16,40.70613098144531,39.3409910656157,4
2010-06-17,40.836334228515625,39.366616566975914,5
2010-06-18,40.8702392578125,39.40914862496512,6
2010-06-21,40.522396087646484,39.505791255405974,7
2010-06-22,40.2093505859375,39.56727545601981,8
2010-06-23,40.04413986206055,39.628331320626394,9
2010-06-24,39.43543243408203,39.658748990013486,-1
2010-06-25,39.443275451660156,39.710204896472746,-2
2010-06-28,39.30385971069336,39.68600046067011,-3
2010-06-29,37.78782272338867,39.600762321835475,-4
2010-06-30,37.21276092529297,39.505499521891274,-5
2010-07-01,37.10820770263672,39.36103421165829,-6
2010-07-02,37.003662109375,39.19340551467169,-7
2010-07-06,37.11692428588867,39.09729839506603,-8
2010-07-07,38.3018684387207,39.09150841122582,-9
2010-07-08,38.510990142822266,39.09898321969168,-10
2010-07-09,38.87693405151367,39.13917541503906,-11
2010-07-12,38.990211486816406,39.13310023716518,-12
2010-07-13,39.49555587768555,39.13331622169132,1
2010-07-14,39.695953369140625,39.14348929268973,2
2010-07-15,39.73080062866211,39.10489763532366,3
2010-07-16,38.632972717285156,39.00617581322079,-1
2010-07-19,38.96405792236328,38.917019798642116,1
2010-07-20,39.434532165527344,38.848652794247585,2
2010-07-21,38.89434814453125,38.77112670171829,3
2010-07-22,39.87892532348633,38.75539216541109,4
2010-07-23,40.131591796875,38.75955654325939,5
2010-07-26,40.46268844604492,38.808473496210006,6
2010-07-27,40.445255279541016,38.856186821347194,7
2010-07-28,40.12287139892578,38.89518737792969,8
2010-07-29,39.826629638671875,38.992273421514604,9
2010-07-30,39.91375732421875,39.120892297653924,10
2010-08-02,40.66307067871094,39.29017148699079,11
2010-08-03,40.48881530761719,39.45613116309757,12
2010-08-04,40.898338317871094,39.63619849795387,13
2010-08-05,40.80248260498047,39.75527536301386,14
2010-08-06,40.741477966308594,39.86148906889416,15
2010-08-09,41.02031326293945,39.96355474562872,16
2010-08-10,40.66307067871094,40.043214707147506,17
2010-08-11,39.55653762817383,40.0461186000279,-1
2010-08-12,39.242862701416016,40.024542853945775,-2
2010-08-13,38.96405792236328,39.988031296502974,-3
2010-08-16,39.03376388549805,40.0071165902274,-4
2010-08-17,39.5303955078125,40.03408504667736,-5
2010-08-18,39.68723678588867,40.0461186000279,-6
2010-08-19,39.086055755615234,40.055247533889045,-7
2010-08-20,39.1383056640625,40.01997993105934,-8
2010-08-23,38.75496292114258,39.95442617507208,-9
2010-08-24,38.031795501708984,39.83866936819894,-10
2010-08-25,38.3977165222168,39.74116752261207,-11
2010-08-26,37.9359245300293,39.63702719552176,-12
2010-08-27,38.3977165222168,39.568983713785805,-13
2010-08-30,37.99692153930664,39.477705819266184,-14
2010-08-31,37.86623001098633,39.34452293032692,-15
2010-09-01,38.9989128112793,39.273575192406064,-16
2010-09-02,39.434532165527344,39.203870137532554,1
2010-09-03,40.0880126953125,39.169847760881694,2
2010-09-07,39.817928314208984,39.12586920601981,3
2010-09-08,40.29713821411133,39.09143229893276,4
2010-09-09,40.4539680480957,39.08147503080822,5
2010-09-10,40.60206985473633,39.13126227969215,6
2010-09-13,41.168426513671875,39.22295579456148,7
2010-09-14,41.34268569946289,39.336223783947176,8
2010-09-15,41.60406494140625,39.458619072323756,9
2010-09-16,41.76960754394531,39.56524821690151,10
2010-09-17,41.911094665527344,39.67114621117001,11
2010-09-20,42.64469528198242,39.84060523623512,12
2010-09-21,42.63594055175781,40.00715927850632,13
2010-09-22,42.522430419921875,40.18656249273391,14
2010-09-23,42.50495147705078,40.399569920131135,15
2010-09-24,43.369544982910156,40.636323656354634,16
2010-09-27,43.133750915527344,40.88383919852121,17
2010-09-28,43.116294860839844,41.1085334051223,18
2010-09-29,43.04640579223633,41.348985036214195,19
2010-09-30,42.85427474975586,41.5865109761556,20
2010-10-01,42.8018913269043,41.76760519118536,21
2010-10-04,42.339027404785156,41.90591448829288,22
2010-10-05,43.369544982910156,42.06217793055943,23
2010-10-06,42.9940071105957,42.21341977800642,24
2010-10-07,43.15121078491211,42.3493279956636,25
2010-10-08,43.448143005371094,42.49190775553385,26
2010-10-11,43.465614318847656,42.628267015729634,27
2010-10-12,43.76255416870117,42.75179690406436,28
2010-10-13,44.12062454223633,42.88407970610119,29
2010-10-14,44.03327941894531,42.999756585984,30
2010-10-15,44.967735290527344,43.15204838344029,31
2010-10-18,44.80182647705078,43.28970227922712,32
2010-10-19,44.38261795043945,43.3724605015346,33
2010-10-20,44.70573806762695,43.471022288004555,34
2010-10-21,44.793094635009766,43.57914915538969,35
2010-10-22,45.098751068115234,43.70266342163086,36
2010-10-25,45.31708908081055,43.79540361676897,37
2010-10-26,45.43935775756836,43.905194418770925,38
2010-10-27,45.57906723022461,44.02246929350353,39
2010-10-28,45.67513656616211,44.14764694940476,40
2010-10-29,45.57034683227539,44.27698371523903,41
2010-11-01,45.60527038574219,44.41047795613607,42
2010-11-02,46.0943489074707,44.58930278959728,43
2010-11-03,46.30393600463867,44.72903569539388,44
2010-11-04,46.87160873413086,44.9136833917527,45
2010-11-05,46.87160873413086,45.090845198858354,46
2010-11-08,46.93273162841797,45.25677799043201,47
2010-11-09,46.67947006225586,45.40981874011812,48
2010-11-10,46.915279388427734,45.55994851248605,49
2010-11-11,46.61834716796875,45.678887685139976,50
2010-11-12,45.858551025390625,45.76580538068499,51
2010-11-15,45.683876037597656,45.79990732102167,-1
2010-11-16,44.93281555175781,45.80614489600772,-2
2010-11-17,45.063819885253906,45.83858308337984,-3
2010-11-18,45.78865051269531,45.890150342668804,-4
2010-11-19,45.82362365722656,45.93922315325056,-5
2010-11-22,46.207862854003906,45.99203800019764,1
2010-11-23,45.474266052246094,45.99952261788504,-1
2010-11-24,46.39128112792969,46.04485230218796,1
2010-11-26,46.08560562133789,46.068973177955264,2
2010-11-29,46.050682067871094,46.08685629708426,-1
2010-11-30,45.49173355102539,46.08311280750093,-2
2010-12-01,46.452415466308594,46.12345304943266,1
2010-12-02,46.92401885986328,46.16296114240374,2
2010-12-03,47.046260833740234,46.198309943789525,3
2010-12-06,47.02880859375,46.20579565139044,4
2010-12-07,47.05500411987305,46.21452876499721,5
2010-12-08,47.229671478271484,46.22866875784738,6
2010-12-09,47.273345947265625,46.25694856189546,7
2010-12-10,47.58772659301758,46.28896985735212,8
2010-12-13,47.42179870605469,46.327229454403835,9
2010-12-14,47.509117126464844,46.40582784016927,10
2010-12-15,47.2995491027832,46.48276465279715,11
2010-12-16,47.66633224487305,46.61293211437407,12
2010-12-17,47.708335876464844,46.738861447288876,13
2010-12-20,47.74333953857422,46.83194187709263,14
2010-12-21,48.03212356567383,46.937108539399645,15
2010-12-22,48.02335739135742,47.023560660226,16
2010-12-23,47.90084457397461,47.13911201840355,17
2010-12-27,47.927085876464844,47.21224557785761,18
2010-12-28,47.83958053588867,47.29576819283621,19
2010-12-29,47.94459915161133,47.38595472063337,20
2010-12-30,47.830848693847656,47.49734115600586,21
2010-12-31,47.65584182739258,47.55464717320034,22
2011-01-03,48.3996467590332,47.6249151683989,23
2011-01-04,48.364627838134766,47.68769454956055,24
2011-01-05,48.775901794433594,47.77088946387882,25
2011-01-06,48.93342590332031,47.86033812023344,26
2011-01-07,48.88965606689453,47.939385005405974,27
2011-01-10,49.07343673706055,48.02510361444382,28
2011-01-11,49.1434440612793,48.09918539864676,29
2011-01-12,49.49347686767578,48.19783673967634,30
2011-01-13,49.51096725463867,48.293162936256046,31
2011-01-14,49.87849426269531,48.41596984863281,32
2011-01-18,50.01850891113281,48.52797826131185,33
2011-01-19,49.449703216552734,48.61090051560175,34
2011-01-20,49.09969711303711,48.67548897152855,35
2011-01-21,48.723411560058594,48.708407447451634,36
2011-01-24,49.39719009399414,48.7738280523391,37
2011-01-25,49.46721267700195,48.84841700962612,38
2011-01-26,49.72972106933594,48.93425678071522,39
2011-01-27,50.03600311279297,49.03884833199637,40
2011-01-28,48.767154693603516,49.07801764351981,-1
2011-01-31,49.00343322753906,49.13385500226702,-2
2011-02-01,49.9222412109375,49.24177878243582,1
2011-02-02,49.84347152709961,49.31053234281994,2
2011-02-03,49.93098831176758,49.38512093680246,3
2011-02-04,50.211029052734375,49.453460330054874,4
2011-02-07,50.44728088378906,49.52554866245815,5
2011-02-08,50.77980041503906,49.615555536179315,6
2011-02-09,50.69229507446289,49.69264402843657,7
2011-02-10,50.77104187011719,49.770148686000276,8
2011-02-11,51.13859176635742,49.848487490699405,9
2011-02-14,51.261085510253906,49.93182645525251,10
2011-02-15,51.19109344482422,49.99433117821103,11
2011-02-16,51.52361297607422,50.0660028003511,12
2011-02-17,51.506107330322266,50.163926805768696,13
2011-02-18,51.392356872558594,50.27310108003162,14
2011-02-22,49.90473556518555,50.32935460408529,-1
2011-02-23,49.49347686767578,50.333939688546316,-2
2011-02-24,49.755977630615234,50.34769040062314,-3
2011-02-25,50.44728088378906,50.3818599155971,1
2011-02-28,50.552268981933594,50.40644400460379,2
2011-03-01,49.73847961425781,50.452697572253996,-1
2011-03-02,50.00099563598633,50.50020054408482,-2
2011-03-03,50.98981475830078,50.55103737967355,1
2011-03-04,50.72727584838867,50.593123299734934,2
2011-03-07,50.04475784301758,50.598540896461124,-1
2011-03-08,50.246009826660156,50.600206647600444,-2
2011-03-09,49.90473556518555,50.57437115623837,-3
2011-03-10,49.12594223022461,50.49561600458054,-4
2011-03-11,49.43220138549805,50.43561154320126,-5
2011-03-14,49.2572021484375,50.363523937406995,-6
2011-03-15,48.557151794433594,50.24059822445824,-7
2011-03-16,47.384559631347656,50.056001754034135,-8
2011-03-17,47.82209396362305,49.89557320731027,-9
2011-03-18,47.71430969238281,49.714177812848774,-10
2011-03-21,48.63441467285156,49.5774305434454,-11
2011-03-22,48.546783447265625,49.441927047002885,-12
2011-03-23,48.81843948364258,49.390198662167506,-13
2011-03-24,49.685970306396484,49.3993650163923,1
2011-03-25,49.80866622924805,49.40187399727957,2
2011-03-28,49.5369987487793,49.358527228945775,3
2011-03-29,50.01896286010742,49.333131699335006,4
2011-03-30,50.25556182861328,49.357754661923366,5
2011-03-31,50.32566452026367,49.37321508498419,6
2011-04-01,50.35194396972656,49.342840285528276,7
2011-04-04,50.18545913696289,49.317039489746094,8
2011-04-05,50.054019927978516,49.3174805414109,9
2011-04-06,50.17669677734375,49.31417992001488,10
2011-04-07,50.14164352416992,49.32546125139509,11
2011-04-08,49.90504455566406,49.3625613621303,12
2011-04-11,49.738548278808594,49.377149309430806,13
2011-04-12,49.39680862426758,49.38379723685129,14
2011-04-13,49.817420959472656,49.4438100542341,15
2011-04-14,49.72978591918945,49.55548749651228,16
2011-04-15,49.64215850830078,49.642157236735024,17
2011-04-18,49.29164123535156,49.71726826259068,-1
2011-04-19,49.59833908081055,49.76316942487444,-2
2011-04-20,50.719993591308594,49.86665562220982,1
2011-04-21,51.123104095458984,49.97640155610584,2
2011-04-25,51.25455856323242,50.05109623500279,3
2011-04-26,51.543731689453125,50.13371839977446,4
2011-04-27,51.89424514770508,50.245968228294736,5
2011-04-28,51.81538772583008,50.33151226951962,6
2011-04-29,51.771583557128906,50.40370378040132,7
2011-05-02,51.67517852783203,50.46796635219029,8
2011-05-03,51.429805755615234,50.51929310389927,9
2011-05-04,51.3509407043457,50.5747922261556,10
2011-05-05,51.07052230834961,50.623197101411364,11
2011-05-06,51.23701858520508,50.67368861607143,12
2011-05-09,51.429805755615234,50.73502967471168,13
2011-05-10,51.86795425415039,50.82850156511579,14
2011-05-11,51.49114990234375,50.911958785284135,15
2011-05-12,51.79784393310547,51.0262937999907,16
2011-05-13,51.18444061279297,51.091389973958336,17
2011-05-16,50.29937744140625,51.11851337977818,-1
2011-05-17,50.439579010009766,51.15648578462147,-2
2011-05-18,50.8602180480957,51.231179918561665,-3
2011-05-19,51.009185791015625,51.298363095238095,-4
2011-05-20,50.62361526489258,51.29377365112305,-5
2011-05-23,49.87876510620117,51.23451941353934,-6
2011-05-24,49.57204818725586,51.15439987182617,-7
2011-05-25,49.764835357666016,51.06969052269345,-8
2011-05-26,50.07154083251953,50.98289507911319,-9
2011-05-27,50.32566452026367,50.91195587884812,-10
2011-05-31,51.14064407348633,50.88191114153181,1
2011-06-01,50.027740478515625,50.80346171061198,-1
2011-06-02,50.13288116455078,50.74170339675177,-2
2011-06-03,49.379268646240234,50.6478142511277,-3
2011-06-06,48.9761848449707,50.5480838957287,-4
2011-06-07,48.88855743408203,50.43625241234189,-5
2011-06-08,48.53804016113281,50.29854928879511,-6
2011-06-09,48.62565994262695,50.144154321579705,-7
2011-06-10,47.88080978393555,49.97223336356027,-8
2011-06-13,47.88080978393555,49.78570792788551,-9
2011-06-14,48.494224548339844,49.65760240100679,-10
2011-06-15,47.574100494384766,49.52782730829148,-11
2011-06-16,47.390079498291016,49.382613045828684,-12
2011-06-17,47.241661071777344,49.21030080886114,-13
2011-06-20,47.487579345703125,49.04260526384626,-14
2011-06-21,48.5063591003418,48.941783541724796,-15
2011-06-22,48.1550407409668,48.859701429094585,-16
2011-06-23,48.60297393798828,48.81355503627232,-17
2011-06-24,47.75982666015625,48.718078431628996,-18
2011-06-27,48.52390670776367,48.644381568545384,-19
2011-06-28,49.24409103393555,48.59287806919643,1
2011-06-29,49.44609069824219,48.51218505132766,2
2011-06-30,50.10478591918945,48.51585388183594,3
2011-07-01,50.86008834838867,48.550482795352025,4
2011-07-05,51.11478805541992,48.63312657674154,5
2011-07-06,51.28166961669922,48.74291156587147,6
2011-07-07,51.984256744384766,48.89032581874302,7
2011-07-08,51.843746185302734,49.04774039132254,8
2011-07-11,50.903995513916016,49.15623256138393,9
2011-07-12,50.51756286621094,49.281792231968474,10
2011-07-13,50.728363037109375,49.41739000592913,11
2011-07-14,50.13991165161133,49.495756058465865,12
2011-07-15,50.80740737915039,49.649723052978516,13
2011-07-18,50.53513717651367,49.79948770432245,14
2011-07-19,51.6856575012207,50.011106581914994,15
2011-07-20,51.46609115600586,50.20055952526274,16
2011-07-21,51.808616638183594,50.35780988420759,17
2011-07-22,52.3443489074707,50.55730074927921,18
2011-07-25,52.238956451416016,50.73044277372814,19
2011-07-26,52.370697021484375,50.95000802902948,20
2011-07-27,51.018184661865234,51.068783169700986,-1
2011-07-28,51.106014251708984,51.15744618007115,-2
2011-07-29,50.93913650512695,51.22854359944662,-3
2011-08-01,50.70200729370117,51.2569827125186,-4
2011-08-02,49.419742584228516,51.18839481898716,-5
2011-08-03,49.89400863647461,51.13026246570406,-6
2011-08-04,47.57539749145508,50.9537733168829,-7
2011-08-05,47.27679443359375,50.729608444940474,-8
2011-08-08,44.43123245239258,50.376631600516184,-9
2011-08-09,46.57419204711914,50.17045048304966,-10
2011-08-10,44.66836166381836,49.89191709245954,-11
2011-08-11,46.635658264160156,49.69702638898577,-12
2011-08-12,47.04845428466797,49.54981413341704,-13
2011-08-15,47.74225997924805,49.40385473342169,-14
2011-08-16,47.33828353881836,49.25162360781715,-15
2011-08-17,47.05722427368164,49.03122202555338,-16
2011-08-18,44.747398376464844,48.71128427414667,-17
2011-08-19,43.93940353393555,48.33655984061105,-18
2011-08-22,44.09748458862305,47.94385201590402,-19
2011-08-23,45.91548538208008,47.64273434593564,-20
2011-08-24,46.275569915771484,47.35249019804455,-21
2011-08-25,45.520263671875,47.09068443661644,-22
2011-08-26,46.6619987487793,46.87906465076265,-23
2011-08-29,47.96182632446289,46.73728797549293,1
2011-08-30,48.278011322021484,46.621859595889134,2
2011-08-31,48.357059478759766,46.571255638485866,3
2011-09-01,47.91792297363281,46.47715632120768,4
2011-09-02,46.793739318847656,46.43993450346447,5
2011-09-06,46.80253982543945,46.41735095069522,6
2011-09-07,47.988162994384766,46.58672859555199,7
2011-09-08,47.76860809326172,46.64360555013021,8
2011-09-09,46.70591354370117,46.74063183012463,-1
2011-09-12,47.30312728881836,46.77241606939407,1
2011-09-13,47.935482025146484,46.81465548560733,2
2011-09-14,48.620506286621094,46.85647673833938,3
2011-09-15,49.3407096862793,46.95183036440895,4
2011-09-16,49.79295349121094,47.08210318429129,5
2011-09-19,49.81056594848633,47.323206402006605,6
2011-09-20,49.59059143066406,47.5923105875651,7
2011-09-21,48.72829818725586,47.812825520833336,8
2011-09-22,47.14450454711914,47.87135024297805,-1
2011-09-23,47.64602279663086,47.93660990397135,-2
2011-09-26,48.200374603271484,48.064234234037855,1
2011-09-27,48.70189666748047,48.16137223016648,2
2011-09-28,47.98038864135742,48.1622561500186,-1
2011-09-29,47.408470153808594,48.120849427722746,-2
2011-09-30,46.185420989990234,48.017438071114675,-3
2011-10-03,44.99756622314453,47.87837346394857,-4
2011-10-04,45.921451568603516,47.83683595203218,-5
2011-10-05,47.100521087646484,47.8510255359468,-6
2011-10-06,47.89239501953125,47.84646515619187,1
2011-10-07,47.575653076171875,47.837276822044736,-1
2011-10-10,49.22102355957031,47.957043965657554,1
2011-10-11,49.555397033691406,48.064294905889604,2
2011-10-12,49.80173873901367,48.15316427321661,3
2011-10-13,50.25930404663086,48.2312022617885,4
2011-10-14,51.1920051574707,48.319359188988095,5
2011-10-17,50.40007400512695,48.34826968965076,6
2011-10-18,51.02481460571289,48.4060910542806,7
2011-10-19,50.039337158203125,48.42745989844913,8
2011-10-20,49.79295349121094,48.47815777006603,9
2011-10-21,50.417686462402344,48.63402357555571,10
2011-10-24,51.46476745605469,48.8158685593378,11
2011-10-25,50.4528694152832,48.923130217052645,12
2011-10-26,50.39129638671875,49.003577822730655,13
2011-10-27,51.7815055847168,49.184583391462056,14
2011-10-28,51.86069869995117,49.3965942746117,15
2011-10-31,50.98960494995117,49.62536493937174,16
2011-11-01,49.66098403930664,49.847432454427086,-1
2011-11-02,50.083343505859375,50.0456177847726,1
2011-11-03,51.12158966064453,50.23709724062965,2
2011-11-04,50.85764694213867,50.378299713134766,3
2011-11-07,51.218387603759766,50.551763262067524,4
2011-11-08,51.80790710449219,50.67494819277809,5
2011-11-09,49.98653793334961,50.69547871180943,-1
2011-11-10,49.960147857666016,50.70302200317383,-2
2011-11-11,50.90163040161133,50.73360897245861,1
2011-11-14,50.58485412597656,50.70469701857794,-1
2011-11-15,51.148014068603516,50.74031321207682,1
2011-11-16,50.30329895019531,50.70595532371884,-1
2011-11-17,49.124244689941406,50.66237949189686,-2
2011-11-18,48.74589920043945,50.61251976376488,-3
2011-11-21,47.8132209777832,50.48849759783064,-4
2011-11-22,47.97159194946289,50.32215590704055,-5
2011-11-23,46.88932418823242,50.15246327718099,-6
2011-11-25,46.52857208251953,49.96852402460007,-7
2011-11-28,48.14756774902344,49.79547936575754,-8
2011-11-29,47.848411560058594,49.604418073381694,-9
2011-11-30,49.61698913574219,49.539055415562224,1
2011-12-01,49.960147857666016,49.55330131167457,2
2011-12-02,49.8193473815918,49.54073006766183,3
2011-12-05,50.36489486694336,49.50469698224749,4
2011-12-06,50.22411346435547,49.47452872140067,5
2011-12-07,50.22411346435547,49.42718233380999,6
2011-12-08,49.37942123413086,49.31154014950707,7
2011-12-09,50.171329498291016,49.320339747837615,8
2011-12-12,49.608177185058594,49.30357923961821,9
2011-12-13,49.062652587890625,49.216008867536274,-1
2011-12-14,48.29716110229492,49.10707110450382,-2
2011-12-15,48.1651725769043,48.96503103347052,-3
2011-12-16,48.413143157958984,48.875023614792596,-4
2011-12-19,47.93660354614258,48.8184692746117,-5
2011-12-20,49.35740280151367,48.847588493710475,1
2011-12-21,48.65141296386719,48.88750239780971,-1
2011-12-22,49.0661735534668,48.93962533133371,1
2011-12-23,49.48979568481445,49.06345730736142,2
2011-12-27,49.67439270019531,49.213258289155505,3
2011-12-28,49.10025405883789,49.258624303908576,-1
2011-12-29,49.45355987548828,49.33505993797665,1
2011-12-30,49.3122444152832,49.32054828462147,-1
2012-01-03,50.257328033447266,49.33469972156343,1
2012-01-04,50.46930694580078,49.36565017700195,2
2012-01-05,50.88444137573242,49.39039048694429,3
2012-01-06,51.06110382080078,49.43024717058454,4
2012-01-09,50.893280029296875,49.46211224510556,5
2012-01-10,51.26424789428711,49.551865895589195,6
2012-01-11,51.3702392578125,49.608956836518786,7
2012-01-12,51.57339096069336,49.70253844488235,8
2012-01-13,51.38791275024414,49.81326511928013,9
2012-01-17,51.85601043701172,49.982734135219026,10
2012-01-18,52.54496765136719,50.19129580543155,11
2012-01-19,52.87177276611328,50.403611501057945,12
2012-01-20,52.79228210449219,50.63483428955078,13
2012-01-23,52.809940338134766,50.79924083891369,14
2012-01-24,52.71278381347656,50.99263945079985,15
2012-01-25,53.3752326965332,51.19783274332682,16
2012-01-26,53.18974304199219,51.37402071271624,17
2012-01-27,53.34873962402344,51.548989613850914,18
2012-01-30,53.39289093017578,51.75340089343843,19
2012-01-31,53.463531494140625,51.944351922898065,20
2012-02-01,53.8963508605957,52.162642706008185,21
2012-02-02,54.06415939331055,52.343920389811196,22
2012-02-03,54.80611801147461,52.55043520246233,23
2012-02-06,54.76194763183594,52.73507835751488,24
2012-02-07,54.876766204833984,52.916776566278365,25
2012-02-08,55.16824722290039,53.12034643264044,26
2012-02-09,55.565711975097656,53.32517805553618,27
2012-02-10,55.177066802978516,53.50645555768694,28
2012-02-13,55.689388275146484,53.702455429803756,29
2012-02-14,55.830684661865234,53.91401599702381,30
2012-02-15,55.44205856323242,54.08478019351051,31
2012-02-16,56.201637268066406,54.258907318115234,32
2012-02-17,56.025001525878906,54.409061068580264,33
2012-02-21,56.1839714050293,54.57057008289156,34
2012-02-22,55.927833557128906,54.719041188557945,35
2012-02-23,56.29880905151367,54.889804295131135,36
2012-02-24,56.49312973022461,55.03827558244978,37
2012-02-27,56.5726203918457,55.19936498006185,38
2012-02-28,57.146732330322266,55.380221775599885,39
2012-02-29,56.8906135559082,55.54677999587286,40
2012-03-01,57.3410530090332,55.73142387753441,41
2012-03-02,57.29689407348633,55.89335450671968,42
2012-03-05,56.70509719848633,56.01911344982329,43
2012-03-06,56.14864730834961,56.08304341634115,44
2012-03-07,56.581451416015625,56.169686453683035,45
2012-03-08,57.190895080566406,56.27988306681315,46
2012-03-09,57.429386138916016,56.38755634852818,47
2012-03-12,57.45588302612305,56.4775644938151,48
2012-03-13,58.52460861206055,56.63697124662853,49
2012-03-14,58.72776794433594,56.781655992780415,50
2012-03-15,58.89559555053711,56.92760413033621,51
2012-03-16,58.85399627685547,57.09007735479446,52
2012-03-19,59.26985549926758,57.23618298485165,53
2012-03-20,59.37601089477539,57.39575485956101,54
2012-03-21,59.38486099243164,57.54817817324684,55
2012-03-22,59.260982513427734,57.70689955211821,56
2012-03-23,59.22560119628906,57.84627060663132,57
2012-03-26,60.260772705078125,58.025682176862446,58
2012-03-27,60.34926223754883,58.20552226475307,59
2012-03-28,60.11036682128906,58.34664771670387,60
2012-03-29,59.88032150268555,58.4890147617885,61
2012-03-30,59.76530075073242,58.60445513044085,62
2012-04-02,60.38462448120117,58.7514899117606,63
2012-04-03,60.3669319152832,58.92586299351284,64
2012-04-04,59.54411315917969,59.08755184355236,65
2012-04-05,59.915714263916016,59.24632626488095,66
2012-04-09,59.464473724365234,59.35459191458566,67
2012-04-10,58.50892639160156,59.40599859328497,-1
2012-04-11,58.79207229614258,59.46962665376209,-2
2012-04-12,59.464473724365234,59.51438213530041,-3
2012-04-13,58.562042236328125,59.50649043491909,-4
2012-04-16,57.90732192993164,59.45942978631882,-5
2012-04-17,59.084049224853516,59.47038468860445,-6
2012-04-18,58.93363952636719,59.45437440418062,-7
2012-04-19,58.27006912231445,59.401710510253906,-8
2012-04-20,58.110801696777344,59.34104101998465,-9
2012-04-23,57.5799674987793,59.260992685953774,-10
2012-04-24,57.270294189453125,59.167882828485396,-11
2012-04-25,58.79207229614258,59.09794471377418,-12
2012-04-26,59.137115478515625,59.04022343953451,1
2012-04-27,59.49103927612305,59.01073165166946,2
2012-04-30,59.06635665893555,58.97197142101469,3
2012-05-01,59.16366195678711,58.943321954636346,4
2012-05-02,59.331764221191406,58.89318575177874,5
2012-05-03,58.703575134277344,58.81397828601656,-1
2012-05-04,57.24374771118164,58.70443707420712,-2
2012-05-07,57.29682922363281,58.579728262765066,-3
2012-05-08,57.08448791503906,58.46639560517811,-4
2012-05-09,56.90752410888672,58.39013835362026,-5
2012-05-10,56.79251480102539,58.294921330043245,-6
2012-05-11,56.78367233276367,58.16726412091936,-7
2012-05-14,56.2528076171875,58.05730056762695,-8
2012-05-15,56.067020416259766,57.96966716221401,-9
2012-05-16,55.68656921386719,57.80788239978609,-10
2012-05-17,54.50985336303711,57.59722591581799,-11
2012-05-18,53.80204391479492,57.38446281069801,-12
2012-05-21,55.306129455566406,57.25090698968796,-13
2012-05-22,55.24419021606445,57.13967950003488,-14
2012-05-23,55.35038375854492,57.048255193801154,-15
2012-05-24,54.98762512207031,56.867091042654856,-16
2012-05-25,54.91684341430664,56.66612570626395,-17
2012-05-29,55.61580276489258,56.481590634300595,-18
2012-05-30,55.14687728881836,56.29494875953311,-19
2012-05-31,54.90799331665039,56.092297871907554,-20
2012-06-01,53.4481315612793,55.81212488810221,-21
2012-06-04,53.855125427246094,55.58124633062454,-22
2012-06-05,54.076316833496094,55.43041628882999,-23
2012-06-06,55.314979553222656,55.33604249500093,-24
2012-06-07,55.09379196166992,55.2412474496024,-25
2012-06-08,55.6246337890625,55.180157434372674,1
2012-06-11,54.68681335449219,55.079885936918714,-1
2012-06-12,55.35038375854492,55.011634100051154,1
2012-06-13,54.96992492675781,54.95054444812593,2
2012-06-14,55.17341995239258,54.90799204508463,3
2012-06-15,55.85891342163086,54.916198912121004,4
2012-06-18,56.38210678100586,55.00535383678618,5
2012-06-19,56.96737289428711,55.15608378819057,6
2012-06-20,57.01173400878906,55.23730305262974,7
2012-06-21,55.59283447265625,55.2539051600865,8
2012-06-22,56.17814636230469,55.2933224269322,9
2012-06-25,55.096275329589844,55.29849624633789,-1
2012-06-26,55.442108154296875,55.32350885300409,1
2012-06-27,55.77908706665039,55.33128429594494,2
2012-06-28,55.158329010009766,55.33182961600168,-1
2012-06-29,56.89645767211914,55.42651839483352,1
2012-07-02,57.0649299621582,55.59874689011347,2
2012-07-03,57.54378890991211,55.77439753214518,3
2012-07-05,57.579280853271484,55.94120534261068,4
2012-07-06,56.860984802246094,56.01482464018322,5
2012-07-09,56.75455856323242,56.09390876406715,6
2012-07-10,56.19587326049805,56.12111064365932,7
2012-07-11,55.88551330566406,56.17819159371512,-1
2012-07-12,55.36229705810547,56.178758893694194,-2
2012-07-13,56.204750061035156,56.23756009056454,-3
2012-07-16,56.045135498046875,56.27907035464332,-4
2012-07-17,56.33776092529297,56.30187261672247,1
2012-07-18,57.10041809082031,56.336077917189826,2
2012-07-19,57.73002624511719,56.37239474341983,3
2012-07-20,56.96737289428711,56.370282309395925,4
2012-07-23,56.27569580078125,56.402799515497115,-1
2012-07-24,55.832305908203125,56.386330922444664,-2
2012-07-25,55.459842681884766,56.40364365350632,-3
2012-07-26,56.19587326049805,56.4395372299921,-4
2012-07-27,57.52606964111328,56.52272687639509,1
2012-07-30,57.48172378540039,56.63336472284226,2
2012-07-31,57.46399688720703,56.66039039975121,3
2012-08-01,57.29551315307617,56.67137055169968,4
2012-08-02,57.0915412902832,56.649834950764976,5
2012-08-03,58.173431396484375,56.678127833775115,6
2012-08-06,58.61681365966797,56.761738731747585,7
2012-08-07,59.10456085205078,56.873643602643696,8
2012-08-08,59.07796096801758,57.010885874430336,9
2012-08-09,59.25530242919922,57.17135202317011,10
2012-08-10,59.2907829284668,57.3584227789016,11
2012-08-13,59.43264389038086,57.512132008870445,12
2012-08-14,59.45928955078125,57.674710773286364,13
2012-08-15,59.61001205444336,57.83053225562686,14
2012-08-16,60.319480895996094,57.98382096063523,15
2012-08-17,60.58548355102539,58.11979511805943,16
2012-08-20,60.674190521240234,58.29631024315243,17
2012-08-21,60.434722900390625,58.494359152657644,18
2012-08-22,60.68304443359375,58.72534670148577,19
2012-08-23,60.18644714355469,58.950423104422434,20
2012-08-24,60.55888366699219,59.15818550473168,21
2012-08-27,60.65642547607422,59.307250068301244,22
2012-08-28,60.65642547607422,59.458426339285715,23
2012-08-29,60.65642547607422,59.61044674827939,24
2012-08-30,60.044551849365234,59.741353352864586,25
2012-08-31,60.44358825683594,59.90097463698614,26
2012-09-04,60.38151931762695,60.00612168085007,27
2012-09-05,60.319480895996094,60.08720107305618,28
2012-09-06,61.658512115478516,60.20881779988607,29
2012-09-07,61.56984329223633,60.327478862944105,30
2012-09-10,60.78059387207031,60.40011178879511,31
2012-09-11,60.68304443359375,60.46640995570591,32
2012-09-12,60.860408782958984,60.5343987601144,33
2012-09-13,61.68511199951172,60.64039030529204,34
2012-09-14,62.23494338989258,60.76538703555153,35
2012-09-17,62.26154327392578,60.85786619640532,36
2012-09-18,62.31473922729492,60.940211704799104,37
2012-09-19,62.4300422668457,61.023823692685085,38
2012-09-20,62.367942810058594,61.11588178362165,39
2012-09-21,62.385746002197266,61.19696281069801,40
2012-09-24,62.02110290527344,61.284327370779856,41
2012-09-25,61.14958190917969,61.31245585850307,-1
2012-09-26,60.65156555175781,61.31222443353562,-2
2012-09-27,61.48753356933594,61.35180100940523,1
2012-09-28,60.980613708496094,61.36723854428246,-1
2012-10-01,60.891658782958984,61.40757696969168,-2
2012-10-02,61.06954574584961,61.43738446916853,-3
2012-10-03,61.460853576660156,61.4887813386463,-4
2012-10-04,61.67427062988281,61.55329513549805,1
2012-10-05,61.345245361328125,61.53837767101469,-1
2012-10-08,60.78495407104492,61.5010019938151,-2
2012-10-09,59.815589904785156,61.45504942394438,-3
2012-10-10,59.51321792602539,61.39934339977446,-4
2012-10-11,59.32645797729492,61.32629812331427,-5
2012-10-12,59.29979705810547,61.21271169753302,-6
2012-10-15,59.73554992675781,61.09369296119327,-7
2012-10-16,60.58041000366211,61.013638995942614,-8
2012-10-17,60.544837951660156,60.92935798281715,-9
2012-10-18,59.84227752685547,60.806131090436665,-10
2012-10-19,58.41047286987305,60.61768014090402,-11
2012-10-22,58.71284866333008,60.44278026762463,-12
2012-10-23,58.15258026123047,60.258564903622585,-13
2012-10-24,57.94802474975586,60.10610980079288,-14
2012-10-25,57.94802474975586,59.97736976260231,-15
2012-10-26,58.11701202392578,59.8168687366304,-16
2012-10-31,57.76127624511719,59.66356695265997,-17
2012-11-01,58.5794563293457,59.55346207391648,-18
2012-11-02,57.95691680908203,59.40524164835612,-19
2012-11-05,58.339332580566406,59.25659779139927,-20
2012-11-06,58.446041107177734,59.10287257603237,-21
2012-11-07,57.06760025024414,58.89917518979027,-22
2012-11-08,56.169395446777344,58.67938668387277,-23
2012-11-09,56.409481048583984,58.517191024053666,-24
2012-11-12,56.40061569213867,58.368971870059056,-25
2012-11-13,56.00930404663086,58.211012159075054,-26
2012-11-14,55.35121154785156,58.02298427763439,-27
2012-11-15,55.16444778442383,57.80531274704706,-28
2012-11-16,55.40458297729492,57.55884479341053,-29
2012-11-19,56.72078323364258,57.3767469496954,-30
2012-11-20,56.738555908203125,57.228950682140535,-31
2012-11-21,56.854164123535156,57.154840741838726,-32
2012-11-23,57.716800689697266,57.10740988595145,1
2012-11-26,57.965824127197266,57.09851673671177,2
2012-11-27,57.7701530456543,57.09004665556408,3
2012-11-28,58.2681770324707,57.105292002360024,4
2012-11-29,58.615020751953125,57.129006703694664,5
2012-11-30,58.517189025878906,57.1650025503976,6
2012-12-03,58.40157699584961,57.1565321059454,7
2012-12-04,58.36602020263672,57.1760132199242,8
2012-12-05,57.716800689697266,57.14636884416853,9
2012-12-06,58.09031295776367,57.129429408482146,10
2012-12-07,57.74348831176758,57.16161455426897,11
2012-12-10,57.91246032714844,57.24461764381046,12
2012-12-11,58.66838455200195,57.35218447730655,13
2012-12-12,58.54387664794922,57.454244522821334,14
2012-12-13,58.08143615722656,57.55291748046875,15
2012-12-14,57.53006362915039,57.65667234148298,-1
2012-12-17,58.29487609863281,57.80574035644531,1
2012-12-18,59.1841926574707,57.98572176978702,2
2012-12-19,58.9262580871582,58.09074438185919,3
2012-12-20,58.9262580871582,58.194920676095144,4
2012-12-21,58.306541442871094,58.26408150082543,5
2012-12-24,58.19028091430664,58.286628178187776,-1
2012-12-26,57.68056106567383,58.27304422287714,-2
2012-12-27,57.591129302978516,58.264519282749724,-3
2012-12-28,57.036685943603516,58.20587684994652,-4
2012-12-31,58.243961334228516,58.1882073538644,1
2013-01-02,60.09510803222656,58.263346354166664,2
2013-01-03,59.7821044921875,58.32908575875418,3
2013-01-04,59.585350036621094,58.38714908418201,4
2013-01-07,59.60323715209961,58.47697939191546,5
2013-01-08,59.486995697021484,58.54348809378488,6
2013-01-09,59.71055221557617,58.63715780349005,7
2013-01-10,60.068260192871094,58.739814939953035,8
2013-01-11,60.148746490478516,58.81030836559477,9
2013-01-14,59.88046646118164,58.87395549955822,10
2013-01-15,59.585350036621094,58.94557044619606,11
2013-01-16,59.82680130004883,59.05493890671503,12
2013-01-17,60.11298370361328,59.14151545933315,13
2013-01-18,59.978816986083984,59.179354713076634,14
2013-01-22,60.07719039916992,59.234161013648624,15
2013-01-23,60.44385528564453,59.30642754690988,16
2013-01-24,59.612186431884766,59.36860111781529,17
2013-01-25,59.91623306274414,59.450789315359934,18
2013-01-28,60.05037307739258,59.56363750639416,19
2013-01-29,60.0593147277832,59.68117014567057,20
2013-01-30,59.93408966064453,59.819141751243954,21
2013-01-31,59.79995346069336,59.89323661440895,-1
2013-02-01,60.5064582824707,59.91282472156343,1
2013-02-04,59.45124053955078,59.8970692952474,-1
2013-02-05,60.32758712768555,59.93241391863142,1
2013-02-06,60.13085174560547,59.957538423084074,2
2013-02-07,60.18454360961914,59.99075499035063,3
2013-02-08,60.80155563354492,60.04270753406343,4
2013-02-11,60.81944274902344,60.078478131975444,5
2013-02-12,60.56904220581055,60.09849221365793,6
2013-02-13,60.78368377685547,60.14150256202335,7
2013-02-14,60.76577377319336,60.197713216145836,8
2013-02-15,60.58695983886719,60.23391124180385,9
2013-02-19,61.02511978149414,60.27734629313151,10
2013-02-20,60.08615493774414,60.282457624162944,-1
2013-02-21,59.44227981567383,60.252223786853605,-2
2013-02-22,60.04144287109375,60.23306129092262,-3
2013-02-25,59.2991828918457,60.21815636044457,-4
2013-02-26,59.52275466918945,60.19941929408482,-5
2013-02-27,60.13085174560547,60.20325161161877,-6
2013-02-28,60.00566101074219,60.200696672712056,-7
2013-03-01,60.256065368652344,60.21602884928385,1
2013-03-04,60.52436447143555,60.25052461170015,2
2013-03-05,61.418617248535156,60.29396075294132,3
2013-03-06,61.26658630371094,60.38040578932989,4
2013-03-07,61.42755889892578,60.43278539748419,5
2013-03-08,61.49908447265625,60.49793933686756,6
2013-03-11,61.677940368652344,60.56905346825009,7
2013-03-12,61.454383850097656,60.60014052618118,8
2013-03-13,61.3739013671875,60.62654331752232,9
2013-03-14,61.57957458496094,60.67466390700567,10
2013-03-15,61.40837860107422,60.70441127958752,11
2013-03-18,61.27391815185547,60.72860863095238,12
2013-03-19,61.157405853271484,60.755772726876394,13
2013-03-20,61.58766174316406,60.78256043933687,14
2013-03-21,60.888511657714844,60.820767902192614,15
2013-03-22,61.48004913330078,60.917804536365324,16
2013-03-25,61.25603485107422,60.97564224969773,17
2013-03-26,61.58766174316406,61.08461743309384,18
2013-03-27,61.668338775634766,61.18678810482933,19
2013-03-28,61.82069778442383,61.267256963820685,20
2013-04-01,61.399417877197266,61.33362633841379,21
2013-04-02,61.88343048095703,61.4111199151902,22
2013-04-03,61.3187370300293,61.44894717988514,-1
2013-04-04,61.336666107177734,61.445044744582404,-2
2013-04-05,60.82577133178711,61.42405355544317,-3
2013-04-08,61.14845275878906,61.410762786865234,-4
2013-04-09,61.56074142456055,61.41369883219401,1
2013-04-10,62.761844635009766,61.46531332106817,2
2013-04-11,62.7349853515625,61.52629434494745,3
2013-04-12,62.690128326416016,61.58897181919643,4
2013-04-15,61.453189849853516,61.582953498477025,-1
2013-04-16,62.26887130737305,61.62392934163412,1
2013-04-17,61.04982376098633,61.61325818016415,-1
2013-04-18,60.20729064941406,61.56801459902809,-2
2013-04-19,61.031925201416016,61.541550954182945,-3
2013-04-22,61.65936279296875,61.578258151099796,1
2013-04-23,62.250972747802734,61.61496879940941,2
2013-04-24,62.22404479980469,61.66106451125372,3
2013-04-25,62.55565643310547,61.70715949648903,4
2013-04-26,62.35849380493164,61.740024021693635,5
2013-04-29,62.93214416503906,61.79295003981817,6
2013-04-30,63.389312744140625,61.88770693824405,7
2013-05-01,63.093475341796875,61.945328122093564,8
2013-05-02,63.89126205444336,62.06782931373233,9
2013-05-03,64.6441421508789,62.225328172956196,10
2013-05-06,64.8951416015625,62.41910770961216,11
2013-05-07,64.85931396484375,62.59581538609096,12
2013-05-08,65.17300415039062,62.76782789684477,13
2013-05-09,65.08338165283203,62.878377278645836,14
2013-05-10,65.47779083251953,63.00898706345331,15
2013-05-13,65.55846405029297,63.14557447887602,16
2013-05-14,65.8990707397461,63.35728309268043,17
2013-05-15,66.03350830078125,63.53655152093796,18
2013-05-16,65.9618148803711,63.770455859956286,19
2013-05-17,66.59819793701172,64.07478477841332,20
2013-05-20,66.4996109008789,64.33515076410202,21
2013-05-21,66.5713119506836,64.5690531049456,22
2013-05-22,65.98869323730469,64.74703979492188,23
2013-05-23,65.83633422851562,64.91905357724144,24
2013-05-24,65.80046844482422,65.07356843494233,25
2013-05-28,66.23069763183594,65.25795909336635,26
2013-05-29,65.91700744628906,65.40009544009254,27
2013-05-30,66.26654052734375,65.53710628691174,28
2013-05-31,65.65704345703125,65.65918095906575,-1
2013-06-03,65.77359008789062,65.74881562732514,1
2013-06-04,65.43294525146484,65.786377679734,-1
2013-06-05,64.5814208984375,65.77143859863281,-2
2013-06-06,64.8951416015625,65.7731446765718,-3
2013-06-07,65.78252410888672,65.80216943650018,-4
2013-06-10,65.80941009521484,65.83674221947079,-5
2013-06-11,65.15511322021484,65.82137661888486,-6
2013-06-12,64.40214538574219,65.76631382533482,-7
2013-06-13,65.21784973144531,65.73387472970145,-8
2013-06-14,64.78759002685547,65.67454528808594,-9
2013-06-17,65.41504669189453,65.6485087076823,-10
2013-06-18,65.95284271240234,65.61777750651042,1
2013-06-19,65.21784973144531,65.55674126034691,-1
2013-06-20,63.66718292236328,65.41844940185547,-2
2013-06-21,63.32906723022461,65.29180054437546,-3
2013-06-24,62.69967269897461,65.14243570963542,-4
2013-06-25,63.158233642578125,65.01661500476655,-5
2013-06-26,63.724708557128906,64.89728219168526,-6
2013-06-27,63.99449157714844,64.80573381696429,-7
2013-06-28,64.08438110351562,64.70182146344867,-8
2013-07-01,64.48002624511719,64.64577302478608,-9
2013-07-02,64.50699615478516,64.58545902797154,-10
2013-07-03,64.76776123046875,64.5537835984003,1
2013-07-05,65.2623062133789,64.5862067086356,2
2013-07-08,65.32525634765625,64.60668836321149,3
2013-07-09,65.72086334228516,64.60375213623047,4
2013-07-10,66.09854888916016,64.61752065022786,5
2013-07-11,67.41133880615234,64.72495996384393,6
2013-07-12,67.70806884765625,64.88238489060174,7
2013-07-15,67.86096954345703,65.00824773879279,8
2013-07-16,67.7709732055664,65.15031360444569,9
2013-07-17,67.94186401367188,65.27063823881603,10
2013-07-18,67.7709732055664,65.35721588134766,11
2013-07-19,67.06965637207031,65.44539714994885,12
2013-07-22,67.26744842529297,65.61683836437408,13
2013-07-23,66.77290344238281,65.78083056495304,14
2013-07-24,66.98870086669922,65.98507000151135,15
2013-07-25,67.41133880615234,66.1875988188244,16
2013-07-26,67.7709732055664,66.38027808779762,17
2013-07-29,67.64514923095703,66.55411892845517,18
2013-07-30,68.00479888916016,66.74080548967633,19
2013-07-31,68.13066864013672,66.91464560372489,20
2013-08-01,68.82300567626953,67.12016986665272,21
2013-08-02,69.20970153808594,67.3316908336821,22
2013-08-05,69.25462341308594,67.5218011765253,23
2013-08-06,68.84101104736328,67.68921806698754,24
2013-08-07,68.71513366699219,67.83180236816406,25
2013-08-08,69.05683135986328,67.97267296200707,26
2013-08-09,68.77808380126953,68.03775605701264,27
2013-08-12,68.93994140625,68.09641665504093,28
2013-08-13,69.32658386230469,68.16620781308129,29
2013-08-14,69.0657958984375,68.22786603655133,30
2013-08-15,67.89691162109375,68.22572544642857,-1
2013-08-16,67.86990356445312,68.23043641589936,-2
2013-08-19,67.7530288696289,68.26297796340216,-3
2013-08-20,68.04976654052734,68.30023120698475,-4
2013-08-21,67.81597137451172,68.3499011085147,-5
2013-08-22,68.4813461303711,68.42097945440383,1
2013-08-23,68.93994140625,68.49377005440849,2
2013-08-26,68.97591400146484,68.5511481875465,3
2013-08-27,67.56420135498047,68.54729352678571,-1
2013-08-28,67.824951171875,68.53872934977214,-2
2013-08-29,68.301513671875,68.54686482747395,-3
2013-08-30,67.86096954345703,68.50105358305431,-4
2013-09-03,68.24756622314453,68.45523761567615,-5
2013-09-04,68.97591400146484,68.4419657389323,1
2013-09-05,69.0927963256836,68.4539555140904,2
2013-09-06,69.17373657226562,68.47579374767486,3
2013-09-09,69.98297882080078,68.5198960077195,4
2013-09-10,70.32465362548828,68.59354218982514,5
2013-09-11,70.18980407714844,68.65305945986793,6
2013-09-12,70.14484405517578,68.69202423095703,7
2013-09-13,70.18980407714844,68.74554842994327,8
2013-09-16,70.0009765625,68.84574199858166,9
2013-09-17,70.46854400634766,68.96948678152901,10
2013-09-18,71.31378936767578,69.13904680524554,11
2013-09-19,71.48458862304688,69.30260976155598,12
2013-09-20,71.23931884765625,69.4656263078962,13
2013-09-23,71.0949935913086,69.590085710798,14
2013-09-24,71.0949935913086,69.69270724341983,15
2013-09-25,70.85147857666016,69.78201984223865,16
2013-09-26,71.401611328125,69.96475365048363,17
2013-09-27,71.31144714355469,70.13077726818267,18
2013-09-30,71.14010620117188,70.26594834100632,19
2013-10-01,71.86162567138672,70.45645577566964,20
2013-10-02,71.83454895019531,70.62726447695778,21
2013-10-03,70.99581909179688,70.72345043364025,22
2013-10-04,71.60906219482422,70.84327261788505,23
2013-10-07,71.01383209228516,70.93089621407645,24
2013-10-08,69.6429672241211,70.91470518566314,-1
2013-10-09,69.42652130126953,70.87193697974796,-2
2013-10-10,70.8965835571289,70.90559314546131,-3
2013-10-11,71.45575714111328,70.968017578125,1
2013-10-14,71.96076965332031,71.05234927222843,2
2013-10-15,71.68118286132812,71.13235909598214,3
2013-10-16,72.4928970336914,71.22875685918899,4
2013-10-17,72.90776824951172,71.30466061546689,5
2013-10-18,74.08924102783203,71.42869168236142,6
2013-10-21,74.25155639648438,71.57213156563895,7
2013-10-22,74.35980987548828,71.72759900774274,8
2013-10-23,73.9088363647461,71.86159152076358,9
2013-10-24,74.23353576660156,72.02264186314174,10
2013-10-25,74.7656478881836,72.18283408028739,11
2013-10-28,74.7836685180664,72.34817795526413,12
2013-10-29,74.9099349975586,72.52769361223493,13
2013-10-30,74.83778381347656,72.66941542852493,14
2013-10-31,74.66642761230469,72.80426679338727,15
2013-11-01,74.68446350097656,72.97991652715774,16
2013-11-04,74.79270935058594,73.1315187726702,17
2013-11-05,74.87387084960938,73.31533014206659,18
2013-11-06,74.8558349609375,73.56356193905785,19
2013-11-07,73.44886016845703,73.7551018851144,-1
2013-11-08,74.44095611572266,73.92388153076172,1
2013-11-11,74.32371520996094,74.06045096261161,2
2013-11-12,74.44095611572266,74.17855507986886,3
2013-11-13,75.34282684326172,74.35291907900856,4
2013-11-14,75.57735443115234,74.49979800269718,5
2013-11-15,75.7216567993164,74.63379269554501,6
2013-11-18,74.98208618164062,74.67630913144066,7
2013-11-19,74.7656478881836,74.70078967866444,8
2013-11-20,74.58525085449219,74.7115249633789,-1
2013-11-21,75.34282684326172,74.7798102242606,1
2013-11-22,75.74870300292969,74.85196104503814,2
2013-11-25,75.92903900146484,74.90736062186105,3
2013-11-26,76.32589721679688,74.98080008370536,4
2013-11-27,76.85799407958984,75.07356480189732,5
2013-11-29,77.31796264648438,75.19166855585007,6
2013-12-02,77.09249114990234,75.30719539097377,7
2013-12-03,77.02937316894531,75.41885775611514,8
2013-12-04,77.10150146484375,75.52880023774647,9
2013-12-05,77.00232696533203,75.63015529087612,10
2013-12-06,77.56147003173828,75.75899505615234,11
2013-12-09,77.87712097167969,75.96986461821056,12
2013-12-10,77.82301330566406,76.13091496058873,13
2013-12-11,76.82190704345703,76.2498764764695,14
2013-12-12,76.62351989746094,76.3538080851237,15
2013-12-13,76.5243148803711,76.41006942022415,16
2013-12-16,76.94818878173828,76.47534724644252,17
2013-12-17,76.79486846923828,76.52645256405785,18
2013-12-18,77.68771362304688,76.65529196602958,19
2013-12-19,77.47126007080078,76.7841306413923,20
2013-12-20,78.26021575927734,76.95912897019159,21
2013-12-23,79.08354187011719,77.13725825718471,22
2013-12-24,79.11971282958984,77.29778253464471,23
2013-12-26,79.38207244873047,77.46221269880023,24
2013-12-27,79.18299865722656,77.5982651483445,25
2013-12-30,79.06542205810547,77.70338076636905,26
2013-12-31,79.58112335205078,77.81115032377697,27
2014-01-02,78.95687866210938,77.89993068150112,28
2014-01-03,78.38687896728516,77.9645738147554,29
2014-01-06,78.0973892211914,78.01199704124814,30
2014-01-07,78.82117462158203,78.0986088344029,31
2014-01-08,78.99303436279297,78.16677856445312,32
2014-01-09,78.73065948486328,78.2074232555571,33
2014-01-10,78.98402404785156,78.26270948137555,34
2014-01-13,77.81689453125,78.31008983793713,-1
2014-01-14,79.30066680908203,78.4375730242048,1
2014-01-15,79.95209503173828,78.60080065046039,2
2014-01-16,79.96114349365234,78.74427468436105,3
2014-01-17,79.50875091552734,78.87350718180339,4
2014-01-21,80.11495971679688,78.98909032912482,5
2014-01-22,80.32303619384766,79.12488919212704,6
2014-01-23,80.05158996582031,79.21019272577195,7
2014-01-24,78.47735595703125,79.18132672991071,-1
2014-01-27,77.71734619140625,79.11454736618768,-2
2014-01-28,77.67211151123047,79.03312065487816,-3
2014-01-29,76.83975219726562,78.92153749011811,-4
2014-01-30,78.26021575927734,78.88319433303107,-5
2014-01-31,78.0521011352539,78.81038375127883,-6
2014-02-03,76.26072692871094,78.68199557349796,-7
2014-02-04,76.82166290283203,78.60746147519066,-8
2014-02-05,76.62263488769531,78.53723507835751,-9
2014-02-06,77.5997543334961,78.47907220749627,-10
2014-02-07,78.98402404785156,78.47864314488002,1
2014-02-10,79.4363784790039,78.51224881126767,2
2014-02-11,80.34110260009766,78.57687159946987,3
2014-02-12,80.49491119384766,78.70439620245071,4
2014-02-13,81.092041015625,78.78969973609561,5
2014-02-14,81.25489044189453,78.85173761276971,6
2014-02-18,81.65296936035156,78.93230074927921,7
2014-02-19,81.092041015625,79.00769551595052,8
2014-02-20,81.47203063964844,79.07231794084821,9
2014-02-21,81.36349487304688,79.12186359223865,10
2014-02-24,81.79774475097656,79.20501382010323,11
2014-02-25,81.70728302001953,79.35881987072173,12
2014-02-26,81.63490295410156,79.54537019275483,13
2014-02-27,82.16452026367188,79.75929441906158,14
2014-02-28,82.07369232177734,80.00852966308594,15
2014-03-03,81.46501922607422,80.16113935198102,16
2014-03-04,82.50067901611328,80.3729763939267,17
2014-03-05,82.72779846191406,80.6809321812221,18
2014-03-06,82.65514373779297,80.9587169828869,19
2014-03-07,82.24633026123047,81.22651200067429,20
2014-03-10,82.31900024414062,81.45123799641927,21
2014-03-11,81.96466827392578,81.59317343575614,22
2014-03-12,82.27356719970703,81.72827766055153,23
2014-03-13,81.11068725585938,81.76492454892113,-1
2014-03-14,80.55652618408203,81.76785859607514,-2
2014-03-17,81.26512908935547,81.77610088530041,-3
2014-03-18,82.24633026123047,81.82331230526879,1
2014-03-19,81.8011474609375,81.8303684052967,-1
2014-03-20,82.02827453613281,81.8749509538923,1
2014-03-21,81.04122161865234,81.85443623860677,-1
2014-03-24,80.33097839355469,81.80526878720238,-2
2014-03-25,80.59504699707031,81.7479974655878,-3
2014-03-26,79.55699920654297,81.64560299827939,-4
2014-03-27,79.11080932617188,81.52540806361607,-5
2014-03-28,79.26559448242188,81.38736397879464,-6
2014-03-31,79.83016204833984,81.28052920386905,-7
2014-04-01,81.23245239257812,81.26945459275018,-8
2014-04-02,81.44189453125,81.21903628394718,1
2014-04-03,80.79537963867188,81.12701633998326,-1
2014-04-04,78.64640808105469,80.93612416585286,-2
2014-04-07,77.8997573852539,80.72914450509208,-3
2014-04-08,78.61907958984375,80.55295780726841,-4
2014-04-09,79.96670532226562,80.45781671433221,-5
2014-04-10,77.48995971679688,80.23002588181268,-6
2014-04-11,76.5885009765625,80.01468367803665,-7
2014-04-14,77.1894760131836,79.85434795561291,-8
2014-04-15,77.44441986083984,79.6724094209217,-9
2014-04-16,78.473388671875,79.49274553571429,-10
2014-04-17,78.49162292480469,79.33514912923177,-11
2014-04-21,79.07435607910156,79.19448634556362,-12
2014-04-22,79.70269012451172,79.13074675060454,1
2014-04-23,79.00153350830078,79.06743985130673,-1
2014-04-24,79.75730895996094,79.02754756382534,1
2014-04-25,78.48249816894531,78.97638084774925,-1
2014-04-28,78.73745727539062,78.95860217866444,-2
2014-04-29,79.36579895019531,78.96337381998698,1
2014-04-30,79.57518768310547,78.95123218354725,2
2014-05-01,79.81192779541016,78.88358815511067,3
2014-05-02,79.66624450683594,78.79903339204334,4
2014-05-05,80.08509063720703,78.7652101062593,5
2014-05-06,79.04706573486328,78.78428904215495,6
2014-05-07,78.81940460205078,78.82808176676433,-1
2014-05-08,78.74658203125,78.8341533115932,-2
2014-05-09,79.03794860839844,78.78992680140904,1
2014-05-12,80.34007263183594,78.92564646402995,2
2014-05-13,80.39472198486328,79.10689508347284,3
2014-05-14,79.97586822509766,79.23958042689732,4
2014-05-15,79.3475341796875,79.33020491827102,5
2014-05-16,79.86656951904297,79.39654686337425,6
2014-05-19,80.42203521728516,79.48847125825428,7
2014-05-20,80.13066101074219,79.5387714930943,8
2014-05-21,80.8955307006836,79.59557342529297,9
2014-05-22,81.25064849853516,79.70267413911365,10
2014-05-23,81.84251403808594,79.80196961902436,11
2014-05-27,82.86236572265625,80.01053474062965,12
2014-05-28,82.6073989868164,80.19481767926898,13
2014-05-29,83.13552856445312,80.37432861328125,14
2014-05-30,83.14461517333984,80.54430135091145,15
2014-06-02,83.06269836425781,80.69909994942802,16
2014-06-03,83.02627563476562,80.85910143171039,17
2014-06-04,83.33584594726562,81.01389930361793,18
2014-06-05,84.03697204589844,81.2515138898577,19
2014-06-06,84.51959991455078,81.52295176188152,20
2014-06-09,84.45585632324219,81.79482196626209,21
2014-06-10,84.60155487060547,82.05975559779576,22
2014-06-11,84.5833511352539,82.2618164789109,23
2014-06-12,83.81846618652344,82.42485191708519,24
2014-06-13,84.06433868408203,82.61954098656064,25
2014-06-16,84.1371841430664,82.84761955624535,26
2014-06-17,84.18269348144531,83.0531492687407,27
2014-06-18,84.65620422363281,83.25477636428107,28
2014-06-19,84.60155487060547,83.4676760718936,29
2014-06-20,84.70108795166016,83.64889308384487,30
2014-06-23,84.71934509277344,83.81406911214192,31
2014-06-24,84.63715362548828,83.94714718773251,32
2014-06-25,85.17585754394531,84.05731346493675,33
2014-06-26,85.22151947021484,84.18179539271763,34
2014-06-27,85.59584045410156,84.29895310174851,35
2014-06-30,85.7419204711914,84.42263430640811,36
2014-07-01,86.68236541748047,84.59499940418061,37
2014-07-02,86.82841491699219,84.77605365571522,38
2014-07-03,87.3762435913086,84.96845354352679,39
2014-07-07,87.1114730834961,85.11485835484096,40
2014-07-08,86.06148529052734,85.1882814679827,41
2014-07-09,86.70059204101562,85.29517364501953,42
2014-07-10,86.42671203613281,85.38208589099702,43
2014-07-11,86.9836654663086,85.4963865734282,44
2014-07-14,87.50406646728516,85.67189134870257,45
2014-07-15,87.20276641845703,85.82134028843471,46
2014-07-16,87.54973602294922,85.98384275890533,47
2014-07-17,86.39016723632812,86.08896055675689,48
2014-07-18,87.75968933105469,86.23674556187221,49
2014-07-21,87.65016174316406,86.38191731770833,50
2014-07-22,88.20709228515625,86.54886990501767,51
2014-07-23,88.77318572998047,86.74190993536087,52
2014-07-24,88.6727523803711,86.934081304641,53
2014-07-25,88.32579803466797,87.08407847086589,54
2014-07-28,88.35318756103516,87.23320552280971,55
2014-07-29,88.19792938232422,87.35711451939174,56
2014-07-30,88.5448989868164,87.49058968680245,57
2014-07-31,86.75537872314453,87.4940665108817,-1
2014-08-01,86.43580627441406,87.47537086123512,-2
2014-08-04,87.02930450439453,87.45884995233445,-3
2014-08-05,86.36277770996094,87.42319779168992,-4
2014-08-06,86.29885864257812,87.43450128464471,-5
2014-08-07,86.02498626708984,87.40232958112445,-6
2014-08-08,86.64582061767578,87.41276332310268,-7
2014-08-11,87.15709686279297,87.4210219610305,-8
2014-08-12,87.12059783935547,87.4027615501767,-9
2014-08-13,88.04273986816406,87.44276028587704,1
2014-08-14,88.499267578125,87.48797607421875,2
2014-08-15,88.92838287353516,87.60884348551433,3
2014-08-18,89.61315155029297,87.69710359119233,4
2014-08-19,90.1153335571289,87.81449272519066,5
2014-08-20,90.1153335571289,87.90536135718936,6
2014-08-21,90.29792022705078,87.97796776181175,7
2014-08-22,90.43488311767578,88.06187874930245,8
2014-08-25,90.75440979003906,88.17752692812965,9
2014-08-26,90.84573364257812,88.29621959867931,10
2014-08-27,90.86399841308594,88.42317526681083,11
2014-08-28,90.76355743408203,88.52882566906158,12
2014-08-29,91.10138702392578,88.73577844528924,13
2014-09-02,91.36615753173828,88.9705570765904,14
2014-09-03,90.82746124267578,89.15142168317523,15
2014-09-04,90.74529266357422,89.36011287144252,16
2014-09-05,91.20178985595703,89.59358578636532,17
2014-09-08,91.37528991699219,89.8483621506464,18
2014-09-09,90.61743927001953,90.03748684837704,19
2014-09-10,91.36615753173828,90.23791830880302,20
2014-09-11,91.29307556152344,90.43660772414435,21
2014-09-12,90.82746124267578,90.56921350388299,22
2014-09-15,89.95096588134766,90.63834199451264,-1
2014-09-16,90.73616027832031,90.72442663283576,1
2014-09-17,90.87310028076172,90.78442419142951,2
2014-09-18,91.55789947509766,90.85311780657086,3
2014-09-19,91.50114440917969,90.91910879952567,4
2014-09-22,90.65003967285156,90.93587639218285,-1
2014-09-23,90.40290069580078,90.93435341971261,-2
2014-09-24,91.37298583984375,90.96380942208427,1
2014-09-25,89.45111846923828,90.89739917573475,-1
2014-09-26,90.40290069580078,90.8754421415783,-2
2014-09-29,90.28394317626953,90.85260336739677,-3
2014-09-30,90.4120864868164,90.81977953229632,-4
2014-10-01,88.96601867675781,90.70548720586868,-5
2014-10-02,88.96601867675781,90.6168470836821,-6
2014-10-03,89.84464263916016,90.57395898728143,-7
2014-10-06,89.6524658203125,90.50018165225075,-8
2014-10-07,88.38032531738281,90.35756429036458,-9
2014-10-08,90.10087585449219,90.33296603248233,-10
2014-10-09,88.64574432373047,90.20342254638672,-11
2014-10-10,86.43097686767578,89.97189403715588,-12
2014-10-13,85.07646942138672,89.69803728376117,-13
2014-10-14,85.08563232421875,89.4663547334217,-14
2014-10-15,84.53651428222656,89.17113349551246,-15
2014-10-16,84.00569915771484,88.84411439441499,-16
2014-10-17,85.11308288574219,88.53721836635044,-17
2014-10-20,86.38520812988281,88.2936023530506,-18
2014-10-21,88.65487670898438,88.19859459286644,1
2014-10-22,88.19731903076172,88.09356689453125,2
2014-10-23,89.52432250976562,88.00553530738468,3
2014-10-24,90.25648498535156,88.04388609386626,4
2014-10-27,90.32054138183594,88.03996422177269,5
2014-10-28,91.68419647216797,88.10664295014881,6
2014-10-29,91.34554290771484,88.15109325590588,7
2014-10-30,91.53773498535156,88.27355593726749,8
2014-10-31,92.80069732666016,88.45615968250092,9
2014-11-03,93.07526397705078,88.60999879382905,10
2014-11-04,92.76408386230469,88.75817108154297,11
2014-11-05,92.77326965332031,88.9673589070638,12
2014-11-06,93.06611633300781,89.10856083461216,13
2014-11-07,92.9837417602539,89.31513214111328,14
2014-11-10,93.31321716308594,89.64285786946614,15
2014-11-11,93.6060791015625,90.04902975899833,16
2014-11-12,93.77082061767578,90.46261015392486,17
2014-11-13,94.17349243164062,90.92151387532552,18
2014-11-14,94.46636962890625,91.41964104062035,19
2014-11-17,94.18266296386719,91.85152580624535,20
2014-11-18,94.8873519897461,92.25638979957218,21
2014-11-19,94.45724487304688,92.53269304547992,22
2014-11-20,94.87818908691406,92.85082971482049,23
2014-11-21,95.06121826171875,93.11449141729446,24
2014-11-24,95.80256652832031,93.37859053838821,25
2014-11-25,95.94896697998047,93.64661080496651,26
2014-11-26,96.57129669189453,93.87932986304874,27
2014-11-28,97.01976776123047,94.14953104654948,28
2014-12-01,95.92151641845703,94.35828254336403,29
2014-12-02,96.30592346191406,94.5251980736142,30
2014-12-03,96.47978973388672,94.68731834774925,31
2014-12-04,96.43402862548828,94.86207762218658,32
2014-12-05,96.44316864013672,95.03683471679688,33
2014-12-08,95.75677490234375,95.16496131533668,34
2014-12-09,96.05882263183594,95.31139373779297,35
2014-12-10,94.5487289428711,95.37022763206845,-1
2014-12-11,94.9971694946289,95.43647003173828,-2
2014-12-12,93.96300506591797,95.44562167213077,-3
2014-12-15,92.99291229248047,95.389403570266,-4
2014-12-16,91.50114440917969,95.24820236932663,-5
2014-12-17,93.16681671142578,95.19982873825799,-6
2014-12-18,95.40902709960938,95.22467041015625,1
2014-12-19,95.82881927490234,95.28998347691127,2
2014-12-22,96.06768035888672,95.34662591843377,3
2014-12-23,95.72776794433594,95.3783663795108,4
2014-12-24,95.81044006347656,95.37874130975632,5
2014-12-26,96.4902114868164,95.40451485770089,6
2014-12-29,96.47185516357422,95.3997795468285,7
2014-12-30,95.82881927490234,95.3430677141462,8
2014-12-31,94.84591674804688,95.29184868222191,-1
2015-01-02,94.56116485595703,95.2087649390811,-2
2015-01-05,93.17405700683594,95.05134909493583,-3
2015-01-06,91.92472076416016,94.83662014915829,-4
2015-01-07,93.10974884033203,94.67788587297711,-5
2015-01-08,94.89183807373047,94.63669840494792,1
2015-01-09,94.2672119140625,94.55138360886346,-1
2015-01-12,93.28428649902344,94.49117206391834,-2
2015-01-13,93.25672149658203,94.40829358782086,-3
2015-01-14,92.74232482910156,94.35016595749627,-4
2015-01-15,91.53894805908203,94.28092956542969,-5
2015-01-16,92.61369323730469,94.33390808105469,-6
2015-01-20,93.34861755371094,94.34256526402065,-7
2015-01-21,93.8262710571289,94.26719592866444,-8
2015-01-22,95.5624008178711,94.25450933547248,1
2015-01-23,95.77371215820312,94.24051084972564,2
2015-01-26,95.66348266601562,94.2374496459961,3
2015-01-27,93.18324279785156,94.11234501429966,-1
2015-01-28,92.70556640625,93.93212381998698,-2
2015-01-29,93.59660339355469,93.79520706903367,-3
2015-01-30,92.87092590332031,93.65435500372024,-4
2015-02-02,93.67928314208984,93.5988010224842,1
2015-02-03,94.57952880859375,93.59967549641927,2
2015-02-04,94.49684143066406,93.66266523088727,3
2015-02-05,95.31441497802734,93.82407924107143,4
2015-02-06,94.73567199707031,93.90150415329705,5
2015-02-09,94.43254852294922,93.87963322230748,6
2015-02-10,95.9023208618164,93.9574955531529,7
2015-02-11,96.25138854980469,94.09878612699963,8
2015-02-12,97.37208557128906,94.29475584484283,9
2015-02-13,98.2079849243164,94.55502537318638,10
2015-02-17,98.29988861083984,94.87697492327008,11
2015-02-18,98.43766021728516,95.15430668422154,12
2015-02-19,98.92453002929688,95.4198263259161,13
2015-02-20,99.5859146118164,95.69409506661552,14
2015-02-23,99.68692779541016,95.89050111316499,15
2015-02-24,99.76046752929688,96.0803466070266,16
2015-02-25,99.51243591308594,96.26363009498233,17
2015-02-26,100.01762390136719,96.58907681419736,18
2015-02-27,99.57672119140625,96.91627466110955,19
2015-03-02,100.4769515991211,97.24391028994606,20
2015-03-03,100.00846099853516,97.58379291352772,21
2015-03-04,99.62264251708984,97.86681002662296,22
2015-03-05,99.79718780517578,98.11526997884114,23
2015-03-06,98.66731262207031,98.31386384509858,24
2015-03-09,98.95209503173828,98.48708670479911,25
2015-03-10,97.11487579345703,98.60038212367466,-1
2015-03-11,96.55451202392578,98.70142800467355,-2
2015-03-12,97.18836212158203,98.76266806466239,-3
2015-03-13,96.76580047607422,98.78716387067523,-4
2015-03-16,98.01510620117188,98.81778390066964,-5
2015-03-17,98.1712875366211,98.81603640601749,-6
2015-03-18,99.13578796386719,98.85584113711403,1
2015-03-19,99.28275299072266,98.89608365013486,2
2015-03-20,99.9254379272461,98.94374593098958,3
2015-03-23,99.73208618164062,98.9507064819336,4
2015-03-24,99.37300872802734,98.93575795491536,5
2015-03-25,97.09882354736328,98.80901300339471,-1
2015-03-26,96.76737213134766,98.6782956804548,-2
2015-03-27,97.15409088134766,98.54193696521577,-3
2015-03-30,98.26815032958984,98.47962406703404,-4
2015-03-31,97.22772979736328,98.32489921933129,-5
2015-04-01,96.7213363647461,98.16836947486514,-6
2015-04-02,96.7857894897461,98.03328123546783,-7
2015-04-06,97.57760620117188,97.92758687337239,-8
2015-04-07,97.41188049316406,97.86780439104352,-9
2015-04-08,98.1852798461914,97.83128938220796,1
2015-04-09,98.80215454101562,97.91163598923455,2
2015-04-10,99.2072982788086,98.03795914422898,3
2015-04-13,98.95870208740234,98.12226104736328,4
2015-04-14,98.67329406738281,98.21309407552083,5
2015-04-15,99.2901382446289,98.27380988711403,6
2015-04-16,99.15206146240234,98.32051340738933,7
2015-04-17,97.60525512695312,98.24763089134579,-1
2015-04-20,99.06916046142578,98.23745981852214,1
2015-04-21,99.49270629882812,98.21685355050224,2
2015-04-22,100.03592681884766,98.23132215227399,3
2015-04-23,100.41339111328125,98.28086417061942,4
2015-04-24,101.7761001586914,98.5035916283017,5
2015-04-27,101.5182876586914,98.72982570103237,6
2015-04-28,101.31573486328125,98.92799922398159,7
2015-04-29,100.6803970336914,99.04286811465309,8
2015-04-30,99.0968017578125,99.13187154134114,-1
2015-05-01,100.4041976928711,99.30724589029948,1
2015-05-04,100.56993865966797,99.48744346981957,2
2015-05-05,98.93106842041016,99.55189405168805,-1
2015-05-06,98.24971008300781,99.59179069882347,-2
2015-05-07,98.83898162841797,99.62291935511998,-3
2015-05-08,100.07274627685547,99.6834237234933,1
2015-05-11,99.68603515625,99.70622071765717,-1
2015-05-12,99.2348861694336,99.71937234061105,-2
2015-05-13,99.43743896484375,99.7557601928711,-3
2015-05-14,100.89219665527344,99.83204868861607,1
2015-05-15,100.89219665527344,99.91491226922898,2
2015-05-18,101.33415985107422,100.0924791608538,3
2015-05-19,101.2236557006836,100.19507417224702,4
2015-05-20,101.2881088256836,100.28056953066871,5
2015-05-21,101.8128890991211,100.3651867821103,6
2015-05-22,101.71163940429688,100.42700812930153,7
2015-05-26,100.54231262207031,100.36825634184338,8
2015-05-27,102.16277313232422,100.39894612630208,9
2015-05-28,101.93260192871094,100.4283207484654,10
2015-05-29,101.3249282836914,100.45901271275112,11
2015-06-01,101.66559600830078,100.58133624848865,12
2015-06-02,101.34334564208984,100.62605757940383,13
2015-06-03,101.64717864990234,100.67735472179595,14
2015-06-04,100.87376403808594,100.76986403692337,15
2015-06-05,100.63440704345703,100.88342103503999,-1
2015-06-08,99.61239624023438,100.92025030226935,-2
2015-06-09,99.4466781616211,100.89043753487724,-3
2015-06-10,100.80933380126953,100.94392794654483,-4
2015-06-11,100.95663452148438,101.02591596330915,-5
2015-06-12,100.12796783447266,101.05879829043434,-6
2015-06-15,99.63081359863281,100.9987324305943,-7
2015-06-16,100.17402648925781,100.96453385126023,-8
2015-06-17,100.45023345947266,100.92244211832683,-9
2015-06-18,101.91419982910156,100.95532517206101,1
2015-06-19,101.41028594970703,100.96114313034784,2
2015-06-22,102.15782928466797,100.97756885346912,3
2015-06-23,102.24087524414062,101.00277056012835,4
2015-06-24,101.71485900878906,101.05860610235305,5
2015-06-25,101.51179504394531,101.02760714576358,6
2015-06-26,100.8381576538086,100.97549075172061,-1
2015-06-29,98.45726013183594,100.83893512544178,-2
2015-06-30,98.80792999267578,100.7028557913644,-3
2015-07-01,99.59231567382812,100.61947341192337,-4
2015-07-02,99.62000274658203,100.52294122605096,-5
2015-07-06,99.38928985595703,100.45225197928292,-6
2015-07-07,99.63846588134766,100.40482620965867,-7
2015-07-08,97.90355682373047,100.32345290411087,-8
2015-07-09,97.84817504882812,100.24733370826358,-9
2015-07-10,99.34317016601562,100.17751639229911,-10
2015-07-13,101.08733367919922,100.1837401617141,1
2015-07-14,101.75177001953125,100.26106407528832,2
2015-07-15,101.86250305175781,100.36733500162761,3
2015-07-16,103.3021240234375,100.51629202706474,4
2015-07-17,104.8248062133789,100.72460501534599,5
2015-07-20,105.18473052978516,100.8803445725214,6
2015-07-21,105.1201400756836,101.05700429280598,7
2015-07-22,103.92967987060547,101.14137813023159,8
2015-07-23,103.54206085205078,101.20333934965588,9
2015-07-24,102.52693176269531,101.24200948079427,10
2015-07-27,101.67794036865234,101.24992116292317,11
2015-07-28,102.55464172363281,101.33165849958148,12
2015-07-29,102.94223022460938,101.54522850399925,13
2015-07-30,103.43132781982422,101.76539030529204,14
2015-07-31,103.31133270263672,101.94248635428292,15
2015-08-03,102.98836517333984,102.10288456508091,16
2015-08-04,102.79454803466797,102.2650397164481,17
2015-08-05,103.58818054199219,102.45312136695499,18
2015-08-06,101.92709350585938,102.64471835181827,-1
2015-08-07,101.79792022705078,102.83280145554315,-2
2015-08-10,102.9606704711914,103.00506337483723,-3
2015-08-11,101.64102172851562,103.03142947242374,-4
2015-08-12,101.99171447753906,103.04285539899554,-5
2015-08-13,101.82557678222656,103.04109700520833,-6
2015-08-14,101.98250579833984,102.97825804210845,-7
2015-08-17,102.83148956298828,102.88333820161365,-8
2015-08-18,102.30548858642578,102.74623144240607,-9
2015-08-19,101.63180541992188,102.58012026832218,-10
2015-08-20,98.817138671875,102.33666592552548,-11
2015-08-21,94.498291015625,101.90601021902901,-12
2015-08-24,90.8623275756836,101.35055287679036,-13
2015-08-25,90.5208740234375,100.8192640032087,-14
2015-08-26,95.07965087890625,100.46331205822173,-15
2015-08-27,97.48828125,100.20360020228794,-16
2015-08-28,97.46981048583984,99.91971842447917,-17
2015-08-31,96.26092529296875,99.58398473830451,-18
2015-09-01,93.25244903564453,99.12036968412853,-19
2015-09-02,95.8825454711914,98.79122670491536,-20
2015-09-03,95.4118881225586,98.4018794468471,-21
2015-09-04,94.27681732177734,98.03758058093842,-22
2015-09-08,96.93457794189453,97.80599285307385,-23
2015-09-09,95.84562683105469,97.46718125116257,-24
2015-09-10,96.888427734375,97.24086725144159,-25
2015-09-11,97.42366790771484,97.0233412243071,1
2015-09-14,97.12837982177734,96.79966517857143,2
2015-09-15,98.27267456054688,96.62300654820034,3
2015-09-16,98.8263931274414,96.43228767031715,4
2015-09-17,98.86328887939453,96.26837339855376,5
2015-09-18,97.45716857910156,96.06958116803851,6
2015-09-21,97.76244354248047,96.0193575904483,7
2015-09-22,96.30084228515625,96.10519336518787,8
2015-09-23,96.37483978271484,96.36769394647507,9
2015-09-24,96.02333068847656,96.62971569242931,-1
2015-09-25,95.20924377441406,96.63588678269159,-2
2015-09-28,92.49876403808594,96.3982907249814,-3
2015-09-29,92.0177001953125,96.13866642543248,-4
2015-09-30,94.1361312866211,96.03748575846355,-5
2015-10-01,94.56169891357422,96.09983099074591,-6
2015-10-02,96.21758270263672,96.11578514462425,1
2015-10-05,97.59596252441406,96.21978868756976,2
2015-10-06,97.13338470458984,96.35581570579892,3
2015-10-07,97.71620178222656,96.39303588867188,4
2015-10-08,98.10470581054688,96.5006110781715,5
2015-10-09,98.54876708984375,96.57967485700335,6
2015-10-12,98.789306640625,96.64470527285621,7
2015-10-13,98.1510009765625,96.69340151832218,8
2015-10-14,97.99369812011719,96.68011692592076,9
2015-10-15,99.6033706665039,96.71711585635231,10
2015-10-16,100.01963806152344,96.77218010312035,11
2015-10-19,100.59320831298828,96.92151532854352,12
2015-10-20,100.0751724243164,97.03164527529762,13
2015-10-21,99.46458435058594,97.1822996593657,14
2015-10-22,101.49052429199219,97.42590368361701,15
2015-10-23,104.33049011230469,97.82148270379929,16
2015-10-26,104.39530944824219,98.25891440255302,17
2015-10-27,104.6080322265625,98.8355462210519,18
2015-10-28,105.47762298583984,99.47649492536273,19
2015-10-29,105.31111145019531,100.00863683791388,20
2015-10-30,104.83932495117188,100.498047601609,21
2015-11-02,106.02342987060547,100.96499270484561,22
2015-11-03,106.39344787597656,101.38392057872954,23
2015-11-04,106.4027099609375,101.82531701950799,24
2015-11-05,106.11590576171875,102.22530292329334,25
2015-11-06,106.1899185180664,102.61031305222284,26
2015-11-09,105.06130981445312,102.9204341343471,27
2015-11-10,104.79307556152344,103.20632789248512,28
2015-11-11,104.66356658935547,103.51645006452289,29
2015-11-12,103.6459732055664,103.78560602097284,-1
2015-11-13,101.61078643798828,103.88119724818638,-2
2015-11-16,103.07240295410156,104.02656700497582,-3
2015-11-17,103.13717651367188,104.14770834786552,-4
2015-11-18,105.1168441772461,104.38778795514789,1
2015-11-19,105.19082641601562,104.66046614873977,2
2015-11-20,105.90315246582031,104.87059129987445,3
2015-11-23,105.59786987304688,104.93094271705264,4
2015-11-24,105.50537872314453,104.98380315871466,5
2015-11-25,105.59786987304688,105.03093828473773,6
2015-11-27,105.74588775634766,105.04371279761905,7
2015-11-30,105.47762298583984,105.05164191836403,8
2015-12-01,106.53221893310547,105.13225591750373,9
2015-12-02,105.87539672851562,105.12520672026135,10
2015-12-03,104.08076477050781,105.01507895333427,-1
2015-12-04,106.5136947631836,105.02036394391742,1
2015-12-07,106.0326919555664,105.01640138171967,2
2015-12-08,106.04193878173828,105.00935472760882,3
2015-12-09,104.43228149414062,104.97940099807013,-1
2015-12-10,104.90409088134766,104.98468744187127,-2
2015-12-11,102.4896240234375,104.88116636730376,-3
2015-12-14,103.26667022705078,104.86310432070778,-4
2015-12-15,103.89571380615234,104.97191038585845,-5
2015-12-16,105.44062042236328,105.08468264625186,1
2015-12-17,103.9050064086914,105.12124597458612,-1
2015-12-18,101.91182708740234,104.96862611316499,-2
2015-12-21,103.04388427734375,104.86639077322823,-3
2015-12-22,103.72126770019531,104.76249149867466,-4
2015-12-23,104.49141693115234,104.70980326334636,-5
2015-12-24,104.47285461425781,104.66063544863746,-6
2015-12-28,104.41716766357422,104.60441153390067,-7
2015-12-29,106.05956268310547,104.61934843517486,1
2015-12-30,105.10383605957031,104.60154905773345,2
2015-12-31,103.79547882080078,104.47122810000465,-1
2016-01-04,101.60565185546875,104.26790691557385,-2
2016-01-05,101.4293212890625,104.1416477021717,-3
2016-01-06,100.45502471923828,103.85313960484096,-4
2016-01-07,97.30945587158203,103.43774741036552,-5
2016-01-08,96.51144409179688,102.98391432989212,-6
2016-01-11,96.808349609375,102.62086995442708,-7
2016-01-12,97.9311294555664,102.28882417224702,-8
2016-01-13,94.55355072021484,101.91091591971261,-9
2016-01-14,96.5671157836914,101.59188951764789,-10
2016-01-15,93.56997680664062,101.10018775576637,-11
2016-01-19,93.77411651611328,100.54463995070685,-12
2016-01-20,93.4864730834961,100.04851931617374,-13
2016-01-21,93.57926177978516,99.65173049200149,-14
2016-01-22,96.2887191772461,99.33005596342541,-15
2016-01-25,94.85978698730469,98.90808069138299,-16
2016-01-26,95.71343231201172,98.49008142380487,-17
2016-01-27,93.3287124633789,97.95940798804874,-18
2016-01-28,94.64636993408203,97.49413190569196,-19
2016-01-29,96.62275695800781,97.04476020449684,-20
2016-02-01,96.88257598876953,96.6532716296968,1
2016-02-02,94.78553009033203,96.22422645205543,-1
2016-02-03,94.33088684082031,95.8778090704055,-2
2016-02-04,94.32160186767578,95.53934624081566,-3
2016-02-05,91.0460433959961,95.09129951113746,-4
2016-02-08,89.65421295166016,94.72676413399833,-5
2016-02-09,89.37583923339844,94.38697342645554,-6
2016-02-10,89.71918487548828,94.04939415341332,-7
2016-02-11,89.58926391601562,93.65216246105376,-8
2016-02-12,90.95326232910156,93.48072015671502,-9
2016-02-16,93.00395202636719,93.31104569208054,-10
2016-02-17,95.11029815673828,93.38439432779948,1
2016-02-18,94.02464294433594,93.39632415771484,2
2016-02-19,94.3030014038086,93.4352064586821,3
2016-02-22,95.83406829833984,93.5425781976609,4
2016-02-23,94.25662231445312,93.44581168038505,5
2016-02-24,95.15673828125,93.45995221819196,6
2016-02-25,96.09387969970703,93.47806876046317,7
2016-02-26,95.9732437133789,93.60399881998698,8
2016-02-29,95.11029815673828,93.62609064011346,9
2016-03-01,98.16309356689453,93.6994400024414,10
2016-03-02,98.20021057128906,93.76218450637091,11
2016-03-03,98.01464080810547,93.91595168340774,12
2016-03-04,98.05176544189453,94.09313637869698,13
2016-03-07,97.4486083984375,94.2420414515904,14
2016-03-08,96.6413345336914,94.50848388671875,15
2016-03-09,97.26303100585938,94.87080855596633,16
2016-03-10,97.11454772949219,95.23931848435174,17
2016-03-11,98.81261444091797,95.6723389398484,18
2016-03-14,98.97966766357422,96.11950102306548,19
2016-03-15,98.94253540039062,96.49994259788876,20
2016-03-16,99.82406616210938,96.82470993768601,21
2016-03-17,99.76836395263672,97.04652259463356,22
2016-03-18,99.92473602294922,97.32747940790085,23
2016-03-21,100.3155746459961,97.6137924194336,24
2016-03-22,100.6227035522461,97.8418226696196,25
2016-03-23,99.79444122314453,98.10552833193825,26
2016-03-24,99.82237243652344,98.32770138695126,27
2016-03-28,99.68276977539062,98.49860091436477,28
2016-03-29,101.28348541259766,98.75146956670852,29
2016-03-30,101.77674865722656,99.0689195905413,30
2016-03-31,101.62783813476562,99.23390742710659,31
2016-04-01,102.7073745727539,99.4485342843192,32
2016-04-04,102.31652069091797,99.65338570731026,33
2016-04-05,101.33002471923828,99.80949329194569,34
2016-04-06,102.99588012695312,100.07364908854167,35
2016-04-07,101.51614379882812,100.30578286307198,36
2016-04-08,101.44172668457031,100.50476837158203,37
2016-04-11,101.0694351196289,100.69309634254093,38
2016-04-12,101.91632080078125,100.84089188348679,39
2016-04-13,103.21926879882812,101.04277765183221,40
2016-04-14,103.22855377197266,101.2468737647647,41
2016-04-15,102.96800231933594,101.39658501034691,42
2016-04-18,103.51705169677734,101.57509395054409,43
2016-04-19,102.88424682617188,101.71602303641183,44
2016-04-20,102.96800231933594,101.84232911609467,45
2016-04-21,102.97726440429688,101.95445106143043,46
2016-04-22,101.42310333251953,102.0320063999721,-1
2016-04-25,101.42310333251953,102.10823168073382,-2
2016-04-26,100.92984008789062,102.16761598132905,-3
2016-04-27,100.12018585205078,102.11222076416016,-4
2016-04-28,98.91033935546875,101.97572508312408,-5
2016-04-29,98.38914489746094,101.82150159563336,-6
2016-05-02,99.31981658935547,101.66018931070964,-7
2016-05-03,98.39844512939453,101.47361428397042,-8
2016-05-04,97.76560974121094,101.30388023739769,-9
2016-05-05,97.7376937866211,101.0534904116676,-10
2016-05-06,98.25886535644531,100.89838191441127,-11
2016-05-09,98.53804016113281,100.76011112758091,-12
2016-05-10,99.88751220703125,100.70382908412388,-13
2016-05-11,98.98477172851562,100.56423150925409,-14
2016-05-12,98.54735565185547,100.34175945463635,-15
2016-05-13,98.18441772460938,100.1015625,-16
2016-05-16,99.41288757324219,99.93227132161458,-17
2016-05-17,98.16578674316406,99.67744918096633,-18
2016-05-18,98.51942443847656,99.46960049583798,-19
2016-05-19,98.007568359375,99.23338935488746,-20
2016-05-20,99.08715057373047,99.0481458391462,1
2016-05-23,98.95686340332031,98.93070584251767,2
2016-05-24,100.93914794921875,98.90766034807477,3
2016-05-25,101.6650390625,98.94266982305618,4
2016-05-26,101.96286010742188,99.03041621616909,5
2016-05-27,102.49334716796875,99.20103563581195,6
2016-05-31,102.68876647949219,99.40577952067058,7
2016-06-01,102.69808197021484,99.56664930071149,8
2016-06-02,102.91214752197266,99.78158750988189,9
2016-06-03,102.4281997680664,100.00361560639881,10
2016-06-06,102.80046081542969,100.24469975062779,11
2016-06-07,102.53988647460938,100.44855789911179,12
2016-06-08,102.71669006347656,100.64754122779483,13
2016-06-09,102.5491714477539,100.77428690592448,14
2016-06-10,101.38585662841797,100.8886242821103,15
2016-06-13,100.53897094726562,100.98346310570126,-1
2016-06-14,100.53897094726562,101.09558468773251,-2
2016-06-15,100.2504653930664,101.13546934581939,-3
2016-06-16,100.54826354980469,101.24892062232608,-4
2016-06-17,99.36970520019531,101.28941018240792,-5
2016-06-20,99.99491882324219,101.38404591878255,-6
2016-06-21,100.31219482421875,101.442381359282,-7
2016-06-22,100.06956481933594,101.49536714099702,-8
2016-06-23,101.4972915649414,101.52194540841239,-9
2016-06-24,97.31681060791016,101.31488691057477,-10
2016-06-27,95.38524627685547,101.00166720435733,-11
2016-06-28,97.47544860839844,100.7627196539016,-12
2016-06-29,99.20174407958984,100.59667096819196,-13
2016-06-30,100.34952545166016,100.48483494349888,-14
2016-07-01,100.85340881347656,100.38679976690383,1
2016-07-05,100.23753356933594,100.28248232886905,-1
2016-07-06,101.05867767333984,100.19954027448382,1
2016-07-07,101.3572998046875,100.14322662353516,2
2016-07-08,102.92495727539062,100.15314410981678,3
2016-07-11,103.51286315917969,100.19903419131325,4
2016-07-12,104.03539276123047,100.32520257859002,5
2016-07-13,103.7834701538086,100.47970254080636,6
2016-07-14,104.49266052246094,100.66797347295852,7
2016-07-15,104.32465362548828,100.86198243640717,8
2016-07-18,105.01520538330078,101.07469395228794,9
2016-07-19,104.63260650634766,101.32530830019996,10
2016-07-20,105.85502624511719,101.60436103457496,11
2016-07-21,105.6124038696289,101.85675194149925,12
2016-07-22,106.05097198486328,102.14158085414341,13
2016-07-25,106.06031036376953,102.35886746361142,14
2016-07-26,106.18160247802734,102.78100040980748,15
2016-07-27,106.91877746582031,103.33021618071056,16
2016-07-28,107.29204559326172,103.79767317998977,17
2016-07-29,107.52532958984375,104.19403439476376,18
2016-08-01,108.09455108642578,104.56284513927642,19
2016-08-02,107.27336120605469,104.86855715797061,20
2016-08-03,107.62796783447266,105.2204825991676,21
2016-08-04,107.93592071533203,105.54797036307198,22
2016-08-05,108.9716796875,105.91055988130115,23
2016-08-08,108.85038757324219,106.1927232288179,24
2016-08-09,109.1023178100586,106.45888773600261,25
2016-08-10,108.8223648071289,106.6868387858073,26
2016-08-11,109.28895568847656,106.94900476364862,27
2016-08-12,109.36359405517578,107.18095397949219,28
2016-08-15,109.83016204833984,107.44312104724702,29
2016-08-16,109.2236328125,107.64352235339936,30
2016-08-17,109.41961669921875,107.87147521972656,31
2016-08-18,109.44757080078125,108.04254876999627,32
2016-08-19,109.41961669921875,108.22384461902436,33
2016-08-22,109.50357818603516,108.38825443812779,34
2016-08-23,109.69952392578125,108.56155032203311,35
2016-08-24,108.9903564453125,108.69530051095145,36
2016-08-25,108.81307220458984,108.78550502232143,37
2016-08-26,108.9716796875,108.86548759823754,38
2016-08-29,109.1209945678711,108.94147164481026,39
2016-08-30,108.76641082763672,108.97346496582031,-1
2016-08-31,108.6544189453125,109.03922962007069,-2
2016-09-01,108.93437194824219,109.10143933977399,-3
2016-09-02,109.28895568847656,109.1658695765904,1
2016-09-06,109.97014617919922,109.21341560000465,2
2016-09-07,110.03547668457031,109.2698484148298,3
2016-09-08,109.3916015625,109.28362383161273,4
2016-09-09,106.63883209228516,109.17964608328683,-1
2016-09-12,108.55177307128906,109.14454214913505,-2
2016-09-13,107.58133697509766,109.05967276436942,-3
2016-09-14,108.09455108642578,108.97702462332589,-4
2016-09-15,109.774169921875,109.00324067615327,1
2016-09-16,109.72179412841797,109.01763007754371,2
2016-09-19,109.24471282958984,109.00797017415364,3
2016-09-20,109.4505386352539,109.00944264729817,4
2016-09-21,110.52631378173828,109.05814434233166,5
2016-09-22,111.4056396484375,109.13938794817243,6
2016-09-23,110.69470977783203,109.22054763067337,7
2016-09-26,109.76859283447266,109.26604861304874,8
2016-09-27,110.85371398925781,109.35566929408482,9
2016-09-28,111.04083251953125,109.44709014892578,10
2016-09-29,110.23632049560547,109.51708584740048,11
2016-09-30,111.05950164794922,109.63161359514508,12
2016-10-03,110.90050506591797,109.72523898170108,13
2016-10-04,110.73213958740234,109.79396202450707,14
2016-10-05,111.1250228881836,109.84895615350632,15
2016-10-06,111.06890106201172,109.8981668381464,16
2016-10-07,110.82565307617188,109.9664550054641,17
2016-10-10,111.52725982666016,110.19923727852958,18
2016-10-11,109.93695068359375,110.26519811721076,-1
2016-10-12,109.84339904785156,110.37291535877046,-2
2016-10-13,109.4505386352539,110.43748619442894,-3
2016-10-14,109.58146667480469,110.42830984933036,-4
2016-10-17,109.28211975097656,110.4073729742141,-5
2016-10-18,110.2550277709961,110.45548320951916,-6
2016-10-19,110.24565124511719,110.49334571475075,-7
2016-10-20,110.11470031738281,110.47374507359096,-8
2016-10-21,110.52631378173828,110.43187241327195,1
2016-10-24,111.85467529296875,110.4871088663737,2
2016-10-25,111.49919128417969,110.56951831635975,3
2016-10-26,110.74146270751953,110.56417301722935,4
2016-10-27,110.23632049560547,110.52586292085194,-1
2016-10-28,109.54405212402344,110.49289776030041,-2
2016-10-31,109.44117736816406,110.41583469935826,-3
2016-11-01,108.61793518066406,110.30714089529855,-4
2016-11-02,107.7479476928711,110.16503651936848,-5
2016-11-03,106.69087219238281,109.95388648623512,-6
2016-11-04,106.31665802001953,109.7275891985212,-7
2016-11-07,108.84244537353516,109.63315073649089,-8
2016-11-08,109.55339813232422,109.53915732247489,1
2016-11-09,110.05857849121094,109.54494912283761,2
2016-11-10,108.2811508178711,109.4705563499814,-1
2016-11-11,108.32792663574219,109.41709863571893,-2
2016-11-14,107.23345184326172,109.30528840564546,-3
2016-11-15,108.7208480834961,109.27856118338448,-4
2016-11-16,109.3663330078125,109.23624238513764,1
2016-11-17,110.16146850585938,109.23223368326823,2
2016-11-18,109.7498779296875,109.21486118861607,3
2016-11-21,110.89114379882812,109.23223404657273,4
2016-11-22,111.22791290283203,109.20238821847099,5
2016-11-23,110.77889251708984,109.16808827718098,6
2016-11-25,111.13438415527344,109.18679882231213,7
2016-11-28,110.88177490234375,109.21753474644252,8
2016-11-29,111.26533508300781,109.29950060163226,9
2016-11-30,109.91825866699219,109.3222187587193,10
2016-12-01,108.01923370361328,109.29370916457404,-1
2016-12-02,108.23440551757812,109.31687382289341,-2
2016-12-05,109.07632446289062,109.4304667881557,-3
2016-12-06,109.33826446533203,109.57435280936105,-4
2016-12-07,110.72276306152344,109.6638917468843,1
2016-12-08,110.91920471191406,109.7289301554362,2
2016-12-09,111.78919219970703,109.81134033203125,3
2016-12-12,111.2840347290039,109.95433480398995,4
2016-12-13,112.68724822998047,110.16192154657273,5
2016-12-14,112.45338439941406,110.41048976353237,6
2016-12-15,112.6311264038086,110.59669349307106,7
2016-12-16,112.2136001586914,110.73227764311291,8
2016-12-19,112.67334747314453,110.85189092726935,9
2016-12-20,113.10493469238281,111.01165553501674,10
2016-12-21,113.02049255371094,111.11305309477306,11
2016-12-22,112.70147705078125,111.18322281610398,12
2016-12-23,112.77652740478516,111.27834828694661,13
2016-12-27,113.3582763671875,111.38424791608539,14
2016-12-28,112.47633361816406,111.4601792835054,15
2016-12-29,112.31684875488281,111.51025136311848,16
2016-12-30,111.16279602050781,111.56951504661923,-1
2017-01-03,112.15733337402344,111.76656741187686,1
2017-01-04,112.7671890258789,111.98241424560547,2
2017-01-05,113.40518188476562,112.1885503133138,3
2017-01-06,114.39971923828125,112.42957196916852,4
2017-01-09,114.7750015258789,112.6225357055664,5
2017-01-10,115.02831268310547,112.81820751371838,6
2017-01-11,115.33795928955078,112.98719642275856,7
2017-01-12,115.1596908569336,113.1717514764695,8
2017-01-13,115.55374908447266,113.3082515171596,9
2017-01-17,115.20661926269531,113.43935793922061,10
2017-01-18,115.44115447998047,113.5731687999907,11
2017-01-19,115.38487243652344,113.72418176560174,12
2017-01-20,115.63817596435547,113.86536407470703,13
2017-01-23,115.73200988769531,113.99046289353143,14
2017-01-24,116.51077270507812,114.15666671026321,15
2017-01-25,117.68354797363281,114.39390818277995,16
2017-01-26,117.80553436279297,114.63338470458984,17
2017-01-27,118.03070068359375,114.8558811006092,18
2017-01-30,117.11123657226562,115.07659076509022,19
2017-01-31,116.87666320800781,115.2937247866676,20
2017-02-01,117.68354797363281,115.60423678443546,21
2017-02-02,117.58035278320312,115.8624758039202,22
2017-02-03,117.91812896728516,116.10775865827289,23
2017-02-06,118.05885314941406,116.32936205182757,24
2017-02-07,118.49043273925781,116.52415793282645,25
2017-02-08,118.68749237060547,116.71046702067058,26
2017-02-09,119.1190414428711,116.90526362827846,27
2017-02-10,119.51312255859375,117.10408092680431,28
2017-02-13,120.18866729736328,117.3435559953962,29
2017-02-14,120.59210205078125,117.58347756522042,30
2017-02-15,121.30516815185547,117.87388465518043,31
2017-02-16,121.26764678955078,118.15133666992188,32
2017-02-17,121.79305267333984,118.45648810977028,33
2017-02-21,122.39356231689453,118.7781731741769,34
2017-02-22,122.44042205810547,119.09762137276786,35
2017-02-23,121.98070526123047,119.35809435163226,36
2017-02-24,122.21525573730469,119.57388995942615,37
2017-02-27,122.36536407470703,119.79102470761254,38
2017-02-28,121.99009704589844,119.9795673915318,39
2017-03-01,123.32237243652344,120.27533576602028,40
2017-03-02,122.70317840576172,120.55278887067523,41
2017-03-03,122.92833709716797,120.80254073370071,42
2017-03-06,122.65623474121094,121.04424939836774,43
2017-03-07,122.44982147216797,121.26004427955264,44
2017-03-08,122.6656265258789,121.47941444033668,45
2017-03-09,122.75941467285156,121.68269929431733,46
2017-03-10,123.27548217773438,121.90117499941871,47
2017-03-13,123.48188781738281,122.10892958868118,48
2017-03-14,123.18164825439453,122.28362128848121,49
2017-03-15,123.94163513183594,122.46233404250373,50
2017-03-16,123.8572006225586,122.61781492687408,51
2017-03-17,123.81391143798828,122.7372788928804,52
2017-03-20,123.9267578125,122.86390322730655,53
2017-03-21,122.04639434814453,122.87596711658296,-1
2017-03-22,122.87371826171875,122.89883168538411,-2
2017-03-23,122.5634536743164,122.90469033377511,-3
2017-03-24,122.81732177734375,122.9445292154948,-4
2017-03-27,123.01475524902344,122.98260062081474,1
2017-03-28,123.76691436767578,123.0493411109561,2
2017-03-29,124.3404541015625,123.16126287551154,3
2017-03-30,124.54730224609375,123.21959286644345,4
2017-03-31,124.46263122558594,123.30337633405414,5
2017-04-03,124.38745880126953,123.37285831996373,6
2017-04-04,124.58492279052734,123.46470060802642,7
2017-04-05,124.0771713256836,123.54219345819382,8
2017-04-06,124.14300537109375,123.61254483177548,9
2017-04-07,124.0771713256836,123.675295148577,10
2017-04-10,124.12419128417969,123.71570986793155,11
2017-04-11,123.58824920654297,123.72077469598679,-1
2017-04-12,123.0899887084961,123.71640995570591,-2
2017-04-13,122.60108184814453,123.65257408505394,-3
2017-04-17,123.61651611328125,123.64111291794549,-4
2017-04-18,123.428466796875,123.62275841122582,-5
2017-04-19,123.62591552734375,123.60843258812314,1
2017-04-20,124.66009521484375,123.73289453415643,2
2017-04-21,124.63188934326172,123.81661696661087,3
2017-04-24,126.13623046875,123.98674919491722,4
2017-04-25,127.0482177734375,124.18822043282645,5
2017-04-26,126.86954498291016,124.37178184872582,6
2017-04-27,127.6311264038086,124.55579194568452,7
2017-04-28,127.85678100585938,124.72323608398438,8
2017-05-01,128.994384765625,124.93500191824776,9
2017-05-02,129.21067810058594,125.16109938848587,10
2017-05-03,128.7969512939453,125.37107522147042,11
2017-05-04,128.84393310546875,125.57388523646763,12
2017-05-05,129.31407165527344,125.82326144263858,13
2017-05-08,129.59613037109375,126.0829340616862,14
2017-05-09,130.0474090576172,126.36723109654018,15
2017-05-10,130.12261962890625,126.65287054152716,16
2017-05-11,130.01918029785156,126.95910535539899,17
2017-05-12,130.31069946289062,127.30294872465588,18
2017-05-15,130.72438049316406,127.6897724696568,19
2017-05-16,131.26968383789062,128.05420902797155,20
2017-05-17,127.93195343017578,128.26866077241442,-1
2017-05-18,129.05079650878906,128.52698843819755,1
2017-05-19,129.59613037109375,128.7620377313523,2
2017-05-22,130.68675231933594,129.0503645397368,3
2017-05-23,130.818359375,129.27332305908203,4
2017-05-24,131.42010498046875,129.48150816417876,5
2017-05-25,132.53897094726562,129.75148082914808,6
2017-05-26,132.77401733398438,129.99638039725167,7
2017-05-30,132.88681030273438,130.23590560186477,8
2017-05-31,132.8397979736328,130.41902051653182,9
2017-06-01,133.35690307617188,130.61645980108352,10
2017-06-02,134.87998962402344,130.906128292992,11
2017-06-05,134.85179138183594,131.19221678234283,12
2017-06-06,134.31591796875,131.43039994012742,13
2017-06-07,134.8424072265625,131.68022264753068,14
2017-06-08,134.98345947265625,131.91527266729446,15
2017-06-09,131.60812377929688,131.9860109601702,-1
2017-06-12,130.90296936035156,132.02809615362258,-2
2017-06-13,131.9654083251953,132.10689181373232,-3
2017-06-14,131.39187622070312,132.1386773245675,-4
2017-06-15,130.80894470214844,132.11673736572266,-5
2017-06-16,130.2414093017578,132.2267114548456,-6
2017-06-19,132.41917419433594,132.3871103922526,1
2017-06-20,131.38217163085938,132.47215997605096,-1
2017-06-21,132.6831512451172,132.56722659156435,1
2017-06-22,132.6454620361328,132.65423148018974,-1
2017-06-23,133.15455627441406,132.73682439894904,1
2017-06-26,132.53233337402344,132.73650832403274,-1
2017-06-27,130.12832641601562,132.6105230422247,-2
2017-06-28,132.00436401367188,132.5685017903646,-3
2017-06-29,129.7135009765625,132.4196305047898,-4
2017-06-30,129.76063537597656,132.24837966192337,-5
2017-07-03,128.39358520507812,131.9395032610212,-6
2017-07-05,129.6569366455078,131.69212922595796,-7
2017-07-06,128.4879150390625,131.41460527692522,-8
2017-07-07,129.87379455566406,131.1780046735491,-9
2017-07-10,130.72230529785156,130.97509256998697,-10
2017-07-11,131.08987426757812,130.9504140218099,1
2017-07-12,132.6454620361328,131.03338986351378,2
2017-07-13,132.93771362304688,131.0796901157924,3
2017-07-14,133.98411560058594,131.20313008626303,4
2017-07-17,134.05020141601562,131.35747564406623,5
2017-07-18,134.94580078125,131.5814942859468,6
2017-07-19,135.73765563964844,131.73951721191406,7
2017-07-20,135.9167938232422,131.95545160202752,8
2017-07-21,135.8602294921875,132.1067410423642,9
2017-07-24,136.4824981689453,132.2894570486886,10
2017-07-25,136.13363647460938,132.43131801060267,11
2017-07-26,136.57672119140625,132.62390790666853,12
2017-07-27,135.7188262939453,132.89012218656995,13
2017-07-28,135.6056671142578,133.06161281040735,14
2017-07-31,135.03062438964844,133.31480916341147,15
2017-08-01,135.34170532226562,133.58057439894904,16
2017-08-02,135.70944213867188,133.92894853864397,17
2017-08-03,135.1815185546875,134.19202386765252,18
2017-08-04,135.4265594482422,134.5224355061849,19
2017-08-07,136.2844696044922,134.8277057466053,20
2017-08-08,136.0487823486328,135.0813475109282,21
2017-08-09,135.86965942382812,135.30895632789247,22
2017-08-10,132.9565887451172,135.32377188546317,-1
2017-08-11,133.96530151367188,135.3727046421596,-2
2017-08-14,135.6905059814453,135.45396132696243,1
2017-08-15,135.78482055664062,135.53656223842077,2
2017-08-16,136.0205078125,135.5877387637184,3
2017-08-17,133.23941040039062,135.4687747047061,-1
2017-08-18,133.14511108398438,135.33678981236048,-2
2017-08-21,132.97543334960938,135.19941856747582,-3
2017-08-22,135.0023651123047,135.1289360409691,-4
2017-08-23,134.52154541015625,135.0521697998047,-5
2017-08-24,134.12559509277344,134.9354495093936,-6
2017-08-25,133.8427734375,134.84611365908668,-7
2017-08-28,134.25755310058594,134.78191775367372,-8
2017-08-29,134.78553771972656,134.77024695986793,1
2017-08-30,136.3693389892578,134.81918189639137,2
2017-08-31,137.83058166503906,134.92018854050409,3
2017-09-01,137.6420440673828,135.037356422061,4
2017-09-05,136.4070587158203,135.08404686337425,5
2017-09-06,136.82188415527344,135.1096380324591,6
2017-09-07,137.14236450195312,135.1617133730934,7
2017-09-08,135.9545135498047,135.16575404575892,8
2017-09-11,137.51947021484375,135.38303411574591,9
2017-09-12,137.84945678710938,135.56799389067152,10
2017-09-13,138.03799438476562,135.67977905273438,11
2017-09-14,137.22723388671875,135.74846540178572,12
2017-09-15,137.69859313964844,135.82837422688803,13
2017-09-18,137.5181427001953,136.0321233840216,14
2017-09-19,137.75433349609375,136.2516101655506,15
2017-09-20,137.32919311523438,136.45893205915178,16
2017-09-21,136.48825073242188,136.5296885172526,-1
2017-09-22,136.3560333251953,136.6170450846354,-2
2017-09-25,134.9198760986328,136.65486798967635,-3
2017-09-26,135.26950073242188,136.72280738467262,-4
2017-09-27,136.48825073242188,136.8290310814267,-5
2017-09-28,136.44105529785156,136.9078652518136,-6
2017-09-29,137.4236602783203,136.95807102748327,1
2017-10-02,137.54644775390625,136.94454084123885,2
2017-10-03,137.83937072753906,136.95393734886534,3
2017-10-04,137.97166442871094,137.0284423828125,4
2017-10-05,139.32273864746094,137.14753069196428,5
2017-10-06,139.51168823242188,137.2603556315104,6
2017-10-09,139.35108947753906,137.4220973423549,7
2017-10-10,139.4550018310547,137.51426551455543,8
2017-10-11,139.87078857421875,137.6105194091797,9
2017-10-12,139.61566162109375,137.68564642043341,10
2017-10-13,140.15420532226562,137.8250260126023,11
2017-10-16,140.6360626220703,137.96490551176527,12
2017-10-17,140.81558227539062,138.1219264439174,13
2017-10-18,140.64552307128906,138.25960213797433,14
2017-10-19,140.1258544921875,138.3927764892578,15
2017-10-20,140.50376892089844,138.58399164109002,16
2017-10-23,139.58731079101562,138.7378619966053,17
2017-10-24,139.8235321044922,138.97136942545572,18
2017-10-25,139.29444885253906,139.16303362165178,19
2017-10-26,138.850341796875,139.2755141485305,-1
2017-10-27,142.89414978027344,139.58280436197916,1
2017-10-30,143.21543884277344,139.85860334123885,2
2017-10-31,143.75389099121094,140.15419587634858,3
2017-11-01,143.70672607421875,140.43359375,4
2017-11-02,143.43272399902344,140.69364420572916,5
2017-11-03,144.81210327148438,140.95504252115884,6
2017-11-06,145.30345153808594,141.23084077380952,7
2017-11-07,145.3885498046875,141.5183388846261,8
2017-11-08,145.97425842285156,141.82877967471168,9
2017-11-09,145.20896911621094,142.08297874813988,10
2017-11-10,145.19949340820312,142.348875499907,11
2017-11-13,145.3790283203125,142.5976765950521,12
2017-11-14,144.84994506835938,142.79833766392298,13
2017-11-15,144.16969299316406,142.9580572219122,14
2017-11-16,146.0120391845703,143.21360560825892,15
2017-11-17,145.45460510253906,143.4673556373233,16
2017-11-20,145.34124755859375,143.69771176292784,17
2017-11-21,146.9190673828125,144.04684302920387,18
2017-11-22,147.09864807128906,144.39327712286087,19
2017-11-24,147.6371307373047,144.7905476888021,20
2017-11-27,147.5709991455078,145.20581708635603,21
2017-11-28,147.94895935058594,145.44652230398995,22
2017-11-29,145.36956787109375,145.54909987676712,-1
2017-11-30,146.58840942382812,145.68407694498697,1
2017-12-01,145.9648895263672,145.79160853794642,2
2017-12-04,144.28306579589844,145.83210100446428,-1
2017-12-05,144.3775634765625,145.81140863327752,-2
2017-12-06,145.0294647216797,145.7983616420201,-3
2017-12-07,145.52076721191406,145.8046577090309,-4
2017-12-08,146.16323852539062,145.81365676153274,1
2017-12-11,147.29701232910156,145.913087390718,2
2017-12-12,147.09864807128906,146.00352332705543,3
2017-12-13,147.38204956054688,146.0989052908761,4
2017-12-14,147.2781219482422,146.21453276134673,5
2017-12-15,148.95042419433594,146.4421866280692,6
2017-12-18,150.19927978515625,146.64157903762091,7
2017-12-19,149.30926513671875,146.82513427734375,8
2017-12-20,149.14833068847656,147.0064239501953,9
2017-12-21,149.16725158691406,147.11348034086683,10
2017-12-22,148.99684143066406,147.20387050083704,11
2017-12-26,148.1920623779297,147.23029581705728,12
2017-12-27,148.21096801757812,147.2607705252511,13
2017-12-28,148.39083862304688,147.2818123953683,14
2017-12-29,147.47250366210938,147.38195219494048,15
2018-01-02,150.05722045898438,147.54713367280505,16
2018-01-03,151.5153045654297,147.81143915085565,17
2018-01-04,151.78042602539062,148.16845630464098,18
2018-01-05,153.30474853515625,148.59356035505022,19
2018-01-08,153.9012451171875,149.01602608816964,20
2018-01-09,153.9107208251953,149.4155476888021,21
2018-01-10,153.55088806152344,149.76734052385603,22
2018-01-11,154.60179138183594,150.1151871454148,23
2018-01-12,155.7379913330078,150.5265844435919,24
2018-01-16,155.2930145263672,150.9032970610119,25
2018-01-17,156.96884155273438,151.36475989932106,26
2018-01-18,156.9972381591797,151.74794151669457,27
2018-01-19,157.48959350585938,152.09509931291853,28
2018-01-22,159.17486572265625,152.5648898170108,29
2018-01-23,160.4908905029297,153.10501171293714,30
2018-01-24,159.44944763183594,153.59464009602866,31
2018-01-25,159.39260864257812,154.08967662992933,32
2018-01-26,161.8353729248047,154.7393580845424,33
2018-01-29,161.0495147705078,155.35071745372954,34
2018-01-30,159.7239990234375,155.89039175851005,35
2018-01-31,160.38674926757812,156.50535583496094,36
2018-02-01,159.0233917236328,156.93231637137276,37
2018-02-02,155.85157775878906,157.13880557105654,-1
2018-02-05,149.7069549560547,157.0400688534691,-2
2018-02-06,153.6739959716797,157.05765206473214,-3
2018-02-07,151.6857452392578,156.95215207054503,-4
2018-02-08,145.28541564941406,156.54142325265067,-5
2018-02-09,147.7943878173828,156.2673041934059,-6
2018-02-12,150.41700744628906,156.06802876790366,-7
2018-02-13,151.19338989257812,155.85161917550224,-8
2018-02-14,154.0242919921875,155.79120381673178,-9
2018-02-15,156.88357543945312,155.78714352562315,1
2018-02-16,156.1829833984375,155.74836948939733,2
2018-02-20,156.49542236328125,155.7010280064174,3
2018-02-21,156.05043029785156,155.55224536714098,4
2018-02-22,156.03147888183594,155.3398924328032,5
2018-02-23,159.22218322753906,155.32907031831286,6
2018-02-26,161.3335418701172,155.42149571010046,7
2018-02-27,159.33580017089844,155.3024684361049,8
2018-02-28,158.31329345703125,155.1721721830822,9
2018-03-01,155.72853088378906,154.9819117954799,10
2018-03-02,157.15818786621094,154.8281707763672,11
2018-03-05,158.9002685546875,154.82230776832216,12
2018-03-06,159.5725555419922,154.99949718656995,13
2018-03-07,159.94174194335938,155.4868679954892,14
2018-03-08,160.82229614257812,155.82726324172248,15
2018-03-09,163.94667053222656,156.41111682710192,16
2018-03-12,164.81776428222656,157.34122866675966,17
2018-03-13,162.57383728027344,158.04501197451637,18
2018-03-14,162.54539489746094,158.622554234096,19
2018-03-15,162.4034423828125,159.15636625744048,20
2018-03-16,161.92059326171875,159.53238060360863,21
2018-03-19,158.46583557128906,159.60772632417223,-1
2018-03-20,158.98741149902344,159.74127051943825,-2
2018-03-21,158.29510498046875,159.82696969168526,-3
2018-03-22,154.38804626464844,159.74780854724702,-4
2018-03-23,150.31961059570312,159.47581481933594,-5
2018-03-26,155.90528869628906,159.31786746070497,-6
2018-03-27,150.86024475097656,158.8191390264602,-7
2018-03-28,149.1248016357422,158.33290100097656,-8
2018-03-29,151.85597229003906,158.0254095168341,-9
2018-04-02,147.47467041015625,157.63236854189918,-10
2018-04-03,149.1342315673828,157.25027538481214,-11
2018-04-04,151.486083984375,156.89721897670202,-12
2018-04-05,152.34906005859375,156.5532430013021,-13
2018-04-06,148.5368194580078,156.01015145438058,-14
2018-04-09,149.57998657226562,155.4748033796038,-15
2018-04-10,152.88018798828125,154.9478280203683,-16
2018-04-11,151.9981689453125,154.33737109956286,-17
2018-04-12,153.82850646972656,153.9209267752511,-18
2018-04-13,153.0318603515625,153.46790132068452,-19
2018-04-16,154.1983184814453,153.07718113490515,1
2018-04-17,157.5174560546875,152.8675079345703,2
2018-04-18,157.83987426757812,152.83770025344123,3
2018-04-19,156.3889923095703,152.7139660063244,4
2018-04-20,153.91380310058594,152.50533258347284,5
2018-04-23,153.5250244140625,152.4642363048735,6
2018-04-24,150.27224731445312,152.46198091052827,-1
2018-04-25,150.45240783691406,152.2023199172247,-2
2018-04-26,153.61981201171875,152.33372788202195,1
2018-04-27,153.7146759033203,152.5522933233352,2
2018-04-30,152.6240692138672,152.58886936732702,3
2018-05-01,154.3689422607422,152.91716802687873,4
2018-05-02,153.45863342285156,153.12309192475817,5
2018-05-03,153.43968200683594,153.21612040201822,6
2018-05-04,156.35104370117188,153.4066910516648,7
2018-05-07,157.6502227783203,153.84066263834634,8
2018-05-08,157.4890899658203,154.217286609468,9
2018-05-09,159.20553588867188,154.51849365234375,10
2018-05-10,160.85556030273438,154.94027419317337,11
2018-05-11,160.7039031982422,155.2676740373884,12
2018-05-14,160.9788818359375,155.64610363188245,13
2018-05-15,159.1959991455078,155.88408842540923,14
2018-05-16,160.2486572265625,156.01414562406995,15
2018-05-17,159.63223266601562,156.09949602399553,16
2018-05-18,158.80718994140625,156.2146482921782,17
2018-05-21,159.69859313964844,156.49011448451452,18
2018-05-22,159.48997497558594,156.77415974934897,19
2018-05-23,160.8366241455078,157.27722531273253,20
2018-05-24,160.78921508789062,157.76945422944567,21
2018-05-25,160.9503631591797,158.11852809361048,22
2018-05-29,160.2391815185547,158.42921883719308,23
2018-05-30,161.38665771484375,158.8464849562872,24
2018-05-31,161.28236389160156,159.17569551013764,25
2018-06-01,163.81436157226562,159.66882542201452,26
2018-06-04,165.29380798339844,160.23330761137464,27
2018-06-05,165.8058319091797,160.68353562127976,28
2018-06-06,166.7731475830078,161.11796061197916,29
2018-06-07,165.41702270507812,161.49548121861048,30
2018-06-08,165.42649841308594,161.79171752929688,31
2018-06-11,165.8722381591797,162.03060695103235,32
2018-06-12,166.74468994140625,162.3182634626116,33
2018-06-13,166.7352294921875,162.59237525576637,34
2018-06-14,168.42324829101562,163.0317680722191,35
2018-06-15,167.8352813720703,163.39303588867188,36
2018-06-18,167.73837280273438,163.77904256184897,37
2018-06-19,167.26315307617188,164.18170747302827,38
2018-06-20,168.4511260986328,164.59849475678942,39
2018-06-21,166.98756408691406,164.95552280970983,40
2018-06-22,166.6168670654297,165.23077247256325,41
2018-06-25,162.86300659179688,165.32952444893974,-1
2018-06-26,163.52825927734375,165.45228140694755,-2
2018-06-27,161.30442810058594,165.50300743466332,-3
2018-06-28,162.69195556640625,165.56516447521392,-4
2018-06-29,163.1290740966797,165.6531030564081,-5
2018-07-02,164.2220001220703,165.67251441592262,-6
2018-07-03,162.32131958007812,165.53096734909784,-7
2018-07-05,164.3360595703125,165.46097819010416,-8
2018-07-06,166.89248657226562,165.46666099911644,1
2018-07-09,168.39407348632812,165.6084253220331,2
2018-07-10,168.5176239013672,165.75562177385603,3
2018-07-11,167.66233825683594,165.84086463564918,4
2018-07-12,170.55140686035156,166.02213686988466,5
2018-07-13,170.69395446777344,166.2106475830078,6
2018-07-16,170.28524780273438,166.29931422642298,7
2018-07-17,171.32122802734375,166.4653116861979,8
2018-07-18,170.9980926513672,166.6205364408947,9
2018-07-19,170.1427459716797,166.75765991210938,10
2018-07-20,170.10476684570312,166.83640470958892,11
2018-07-23,170.6464080810547,167.01063537597656,12
2018-07-24,171.34974670410156,167.2360105968657,13
2018-07-25,173.74464416503906,167.75418381463913,14
2018-07-26,171.11216735839844,168.11532229468935,15
2018-07-27,168.80274963378906,168.4723852248419,16
2018-07-30,166.41737365722656,168.64978608630952,-1
2018-07-31,167.6908416748047,168.86701311383928,-2
2018-08-01,168.32754516601562,169.06251525878906,-3
2018-08-02,170.61798095703125,169.4575943719773,1
2018-08-03,171.14064025878906,169.78162202380952,2
2018-08-06,172.1479949951172,170.0318843296596,3
2018-08-07,172.77528381347656,170.24051339285714,4
2018-08-08,172.98434448242188,170.45321437290735,5
2018-08-09,172.8798065185547,170.70166524251303,6
2018-08-10,171.5587921142578,170.74963596888952,7
2018-08-13,171.3687286376953,170.7817680722191,8
2018-08-14,172.44259643554688,170.88449895949591,9
2018-08-15,170.33277893066406,170.83742995489212,-1
2018-08-16,170.89352416992188,170.8324505033947,1
2018-08-17,170.9315643310547,170.87001328241257,2
2018-08-20,170.77952575683594,170.90214465913317,-1
2018-08-21,171.40675354003906,170.9383515857515,1
2018-08-22,172.07192993164062,170.97274126325334,2
2018-08-23,171.8248748779297,170.8813236781529,3
2018-08-24,173.42149353027344,170.99129159109933,4
2018-08-27,175.18914794921875,171.295405796596,5
2018-08-28,175.44573974609375,171.72532799130394,6
2018-08-29,177.47000122070312,172.19100225539435,7
2018-08-30,177.15640258789062,172.6114240373884,8
2018-08-31,177.38449096679688,172.93363879975817,9
2018-09-04,176.62420654296875,173.19476100376673,10
2018-09-05,174.34335327148438,173.29930187406995,11
2018-09-06,172.78477478027344,173.29975382486978,-1
2018-09-07,172.1195068359375,173.2585710797991,-2
2018-09-10,172.69918823242188,173.2499702090309,-3
2018-09-11,174.0297393798828,173.36763436453683,1
2018-09-12,173.5165252685547,173.46991039457777,2
2018-09-13,175.36972045898438,173.60929725283668,3
2018-09-14,174.85653686523438,173.82471429734002,4
2018-09-17,172.33804321289062,173.89350091843377,-1
2018-09-18,173.7636260986328,174.02836100260416,-2
2018-09-19,173.6305694580078,174.16412498837425,-3
2018-09-20,175.55026245117188,174.36143493652344,1
2018-09-21,174.59042358398438,174.48136320568267,2
2018-09-24,175.07598876953125,174.63617815290178,3
2018-09-25,175.31399536132812,174.72629728771392,4
2018-09-26,175.4377899169922,174.7381373814174,5
2018-09-27,176.92303466796875,174.80848475864954,6
2018-09-28,176.8849639892578,174.78062584286644,7
2018-10-01,177.2467041015625,174.78492591494606,8
2018-10-02,176.84683227539062,174.7593231201172,9
2018-10-03,177.03726196289062,174.77899242582777,10
2018-10-04,173.6383819580078,174.74542236328125,-1
2018-10-05,171.51524353027344,174.68496849423363,-2
2018-10-08,170.46800231933594,174.60632542201452,-3
2018-10-09,171.02020263671875,174.52637372698103,-4
2018-10-10,163.4988250732422,174.02490161714098,-5
2018-10-11,161.470947265625,173.45130266462053,-6
2018-10-12,165.96469116210938,173.0034441266741,-7
2018-10-15,163.95584106445312,172.48436337425596,-8
2018-10-16,168.72569274902344,172.31234668550036,-9
2018-10-17,168.7923126220703,172.07561747233072,-10
2018-10-18,164.87933349609375,171.65889195033483,-11
2018-10-19,164.72705078125,171.14350091843377,-12
2018-10-22,165.5743408203125,170.71416364397322,-13
2018-10-23,164.9650115966797,170.23268854050409,-14
2018-10-24,157.41510009765625,169.38036019461495,-15
2018-10-25,162.86094665527344,168.78146289643786,-16
2018-10-26,158.67184448242188,167.91235860188803,-17
2018-10-29,155.40625,166.88956269763764,-18
2018-10-30,157.9673309326172,165.97149730864027,-19
2018-10-31,161.68038940429688,165.24928574335007,-20
2018-11-01,163.81300354003906,164.61955915178572,-21
2018-11-02,161.26153564453125,164.03018551781065,-22
2018-11-05,160.8616180419922,163.52287001836868,-23
2018-11-06,162.08026123046875,163.12345377604166,-24
2018-11-07,167.1643524169922,162.93984186081659,1
2018-11-08,166.09800720214844,163.06361243838356,2
2018-11-09,163.2989044189453,163.1506580171131,3
2018-11-12,158.357666015625,162.78841872442337,-1
2018-11-13,158.4909210205078,162.52818443661644,-2
2018-11-14,157.28179931640625,161.98323713030135,-3
2018-11-15,160.03330993652344,161.5661417643229,-4
2018-11-16,159.4715576171875,161.30862862723214,-5
2018-11-19,154.2923126220703,160.81173633393786,-6
2018-11-20,151.53131103515625,160.1430206298828,-7
2018-11-21,152.68333435058594,159.5581788562593,-8
2018-11-23,151.5789337158203,159.28026617140998,-9
2018-11-26,155.08255004882812,158.9098663330078,-10
2018-11-27,155.606201171875,158.76388331821985,-11
2018-11-28,160.61404418945312,159.01187351771765,1
2018-11-29,160.0904541015625,159.11297462100075,2
2018-11-30,161.25193786621094,159.09257216680618,3
2018-12-03,164.070068359375,159.10481334867933,4
2018-12-04,157.77687072753906,158.93887692406065,-1
2018-12-06,158.89076232910156,158.84502665201822,1
2018-12-07,153.64491271972656,158.44334338960192,-1
2018-12-10,155.25392150878906,157.87618001302084,-2
2018-12-11,155.76800537109375,157.38427516392298,-3
2018-12-12,157.13900756835938,157.0909467424665,1
2018-12-13,157.1866455078125,157.03518386114212,2
2018-12-14,153.35926818847656,156.7908194405692,-1
2018-12-17,149.8842315673828,156.43855430966332,-2
2018-12-18,150.82679748535156,156.0001489548456,-3
2018-12-19,147.12327575683594,155.4121355329241,-4
2018-12-20,144.99063110351562,154.96919831775483,-5
2018-12-21,140.49685668945312,154.44374811081659,-6
2018-12-24,137.0127716064453,153.69753083728608,-7
2018-12-26,145.5677490234375,153.41128394717262,-8
2018-12-27,146.1310577392578,152.98502240862166,-9
2018-12-28,146.05465698242188,152.53018697102866,-10
2018-12-31,147.286376953125,151.8955361502511,-11
2019-01-02,147.87835693359375,151.31400771368118,-12
2019-01-03,143.04708862304688,150.44711013067337,-13
2019-01-04,149.16729736328125,149.73745436895462,-14
2019-01-07,150.94320678710938,149.41204180036272,1
2019-01-08,152.30857849121094,149.0986044747489,2
2019-01-09,153.54981994628906,149.09407624744233,3
2019-01-10,153.9890594482422,149.03384472074964,4
2019-01-11,153.42568969726562,148.92230587913878,5
2019-01-14,152.0699005126953,148.68091982886904,6
2019-01-15,155.03927612304688,148.57866414388022,7
2019-01-16,155.01063537597656,148.6573006766183,8
2019-01-17,156.23277282714844,148.95961216517858,9
2019-01-18,157.77952575683594,149.29069446382067,10
2019-01-22,154.61917114257812,149.64764186314173,11
2019-01-23,154.8196563720703,150.11569068545387,12
2019-01-24,155.8222198486328,150.84546988351005,13
2019-01-25,157.6840362548828,151.82981581914993,14
2019-01-28,155.73626708984375,152.31403096516928,15
2019-01-29,154.2659149169922,152.70140511648995,16
2019-01-30,158.19012451171875,153.27928452264695,17
2019-01-31,160.55801391601562,153.91126723516555,18
2019-02-01,159.88006591796875,154.48277718680245,19
2019-02-04,161.86602783203125,155.37891714913505,20
2019-02-05,163.29824829101562,156.05181957426527,21
2019-02-06,162.81130981445312,156.6169673374721,22
2019-02-07,160.62481689453125,157.01297869001115,23
2019-02-08,160.9398956298828,157.3648870558966,24
2019-02-11,160.78712463378906,157.68860444568452,25
2019-02-12,163.16458129882812,158.15236118861608,26
2019-02-13,163.27914428710938,158.68613470168341,27
2019-02-14,163.47967529296875,159.0880584716797,28
2019-02-15,164.1671142578125,159.52408127557663,29
2019-02-19,164.4917449951172,159.91736566452752,30
2019-02-20,164.46311950683594,160.23563203357514,31
2019-02-21,163.86155700683594,160.67574564615884,32
2019-02-22,165.07415771484375,161.16405523390998,33
2019-02-25,165.67568969726562,161.63326808384485,34
2019-02-26,165.84756469726562,162.02200753348214,35
2019-02-27,165.7424774169922,162.49849373953683,36
2019-02-28,165.36056518554688,163.02681041899183,37
2019-03-01,166.50633239746094,163.42282031831286,38
2019-03-04,166.5349884033203,163.70743815104166,39
2019-03-05,166.6590576171875,164.0302472795759,40
2019-03-06,165.71388244628906,164.21347845168341,41
2019-03-07,163.68017578125,164.2316654750279,-1
2019-03-08,163.43191528320312,164.26121811639695,-2
2019-03-11,166.83096313476562,164.55674888974144,1
2019-03-12,167.74758911132812,164.88092476981026,2
2019-03-13,169.00790405273438,165.2723904564267,3
2019-03-14,168.7214813232422,165.53700474330358,4
2019-03-15,170.28732299804688,165.8707275390625,5
2019-03-18,170.69290161132812,166.2142145066034,6
2019-03-19,171.266845703125,166.55229695638022,7
2019-03-20,171.94590759277344,166.90725708007812,8
2019-03-21,174.63380432128906,167.3915754045759,9
2019-03-22,170.798095703125,167.72188677106584,10
2019-03-25,170.47291564941406,167.97897048223587,11
2019-03-26,171.266845703125,168.2452160063244,12
2019-03-27,170.1667938232422,168.45089358375185,13
2019-03-28,170.55899047851562,168.6802513485863,14
2019-03-29,171.85032653808594,168.9892876034691,15
2019-04-01,174.12681579589844,169.35216776529947,16
2019-04-02,174.78688049316406,169.74511500767298,17
2019-04-03,175.7912139892578,170.1799795968192,18
2019-04-04,175.72425842285156,170.6566641671317,19
2019-04-05,176.63296508789062,171.2734636579241,20
2019-04-08,177.08251953125,171.92349243164062,21
2019-04-09,176.46078491210938,172.3820553734189,22
2019-04-10,177.40774536132812,172.8420628138951,23
2019-04-11,176.98683166503906,173.22201174781435,24
2019-04-12,177.7521209716797,173.65204220726378,25
2019-04-15,177.78077697753906,174.00887334914435,26
2019-04-16,178.3929901123047,174.37554423014322,27
2019-04-17,179.01473999023438,174.74449157714844,28
2019-04-18,179.24429321289062,175.09203374953498,29
2019-04-22,179.75123596191406,175.33572097051712,30
2019-04-23,182.03736877441406,175.8709244501023,31
2019-04-24,181.4634246826172,176.39428202311197,32
2019-04-25,182.199951171875,176.91490609305245,33
2019-04-26,182.3625946044922,177.4956585112072,34
2019-04-29,182.71649169921875,178.07458714076452,35
2019-04-30,181.3008270263672,178.5246109735398,36
2019-05-01,180.7173614501953,178.83844648088728,37
2019-05-02,179.9330291748047,179.08350118001303,38
2019-05-03,182.80258178710938,179.41737583705358,39
2019-05-06,181.68344116210938,179.7011464436849,40
2019-05-07,178.14427185058594,179.77311343238466,-1
2019-05-08,177.6947021484375,179.8022649855841,-2
2019-05-09,176.7382354736328,179.8154769170852,-3
2019-05-10,176.95819091796875,179.79406956263952,-4
2019-05-13,170.8172607421875,179.50028047107514,-5
2019-05-14,172.69207763671875,179.2593260265532,-6
2019-05-15,175.13121032714844,179.13315618605841,-7
2019-05-16,176.89126586914062,179.0616455078125,-8
2019-05-17,175.0833282470703,178.8744354248047,-9
2019-05-20,172.12770080566406,178.53555007207962,-10
2019-05-21,173.9259490966797,178.2581554594494,-11
2019-05-22,173.15118408203125,177.83500380743118,-12
2019-05-23,170.50155639648438,177.3130100795201,-13
2019-05-24,170.41552734375,176.75184704008558,-14
2019-05-28,169.77459716796875,176.1524185907273,-15
2019-05-29,168.37811279296875,175.46963864281065,-16
2019-05-30,169.0859375,174.88797723679315,-17
2019-05-31,166.3885498046875,174.20565287272134,-18
2019-06-03,162.7250213623047,173.38622392926897,-19
2019-06-04,167.30677795410156,172.64832850864954,-20
2019-06-05,168.55029296875,172.02294049944197,-21
2019-06-06,169.88938903808594,171.62985084170387,-22
2019-06-07,173.17027282714844,171.4144018264044,1
2019-06-10,175.18858337402344,171.34060886928015,2
2019-06-11,175.42771911621094,171.26772925967262,3
2019-06-12,174.41378784179688,171.43899245489212,4
2019-06-13,175.44691467285156,171.57017517089844,5
2019-06-14,174.7007598876953,171.54967753092447,6
2019-06-17,175.75294494628906,171.49547177269346,7
2019-06-18,178.30690002441406,171.6489751906622,8
2019-06-19,178.97650146484375,171.97510855538505,9
2019-06-20,180.64085388183594,172.29486592610678,10
2019-06-21,180.3730010986328,172.63876197451637,11
2019-06-24,180.37875366210938,173.1091047014509,12
2019-06-25,177.28228759765625,173.43609328497024,13
2019-06-26,178.10671997070312,173.8328610374814,14
2019-06-27,178.7873992919922,174.3285413469587,15
2019-06-28,179.0174560546875,174.80147080194382,16
2019-07-01,181.43325805664062,175.51788548060827,17
2019-07-02,182.1522674560547,176.44299243745348,18
2019-07-03,183.5231170654297,177.21519906180245,19
2019-07-05,183.1492156982422,177.91038585844495,20
2019-07-08,181.86463928222656,178.48063587007067,21
2019-07-09,182.77536010742188,178.93802097865515,22
2019-07-10,184.59681701660156,179.3860321044922,23
2019-07-11,184.4625701904297,179.81626310802642,24
2019-07-12,185.5266571044922,180.34544735863096,25
2019-07-15,186.12106323242188,180.85374014718192,26
2019-07-16,185.16238403320312,181.35191272553942,27
2019-07-17,184.25167846679688,181.75661432175409,28
2019-07-18,184.4625701904297,182.04974147251673,29
2019-07-19,183.11085510253906,182.24661545526413,30
2019-07-22,184.56802368164062,182.4336235409691,31
2019-07-23,185.77590942382812,182.69090488978796,32
2019-07-24,187.0796661376953,183.00999596005394,33
2019-07-25,185.30618286132812,183.39208621070497,34
2019-07-26,187.2138671875,183.8257598876953,35
2019-07-29,186.5716094970703,184.1964365641276,36
2019-07-30,185.7663116455078,184.51781063988096,37
2019-07-31,183.19712829589844,184.60180446079798,-1
2019-08-01,182.2864227294922,184.60819280715216,-2
2019-08-02,179.60226440429688,184.4214855375744,-3
2019-08-05,173.2559814453125,183.95037914457777,-4
2019-08-06,175.6813507080078,183.6559368315197,-5
2019-08-07,176.6304473876953,183.36332194010416,-6
2019-08-08,180.47457885742188,183.16702488490515,-7
2019-08-09,178.77786254882812,182.89632452101935,-8
2019-08-12,176.72633361816406,182.47726149786087,-9
2019-08-13,180.59922790527344,182.21431695847284,-10
2019-08-14,175.20205688476562,181.7400156656901,-11
2019-08-15,175.00076293945312,181.29949587867372,-12
2019-08-16,177.8095703125,180.9826863606771,-13
2019-08-19,180.63758850097656,180.86491176060267,-14
2019-08-20,179.23793029785156,180.61109778994606,-15
2019-08-21,180.82931518554688,180.37554568336122,1
2019-08-22,180.2445526123047,180.05006408691406,2
2019-08-23,174.5406036376953,179.53741745721726,-1
2019-08-26,177.17684936523438,179.05946422758558,-2
2019-08-27,176.80296325683594,178.59429059709822,-3
2019-08-28,177.43569946289062,178.19759477887834,-4
2019-08-29,180.148681640625,178.05243065243675,1
2019-08-30,179.71728515625,177.93009076799666,2
2019-09-03,177.9725341796875,177.85248456682478,3
2019-09-04,180.54168701171875,178.19942292712983,4
2019-09-05,183.84901428222656,178.58835928780692,5
2019-09-06,183.66690063476562,178.92342849004837,6
2019-09-09,183.283447265625,179.05718412853423,7
2019-09-10,182.7561798095703,179.2466278076172,8
2019-09-11,184.47218322753906,179.61547778901598,9
2019-09-12,185.2390899658203,179.83642360142298,10
2019-09-13,184.57760620117188,180.28287833077567,11
2019-09-16,183.75315856933594,180.6996590750558,12
2019-09-17,184.6351776123047,181.0246879940941,13
2019-09-18,184.55845642089844,181.2113959902809,14
2019-09-19,184.86521911621094,181.47936212448846,15
2019-09-20,182.90960693359375,181.57842363630022,16
2019-09-23,182.9901885986328,181.70916820707777,17
2019-09-24,180.5599822998047,181.99580528622582,-1
2019-09-25,182.58676147460938,182.25342014857702,1
2019-09-26,181.91436767578125,182.49682035900298,-1
2019-09-27,179.6570281982422,182.60259791782923,-2
2019-09-30,181.3668975830078,182.66060820079986,-3
2019-10-01,179.8875732421875,182.66871715727308,-4
2019-10-02,176.79449462890625,182.61262003580728,-5
2019-10-03,178.73486328125,182.52658081054688,-6
2019-10-04,181.3668975830078,182.40838477725075,-7
2019-10-07,180.81936645507812,182.27278791155135,-8
2019-10-08,178.11053466796875,182.02645874023438,-9
2019-10-09,179.84915161132812,181.88802882603235,-10
2019-10-10,181.2419891357422,181.73421005975632,-11
2019-10-11,183.576171875,181.65502348400298,1
2019-10-14,183.55703735351562,181.6064249674479,2
2019-10-15,185.89117431640625,181.70823524111793,3
2019-10-16,185.43011474609375,181.746089390346,4
2019-10-17,185.9199981689453,181.81092471168154,5
2019-10-18,184.13336181640625,181.7760743640718,6
2019-10-21,185.7663116455078,181.912107921782,7
2019-10-22,184.28700256347656,181.97386096772692,8
2019-10-23,184.64244079589844,182.16826375325522,9
2019-10-24,186.43870544433594,182.35168965657553,10
2019-10-25,187.92759704589844,182.63803391229538,11
2019-10-28,189.78155517578125,183.12015424455916,12
2019-10-29,188.31187438964844,183.45086742582777,13
2019-10-30,189.2244110107422,183.89547874813988,14
2019-10-31,189.3108673095703,184.49149649483817,15
2019-11-01,191.0302734375,185.07699221656435,16
2019-11-04,192.21180725097656,185.59341648646765,17
2019-11-05,192.31747436523438,186.1409454345703,18
2019-11-06,191.88519287109375,186.79688153948103,19
2019-11-07,192.52877807617188,187.40067327590216,20
2019-11-08,193.29725646972656,187.97473362513952,21
2019-11-11,193.03793334960938,188.42529369535902,22
2019-11-12,193.59500122070312,188.9032919747489,23
2019-11-13,193.64306640625,189.27242969331286,24
2019-11-14,193.48939514160156,189.65620495024183,25
2019-11-15,194.91102600097656,190.0843491327195,26
2019-11-18,195.06471252441406,190.60488964262464,27
2019-11-19,195.3529052734375,191.06139410109748,28
2019-11-20,194.18096923828125,191.53253537132628,29
2019-11-21,193.7487335205078,191.96616835821243,30
2019-11-22,193.8736572265625,192.3202136811756,31
2019-11-25,196.1693572998047,192.71267845517113,32
2019-11-26,196.54397583007812,193.03469848632812,33
2019-11-27,197.9176483154297,193.49211629231772,34
2019-11-29,197.0146484375,193.86307997930618,35
2019-12-02,194.9975128173828,194.13387262253534,36
2019-12-03,193.4701690673828,194.25005812872024,-1
2019-12-04,194.44993591308594,194.35663568405877,1
2019-12-05,194.8341827392578,194.47647893996466,2
2019-12-06,196.91864013671875,194.71616690499442,3
2019-12-09,196.02532958984375,194.88266935802642,4
2019-12-10,195.8620147705078,195.00480070568267,5
2019-12-11,196.89944458007812,195.18868219284784,6
2019-12-12,198.369140625,195.41602216448103,7
2019-12-13,199.02232360839844,195.67217726934524,8
2019-12-16,201.02032470703125,196.03079296293714,9
2019-12-17,201.13555908203125,196.32719930013022,10
2019-12-18,201.28929138183594,196.6236078171503,11
2019-12-19,202.547607421875,196.9662126813616,12
2019-12-20,203.36415100097656,197.40350705101378,13
2019-12-23,203.90130615234375,197.886962890625,14
2019-12-24,204.00718688964844,198.36951192220053,15
2019-12-26,205.80734252929688,198.82846359979538,16
2019-12-27,205.63412475585938,199.2613278343564,17
2019-12-30,204.286376953125,199.5646006266276,18
2019-12-31,204.6714324951172,199.92920939127603,19
2020-01-02,208.0888671875,200.55260721842447,20
2020-01-03,206.1828155517578,201.15797133672805,21
2020-01-06,207.51124572753906,201.77993847074964,22
2020-01-07,207.48239135742188,202.38223411923363,23
2020-01-08,209.0418701171875,202.95953078497024,24
2020-01-09,210.8131866455078,203.66371445428757,25
2020-01-10,210.2741241455078,204.3500053769066,26
2020-01-13,212.69998168945312,205.10241190592447,27
2020-01-14,211.86253356933594,205.74495442708334,28
2020-01-15,211.9491424560547,206.36051722935267,29
2020-01-16,213.9803466796875,206.9776611328125,30
2020-01-17,215.03929138183594,207.6397436232794,31
2020-01-21,214.9430389404297,208.28992207845053,32
2020-01-22,215.51101684570312,208.90722728910902,33
2020-01-23,216.2041473388672,209.51865568615142,34
2020-01-24,214.38467407226562,210.01786368233817,35
2020-01-27,209.95640563964844,210.30115981329055,-1
2020-01-28,213.18138122558594,210.65230451311385,1
2020-01-29,213.5279083251953,211.02819896879652,2
2020-01-30,214.2884063720703,211.50448608398438,3
2020-01-31,210.89019775390625,211.80061776297433,-1
2020-02-03,214.07662963867188,212.08574930826822,1
2020-02-04,218.9766082763672,212.69497753324964,2
2020-02-05,219.69851684570312,213.27532377697173,3
2020-02-06,221.59503173828125,213.94735427129837,4
2020-02-07,220.64195251464844,214.49973914736793,5
2020-02-10,223.30853271484375,215.09475562686012,6
2020-02-11,223.3470458984375,215.71727571033296,7
2020-02-12,225.52267456054688,216.32788013276598,8
2020-02-13,225.23387145996094,216.96461050851005,9
2020-02-14,225.8788604736328,217.62793041410902,10
2020-02-18,225.96551513671875,218.19865272158668,11
2020-02-19,228.13150024414062,218.82209123883928,12
2020-02-20,226.01364135742188,219.34926278250558,13
2020-02-21,221.6720428466797,219.64264497302827,14
2020-02-24,213.12359619140625,219.49595206124442,-1
2020-02-25,207.32835388183594,219.1599368140811,-2
2020-02-26,208.39691162109375,219.08567519414993,-3
2020-02-27,197.96163940429688,218.36092558361236,-4
2020-02-28,198.11570739746094,217.62701125372024,-5
2020-03-02,208.3391571044922,217.34371366954986,-6
2020-03-03,201.65826416015625,216.90409778413317,-7
2020-03-04,210.07192993164062,216.7133977980841,-8
2020-03-05,203.6894989013672,215.98544020879837,-9
2020-03-06,200.2527618408203,215.05945187523253,-10
2020-03-09,186.3424072265625,213.38075546991257,-11
2020-03-10,196.4888458251953,212.23060753231957,-12
2020-03-11,187.93075561523438,210.5459514799572,-13
2020-03-12,170.69908142089844,208.03890555245536,-14
2020-03-13,185.15821838378906,206.11678859165735,-15
2020-03-16,162.9785614013672,203.1522500174386,-16
2020-03-17,175.33912658691406,200.74559602283296,-17
2020-03-18,170.0060272216797,198.0808585030692,-18
2020-03-19,171.02642822265625,195.361569359189,-19
2020-03-20,164.32630920410156,192.42407735188803,-20
2020-03-23,164.44496154785156,189.69897824242003,-21
2020-03-24,177.17916870117188,187.98733883812315,-22
2020-03-25,175.86717224121094,186.4891873314267,-23
2020-03-26,185.1283416748047,185.38116019112724,-24
2020-03-27,178.7612762451172,184.46685718354723,-25
2020-03-30,185.26348876953125,183.85484677269346,1
2020-03-31,183.6813201904297,182.6806640625,2
2020-04-01,175.87677001953125,181.45297386532738,-1
2020-04-02,179.44619750976562,179.9946056547619,-2
2020-04-03,176.89939880371094,178.71888660249255,-3
2020-04-06,189.54676818847656,178.20907738095238,1
2020-04-07,189.46958923339844,178.35799080984933,2
2020-04-08,193.49246215820312,178.2153058733259,3
2020-04-09,193.772216796875,178.49347069149925,4
2020-04-13,195.8656005859375,179.69187636602493,5
2020-04-14,204.38406372070312,180.60739281063988,6
2020-04-15,202.03981018066406,182.46745227632067,7
2020-04-16,205.7249755859375,183.91439746675036,8
2020-04-17,207.69300842285156,185.70901561918714,9
2020-04-20,205.23300170898438,187.33790007091704,10
2020-04-21,197.66000366210938,188.9252188546317,11
2020-04-22,203.5254669189453,190.78619530087425,12
2020-04-23,203.09136962890625,192.02010963076637,13
2020-04-24,206.294189453125,193.46901521228608,14
2020-04-27,207.95346069335938,194.55592564174108,15
2020-04-28,204.03672790527344,195.759518577939,16
2020-04-29,211.27207946777344,196.9980228969029,17
2020-04-30,211.18528747558594,198.30773562476747,18
2020-05-01,205.23300170898438,199.70565141950334,19
2020-05-04,207.62550354003906,201.04752313523065,20
2020-05-05,209.9794158935547,202.62276204427084,21
2020-05-06,211.27207946777344,203.6573006766183,22
2020-05-07,213.9925994873047,204.82506306966147,23
2020-05-08,216.92535400390625,205.940915062314,24
2020-05-11,218.86439514160156,207.13578069777716,25
2020-05-12,214.281982421875,208.01275126139322,26
2020-05-13,211.60011291503906,208.3563726515997,27
2020-05-14,214.00221252441406,208.92601085844495,28
2020-05-15,215.3914031982422,209.38631693522134,29
2020-05-18,219.40460205078125,209.94401186988466,30
2020-05-19,218.85475158691406,210.59266662597656,31
2020-05-20,223.22491455078125,211.81004333496094,32
2020-05-21,220.79380798339844,212.63234529041108,33
2020-05-22,221.55593872070312,213.51161048525856,34
2020-05-26,220.95779418945312,214.20987737746466,35
2020-05-27,222.16368103027344,214.88655453636534,36
2020-05-28,221.8743133544922,215.7359633672805,37
2020-05-29,225.12538146972656,216.39564441499255,38
2020-06-01,225.80067443847656,217.09161522274925,39
2020-06-02,227.3152618408203,218.14315141950334,40
2020-06-03,228.33786010742188,219.12945411318825,41
2020-06-04,226.73641967773438,219.92740667433966,42
2020-06-05,231.2320098876953,220.8778795514788,43
2020-06-08,233.0264129638672,221.7842516217913,44
2020-06-09,234.71463012695312,222.63136000860305,45
2020-06-10,237.53158569335938,223.52027384440103,46
2020-06-11,225.76211547851562,224.06694684709822,47
2020-06-12,227.55645751953125,224.82677278064546,48
2020-06-15,230.3251495361328,225.6040554954892,49
2020-06-16,234.28050231933594,226.50353640601747,50
2020-06-17,235.0233154296875,227.2472846621559,51
2020-06-18,235.6600799560547,228.0475383940197,52
2020-06-19,235.62144470214844,228.63784935360863,53
2020-06-22,238.4472198486328,229.47848801385788,54
2020-06-23,240.47659301757812,230.37947155180433,55
2020-06-24,235.51904296875,231.07286435081846,56
2020-06-25,237.7610626220703,231.81559680757067,57
2020-06-26,232.14630126953125,232.3047390892392,-1
2020-06-29,234.67823791503906,232.75963701520647,1
2020-06-30,239.27825927734375,233.40142676943825,2
2020-07-01,242.07115173339844,234.10408819289435,3
2020-07-02,243.71397399902344,234.83628409249442,4
2020-07-06,249.7056427001953,235.9300566173735,5
2020-07-07,247.9854278564453,236.72783842540923,6
2020-07-08,251.2517852783203,237.59571329752603,7
2020-07-09,253.36827087402344,238.4839819045294,8
2020-07-10,255.09811401367188,239.3204832531157,9
2020-07-13,249.85060119628906,240.4675540015811,10
2020-07-14,251.6190643310547,241.61339242117745,11
2020-07-15,252.13125610351562,242.65177844819567,12
2020-07-16,250.4111328125,243.41990370977493,13
2020-07-17,250.70106506347656,244.16646321614584,14
2020-07-20,257.8135986328125,245.22139267694382,15
2020-07-21,255.1270751953125,246.15023222423736,16
2020-07-22,256.02581787109375,246.98730832054503,17
2020-07-23,249.33840942382812,247.40929957798548,18
2020-07-24,246.97073364257812,247.9546181815011,-1
2020-07-27,251.37747192382812,248.60301862444197,1
2020-07-28,248.1787567138672,249.36646888369606,-1
2020-07-29,251.03921508789062,250.14556303478423,1
2020-07-30,252.35354614257812,250.76819574265252,2
2020-07-31,256.8569641113281,251.47228204636346,3
2020-08-03,260.3262023925781,252.26334054129464,4
2020-08-04,261.29266357421875,252.81510344005767,5
2020-08-05,261.94012451171875,253.4796128045945,6
2020-08-06,265.4095153808594,254.15379042852493,7
2020-08-07,262.3459777832031,254.581300281343,8
2020-08-10,261.22503662109375,254.87305850074404,9
2020-08-11,256.2770690917969,255.17908078148253,10
2020-08-12,262.72283935546875,255.70783197312127,11
2020-08-13,263.32208251953125,256.240728469122,12
2020-08-14,263.01287841796875,256.840811593192,13
2020-08-17,266.0666198730469,257.572504679362,14
2020-08-18,268.62762451171875,258.08745829264325,15
2020-08-19,266.8204345703125,258.644284929548,16
2020-08-20,270.5216369628906,259.3345620291574,17
2020-08-21,272.3964538574219,260.43256414504276,18
2020-08-24,274.0972900390625,261.72430492582777,19
2020-08-25,276.25238037109375,262.9088243756975,20
2020-08-26,282.14727783203125,264.526373000372,21
2020-08-27,281.2679443359375,265.9658362978981,22
2020-08-28,282.6981201171875,267.4108160109747,23
2020-08-31,284.96917724609375,268.7494928269159,24
2020-09-01,289.8398742675781,270.15490577334447,25
2020-09-02,292.58428955078125,271.64498320079986,26
2020-09-03,277.75018310546875,272.3978431338356,27
2020-09-04,274.0489807128906,272.80924624488466,28
2020-09-08,260.87713623046875,272.7393014090402,-1
2020-09-09,268.5405578613281,273.08765956333707,-2
2020-09-10,263.18682861328125,273.4166957310268,-3
2020-09-11,261.3602294921875,273.351809547061,-4
2020-09-14,265.9120178222656,273.47513979957216,-5
2020-09-15,269.6808776855469,273.79266357421875,-6
2020-09-16,265.3804931640625,273.7599908737909,-7
2020-09-17,261.23468017578125,273.40794590541293,-8
2020-09-18,257.9007263183594,272.9831978934152,-9
2020-09-21,258.5191345214844,272.4116501581101,-10
2020-09-22,263.32208251953125,271.97953723725817,-11
2020-09-23,255.28167724609375,271.0835556756882,-12
2020-09-24,256.4703063964844,270.1415521530878,-13
2020-09-25,262.4329528808594,269.2027747744606,-14
2020-09-28,267.8834533691406,268.56541806175596,-15
2020-09-29,266.6754455566406,267.8024335588728,-16
2020-09-30,268.50189208984375,267.01827712286087,1
2020-10-01,272.763671875,266.2051246279762,2
2020-10-02,265.0906066894531,264.8959016345796,3
2020-10-05,270.74383544921875,264.56226603190106,4
2020-10-06,265.9120178222656,264.17479160853793,5
2020-10-07,270.5120544433594,264.6335972377232,6
2020-10-08,271.951904296875,264.7960423060826,7
2020-10-09,276.1073913574219,265.4113071986607,8
2020-10-12,284.6309814453125,266.5194382440476,9
2020-10-13,284.6213073730469,267.4103567940848,10
2020-10-14,282.2440185546875,268.0086015973772,11
2020-10-15,280.3498840332031,268.721429734003,12
2020-10-16,278.81329345703125,269.55850655691967,13
2020-10-19,274.2615966796875,270.3375956217448,14
2020-10-20,274.85107421875,271.1153070359003,15
2020-10-21,274.6385192871094,271.65418497721356,16
2020-10-22,274.6287841796875,272.57547578357514,17
2020-10-23,275.1700439453125,273.4659394763765,18
2020-10-26,271.0434875488281,273.87596493675596,-1
2020-10-27,273.15997314453125,274.1272277832031,-2
2020-10-28,262.5102233886719,273.9288838704427,-3
2020-10-29,267.1007385253906,273.86216227213544,-4
2020-10-30,260.3262023925781,273.26990182059154,-5
2020-11-02,260.9060974121094,273.07063947405135,-6
2020-11-03,265.4190673828125,272.8170790899368,-7
2020-11-04,277.26715087890625,273.35779971168154,1
2020-11-05,284.4956970214844,274.023687453497,2
2020-11-06,284.708251953125,274.6311325799851,3
2020-11-09,278.8905334472656,274.763663155692,4
2020-11-10,273.8943786621094,274.25239635649183,-1
2020-11-11,280.0212707519531,274.0333469935826,1
2020-11-12,278.7069091796875,273.86491321382067,2
2020-11-13,281.15191650390625,273.9031052362351,3
2020-11-16,283.345703125,274.1189342680432,4
2020-11-17,282.4468688964844,274.50870913550966,5
2020-11-18,280.3594970703125,274.7710149855841,6
2020-11-19,282.5532531738281,275.14790707542784,7
2020-11-20,280.6204528808594,275.4332246326265,8
2020-11-23,280.630126953125,275.6932285853795,9
2020-11-24,284.5730285644531,276.33749244326634,10
2020-11-25,286.3220520019531,276.9642581031436,11
2020-11-27,288.9603576660156,278.22378830682663,12
2020-11-30,289.5499572753906,279.2927987234933,13
2020-12-01,293.2608337402344,280.8611145019531,14
2020-12-02,293.6377258300781,282.41976347423736,15
2020-12-03,294.0533142089844,283.7832990373884,16
2020-12-04,295.2515869140625,284.6397007533482,17
2020-12-07,296.9234313964844,285.2314976283482,18
2020-12-08,297.92852783203125,285.8610345749628,19
2020-12-09,291.18316650390625,286.44639805385043,20
2020-12-10,292.35235595703125,287.32534935360866,21
2020-12-11,291.7049865722656,287.8817167736235,22
2020-12-14,293.8214416503906,288.6014564150856,23
2020-12-15,296.9621276855469,289.3543236142113,24
2020-12-16,298.5953674316406,290.0804981050037,25
2020-12-17,300.5473937988281,290.94242786225817,26
2020-12-18,299.6390380859375,291.8605012439546,27
2020-12-21,299.0784912109375,292.6474173409598,28
2020-12-22,299.8916931152344,293.56509544735866,29
2020-12-23,298.3813781738281,294.41039312453495,30
2020-12-24,299.69805908203125,295.13063267299106,31
2020-12-28,302.7185974121094,295.9114205496652,32
2020-12-29,302.9897155761719,296.57948521205356,33
2020-12-30,302.9994201660156,297.21993582589283,34
2020-12-31,303.74493408203125,297.7191786993118,35
2021-01-04,299.4560241699219,297.9962405250186,36
2021-01-05,301.9248352050781,298.3710748581659,37
2021-01-06,297.742431640625,298.4896865118118,-1
2021-01-07,304.9454040527344,298.8716852097284,1
2021-01-08,308.866455078125,299.39253888811385,2
2021-01-11,304.4032287597656,300.0220656622024,3
2021-01-12,303.9192199707031,300.57286871047245,4
2021-01-13,305.97161865234375,301.25223214285717,5
2021-01-14,304.3354797363281,301.7529006231399,6
2021-01-15,301.9248352050781,301.9892200288318,-1
2021-01-19,306.32989501953125,302.35753086635043,1
2021-01-20,313.4553527832031,302.9721955798921,2
2021-01-21,315.9628601074219,303.749520438058,3
2021-01-22,315.0527648925781,304.5102001371838,4
2021-01-25,317.6571044921875,305.3561721075149,5
2021-01-26,318.12176513671875,306.2961905343192,6
2021-01-27,309.25360107421875,306.75121634347096,7
2021-01-28,311.0834655761719,307.14954339890255,8
2021-01-29,304.538818359375,307.2233101981027,-1
2021-02-01,312.1484069824219,307.6589762369792,1
2021-02-02,317.2407531738281,308.30163428896947,2
2021-02-03,315.98223876953125,309.0885968889509,3
2021-02-04,319.71923828125,309.93594941638764,4
2021-02-05,320.803466796875,311.03409394763764,5
2021-02-08,322.9527587890625,311.89158703031995,6
2021-02-09,322.8850402832031,312.5591387067522,7
2021-02-10,322.1492614746094,313.40418788364957,8
2021-02-11,323.9208984375,314.3566487630208,9
2021-02-12,325.73150634765625,315.29759579613096,10
2021-02-16,324.8504943847656,316.27450125558033,11
2021-02-17,323.2916564941406,317.2919689360119,12
2021-02-18,321.87823486328125,318.03236607142856,13
2021-02-19,320.47442626953125,318.3666076660156,14
2021-02-22,312.167724609375,318.1858869280134,-1
2021-02-23,311.2383728027344,318.0042492094494,-2
2021-02-24,313.8038635253906,317.82076154436385,-3
2021-02-25,302.8638916015625,317.09419613792784,-4
2021-02-26,304.1321716308594,316.8503185453869,-5
2021-03-01,313.2810363769531,316.9549647739955,-6
2021-03-02,308.2564697265625,317.1319957914807,-7
2021-03-03,299.3107604980469,316.5206792922247,-8
2021-03-04,294.4119873046875,315.43359520321803,-9
2021-03-05,298.8460693359375,314.61758713495163,-10
2021-03-08,290.3844909667969,313.220694405692,-11
2021-03-09,301.837646484375,312.31756010509673,-12
2021-03-10,300.97601318359375,311.2710484095982,-13
2021-03-11,307.9079284667969,310.557852608817,-14
2021-03-12,305.4100646972656,309.760748000372,-15
2021-03-15,308.6727600097656,309.0346461704799,-16
2021-03-16,310.3669738769531,308.3030017671131,1
2021-03-17,311.6449279785156,307.6741652715774,2
2021-03-18,302.09906005859375,306.66499401274183,-1
2021-03-19,303.1640319824219,305.7738414946057,-2
2021-03-22,308.8492736816406,305.2202627999442,1
2021-03-23,307.501953125,304.99808320545014,2
2021-03-24,302.3157653808594,304.57319713774183,-1
2021-03-25,301.79229736328125,304.001217796689,-2
2021-03-26,306.3191833496094,304.1657554989769,1
2021-03-29,306.2320861816406,304.26575142996654,2
2021-03-30,304.6907653808594,303.85669090634303,3
2021-03-31,309.3534240722656,303.908926827567,4
2021-04-01,314.6267395019531,304.6382591610863,5
2021-04-05,320.9082336425781,305.89998517717635,6
2021-04-06,320.6852722167969,306.939947219122,7
2021-04-07,321.4608154296875,308.4197721935454,8
2021-04-08,324.8147888183594,309.513921828497,9
2021-04-09,326.7825622558594,310.74280511765255,10
2021-04-12,326.3559875488281,311.6212841215588,11
2021-04-13,330.1657409667969,312.80012584867933,12
2021-04-14,326.2009582519531,313.63480195545014,13
2021-04-15,331.1446533203125,314.6242152622768,14
2021-04-16,331.5325012207031,315.5712425595238,15
2021-04-19,328.498291015625,316.82834879557294,16
2021-04-20,326.1040344238281,317.9207298642113,17
2021-04-21,328.8957824707031,318.8753255208333,18
2021-04-22,324.9311828613281,319.70528884161087,19
2021-04-23,329.0218505859375,320.9770071847098,20
2021-04-26,331.1640319824219,322.3756612141927,21
2021-04-27,329.7294006347656,323.49043346586683,22
2021-04-28,328.6146545410156,324.55627005440846,23
2021-04-29,329.7973327636719,325.75182088216144,24
2021-04-30,327.6356201171875,326.62240164620533,25
2021-05-03,325.8907470703125,327.1587829589844,-1
2021-05-04,320.0261535644531,327.11677914574034,-2
2021-05-05,318.95013427734375,327.0341535295759,-3
2021-05-06,321.35418701171875,327.0290759858631,-4
2021-05-07,323.9617614746094,326.9884556361607,-5
2021-05-10,315.7802429199219,326.46453566778274,-6
2021-05-11,315.34405517578125,325.9401579357329,-7
2021-05-12,307.1820983886719,324.84569876534596,-8
2021-05-13,309.5569763183594,324.0531281970796,-9
2021-05-14,316.3909912109375,323.35057285853793,-10
2021-05-17,314.4715576171875,322.53814697265625,-11
2021-05-18,312.3487548828125,321.7691214425223,-12
2021-05-19,312.70745849609375,321.13118925548736,-13
2021-05-20,318.7562561035156,320.64835466657365,-14
2021-05-21,316.9919738769531,320.27029709588913,-15
2021-05-24,322.3235778808594,319.9513317289807,1
2021-05-25,322.7693786621094,319.5515863327753,2
2021-05-26,323.89385986328125,319.2737034388951,3
2021-05-27,322.6822204589844,318.99120657784596,4
2021-05-28,323.6999816894531,318.7008565266927,5
2021-06-01,322.6240539550781,318.4622105189732,6
2021-06-02,323.254150390625,318.33665829613096,7
2021-06-03,319.890380859375,318.33019292922245,8
2021-06-04,325.3188171386719,318.6334635416667,9
2021-06-07,326.28826904296875,318.86841982886904,10
2021-06-08,326.44329833984375,318.9865882510231,11
2021-06-09,326.5207824707031,319.49804251534596,12
2021-06-10,329.9233703613281,320.19229561941967,13
2021-06-11,330.7860412597656,321.3162928989955,14
2021-06-14,333.9559020996094,322.4781465076265,15
2021-06-15,331.7748107910156,323.2107093447731,16
2021-06-16,330.563232421875,323.9769795735677,17
2021-06-17,334.7604064941406,325.04420107886904,18
2021-06-18,332.1334533691406,325.96924845377606,19
2021-06-21,334.1976623535156,326.70455351329986,20
2021-06-22,337.3129577636719,327.6722194126674,21
2021-06-23,337.4779052734375,328.39385405040923,22
2021-06-24,339.56451416015625,329.1936224074591,23
2021-06-25,339.147216796875,329.9199727376302,24
2021-06-28,343.2717590332031,330.90042695545014,25
2021-06-29,344.5140075683594,331.8915710449219,26
2021-06-30,343.9704895019531,332.90806797572543,27
2021-07-01,344.1064758300781,333.90103585379467,28
2021-07-02,348.05633544921875,335.2422717866443,29
2021-07-06,349.5605163574219,336.39663841610866,30
2021-07-07,350.29815673828125,337.5399664015997,31
2021-07-08,348.1824951171875,338.5751662481399,32
2021-07-09,350.3563232421875,339.71019199916293,33
2021-07-12,351.7247619628906,340.7483535039993,34
2021-07-13,351.7247619628906,341.7454354422433,35
2021-07-14,352.3555908203125,342.6216110956101,36
2021-07-15,349.8808288574219,343.4838024321057,37
2021-07-16,347.0469970703125,344.26874360584077,38
2021-07-19,344.20343017578125,344.7184114002046,-1
2021-07-20,348.201904296875,345.48357573009673,1
2021-07-21,350.8901062011719,346.27845400855654,2
2021-07-22,353.2096252441406,347.0354381742932,3
2021-07-23,357.33416748046875,347.98097446986606,4
2021-07-26,357.6156005859375,348.8405500139509,5
2021-07-27,353.6753234863281,349.5323646182106,6
2021-07-28,355.03411865234375,350.0924769810268,7
2021-07-29,355.6649475097656,350.62347412109375,8
2021-07-30,353.811279296875,351.09208315894716,9
2021-08-02,353.84039306640625,351.55560302734375,10
2021-08-03,355.9851379394531,351.9331650506882,11
2021-08-04,356.49957275390625,352.2635963076637,12
2021-08-05,358.76080322265625,352.6665794735863,13
2021-08-06,357.1885986328125,353.09544154575894,14
2021-08-09,357.8485107421875,353.45221237909226,15
2021-08-10,356.0143127441406,353.65647670200894,16
2021-08-11,355.40289306640625,353.83162580217635,17
2021-08-12,356.6839904785156,354.03774007161456,18
2021-08-13,357.9358825683594,354.4213140578497,19
2021-08-16,358.09112548828125,354.9472249348958,20
2021-08-17,354.9370422363281,355.4583493187314,-1
2021-08-18,351.52099609375,355.6164013090588,-2
2021-08-19,353.21923828125,355.72731236049106,-3
2021-08-20,356.8780822753906,355.9020007905506,1
2021-08-23,362.2157287597656,356.1344560895647,2
2021-08-24,363.3220520019531,356.40619187127976,3
2021-08-25,363.7393798828125,356.8854326520647,4
2021-08-26,361.4296569824219,357.1899820963542,5
2021-08-27,364.94281005859375,357.6317850748698,6
2021-08-30,369.03826904296875,358.3568798246838,7
2021-08-31,368.7373962402344,359.0662609281994,8
2021-09-01,369.3487548828125,359.70262363978793,9
2021-09-02,369.1741027832031,360.30617268880206,10
2021-09-03,370.3096008300781,360.85611543201264,11
2021-09-07,370.833740234375,361.5058840797061,12
2021-09-08,369.54296875,362.0627630324591,13
2021-09-09,368.2716064453125,362.6464436848958,14
2021-09-10,365.4765930175781,363.12614368257067,15
2021-09-13,365.2242736816406,363.53282383510043,16
2021-09-14,364.18585205078125,363.8304414295015,17
2021-09-15,366.89349365234375,364.24960181826634,18
2021-09-16,367.1458435058594,364.8309733072917,19
2021-09-17,362.79803466796875,365.36797514415923,-1
2021-09-20,355.3014221191406,365.46712675548736,-2
2021-09-21,355.7386474609375,365.4128679547991,-3
2021-09-22,359.0614013671875,365.26266188848587,-4
2021-09-23,362.3744812011719,365.21753946940106,-5
2021-09-24,362.7144470214844,365.16873314267116,-6
2021-09-27,359.81927490234375,365.09204828171505,-7
2021-09-28,349.6371154785156,364.3632056826637,-8
2021-09-29,349.06390380859375,363.41204543340774,-9
2021-09-30,347.7814636230469,362.4141438802083,-10
2021-10-01,349.9383544921875,361.4898390997024,-11
2021-10-04,342.5933532714844,360.22408912295384,-12
2021-10-05,347.2179870605469,359.1244884672619,-13
2021-10-06,349.4429626464844,358.10588001069567,-14
2021-10-07,352.6490783691406,357.30140904017856,-15
2021-10-08,350.8905334472656,356.4737388974144,-16
2021-10-11,348.1992492675781,355.65100824265255,-17
2021-10-12,346.98486328125,354.782464890253,-18
2021-10-13,349.7634582519531,354.0956842331659,-19
2021-10-14,356.2049255371094,353.58670479910717,1
2021-10-15,358.44927978515625,353.1725827171689,2
2021-10-18,362.0537414550781,353.13714018322173,3
2021-10-19,364.7936096191406,353.5891491117932,4
2021-10-20,364.3175048828125,353.99766613188245,5
2021-10-21,366.54241943359375,354.3539050874256,6
2021-10-22,363.4625549316406,354.4057181222098,7
2021-10-25,367.1836853027344,354.6185389927455,8
2021-10-26,368.33990478515625,355.0242832728795,9
2021-10-27,369.19488525390625,355.95560564313615,10
2021-10-28,373.2948913574219,357.10946219308033,11
2021-10-29,375.13104248046875,358.41182309105284,12
2021-11-01,376.4134826660156,359.67254348028274,13
2021-11-02,377.9874572753906,361.35797700427827,14
2021-11-03,382.0000915527344,363.01426769438245,15
2021-11-04,386.8966979980469,364.7977789015997,16
2021-11-05,387.2660217285156,366.4462047758557,17
2021-11-08,386.74127197265625,368.1533828008743,18
2021-11-09,384.07916259765625,369.86195010230654,19
2021-11-10,378.43438720703125,371.3595464797247,20
2021-11-11,379.48370361328125,372.7747962588356,21
2021-11-12,383.4767761230469,374.0734558105469,22
2021-11-15,383.3893737792969,375.2610793340774,23
2021-11-16,386.1195068359375,376.40706816173736,24
2021-11-17,386.3236083984375,377.43230619884673,25
2021-11-18,390.326416015625,378.6708257765997,26
2021-11-19,392.502685546875,379.9070289248512,27
2021-11-22,387.946044921875,381.07290940057663,28
2021-11-23,386.17779541015625,381.9773908342634,29
2021-11-24,387.4214172363281,382.8860342843192,30
2021-11-26,380.0762634277344,383.40419514973956,-1
2021-11-29,388.324951171875,384.11991228376115,1
2021-11-30,382.6218566894531,384.47661772228423,-1
2021-12-01,376.1123352050781,384.4622773670015,-2
2021-12-02,378.8230895996094,384.5020693824405,-3
2021-12-03,372.23577880859375,384.03710210890995,-4
2021-12-06,375.2185363769531,383.48099917457216,-5
2021-12-07,386.517822265625,383.44537062872024,1
2021-12-08,388.2471923828125,383.517081124442,2
2021-12-09,382.53436279296875,383.4435192289807,-1
2021-12-10,386.69268798828125,383.83677164713544,1
2021-12-13,381.10626220703125,383.9140363420759,-1
2021-12-14,377.1615905761719,383.61331322079616,-2
2021-12-15,385.7600402832031,383.7262021019345,1
2021-12-16,375.8403015136719,383.2367161342076,-1
2021-12-17,373.96514892578125,382.6482180640811,-2
2021-12-20,370.3375549316406,381.6963675362723,-3
2021-12-21,378.6259460449219,381.0355704171317,-4
2021-12-22,383.2369689941406,380.8113287062872,1
2021-12-23,386.1262512207031,380.80887422107514,2
2021-12-27,392.5078430175781,381.0510849725632,3
2021-12-28,390.68865966796875,381.5564371744792,4
2021-12-29,390.63037109375,381.6662190755208,5
2021-12-30,389.4629821777344,381.9919869559152,6
2021-12-31,387.0309753417969,382.5119222005208,7
2022-01-03,390.75677490234375,383.08019292922245,8
2022-01-04,385.6884460449219,383.7207961309524,9
2022-01-05,373.8397521972656,383.65513974144346,-1
2022-01-06,373.5769958496094,383.0389099121094,-2
2022-01-07,369.5301513671875,382.14762224469865,-3
2022-01-10,369.7734069824219,381.5399576822917,-4
2022-01-11,375.32806396484375,380.998785109747,-5
2022-01-12,376.8165283203125,380.7945120675223,-6
2022-01-13,367.39007568359375,380.3292018345424,-7
2022-01-14,369.6761169433594,379.5633007231213,-8
2022-01-18,360.47332763671875,378.831540062314,-9
2022-01-19,356.5140075683594,378.00053333100817,-10
2022-01-20,351.8834533691406,377.1217665899368,-11
2022-01-21,342.12615966796875,375.38368152436755,-12
2022-01-24,343.6924743652344,373.5006103515625,-13
2022-01-25,335.72515869140625,371.1005583263579,-14
2022-01-26,335.1998291015625,368.3716052827381,-15
2022-01-27,331.8242492675781,365.5685381208147,-16
2022-01-28,342.2332458496094,363.263913109189,-17
2022-01-31,353.17730712890625,361.53602382114957,-18
2022-02-01,355.580078125,360.03836204892116,-19
2022-02-02,358.4693603515625,358.50086611793154,-20
2022-02-03,343.9356689453125,356.5126386369978,-21
2022-02-04,348.2743835449219,355.2952401297433,-22
2022-02-07,345.47265625,353.9569382440476,-23
2022-02-08,349.35418701171875,352.9961780366443,-24
2022-02-09,356.7572326660156,352.37636021205356,1
2022-02-10,348.6828918457031,351.10754249209447,-1
2022-02-11,337.6221008300781,349.2411411830357,-2
2022-02-14,338.0403747558594,347.8435363769531,-3
2022-02-15,346.4454650878906,346.73731486002606,-4
2022-02-16,346.3580017089844,346.0651564825149,1
2022-02-17,336.0558166503906,345.09095691499255,-1
2022-02-18,332.2230529785156,344.1547473725818,-2
2022-02-22,328.88629150390625,343.52427746000745,-3
2022-02-23,320.4618225097656,342.41805594308033,-4
2022-02-24,331.2308349609375,342.20404052734375,-5
2022-02-25,336.36724853515625,342.25963192894346,-6
2022-02-28,337.3691711425781,342.523675827753,-7
2022-03-01,332.20355224609375,342.0460713704427,-8
2022-03-02,337.7778015136719,341.31276157924106,-9
2022-03-03,332.9526672363281,340.23526582263764,-10
2022-03-04,328.1275634765625,338.79041835239957,-11
2022-03-07,316.02581787109375,337.4613778250558,-12
2022-03-08,314.556884765625,335.8557826450893,-13
2022-03-09,325.8803405761719,334.92281523204986,-14
2022-03-10,322.261474609375,333.63268607003346,-15
2022-03-11,315.57830810546875,331.67178490048366,-16
2022-03-14,309.5177307128906,329.80677722749255,-17
2022-03-15,319.22637939453125,328.93079049246654,-18
2022-03-16,331.0653991699219,328.5986487978981,1
2022-03-17,335.0733947753906,328.05712164015995,2
2022-03-18,341.9316711425781,327.8463439941406,3
2022-03-21,340.9809875488281,328.0808759416853,4
2022-03-22,347.68218994140625,328.8170253208705,5
2022-03-23,342.68548583984375,329.474129813058,6
2022-03-24,350.3023681640625,330.89510817754837,7
2022-03-25,350.0100402832031,331.7893560500372,8
2022-03-28,355.425537109375,332.6968936011905,9
2022-03-29,361.5423278808594,333.8479963030134,10
2022-03-30,357.5489196777344,335.05491856166293,11
2022-03-31,353.1172180175781,335.78536696661087,12
2022-04-01,352.44512939453125,336.7135794503348,13
2022-04-04,359.7014465332031,338.2170976911272,14
2022-04-05,351.7145690917969,339.91656203497024,15
2022-04-06,344.0783386230469,341.32234555199034,16
2022-04-07,344.89654541015625,342.2278791155134,17
2022-04-08,340.0751647949219,343.0761500767299,-1
2022-04-11,332.02996826171875,343.8595624651228,-2
2022-04-12,330.6272888183594,344.86477951776413,-3
2022-04-13,337.3480224609375,345.7277149018787,-4
2022-04-14,329.6337890625,345.6595429920015,-5
2022-04-18,329.88702392578125,345.4125729515439,-6
2022-04-19,337.2603454589844,345.1901288713728,-7
2022-04-20,332.34161376953125,344.7787301199777,-8
2022-04-21,325.4651184082031,343.7207743326823,-9
2022-04-22,316.94244384765625,342.49491519019716,-10
2022-04-25,321.0138244628906,341.1002226329985,-11
2022-04-26,308.897216796875,339.14246913364957,-12
2022-04-27,308.5271301269531,336.90921165829616,-13
2022-04-28,319.48468017578125,334.9064665294829,-14
2022-04-29,305.1083068847656,332.40929449172245,-15
2022-05-02,310.202392578125,330.365731375558,-16
2022-05-03,310.53350830078125,328.36993989490327,-17
2022-05-04,321.0332946777344,326.52859933035717,-18
2022-05-05,304.8647766113281,324.2976568312872,-19
2022-05-06,301.2122497558594,322.25641450427827,-20
2022-05-09,289.4267578125,319.614996047247,-21
2022-05-10,292.9429626464844,317.37060546875,-22
2022-05-11,284.25482177734375,315.09559849330356,-23
2022-05-12,283.5826721191406,312.85537865048366,-24
2022-05-13,294.0921936035156,310.79557727632067,-25
2022-05-16,290.68328857421875,308.94079153878346,-26
2022-05-17,298.2123107910156,307.4324718656994,-27
2022-05-18,283.57293701171875,304.8759286063058,-28
2022-05-19,282.053466796875,302.4812549409412,-29
2022-05-20,281.1768493652344,300.3722897484189,-30
2022-05-23,285.8521423339844,298.8917992001488,-31
2022-05-24,279.77423095703125,296.9280090332031,-32
2022-05-25,283.6898498535156,295.7276582263765,-33
2022-05-26,291.54998779296875,294.91922287713913,-34
2022-05-27,301.0660705566406,294.04214622860866,1
2022-05-31,300.2674865722656,293.81163097563245,2
2022-06-01,298.0466613769531,293.23278663271947,3
2022-06-02,306.2088928222656,293.026852562314,4
2022-06-03,298.2416076660156,291.9415341331845,5
2022-06-06,299.2350158691406,291.67345028831846,6
2022-06-07,301.8161315917969,291.70220656622024,7
2022-06-08,299.64404296875,292.1887439546131,8
2022-06-09,291.6182861328125,292.1256641206287,-1
2022-06-10,281.33270263671875,291.9865155901228,-2
2022-06-13,268.25177001953125,291.2564726329985,-3
2022-06-14,268.7388000488281,290.0491681780134,-4
2022-06-15,275.4496154785156,289.3237551734561,-5
2022-06-16,264.3362731933594,287.71061052594865,-6
2022-06-17,267.5504455566406,286.9476347423735,-7
2022-06-21,274.3006591796875,286.5784534272693,-8
2022-06-22,273.9006042480469,286.23196556454616,-9
2022-06-23,277.979736328125,285.85708908807663,-10
2022-06-24,287.50433349609375,286.2251892089844,1
2022-06-27,285.39642333984375,286.30645461309524,-1
2022-06-28,276.7012939453125,285.599373953683,-2
2022-06-29,276.95501708984375,284.4512285505022,-3
2022-06-30,273.51995849609375,283.1775367373512,-4
2022-07-01,275.3253479003906,282.09556942894346,-5
2022-07-05,280.03887939453125,280.84937831333707,-6
2022-07-06,281.83447265625,280.0680861700149,1
2022-07-07,287.8654479980469,279.52667817615327,2
2022-07-08,288.22650146484375,278.87955293201264,3
2022-07-11,282.0687561035156,278.04263450985866,4
2022-07-12,279.3362121582031,277.45777384440106,5
2022-07-13,278.760498046875,277.33528791155135,6
2022-07-14,279.7558898925781,277.8831031436012,7
2022-07-15,284.8304138183594,278.6493704659598,8
2022-07-18,282.4200744628906,278.9812970842634,9
2022-07-19,291.1053161621094,280.25601341610866,10
2022-07-20,295.7212219238281,281.59747895740327,11
2022-07-21,299.9664306640625,282.8196585518973,12
2022-07-22,294.70635986328125,283.8104088192894,13
2022-07-25,293.02783203125,284.52698480515255,14
2022-07-26,287.2701110839844,284.5158313569568,15
2022-07-27,299.4100646972656,285.18314761207216,16
2022-07-28,302.3377380371094,286.4039306640625,17
2022-07-29,307.8514404296875,287.87518891834077,18
2022-08-01,307.66607666015625,289.5011945452009,19
2022-08-02,306.7487487792969,290.99754696800596,20
2022-08-03,315.10235595703125,292.667236328125,21
2022-08-04,316.5758361816406,294.3215869721912,22
2022-08-05,313.98974609375,295.5656011672247,23
2022-08-08,312.97479248046875,296.7440912155878,24
2022-08-09,309.4324035644531,298.047122047061,25
2022-08-10,318.06890869140625,299.8915361676897,26
2022-08-11,316.2635803222656,301.6773972284226,27
2022-08-12,322.4214172363281,303.70908900669644,28
2022-08-15,325.0269775390625,305.62321108863466,29
2022-08-16,324.2657470703125,307.61586216517856,30
2022-08-17,320.56719970703125,309.01880900065106,31
2022-08-18,321.338134765625,310.23866199311755,32
2022-08-19,315.0730285644531,310.9580237978981,33
2022-08-22,306.7779541015625,311.5328616187686,-1
2022-08-23,306.5242919921875,312.17555018833707,-2
2022-08-24,307.4123840332031,313.1347060430618,-3
2022-08-25,312.8479919433594,313.7746073404948,-4
2022-08-26,300.0249328613281,313.66447376069567,-5
2022-08-29,297.06793212890625,313.1509733654204,-6
2022-08-30,293.759765625,312.48876807803197,-7
2022-08-31,292.05194091796875,311.78892008463544,-8
2022-09-01,292.1788024902344,310.6973223005022,-9
2022-09-02,288.0508728027344,309.33899071103053,-10
2022-09-06,285.9819641113281,308.0052868071057,-11
2022-09-07,291.75921630859375,306.9950212751116,-12
2022-09-08,293.2718200683594,306.2254696800595,-13
2022-09-09,299.683349609375,305.3499668666295,-14
2022-09-12,303.2453308105469,304.7300502232143,-15
2022-09-13,286.61627197265625,303.0250433058966,-16
2022-09-14,288.89007568359375,301.30423845563615,-17
2022-09-15,284.0790100097656,299.3905843098958,-18
2022-09-16,282.3419189453125,297.57033284505206,-19
2022-09-19,284.54058837890625,295.8180687313988,-20
2022-09-20,282.27252197265625,294.25613984607514,-21
2022-09-21,277.2181396484375,292.8485296340216,-22
2022-09-22,273.8061828613281,291.290524437314,-23
2022-09-23,269.3482360839844,289.4779459635417,-24
2022-09-26,268.233642578125,287.3534531366257,-25
2022-09-27,268.34124755859375,285.84470621744794,-26
2022-09-28,273.67913818359375,284.730954124814,-27
2022-09-29,265.7896423339844,283.39904349190846,-28
2022-09-30,261.2827453613281,281.933843703497,-29
2022-10-03,267.4124755859375,280.7544948032924,-30
2022-10-04,275.8200988769531,280.17207699730284,-31
2022-10-05,275.6734619140625,279.6811959402902,-32
2022-10-06,273.5032043457031,278.8118620372954,-33
2022-10-07,263.08160400390625,277.37423270089283,-34
2022-10-10,260.4517517089844,275.50606137230284,-35
2022-10-11,256.8735656738281,273.2978820800781,-36
2022-10-12,256.7856140136719,271.87737455822173,-37
2022-10-13,262.8077697753906,270.6353599911644,-38
2022-10-14,254.90850830078125,269.2462884812128,-39
2022-10-17,263.325927734375,268.34076509021577,-40
2022-10-18,265.4083251953125,267.42970493861606,-41
2022-10-19,264.4404296875,266.580557686942,-42
2022-10-20,263.0912780761719,265.90784999302457,-43
2022-10-21,269.2602233886719,265.6913757324219,1
2022-10-24,272.2224426269531,265.82824271065846,2
2022-10-25,277.8536376953125,266.28633771623885,3
2022-10-26,271.7140808105469,266.4469488234747,4
2022-10-27,266.7672424316406,266.11781093052457,5
2022-10-28,274.93048095703125,266.55308896019346,6
2022-10-31,271.73358154296875,267.05074782598587,7
2022-11-01,268.9571228027344,267.12430245535717,8
2022-11-02,259.7380065917969,266.35848853701634,-1
2022-11-03,254.6641082763672,265.3580431256975,-2
2022-11-04,258.7603454589844,264.65600222633,-3
2022-11-07,261.6053161621094,264.58570280529204,-4
2022-11-08,263.51171875,264.7314155215309,-5
2022-11-09,257.4308166503906,264.7579512823196,-6
2022-11-10,276.4262390136719,265.6932191394624,1
2022-11-11,281.5196838378906,266.58426266624815,2
2022-11-14,279.05609130859375,267.7341475713821,3
2022-11-15,282.91778564453125,268.6670931861514,4
2022-11-16,279.05609130859375,269.3169868105934,5
2022-11-17,278.4401550292969,269.983640398298,6
2022-11-18,278.45001220703125,270.7150086902437,7
2022-11-21,275.58551025390625,271.0162128266834,8
2022-11-22,279.5546875,271.3653673444475,9
2022-11-23,282.36053466796875,271.5799814860026,10
2022-11-25,280.50299072265625,271.99850100562685,11
2022-11-28,276.38714599609375,272.4565916515532,12
2022-11-29,274.2950134277344,272.42633129301527,13
2022-11-30,286.7989501953125,273.14372980026974,14
2022-12-01,287.15087890625,274.0100991385324,15
2022-12-02,286.0071105957031,275.2610088530041,16
2022-12-05,281.2069396972656,276.5249532063802,17
2022-12-06,275.3802185058594,277.3163757324219,-1
2022-12-07,274.25592041015625,277.9187854585193,-2
2022-12-08,277.501708984375,278.58497546968005,-3
2022-12-09,275.73211669921875,279.45646594819567,-4
2022-12-12,279.1930236816406,279.58821759905135,-5
2022-12-13,282.1943359375,279.62034388950894,1
2022-12-14,280.10223388671875,279.670160202753,2
2022-12-15,270.69732666015625,279.0882335844494,-1
2022-12-16,268.11639404296875,278.56729561941967,-2
2022-12-19,264.3483581542969,277.89625767299106,-3
2022-12-20,264.142578125,277.21495128813245,-4
2022-12-21,267.9742736816406,276.8525114513579,-5
2022-12-22,261.418212890625,275.9888698032924,-6
2022-12-23,262.0061950683594,275.0196155366443,-7
2022-12-27,258.30194091796875,273.96242268880206,-8
2022-12-28,254.89158630371094,272.9388246082124,-9
2022-12-29,261.1046447753906,272.3107118152437,-10
2022-12-30,260.9478759765625,271.0797082810175,-11
2023-01-03,259.1838684082031,269.7479458763486,-12
2023-01-04,260.41864013671875,268.52944728306363,-13
2023-01-05,256.34197998046875,267.3454015822638,-14
2023-01-06,263.4173889160156,266.77574303036647,-15
2023-01-09,265.1225891113281,266.340822492327,-16
2023-01-10,267.36669921875,265.8582029796782,1
2023-01-11,271.99212646484375,265.6801082066127,2
2023-01-12,273.4621276855469,265.4072083972749,3
2023-01-13,275.34368896484375,265.0809871128627,4
2023-01-17,275.90228271484375,264.8809894380115,5
2023-01-18,272.31561279296875,264.9580506824312,6
2023-01-19,269.64019775390625,265.0306127639044,7
2023-01-20,277.0194396972656,265.6339975992839,8
2023-01-23,283.1737060546875,266.54024178641185,9
2023-01-24,282.5955505371094,267.2364930652437,10
2023-01-25,281.9683532714844,268.2150711786179,11
2023-01-26,287.4660339355469,269.4274444580078,12
2023-01-27,290.3275146484375,270.9524717785063,13
2023-01-30,284.45745849609375,272.3603704543341,14
2023-01-31,288.72039794921875,273.6754063197545,15
2023-02-01,294.8941955566406,275.2918977283296,16
2023-02-02,305.47796630859375,277.4963785807292,17
2023-02-03,300.0488586425781,279.38353184291293,18
2023-02-06,297.5107421875,281.34394909086683,19
2023-02-07,303.6747741699219,283.2609674362909,20
2023-02-08,298.2751159667969,284.8396591913132,21
2023-02-09,295.6390075683594,286.1859595889137,22
2023-02-10,293.6986389160156,287.21960303896947,23
2023-02-13,298.40252685546875,288.40724109468005,24
2023-02-14,300.6075134277344,289.6102803548177,25
2023-02-15,302.910400390625,290.8963811965216,26
2023-02-16,297.2265625,292.0826168968564,27
2023-02-17,295.1293640136719,293.29638671875,28
2023-02-21,288.1421813964844,293.8260410853795,-1
2023-02-22,288.3577575683594,294.0729006812686,-2
2023-02-23,290.8762512207031,294.4672197614397,-3
2023-02-24,286.0058288574219,294.6594805036272,-4
2023-02-27,288.053955078125,294.6874767485119,-5
2023-02-28,287.68157958984375,294.5614798409598,-6
2023-03-01,285.3688659667969,294.6048801967076,-7
2023-03-02,287.73052978515625,294.55774361746654,-8
2023-03-03,293.6789855957031,294.49987647646947,-9
2023-03-06,294.01220703125,293.9538879394531,1
2023-03-07,290.40594482421875,293.4947015671503,-1
2023-03-08,291.85626220703125,293.2254406156994,-2
2023-03-09,286.79962158203125,292.42186192103793,-3
2023-03-10,282.77191162109375,291.68361409505206,-4
2023-03-13,284.86907958984375,291.1707603817894,-5
2023-03-14,291.4153137207031,291.0620306105841,1
2023-03-15,292.9440002441406,290.8021007719494,2
2023-03-16,300.6662902832031,290.80489966982884,3
2023-03-17,299.245361328125,290.630374000186,4
2023-03-20,300.3072814941406,290.7770749046689,5
2023-03-21,304.5964050292969,291.2278863816034,6
2023-03-22,300.4544982910156,291.8141871861049,7
2023-03-23,304.0173034667969,292.5598798479353,8
2023-03-24,305.13623046875,293.23892647879467,9
2023-03-27,303.0456237792969,294.0503452845982,10
2023-03-28,301.43603515625,294.68758719308033,11
2023-03-29,306.9323425292969,295.60429019019716,12
2023-03-30,309.8376159667969,296.7694687616257,13
2023-03-31,314.9903869628906,298.0675571986607,14
2023-04-03,314.22479248046875,299.0459289550781,15
2023-04-04,313.1648864746094,299.9579613095238,16
2023-04-05,310.0730895996094,300.89449201311385,17
2023-04-06,312.16375732421875,301.8615155901228,18
2023-04-10,311.9870300292969,303.0609159923735,19
2023-04-11,309.9847717285156,304.35676647367933,20
2023-04-12,307.2464294433594,305.422354561942,21
2023-04-13,313.2629699707031,306.4627191452753,22
2023-04-14,312.6741027832031,307.4022478376116,23
2023-04-17,312.9390869140625,307.9866667247954,24
2023-04-18,312.95867919921875,308.63968186151413,25
2023-04-19,312.8114929199219,309.23512050083707,26
2023-04-20,310.4264831542969,309.5127432686942,27
2023-04-21,310.7503662109375,310.0030226934524,28
2023-04-24,310.1025695800781,310.2927972702753,-1
2023-04-25,304.25286865234375,310.250732421875,-2
2023-04-26,306.0980529785156,310.39608619326634,-3
2023-04-27,314.4211730957031,311.0144260951451,1
2023-04-28,316.5902404785156,311.47432599748885,2
2023-05-01,316.2270812988281,311.7785862513951,3
2023-05-02,313.4691162109375,311.70614478701634,4
2023-05-03,311.41778564453125,311.57247779482884,-1
2023-05-04,310.3184814453125,311.43693469819567,-2
2023-05-05,316.9141845703125,311.762701125372,1
2023-05-08,317.6993713378906,312.0263017926897,2
2023-05-09,315.6872253417969,312.20250156947543,3
2023-05-10,319.12249755859375,312.63763137090774,4
2023-05-11,320.1628723144531,313.25270007905505,5
2023-05-12,319.0144958496094,313.5265822637649,6
2023-05-15,320.7419738769531,313.9107666015625,7
2023-05-16,321.10516357421875,314.29962739490327,8
2023-05-17,324.9918518066406,314.87263561430433,9
2023-05-18,331.0279846191406,315.7400875999814,10
2023-05-19,330.2821044921875,316.6855933779762,11
2023-05-22,331.39117431640625,317.66848900204616,12
2023-05-23,327.1902770996094,318.48218936011904,13
2023-05-24,325.51202392578125,319.4945300874256,14
2023-05-25,333.43267822265625,320.79617890857514,15
2023-05-26,341.9519958496094,322.10717046828495,16
2023-05-30,343.5027770996094,323.3887198311942,17
2023-05-31,341.54949951171875,324.59454926990327,18
2023-06-01,345.4952392578125,326.1196027483259,19
2023-06-02,348.0863342285156,327.86572410946803,20
2023-06-05,348.3316650390625,329.6758757091704,21
2023-06-06,348.27276611328125,331.1691414969308,22
2023-06-07,342.36419677734375,332.3436569940476,23
2023-06-08,346.6141052246094,333.8163655598958,24
2023-06-09,347.93914794921875,335.18858700706846,25
2023-06-12,353.8182678222656,336.79122488839283,26
2023-06-13,356.5369567871094,338.5780087425595,27
2023-06-14,359.12811279296875,340.40592011951264,28
2023-06-15,363.4074401855469,342.4203142438616,29
2023-06-16,361.1205749511719,344.14072963169644,30
2023-06-20,360.6036071777344,345.54909261067706,31
2023-06-21,355.6893615722656,346.7589619954427,32
2023-06-22,359.8860778808594,348.11586216517856,33
2023-06-23,356.31842041015625,349.50291660853793,34
2023-06-26,351.54180908203125,350.74243018740697,35
2023-06-27,357.5862731933594,351.8926013764881,36
2023-06-28,358.2840881347656,352.67032005673366,37
2023-06-29,357.56658935546875,353.3400254022507,38
2023-06-30,363.0803527832031,354.3653041294643,39
2023-07-03,363.935302734375,355.243402390253,40
2023-07-05,363.92559814453125,355.9976530529204,41
2023-07-06,361.1539306640625,356.60823713030135,42
2023-07-07,359.9549255371094,357.16453043619794,43
2023-07-10,360.0728454589844,358.00779942103793,44
2023-07-11,361.851806640625,358.733404250372,45
2023-07-12,366.42193603515625,359.61353701636904,46
2023-07-13,372.643310546875,360.50996762230284,47
2023-07-14,372.5647888183594,361.27319771902904,48
2023-07-17,376.04400634765625,362.0787164597284,49
2023-07-18,379.1203308105469,362.82694934663317,50
2023-07-19,379.0317687988281,363.6798633393787,51
2023-07-20,370.2944030761719,364.1413298107329,52
2023-07-21,369.1838073730469,364.78392246791293,53
2023-07-24,369.7734680175781,365.25475056966144,54
2023-07-25,372.27972412109375,366.01481265113466,55
2023-07-26,371.0413818359375,366.94336373465404,56
2023-07-27,370.15679931640625,367.54196021670384,57
2023-07-28,376.89910888671875,368.42838977632067,58
2023-07-31,377.09564208984375,369.3583446684338,59
2023-08-01,376.22088623046875,369.9840843563988,60
2023-08-02,367.96502685546875,370.1759759812128,-1
2023-08-03,367.3753356933594,370.34024919782365,-2
2023-08-04,365.6553955078125,370.55460466657365,-3
2023-08-07,368.75128173828125,370.97347877139134,-4
2023-08-08,365.61602783203125,371.23743983677457,-5
2023-08-09,361.59625244140625,371.2252705891927,-6
2023-08-10,362.2645568847656,371.0273001534598,-7
2023-08-11,359.9549255371094,370.42309134347096,-8
2023-08-14,363.99444580078125,370.01497977120533,-9
2023-08-15,360.1318359375,369.25725737072173,-10
2023-08-16,356.31842041015625,368.1714521135603,-11
2023-08-17,352.4263916015625,366.90452938988096,-12
2023-08-18,351.984130859375,366.0326116652716,-13
2023-08-21,357.65509033203125,365.48362513950894,-14
2023-08-22,357.14398193359375,364.8822210402716,-15
2023-08-23,362.7756042480469,364.4296439034598,-16
2023-08-24,355.0210266113281,363.6667698451451,-17
2023-08-25,357.7729797363281,363.0770641508557,-18
2023-08-28,360.4659729003906,362.2945338657924,-19
2023-08-29,368.3385009765625,361.87752714611236,1
2023-08-30,370.3926696777344,361.59999302455356,2
2023-08-31,371.5032043457031,361.76847766694567,3
2023-09-01,371.11016845703125,361.9463268461682,4
2023-09-05,371.5819091796875,362.2285417829241,5
2023-09-06,368.3089599609375,362.2074788411458,6
2023-09-07,365.67498779296875,362.2102864583333,7
2023-09-08,366.18609619140625,362.42885044642856,8
2023-09-11,370.500732421875,362.82104928152904,9
2023-09-12,366.3924560546875,363.12759835379467,10
2023-09-13,367.78814697265625,363.3082507905506,11
2023-09-14,370.7956237792969,363.81605021158856,12
2023-09-15,364.44647216796875,364.2031002952939,13
2023-09-18,364.826416015625,364.79357764834447,14
2023-09-19,364.0488586425781,365.3680884951637,-1
2023-09-20,358.8027648925781,365.42273966471356,-2
2023-09-21,352.2278747558594,365.1886393229167,-3
2023-09-22,352.2770690917969,364.68870907738096,-4
2023-09-25,353.9502868652344,364.6377214704241,-5
2023-09-26,348.63525390625,364.20259166899183,-6
2023-09-27,349.4522705078125,363.6781296502976,-7
2023-09-28,352.3755187988281,362.9179876418341,-8
2023-09-29,352.6313781738281,362.0722118559338,-9
2023-10-02,355.57440185546875,361.3136974516369,-10
2023-10-03,349.33416748046875,360.27674502418154,-11
2023-10-04,354.08807373046875,359.44370524088544,-12
2023-10-05,353.04473876953125,358.7168375651042,-13
2023-10-06,358.96026611328125,358.3970889136905,1
2023-10-09,360.7909851074219,358.14017886207216,2
2023-10-10,362.7889709472656,357.772952125186,3
2023-10-11,365.3775939941406,357.7246253603981,4
2023-10-12,364.1078186035156,357.54937162853423,5
2023-10-13,359.5310363769531,357.0129627046131,6
2023-10-16,363.5960998535156,356.9724687848772,7
2023-10-17,362.4051513671875,356.85717046828495,8
2023-10-18,357.651123046875,356.5525163922991,9
2023-10-19,354.30462646484375,356.3383193243118,-1
2023-10-20,349.0191650390625,356.1855236235119,-2
2023-10-23,350.0722961425781,356.08053443545384,-3
2023-10-24,353.4778747558594,356.05803862072173,-4
2023-10-25,344.82623291015625,355.8766566685268,-5
2023-10-26,338.2513427734375,355.34327915736606,-6
2023-10-27,339.8753662109375,354.74803379603793,-7
2023-10-30,343.7041931152344,354.3229297456287,-8
2023-10-31,345.3478698730469,353.83595203218005,-9
2023-11-01,351.3420104980469,353.93156360444567,-10
2023-11-02,357.72003173828125,354.1045139857701,1
2023-11-03,361.9228515625,354.5272812616257,2
2023-11-06,363.3992614746094,354.73866199311755,3
2023-11-07,366.8342590332031,355.0264369419643,4
2023-11-08,367.07049560546875,355.2303190685454,5
2023-11-09,364.2456970214844,355.1764192127046,6
2023-11-10,372.43475341796875,355.57293991815476,7
2023-11-13,371.27325439453125,356.13209315708707,8
2023-11-14,379.26544189453125,356.8782523018973,9
2023-11-15,379.5509338378906,357.6947181338356,10
2023-11-16,379.875732421875,358.7530328659784,11
2023-11-17,379.96435546875,359.9749247233073,12
2023-11-20,384.59039306640625,361.6687927246094,13
2023-11-21,382.35614013671875,363.20611862909226,14
2023-11-22,383.9211120605469,364.65579659598217,15
2023-11-24,383.3797607421875,366.49167887369794,16
2023-11-27,383.0450744628906,368.62471371605284,17
2023-11-28,384.0490417480469,370.7282220749628,18
2023-11-29,383.67498779296875,372.63159325009303,19
2023-11-30,382.7104187011719,374.41076224190846,20
2023-12-01,383.802978515625,375.95652262369794,21
2023-12-04,380.2398681640625,377.02889578683033,22
2023-12-05,381.1946716308594,377.9466015043713,23
2023-12-06,378.98992919921875,378.6890142531622,24
2023-12-07,384.2852783203125,379.52001517159596,25
2023-12-08,385.9979248046875,380.4213213239397,26
2023-12-11,389.29510498046875,381.61415027436755,27
2023-12-12,392.39556884765625,382.56466529482884,28
2023-12-13,397.38580322265625,383.80812000093005,29
2023-12-14,397.0412902832031,384.6545889718192,30
2023-12-15,398.96063232421875,385.578860328311,31
2023-12-18,401.4735107421875,386.6073259626116,32
2023-12-19,403.5248718261719,387.72925531296505,33
2023-12-20,397.528564453125,388.3453587123326,34
2023-12-21,402.15399169921875,389.2881135486421,35
2023-12-22,402.755615234375,390.18499465215774,36
2023-12-26,405.2212219238281,391.22506423223587,37
2023-12-27,406.0460510253906,392.32034883045014,38
2023-12-28,405.8487854003906,393.35843186151413,39
2023-12-29,404.09234619140625,394.33068702334447,40
2024-01-02,397.2541809082031,395.0232471284412,41
2024-01-03,393.0506896972656,395.463614327567,-1
2024-01-04,391.0278015136719,395.9773254394531,-2
2024-01-05,391.4915771484375,396.4676542736235,-3
2024-01-08,399.5829162597656,397.4482727050781,1
2024-01-09,400.3722839355469,398.21432059151783,2
2024-01-10,403.08587646484375,399.0280325753348,3
2024-01-11,403.9246520996094,399.7246776762463,4
2024-01-12,404.13177490234375,400.2835446312314,5
2024-01-16,404.09234619140625,400.60290382021947,6
2024-01-17,401.8129577636719,400.8301260811942,7
2024-01-18,407.5163879394531,401.237543015253,8
2024-01-19,415.5977783203125,401.9101271856399,9
2024-01-22,416.1405334472656,402.5108729771205,10
2024-01-23,417.8673400878906,403.4793861025856,11
2024-01-24,420.1861267089844,404.3380591982887,12
2024-01-25,420.69927978515625,405.19251941499255,13
2024-01-26,418.1929626464844,405.8102213541667,14
2024-01-29,422.4754638671875,406.59257434663317,15
2024-01-30,419.66314697265625,407.25040108816967,16
2024-01-31,411.443603515625,407.6004609607515,17
2024-02-01,416.28851318359375,408.5068577357701,18
2024-02-02,423.323974609375,409.9484427315848,19
2024-02-05,422.7714538574219,411.4600452241443,20
2024-02-06,421.9228210449219,412.9091520763579,21
2024-02-07,426.26458740234375,414.17970784505206,22
2024-02-08,427.0539855957031,415.4502650669643,23
2024-02-09,431.2574462890625,416.79176839192706,24
2024-02-12,429.5700988769531,418.0129801432292,25
2024-02-13,422.8701171875,418.905282156808,26
2024-02-14,427.47821044921875,420.0188947405134,27
2024-02-15,428.7511291503906,421.3016648065476,28
2024-02-16,424.8633728027344,422.1277117047991,29
2024-02-20,421.6564025878906,422.41621762230284,-1
2024-02-21,419.9690856933594,422.5985296340216,-2
2024-02-22,432.26397705078125,423.2840837751116,1
2024-02-23,430.99102783203125,423.7986028762091,2
2024-02-26,430.7640380859375,424.27787708100817,3
2024-02-27,431.8001708984375,424.92583937872024,4
2024-02-28,429.5010681152344,425.2603919619606,5
2024-02-29,433.181640625,425.90412975492933,6
2024-03-01,439.7039794921875,427.2498619442894,7
2024-03-04,438.13507080078125,428.29017421177457,8
2024-03-05,430.2707214355469,428.6209716796875,9
2024-03-06,432.97442626953125,429.1068275088356,10
2024-03-07,439.546142578125,429.94603329613096,11
2024-03-08,433.20135498046875,430.27635556175596,12
2024-03-11,431.593017578125,430.4924999418713,13
2024-03-12,437.77984619140625,430.80309041341144,14
2024-03-13,434.4150695800781,431.03380330403644,15
2024-03-14,433.31982421875,431.53140840076264,16
2024-03-15,428.1689453125,431.5643005371094,-1
2024-03-18,432.2525329589844,431.73103405180433,1
2024-03-19,433.3295593261719,432.1341857910156,2
2024-03-20,438.4674072265625,432.93470982142856,3
2024-03-21,440.5423278808594,433.9143880208333,4
2024-03-22,441.0462951660156,434.3325936453683,5
2024-03-25,439.4455871582031,434.7351917085193,6
2024-03-26,438.0227966308594,435.08084687732514,7
2024-03-27,439.5147399902344,435.44820731026783,8
2024-03-28,438.70452880859375,435.88646734328495,9
2024-04-01,439.6333312988281,436.19369070870533,10
2024-04-02,435.83917236328125,436.0096522739955,-1
2024-04-03,436.8173828125,435.9469052269345,1
2024-04-04,430.1381530761719,435.9405924479167,-1
2024-04-05,435.20684814453125,436.0468982514881,-2
2024-04-08,435.3353271484375,435.8463832310268,-3
2024-04-09,436.94580078125,436.02469017392116,1
2024-04-10,433.1319580078125,436.0979730515253,-1
2024-04-11,440.04827880859375,436.20599365234375,1
2024-04-12,433.0331726074219,436.1401890345982,-1
2024-04-15,425.9092712402344,435.7873055594308,-2
2024-04-16,425.9487609863281,435.68158249627976,-3
2024-04-17,420.7516784667969,435.13392275855654,-4
2024-04-18,418.3507080078125,434.42064412434894,-5
2024-04-19,409.6954040527344,433.05054873511904,-6
2024-04-22,413.8155517578125,431.77784511021207,-7
2024-04-23,419.9908447265625,430.77520461309524,-8
2024-04-24,421.4136657714844,429.9165416899182,-9
2024-04-25,419.37823486328125,429.0287054152716,-10
2024-04-26,425.8499450683594,428.3780008951823,-11
2024-04-29,427.5791320800781,427.8482200985863,-12
2024-04-30,419.5166320800781,426.8902820405506,-13
2024-05-01,416.4832763671875,425.96857270740327,-14
2024-05-02,421.7989807128906,425.25341070265995,-15
2024-05-03,430.2764587402344,425.25999668666293,1
2024-05-06,434.9894714355469,425.24964541480654,2
2024-05-07,435.0586242675781,425.2364690871466,3
2024-05-08,434.8017272949219,425.1343703497024,4
2024-05-09,435.7502746582031,425.2590520949591,5
2024-05-10,436.77789306640625,425.1033194405692,6
2024-05-13,437.78564453125,425.3296276274182,7
2024-05-14,440.6015930175781,426.02926199776783,8
2024-05-15,447.48834228515625,427.0549563453311,9
2024-05-16,446.5793762207031,428.2848467145647,10
2024-05-17,446.3619384765625,429.6187148321243,11
2024-05-20,449.4742736816406,431.51294671921505,12
2024-05-21,450.3536682128906,433.2528570265997,13
2024-05-22,450.2647399902344,434.69447108677457,14
2024-05-23,448.23931884765625,435.9718831380208,15
2024-05-24,452.47796630859375,437.54806082589283,16
2024-05-28,454.18731689453125,438.89745948428197,17
2024-05-29,450.98602294921875,440.01207333519346,18
2024-05-30,446.1544189453125,441.2805393763951,19
2024-05-31,445.324462890625,442.65392921084447,20
2024-06-03,447.715576171875,443.8880528041295,21
2024-06-04,448.94073486328125,444.7768278576079,22
2024-06-05,457.9913635253906,445.87215605236236,23
2024-06-06,457.8331604003906,446.95665777297245,24
2024-06-07,457.4281005859375,448.0341041201637,25
2024-06-10,459.2757263183594,449.15436372302827,26
2024-06-11,462.4276428222656,450.3757803780692,27
2024-06-12,468.4844055175781,451.83762613932294,28
2024-06-13,471.023681640625,453.28629702613466,29
2024-06-14,473.46417236328125,454.5232413155692,30
2024-06-17,479.2640686035156,456.0796552385603,31
2024-06-18,479.4122619628906,457.6534801664807,32
2024-06-20,475.7168884277344,458.9031284877232,33
2024-06-21,474.4423522949219,460.0502086821057,34
2024-06-24,469.041015625,460.9443170456659,35
2024-06-25,474.40478515625,462.1902916317894,36
2024-06-26,475.384521484375,463.2810799734933,37
2024-06-27,476.61163330078125,464.3489045642671,38
2024-06-28,474.1375427246094,465.45135788690476,39
2024-07-01,476.91839599609375,466.9163091750372,40
2024-07-02,481.9259033203125,468.65923490978423,41
2024-07-03,485.9437255859375,470.4796229771205,42
2024-07-05,491.0105895996094,472.48294939313615,43
2024-07-08,492.1783447265625,474.11090087890625,44
2024-07-09,492.6039123535156,475.7666509719122,45
2024-07-10,497.7400207519531,477.68626621791293,46
2024-07-11,486.8244934082031,478.9981122698103,47
2024-07-12,489.6844787597656,480.29605683826264,48
2024-07-15,491.0007019042969,481.3682614281064,49
2024-07-16,491.1887512207031,482.32850283668154,50
2024-07-17,476.76995849609375,482.4859212239583,-1
2024-07-18,474.5136413574219,482.25971040271577,-2
2024-07-19,470.3077087402344,481.82616024925596,-3
2024-07-22,477.3142395019531,481.9022245861235,-4
2024-07-23,475.6318664550781,481.9588681175595,-5
2024-07-24,458.5708312988281,481.46028791155135,-6
2024-07-25,453.51385498046875,480.4654817127046,-7
2024-07-26,458.1650390625,479.64550635928197,-8
2024-07-29,459.08538818359375,478.81092325846356,-9
2024-07-30,452.78155517578125,477.7939714704241,-10
2024-07-31,466.1810302734375,477.2826683407738,-11
2024-08-01,454.8894348144531,475.9952174595424,-12
2024-08-02,444.0926818847656,474.0023106166295,-13
2024-08-05,430.85150146484375,471.1375921340216,-14
2024-08-06,434.9684143066406,468.41330973307294,-15
2024-08-07,430.2577209472656,465.44444347563245,-16
2024-08-08,443.41973876953125,462.8577633812314,-17
2024-08-09,445.73541259765625,460.90114048549106,-18
2024-08-12,446.6953430175781,458.85403878348217,-19
2024-08-13,457.77911376953125,457.27205839611236,1
2024-08-14,457.9275817871094,455.68819318498885,2
2024-08-15,469.4962463378906,455.3418259393601,3
2024-08-16,470.0999450683594,455.13164992559524,4
2024-08-19,476.275146484375,455.41581362769716,5
2024-08-20,475.275634765625,455.31873721168154,6
2024-08-21,477.4923400878906,455.40733119419644,7
2024-08-22,469.9217529296875,455.9478512718564,8
2024-08-23,475.018310546875,456.9718729654948,9
2024-08-26,470.40667724609375,457.55480811709447,10
2024-08-27,471.8119812011719,458.1608363560268,11
2024-08-28,466.45806884765625,458.81209891183033,12
2024-08-29,465.7752685546875,458.7927769252232,13
2024-08-30,471.3270263671875,459.57551938011534,14
2024-09-03,457.0171203613281,460.1909688313802,-1
2024-09-04,455.82952880859375,461.3803987048921,-2
2024-09-05,456.25506591796875,462.394048781622,-3
2024-09-06,444.0332336425781,463.0500255766369,-4
2024-09-09,449.7434387207031,463.35115414574034,-5
2024-09-10,453.8997802734375,463.7399335588728,-6
2024-09-11,463.7564697265625,464.5523681640625,-7
2024-09-12,468.3086853027344,465.0537763323103,1
2024-09-13,470.40667724609375,465.6480189732143,2
2024-09-16,468.3284606933594,465.5924101329985,3
2024-09-17,468.5758361816406,465.51983351934524,4
2024-09-18,466.5472106933594,465.05659848167784,5
2024-09-19,478.34344482421875,465.2026846749442,6
2024-09-20,477.4330139160156,465.1998596191406,7
2024-09-23,478.69854736328125,465.61780221121654,8
2024-09-24,481.0075988769531,465.9030064174107,9
2024-09-25,481.45355224609375,466.4290480840774,10
2024-09-26,485.07073974609375,467.06041753859745,11
2024-09-27,482.3752136230469,467.81837681361606,12
2024-09-30,483.68328857421875,468.671139671689,13
2024-10-01,476.94439697265625,468.93863351004467,14
2024-10-02,477.61834716796875,469.91964431036087,15
2024-10-03,477.2615661621094,470.94021751767116,16
2024-10-04,482.9400634765625,472.210931687128,17
2024-10-07,477.7669677734375,473.81729997907365,18
2024-10-08,484.90228271484375,475.4915306454613,19
2024-10-09,488.7176513671875,477.14952450706846,20
2024-10-10,488.1626892089844,478.31172543480284,21
2024-10-11,488.9257507324219,479.29349045526413,22
2024-10-14,493.028564453125,480.37072317940846,23
2024-10-15,486.4383239746094,481.2330976213728,24
2024-10-16,486.4977722167969,482.0865231468564,25
2024-10-17,486.8346862792969,483.0525934128534,26
2024-10-18,490.02581787109375,483.60889689127606,27
2024-10-21,490.96722412109375,484.25338309151783,28
2024-10-22,491.50238037109375,484.8630894252232,29
2024-10-23,483.9706726074219,485.0041881742932,-1
2024-10-24,487.8951110839844,485.3109290713356,1
2024-10-25,490.8681640625,485.58699689592635,2
2024-10-28,490.9474182128906,485.99519711449034,3
2024-10-29,495.6646423339844,486.56573776971726,4
2024-10-30,491.9186706542969,487.27879842122394,5
2024-10-31,479.5012512207031,487.3684605189732,-1
2024-11-01,483.0490417480469,487.64405459449404,-2
2024-11-04,481.6418151855469,487.58223324730284,-3
2024-11-05,487.7861022949219,488.059334891183,-4
2024-11-06,501.03594970703125,488.82760474795384,1
2024-11-07,508.9244384765625,489.7898327055432,2
2024-11-08,509.51898193359375,490.80679902576264,3
2024-11-11,509.22174072265625,491.7732747395833,4
2024-11-12,508.300048828125,492.50048828125,5
2024-11-13,507.64599609375,493.51037742978053,6
2024-11-14,504.1180419921875,494.3494378952753,7
2024-11-15,492.1069641113281,494.60049874441967,-1
2024-11-18,495.5259094238281,494.8624078659784,1
2024-11-19,498.9349670410156,495.2418241954985,2
2024-11-20,498.6476135253906,495.58207339332216,3
2024-11-21,500.44134521484375,496.36639113653274,4
2024-11-22,501.2440490722656,497.00205485026044,5
2024-11-25,502.036865234375,497.5338977632068,6
2024-11-26,504.7323303222656,498.19032214936755,7
2024-11-27,500.7584533691406,498.4328845796131,8
2024-11-29,505.1585388183594,499.0633544921875,9
2024-12-02,510.65869140625,500.54704212007067,10
2024-12-03,512.224365234375,501.93634323846726,11
2024-12-04,518.55712890625,503.69421532040553,12
2024-12-05,517.1199951171875,505.091067359561,13
2024-12-06,521.748046875,506.07735770089283,14
2024-12-09,517.6849365234375,506.49452427455356,15
2024-12-10,515.9208984375,506.79937744140625,16
2024-12-11,525.1571044921875,507.5582042875744,17
2024-12-12,521.7679443359375,508.1995326450893,18
2024-12-13,525.7617797851562,509.06218901134673,19
2024-12-16,533.3329467773438,510.453374953497,20
2024-12-17,530.984375,512.30468023391,21
2024-12-18,511.8280334472656,513.0809718540737,-1
2024-12-19,509.5487060546875,513.5863879975818,-2
2024-12-20,513.9983520507812,514.31737554641,-3
2024-12-23,519.0060424804688,515.201408749535,1
2024-12-24,526.0438232421875,516.3823503766741,2
2024-12-26,525.686279296875,517.5085129510788,3
2024-12-27,518.6983642578125,518.173562186105,4
2024-12-30,511.7996826171875,518.6993350074405,-1
2024-12-31,507.4521179199219,518.8085530598959,-2
2025-01-02,506.45953369140625,518.6085931687128,-3
2025-01-03,514.747802734375,518.7287568591889,-4
2025-01-06,520.6637573242188,518.8290724981399,1
2025-01-07,511.37286376953125,518.5553995768229,-1
2025-01-08,511.4622802734375,518.0656011672247,-2
2025-01-10,503.4419860839844,517.3873654320126,-3
2025-01-13,501.82403564453125,516.716086251395,-4
2025-01-14,501.3475036621094,515.5822957356771,-5
2025-01-15,512.8817138671875,515.1591419038318,-6
2025-01-16,509.2884216308594,514.3746962774368,-7
2025-01-17,517.8844604492188,513.6390540713355,1
2025-01-21,520.9218139648438,513.1598844982329,2
2025-01-22,527.582275390625,513.9100864955357,3
2025-01-23,528.7039794921875,514.8222423735119,4
2025-01-24,525.7161254882812,515.3802315848214,5
2025-01-27,510.41009521484375,514.9709007626489,-1
2025-01-28,517.953857421875,514.5856642950149,1
2025-01-29,516.9812622070312,514.1711396716889,2
2025-01-30,519.1847534179688,514.1943010602679,3
2025-01-31,518.4303588867188,514.5100475492932,4
2025-02-03,514.28125,514.8352443150112,-1
2025-02-04,520.59423828125,515.5083254859561,1
2025-02-05,522.9566650390625,515.8992236909412,2
2025-02-06,525.686279296875,516.1383914039249,3
2025-02-07,519.0557250976562,516.5042419433594,4
2025-02-10,525.3389282226562,517.165034702846,5
2025-02-11,524.0883178710938,518.148193359375,6
2025-02-12,524.3959350585938,519.2230457124256,7
2025-02-13,531.9397583007812,520.6798197428385,8
2025-02-14,534.1732177734375,521.6937008812314,9
2025-02-18,535.3841552734375,522.9363548642114,10
2025-02-19,535.5331420898438,523.7767682756696,11
2025-02-20,533.260009765625,524.3643014090402,12
2025-02-21,522.1923828125,524.1076398577009,-1
2025-02-24,516.0281982421875,523.5040312267486,-2
2025-02-25,509.5266418457031,522.7331034342448,-3
2025-02-26,510.7574768066406,522.7496454148065,-4
2025-02-27,496.5730895996094,521.7315136137463,-5
2025-02-28,504.41473388671875,521.1331075032552,-6
2025-03-03,493.3768310546875,519.9041588192895,-7
2025-03-04,491.8879699707031,518.6402355375744,-8
2025-03-05,498.3002624511719,517.8792361304874,-9
2025-03-06,484.5923156738281,516.1648588634673,-10
2025-03-07,488.15576171875,514.5076729910714,-11
2025-03-10,469.2366638183594,511.8195960635231,-12
2025-03-11,468.1149597167969,509.3938453311012,-13
2025-03-12,473.3956604003906,506.9203563871838,-14
2025-03-13,464.8790588378906,504.1008678617932,-15
2025-03-14,476.1154479980469,501.80179704938615,-16
2025-03-17,479.202392578125,499.29049391973587,-17
2025-03-18,471.0332336425781,496.28382800874255,-18
2025-03-19,477.3363342285156,493.51964605422245,-19
2025-03-20,475.7183532714844,490.67132277715774,-20
2025-03-21,477.28668212890625,488.00592622302827,-21
2025-03-24,487.76043701171875,486.3663097563244,1
2025-03-25,490.5438537597656,485.1527695428757,2
2025-03-26,481.51751708984375,483.81900169735866,-1
2025-03-27,478.7738342285156,482.2959710984003,-2
2025-03-28,466.1687927246094,480.848147437686,-3
2025-03-31,466.1488952636719,479.02596464611236,-4
2025-04-01,469.9065856933594,477.9083339146205,-5
2025-04-02,473.3361511230469,477.02491396949404,-6
2025-04-03,447.9967956542969,474.6295107886905,-7
2025-04-04,420.1722412109375,471.56188819521947,-8
2025-04-07,421.18621826171875,468.3728623163132,-9
2025-04-08,413.60125732421875,465.7235572451637,-10
2025-04-09,463.24615478515625,465.49170939127606,-11
2025-04-10,443.5432434082031,464.0701657249814,-12
2025-04-11,451.7147216796875,463.44329252697173,-13
2025-04-14,454.7764892578125,462.4271516345796,-14
2025-04-15,455.283447265625,461.2881542387463,-15
2025-04-16,441.5550842285156,459.88443283807663,-16
2025-04-17,441.4755859375,458.17677815755206,-17
2025-04-21,430.55047607421875,456.0259268624442,-18
2025-04-22,441.8533630371094,454.338625953311,-19
2025-04-23,451.8737487792969,452.6297360374814,-20
2025-04-24,464.5881652832031,451.3937508719308,1
2025-04-25,469.76739501953125,450.83422124953495,2
2025-04-28,469.6182861328125,450.3982427687872,3
2025-04-29,472.7198181152344,450.710196358817,4
2025-04-30,472.66015625,451.02025640578495,5
2025-05-01,478.8334655761719,451.44534592401413,6
2025-05-02,485.9411926269531,452.0455859956287,7
2025-05-05,483.0583801269531,453.7151852562314,8
2025-05-06,478.56512451171875,456.4957987467448,9
2025-05-07,480.4438781738281,459.31759207589283,10
2025-05-08,485.4044189453125,462.7367902483259,11
2025-05-09,485.0863342285156,463.7767987932478,12
2025-05-12,504.84881591796875,466.69611176990327,13
2025-05-13,512.5431518554688,469.5927036830357,14
2025-05-14,515.6148071289062,472.48976643880206,15
2025-05-15,516.1814575195312,475.3896716889881,16
2025-05-16,518.4281616210938,479.05029442196803,17
2025-05-19,518.9251708984375,482.73836989629837,18
2025-05-20,517.1954956054688,486.8643232073103,19
2025-05-21,510.00811767578125,490.1097877139137,20
2025-05-22,510.9624938964844,492.9235374813988,21
2025-05-23,506.2306213378906,494.90651157924106,22
2025-05-27,518.1398315429688,497.2099609375,23
2025-05-28,515.8433837890625,499.4111560639881,24
2025-05-29,516.857421875,501.51294671921505,25
2025-05-30,516.0422973632812,503.5787629627046,26
2025-06-02,520.1181030273438,505.54469807942706,27
2025-06-03,524.183837890625,507.3657764253162,28
2025-06-04,525.6452026367188,509.3937203543527,29
2025-06-05,521.6886596679688,511.4472220284598,30
2025-06-06,526.788330078125,513.6541006905692,31
2025-06-09,527.5638427734375,515.6616923014323,32
2025-06-10,531.0530395507812,517.8505830310639,33
2025-06-11,529.263671875,519.013195219494,34
2025-06-12,530.5062255859375,519.8685796828497,35
2025-06-13,523.8458862304688,520.2605358305432,36
2025-06-16,531.132568359375,520.9724934895834,37
2025-06-17,525.953369140625,521.3308367047991,38
2025-06-18,525.8638916015625,521.6612519763764,39
2025-06-20,523.7166748046875,521.9717843191964,40
2025-06-23,529.1017456054688,522.8810046968006,41
2025-06-24,537.1928100585938,524.1300673711868,42
2025-06-25,538.5661010742188,525.6698521205357,43
2025-06-26,543.6018676757812,526.882330031622,44
2025-06-27,545.4629516601562,528.2927856445312,45
2025-06-30,548.9959106445312,529.8231898716518,46
2025-07-01,544.3682250976562,531.1720435732886,47
2025-07-02,548.159912109375,532.5073678152902,48
2025-07-03,553.5538940429688,533.9059419177827,49
2025-07-07,549.3840942382812,535.036365327381,50
2025-07-08,549.692626953125,536.3698875790551,51
2025-07-09,553.5838623046875,537.6458653041294,52
2025-07-10,552.7876586914062,538.8469993954614,53
2025-07-11,551.5436401367188,539.822742280506,54
2025-07-14,553.5440673828125,540.9789515904018,55
2025-07-15,554.051513671875,542.1001557849702,56
2025-07-16,554.6187744140625,543.5655314127604,57
2025-07-17,559.107177734375,544.8976556687128,58
2025-07-18,558.56982421875,546.4508201962426,59
2025-07-21,561.4658813476562,548.1461530412946,60
2025-07-22,558.5598754882812,549.8053530738467,61
2025-07-23,561.1076049804688,551.3294416155134,62
2025-07-24,562.3018188476562,552.5251087007068,63
2025-07-25,563.6552734375,553.7198311941964,64
2025-07-28,565.4168701171875,554.7586408342634,65
2025-07-29,564.5410766601562,555.6671229771206,66
2025-07-30,565.2974243164062,556.4433855329241,67
2025-07-31,562.3018188476562,557.2973661876861,68
2025-08-01,551.2252197265625,557.4433332170759,-1
2025-08-04,561.3961791992188,557.8167753673736,1
2025-08-05,557.5845947265625,558.207275390625,-1
2025-08-06,564.6007690429688,558.9171869187128,1
2025-08-07,566.5115356445312,559.5327904110864,2
2025-08-08,571.796142578125,560.4379563104538,3
2025-08-11,570.104248046875,561.321794782366,4
2025-08-12,577.2696533203125,562.4515845889136,5
2025-08-13,577.558349609375,563.5709577287946,6
2025-08-14,577.110595703125,564.6419968377976,7
2025-08-15,574.57275390625,565.3784528459821,8
2025-08-18,574.3438110351562,566.1295950753348,9
2025-08-19,566.5513305664062,566.3717593238467,10
2025-08-20,563.1876220703125,566.5921282087054,-1
2025-08-21,560.5802001953125,566.5670136951264,-2
2025-08-22,569.2284545898438,566.8968534923736,1
2025-08-25,567.58642578125,567.0840512230283,2
2025-08-26,569.8654174804688,567.295886811756,3
2025-08-27,570.7412719726562,567.5911342075893,4
2025-08-28,574.3140258789062,568.020496186756,5
2025-08-29,567.666015625,568.2759341285342,-1
2025-09-02,562.9089965820312,568.8323044549851,-2
2025-09-03,567.3375854492188,569.115228562128,-3
2025-09-04,572.472900390625,569.8241954985119,1
2025-09-05,573.2988891601562,570.2383916945685,2
2025-09-08,576.0953979492188,570.6947660900298,3
2025-09-09,577.7276000976562,570.9772164481027,4
2025-09-10,577.9166870117188,571.3492373511905,5
2025-09-11,581.2803955078125,571.5402250744048,6
2025-09-12,583.8480224609375,571.8397333054315,7
2025-09-15,588.843994140625,572.3984665643601,8
2025-09-16,588.346435546875,573.0543561662946,9
2025-09-17,587.1720581054688,573.6652250744048,10
2025-09-18,592.4666137695312,574.8992861793155,11
2025-09-19,596.4771728515625,576.4845028831845,12
2025-09-22,600.0083618164062,578.3620343889509,13
2025-09-23,596.02294921875,579.6379627046131,14
2025-09-24,593.9305419921875,580.8924444289435,15
2025-09-25,591.3699340820312,581.9164690290179,16
2025-09-26,593.801025390625,583.0145525251116,17
2025-09-29,596.5509643554688,584.0734543573288,18
2025-09-30,598.18505859375,585.5267421177456,19
2025-10-01,601.0545043945312,587.3431948707217,20
2025-10-02,603.5254516601562,589.0664265950521,21
2025-10-03,600.9848022460938,590.4241362072173,22
2025-10-06,605.498291015625,591.9574410574777,23
2025-10-07,602.3099365234375,593.2057524181548,24
2025-10-08,609.2147827148438,594.7051420665923,25
2025-10-09,608.4774169921875,596.1604149228051,26
2025-10-10,587.3546142578125,596.4496634347098,-1
2025-10-13,599.8190307617188,597.210187639509,1
2025-10-14,595.8236083984375,597.5425502232143,-1
2025-10-15,600.0281982421875,598.0988246372768,1
2025-10-16,597.8063354492188,598.605218796503,-1
2025-10-17,601.7320556640625,599.0464303152902,1
2025-10-20,609.3142700195312,599.657720656622,2
2025-10-21,609.1549682617188,600.093273344494,3
2025-10-22,603.286376953125,600.4391508556548,4
2025-10-23,608.3578491210938,601.1261654808408,5
2025-10-24,614.8540649414062,602.2444574265253,6
2025-10-27,625.8041381835938,603.7684151785714,7
2025-10-28,630.6165771484375,605.3905872163318,8
2025-10-29,633.4562377929688,607.0701671781994,9
2025-10-30,623.7715454101562,608.1519310360864,10
2025-10-31,626.7805786132812,609.2593180338541,11
2025-11-03,629.7796020507812,610.6304989769345,12
2025-11-04,616.996337890625,611.1780250186011,13
2025-11-05,621.01171875,612.068586077009,14
2025-11-06,609.4439086914062,612.0794968377976,-1
2025-11-07,607.5209350585938,612.0339500790551,-2
2025-11-10,620.9618530273438,613.634294782366,1
2025-11-11,619.307861328125,614.5623343331473,2
2025-11-12,618.8196411132812,615.6573835100446,3
2025-11-13,606.1858520507812,615.9506051199777,-1
2025-11-14,606.6441040039062,616.3714512416294,-2
2025-11-17,601.4630737304688,616.358642578125,-3
2025-11-18,594.1397705078125,615.6360473632812,-4
2025-11-19,597.6868896484375,615.0899483816964,-5
2025-11-20,583.5385131835938,614.1495739164807,-6
2025-11-21,587.9224853515625,613.1764613560268,-7
2025-11-24,602.9575805664062,612.6099621000744,-8
2025-11-25,606.6740112304688,611.6990036737351,-9
2025-11-26,612.034423828125,610.8141392299107,1
2025-11-28,616.996337890625,610.0303344726562,2
2025-12-01,614.923828125,609.6090146019345,3
2025-12-02,619.736328125,609.2735741024926,4
2025-12-03,621.2507934570312,608.8674403599331,5
2025-12-04,620.6729125976562,609.0425153459821,6
2025-12-05,623.20361328125,609.1468912760416,7
2025-12-08,622.008056640625,609.7451840355283,8
2025-12-09,622.7752075195312,610.4715779622396,9
2025-12-10,625.3258666992188,610.6793881370908,10
2025-12-11,623.3032836914062,610.869646344866,11
2025-12-12,611.3868408203125,610.5157034737723,12
2025-12-15,608.3179931640625,610.6172340029761,-1
2025-12-16,609.5235595703125,610.7543509347098,-2
2025-12-17,598.224853515625,610.6001499720982,-3
2025-12-18,606.8932495117188,611.2074584960938,-4
2025-12-19,614.8042602539062,612.0225713820685,1
2025-12-22,617.7513427734375,613.6517537434896,2
2025-12-23,620.6444702148438,615.209943498884,3
2025-12-24,622.4602661132812,616.1386428106399,4
2025-12-26,622.4202880859375,616.8884655180432,5
2025-12-29,619.4074096679688,617.2395600818452,6
2025-12-30,617.9707641601562,617.2859613327753,7
2025-12-31,612.8628540039062,617.1878197079614,-1
2026-01-02,611.6757202148438,616.8039812360491,-2
2026-01-05,616.5341796875,616.5793805803571,-3
2026-01-06,621.951416015625,616.6402616954986,1
2026-01-07,622.550048828125,616.6091395786831,2
2026-01-08,619.0083618164062,616.466296968006,3
2026-01-09,625.173828125,616.5805169968378,4
2026-01-12,625.6925659179688,616.5979788643973,5
2026-01-13,624.7647705078125,616.6675734747024,6
2026-01-14,618.0905151367188,616.9867960611979,7
2026-01-15,620.3153076171875,617.5580967494419,8
2026-01-16,619.7965087890625,618.0472848074777,9
2026-01-20,606.6276245117188,618.4474167596726,-1
2026-01-21,614.8282470703125,618.8252737862723,-2
2026-01-22,619.2976684570312,619.0392456054688,1
2026-01-23,621.2530517578125,619.2059936523438,2
2026-01-26,623.9866333007812,619.3651442754837,3
2026-01-27,629.6432495117188,619.7071911039807,4
2026-01-28,631.7283325195312,620.1504313151041,5
2026-01-29,627.947265625,620.5570911225818,6
2026-01-30,620.4050903320312,620.6730114164807,-1
2026-02-02,624.6650390625,621.2350202287946,1
2026-02-03,615.0676879882812,621.3965425037202,-1
2026-02-04,604.3230590820312,620.8150605701264,-2
2026-02-05,595.6236572265625,619.5613577706473,-3
2026-02-06,608.2138671875,618.8786824544271,-4
2026-02-09,612.8728637695312,618.5865158807663,-5
2026-02-10,610.029541015625,617.8653593517486,-6
2026-02-11,611.6657104492188,617.1974138532366,-7
2026-02-12,599.22509765625,615.9812389555432,-8
2026-02-13,600.5020751953125,615.1436941964286,-9
2026-02-17,599.8834838867188,614.1707502092634,-10
2026-02-18,604.3629150390625,613.4358171735491,-11
2026-02-19,602.0484008789062,613.2177589053199,-12
2026-02-20,607.3758544921875,612.8628830682663,-13
2026-02-23,599.9932250976562,611.9436238606771,-14
2026-02-24,606.4380493164062,611.2381475539435,-15
2026-02-25,615.227294921875,610.8210362025669,1
2026-02-26,607.8048095703125,609.7811104910714,-1
2026-02-27,605.859375,608.5492553710938,-2
2026-03-02,606.6575317382812,607.5354585193452,-3
2026-03-03,600.1629028320312,606.571544828869,-4
2026-03-04,609.311279296875,605.8404134114584,1
2026-03-05,607.4755249023438,605.4788818359375,2
2026-03-06,598.337158203125,605.1938389369419,-1
2026-03-09,606.3283081054688,605.7035842168899,1
2026-03-10,606.3383178710938,605.6142723446801,2
2026-03-11,606.2584838867188,605.2993018740699,3
2026-03-12,595.8530883789062,604.6242327008929,-1
2026-03-13,592.3213500976562,603.7030726841518,-2
2026-03-16,598.9656982421875,603.6907203311011,-3
2026-03-17,601.8887939453125,603.7567545572916,-4
2026-03-18,593.4986572265625,603.4527151925223,-5
2026-03-19,591.623046875,602.8460548037574,-6
2026-03-20,580.6888427734375,601.8289329892114,-7
2026-03-23,587.3545532226562,600.8755376906622,-8
2026-03-24,583.3389282226562,600.0824759347098,-9
2026-03-25,587.1747436523438,599.1651756649926,-10
2026-03-26,573.1600952148438,597.1619756789435,-11
2026-03-27,561.9624633789062,594.9790068126861,-12
2026-03-30,557.6671752929688,592.6841401599702,-13
2026-03-31,576.54638671875,591.2502761114212,-14
2026-04-01,583.6685791015625,590.464832124256,-15
2026-04-02,584.3378295898438,589.2756202334449,-16
2026-04-06,587.85400390625,588.3412620907739,-17
2026-04-07,587.9439086914062,587.8463454473587,1
2026-04-08,605.4246826171875,587.8033156622024,2
2026-04-09,609.5202026367188,587.954833984375,3
2026-04-10,610.3992309570312,588.1520124162946,4
2026-04-13,616.7122802734375,589.1453072684152,5
2026-04-14,627.909912109375,590.8400006975446,6
2026-04-15,636.7003173828125,592.6368873232886,7
2026-04-16,639.7669067382812,594.4406069800967,8
2026-04-17,648.1376953125,597.0424659365699,9
2026-04-20,646.0799560546875,599.6356520879837,10
2026-04-21,643.6226806640625,602.6325015113467,11
2026-04-22,654.390869140625,605.82470703125,12
2026-04-23,650.7048950195312,609.0326102120536,13
2026-04-24,663.1512451171875,612.6505388532366,14
2026-04-27,663.5008544921875,616.9524797712054,15
2026-04-28,656.8281860351562,621.4698951357886,16
2026-04-29,660.84375,626.3830653599331,17
2026-04-30,667.0069580078125,630.6907116117932,18
2026-05-01,673.4099731445312,634.964111328125,19
2026-05-04,672.141357421875,639.1452317010788,20
2026-05-05,680.8617553710938,643.5741722470239,21
2026-05-06,695.0062255859375,648.6723778134301,22
2026-05-07,694.1771240234375,652.8986845470611,23
2026-05-08,710.44921875,657.704828171503,24
2026-05-11,712.5069580078125,662.5671008882068,25
2026-05-12,706.463623046875,666.8409743536087,26
2026-05-13,713.9254760742188,670.9369535900298,27
2026-05-14,718.9998168945312,674.8559773763021,28
2026-05-15,708.1517944335938,678.1124005998884,29
2026-05-18,705.1051025390625,680.8251342773438,30
2026-05-19,700.7599487304688,683.428943452381,31
2026-05-20,712.3671875,686.7024913969494,32
2026-05-21,713.7256469726562,689.5279570079986,33
2026-05-22,716.7523193359375,692.6730724516369,34
2026-05-26,729.4783935546875,695.8315080915179,35
2026-05-27,728.6492919921875,698.9338146391369,36
2026-05-28,734.79248046875,702.6464000883557,37
2026-05-29,737.49951171875,706.2966744559152,38
2026-06-01,741.9246826171875,709.8641851515997,39
2026-06-02,745.3408813476562,713.2894664946057,40
2026-06-03,743.39306640625,716.6824050176712,41
2026-06-04,739.7969970703125,719.4888450985864,42
2026-06-05,704.2860107421875,719.9307396298364,-1
2026-06-08,715.283935546875,720.9358258928571,-2
2026-06-09,707.052978515625,720.7741001674107,-3
2026-06-10,692.9285278320312,719.8417939685639,-4
2026-06-11,716.332763671875,720.3117530459449,-5
2026-06-12,720.5481567382812,720.6271187918527,-6
2026-06-15,743.1832885742188,721.7787126813616,1
2026-06-16,729.0587768554688,722.7742832728794,2
2026-06-17,721.7168579101562,723.5653192429315,-1
2026-06-18,739.8070068359375,725.4247029622396,1
2026-06-22,737.9500122070312,726.6429327101935,2
2026-06-23,713.6500244140625,726.6393316359747,-1
2026-06-24,710.6199951171875,726.3473161969866,-2
2026-06-25,716.3800048828125,725.7235834030878,-3
2026-06-26,706.52001953125,724.6698085239956,-4
2026-06-29,724.0800170898438,724.1596912202381,-5
2026-06-30,736.4000244140625,724.1073346819196,1
2026-07-01,725.1699829101562,723.3094918387277,2
2026-07-02,712.5999755859375,721.7504010881696,-1
2026-07-06,722.8200073242188,720.7707316080729,1
2026-07-07,709.4299926757812,719.3246837797619,-1
2026-07-08,711.4400024414062,719.6653500511533,-2
2026-07-09,723.280029296875,720.0461164202009,1
2026-07-10,725.510009765625,720.9250226702009,2
2026-07-13,711.739990234375,721.820806594122,-1
2026-07-14,719.6900024414062,721.9806751069568,-2
2026-07-15,717.739990234375,721.8469528924851,-3
2026-07-16,705.9400024414062,720.0734630766369,-4
2026-07-17,695.3300170898438,718.4673316592261,-5
2026-07-20,696.0599975585938,717.2455764043899,-6
2026-07-21,708.969970703125,715.7771461123511,-7
2026-07-22,705.3499755859375,714.2247634161087,-8
2026-07-23,691.9600219726562,713.191906156994,-9
2026-07-24,684.22998046875,711.9352387927827,-10
2026-07-27,682.1199951171875,710.3038097563244,-11
2026-07-28,675.489990234375,708.826189313616,-12
2026-07-29,661.72998046875,705.8571399507068,-13
2026-07-30,683.5499877929688,703.3404715401786,-14
2026-07-31,687.989990234375,701.5699956984747,-15
2026-08-03,700.0700073242188,700.9733305431548,-16
2026-08-04,723.8499755859375,701.0223766508557,1
2026-08-05,717.2999877929688,701.3971383231027,2
2026-08-06,714.6500244140625,701.5499965122768,3
2026-08-07,723.030029296875,701.538091750372,4
2026-08-10,720.8699951171875,701.317138671875,5
2026-08-11,718.4500122070312,701.6366635277158,6
