date,close,sma21,cycle
2009-06-29,68.4855728149414,68.38323829287575,1
2009-06-30,67.93148040771484,68.30275580996559,-1
2009-07-01,68.21224212646484,68.23284367152623,-2
2009-07-02,66.3504867553711,68.11625598725819,-3
2009-07-06,66.34309387207031,67.9685305640811,-4
2009-07-07,65.0576171875,67.75889405750092,-5
2009-07-08,65.01329040527344,67.560791015625,-6
2009-07-09,65.13885498046875,67.35187312534877,-7
2009-07-10,64.98374938964844,67.1439670381092,-8
2009-07-13,66.56474304199219,66.99665360223679,-9
2009-07-14,66.9415283203125,66.85818772088913,1
2009-07-15,68.89932250976562,66.88921210879371,2
2009-07-16,68.78849029541016,66.95903705415272,3
2009-07-17,69.54205322265625,67.06789289202008,4
2009-07-20,70.28083801269531,67.18849109468006,5
2009-07-21,70.60590362548828,67.31267620268322,6
2009-07-22,70.59114074707031,67.53325762067523,7
2009-07-23,72.14997863769531,67.82560548328217,8
2009-07-24,72.44549560546875,68.10493614560082,9
2009-07-27,72.65972900390625,68.32551611037482,10
2009-07-28,72.31989288330078,68.53835732596261,11
2009-07-29,72.14257049560547,68.7125000726609,12
2009-07-30,72.89612579345703,68.94891175769624,13
2009-07-31,72.99957275390625,69.1768798828125,14
2009-08-03,74.20378875732422,69.55084664481026,15
2009-08-04,74.39585876464844,69.93431163969494,16
2009-08-05,74.18163299560547,70.36878858293805,17
2009-08-06,73.79747009277344,70.7870828537714,18
2009-08-07,74.76530456542969,71.24548521496001,19
2009-08-10,74.6101303100586,71.70388430640811,20
2009-08-11,73.67926025390625,72.04267084030877,21
2009-08-12,74.46976470947266,72.40115828741165,22
2009-08-13,75.03860473632812,72.6935050601051,23
2009-08-14,74.46236419677734,72.96368953159877,24
2009-08-17,72.63016510009766,73.1107424781436,-1
2009-08-18,73.20642852783203,73.25005631219773,-2
2009-08-19,73.84918975830078,73.40449850899833,1
2009-08-20,74.6101303100586,73.59587896437873,2
2009-08-21,76.07292175292969,73.78268577938988,3
2009-08-24,76.06553649902344,73.95506867908296,4
2009-08-25,76.21330261230469,74.12428646995907,5
2009-08-26,76.220703125,74.31003933861142,6
2009-08-27,76.39058685302734,74.51232583182198,7
2009-08-28,76.37583923339844,74.6780264718192,8
2009-08-31,75.69615173339844,74.80643499465216,9
2009-09-01,74.02648162841797,74.79799179803757,-1
2009-09-02,73.74573516845703,74.76703353155227,-2
2009-09-03,74.35894775390625,74.77547709147136,-3
2009-09-04,75.40062713623047,74.85181790306454,1
2009-09-08,76.0507583618164,74.91302998860677,2
2009-09-09,76.63440704345703,75.0094241187686,3
2009-09-10,77.41753387451172,75.18743714832124,4
2009-09-11,77.40277099609375,75.32710411435082,5
2009-09-14,77.77948760986328,75.45762234642392,6
2009-09-15,78.10459899902344,75.63106209891183,7
2009-09-16,79.28665161132812,75.94803764706566,8
2009-09-17,79.16844940185547,76.23194340297154,9
2009-09-18,79.21893310546875,76.48764546712239,10
2009-09-21,79.01852416992188,76.69756898425874,11
2009-09-22,79.47870635986328,76.85974920363654,12
2009-09-23,78.81809997558594,76.99082365490142,13
2009-09-24,77.94957733154297,77.07350340343658,14
2009-09-25,77.53392028808594,77.13603755405971,15
2009-09-28,78.92203521728516,77.25658271426246,16
2009-09-29,78.68447875976562,77.36651792980376,17
2009-09-30,78.38011932373047,77.49432591029576,18
2009-10-01,76.4352798461914,77.60903058733258,-1
2009-10-02,76.07898712158203,77.72013782319569,-2
2009-10-05,77.21471405029297,77.8561266944522,-3
2009-10-06,78.32073211669922,77.99517931256976,1
2009-10-07,78.53602600097656,78.113525390625,2
2009-10-08,79.13726043701172,78.23270888555618,3
2009-10-09,79.61978149414062,78.33757781982422,4
2009-10-12,79.93154907226562,78.45799582345145,5
2009-10-13,79.76824188232422,78.55269840785435,6
2009-10-14,81.1415023803711,78.69731285458519,7
2009-10-15,81.43842315673828,78.7997781662714,8
2009-10-16,80.82975769042969,78.87888808477493,9
2009-10-19,81.4978256225586,78.98740677606492,10
2009-10-20,81.0672607421875,79.08496566045852,11
2009-10-21,80.33982849121094,79.12597147623698,12
2009-10-22,81.15634155273438,79.23731631324405,13
2009-10-23,80.22845458984375,79.34583427792504,14
2009-10-26,79.35997772216797,79.4327893938337,-1
2009-10-27,78.9962158203125,79.43632180350167,-2
2009-10-28,77.50421905517578,79.38011896042596,-3
2009-10-29,79.16696166992188,79.41758764357795,-4
2009-10-30,76.87321472167969,79.43844168526786,-5
2009-11-02,77.43739318847656,79.5031276884533,-6
2009-11-03,77.68233489990234,79.52539534795852,-7
2009-11-04,77.88276672363281,79.5045398530506,-8
2009-11-05,79.31543731689453,79.54165467761811,-9
2009-11-06,79.52328491210938,79.56003679547992,-10
2009-11-09,81.33450317382812,79.64169020879837,1
2009-11-10,81.3493423461914,79.7092041742234,2
2009-11-11,81.7650375366211,79.80428968157086,3
2009-11-12,80.93363952636719,79.79439145042782,4
2009-11-13,81.37162780761719,79.7912107195173,5
2009-11-16,82.55188751220703,79.8732169015067,6
2009-11-17,82.64839935302734,79.92800612676712,7
2009-11-18,82.5964584350586,80.00082506452289,8
2009-11-19,81.52007293701172,80.05702718098958,9
2009-11-20,81.23058319091797,80.06056249709357,10
2009-11-23,82.26240539550781,80.15741729736328,11
2009-11-24,82.3885726928711,80.30163610549201,12
2009-11-25,82.67805480957031,80.47696177164714,13
2009-11-27,81.33450317382812,80.65935625348773,14
2009-11-30,81.60914611816406,80.77565075102306,15
2009-12-01,82.61871337890625,81.0492459251767,16
2009-12-02,82.58159637451172,81.29420798165458,17
2009-12-03,81.93577575683594,81.4967527843657,18
2009-12-04,82.4034423828125,81.71202305385044,19
2009-12-07,82.27720642089844,81.85305967785064,20
2009-12-08,81.36419677734375,81.9407221476237,-1
2009-12-09,81.66854858398438,81.95662907191685,-2
2009-12-10,82.12877655029297,81.99374498639789,1
2009-12-11,82.4776382446289,82.02767835344586,2
2009-12-14,83.04179382324219,82.12806665329705,3
2009-12-15,82.65580749511719,82.18921806698754,4
2009-12-16,82.78199768066406,82.20017569405692,5
2009-12-17,81.78732299804688,82.15917205810547,-1
2009-12-18,82.2500228881836,82.1426751273019,1
2009-12-21,83.08586120605469,82.2172364734468,2
2009-12-22,83.38440704345703,82.3197995140439,3
2009-12-23,83.5485610961914,82.38104502360027,4
2009-12-24,83.94414520263672,82.45511990501767,5
2009-12-28,84.12322235107422,82.52393740699405,6
2009-12-29,84.00383758544922,82.6510485694522,7
2009-12-30,83.97398376464844,82.76365988595145,8
2009-12-31,83.16796112060547,82.78981454031808,9
2010-01-04,84.5784912109375,82.88490477062408,10
2010-01-05,84.80235290527344,83.0214084443592,11
2010-01-06,84.86207580566406,83.13848622639973,12
2010-01-07,85.22029876708984,83.27863348098029,13
2010-01-08,85.50387573242188,83.47576105026971,14
2010-01-11,85.6233139038086,83.66408320835659,15
2010-01-12,84.82478332519531,83.79246448335194,16
2010-01-13,85.54122161865234,83.93834940592448,17
2010-01-14,85.77255249023438,84.06838553292411,18
2010-01-15,84.80984497070312,84.17095874604725,19
2010-01-19,85.86956024169922,84.31798553466797,20
2010-01-20,84.99640655517578,84.47079903738839,21
2010-01-21,83.36200714111328,84.52375066848029,-1
2010-01-22,81.50372314453125,84.44841076078869,-2
2010-01-25,81.92163848876953,84.37875511532738,-3
2010-01-26,81.5783462524414,84.2849353608631,-4
2010-01-27,81.9664077758789,84.19075738816034,-5
2010-01-28,81.02606964111328,84.04327392578125,-6
2010-01-29,80.14545440673828,83.85954139346168,-7
2010-02-01,81.39176177978516,83.73657844180153,-8
2010-02-02,82.37689208984375,83.69890848795573,-9
2010-02-03,81.9664077758789,83.57452356247674,-10
2010-02-04,79.43643188476562,83.31900351388114,-11
2010-02-05,79.60062408447266,83.0684581938244,-12
2010-02-08,79.0259780883789,82.77349054245721,-13
2010-02-09,80.0185775756836,82.51228586832683,-14
2010-02-10,79.86187744140625,82.23793175106957,-15
2010-02-11,80.69771575927734,82.0414047241211,-16
2010-02-12,80.63056182861328,81.80756378173828,-17
2010-02-16,81.89923095703125,81.6231198992048,1
2010-02-17,82.28733825683594,81.50300053187779,2
2010-02-18,82.77242279052734,81.3555177961077,3
2010-02-19,82.94406127929688,81.25778706868489,4
2010-02-22,82.95902252197266,81.2385973249163,5
2010-02-23,81.95149230957031,81.25991966610863,6
2010-02-24,82.70526885986328,81.29723539806548,7
2010-02-25,82.59329223632812,81.34556615920295,8
2010-02-26,82.64556884765625,81.37790716262091,9
2010-03-01,83.50382995605469,81.4958957490467,10
2010-03-02,83.73516082763672,81.66683415004185,11
2010-03-03,83.80976867675781,81.78197733561198,12
2010-03-04,84.06352233886719,81.86229306175595,13
2010-03-05,85.26506805419922,82.01937212262835,14
2010-03-08,85.2800064086914,82.29763757614862,15
2010-03-09,85.42180633544922,82.57483673095703,16
2010-03-10,85.80242156982422,82.89752451578777,17
2010-03-11,86.1606216430664,83.19000280471076,18
2010-03-12,86.16809844970703,83.49029904320126,19
2010-03-15,86.19048309326172,83.75185939243862,20
2010-03-16,86.87711334228516,84.049314226423,21
2010-03-17,87.39203643798828,84.31087639218285,22
2010-03-18,87.34725952148438,84.55182502383278,23
2010-03-19,86.90514373779297,84.74862125941685,24
2010-03-22,87.3697509765625,84.95936838785808,25
2010-03-23,87.98422241210938,85.19866362072173,26
2010-03-24,87.55707550048828,85.46559615362258,27
2010-03-25,87.41471099853516,85.68985530308315,28
2010-03-26,87.36225891113281,85.91694895426433,29
2010-03-29,87.91677856445312,86.16795894077846,30
2010-03-30,87.97675323486328,86.38095528738839,31
2010-03-31,87.677001953125,86.56866200764973,32
2010-04-01,88.2764892578125,86.78136298769996,33
2010-04-05,88.99588775634766,87.0162375313895,34
2010-04-06,89.2057113647461,87.20388721284412,35
2010-04-07,88.69612884521484,87.36655970982143,36
2010-04-08,89.00338745117188,87.53711119152251,37
2010-04-09,89.58789825439453,87.71737198602585,38
2010-04-12,89.73027038574219,87.88735525948661,39
2010-04-13,89.79772186279297,88.06019446963356,40
2010-04-14,90.81690216064453,88.28050013950893,41
2010-04-15,90.89181518554688,88.47167641775948,42
2010-04-16,89.44551086425781,88.56946091424851,43
2010-04-19,89.7827377319336,88.68543606712704,44
2010-04-20,90.58457946777344,88.8606472923642,45
2010-04-21,90.41970825195312,89.0058833530971,46
2010-04-22,90.68949890136719,89.13470604306175,47
2010-04-23,91.2814712524414,89.31205822172619,48
2010-04-26,90.93675994873047,89.47977483840216,49
2010-04-27,88.78607940673828,89.54757581438336,-1
2010-04-28,89.46051788330078,89.62108721051898,-2
2010-04-29,90.56957244873047,89.7445547921317,1
2010-04-30,89.03333282470703,89.80914197649274,-1
2010-05-03,90.18739318847656,89.90013740176246,1
2010-05-04,88.066650390625,89.85588800339471,-1
2010-05-05,87.54208374023438,89.77666764032273,-2
2010-05-06,84.63452911376953,89.58325812930153,-3
2010-05-07,83.37556457519531,89.31526656377883,-4
2010-05-10,87.0475082397461,89.19429561070034,-5
2010-05-11,86.80025482177734,89.05477106003534,-6
2010-05-12,88.01419830322266,88.96984136672248,-7
2010-05-13,86.92011260986328,88.78427995954242,-8
2010-05-14,85.34642791748047,88.52021389915829,-9
2010-05-17,85.39137268066406,88.32715969993954,-10
2010-05-18,84.2298583984375,88.06273687453498,-11
2010-05-19,83.75027465820312,87.73729378836495,-12
2010-05-20,80.58789825439453,87.26911235990978,-13
2010-05-21,81.76441955566406,86.84410858154297,-14
2010-05-24,80.71526336669922,86.34095582507905,-15
2010-05-25,80.79771423339844,85.85814412434895,-16
2010-05-26,80.31059265136719,85.45454951695034,-17
2010-05-27,83.00090789794922,85.1469490414574,-18
2010-05-28,81.95925903320312,84.73693411690849,-19
2010-06-01,80.58039855957031,84.33441343761626,-20
2010-06-02,82.67864990234375,83.9768542335147,-21
2010-06-03,82.96343231201172,83.73384384881882,-22
2010-06-04,80.04833984375,83.37699890136719,-23
2010-06-07,79.05168151855469,83.11114901588077,-24
2010-06-08,79.89844512939453,82.94557189941406,-25
2010-06-09,79.47130584716797,82.58480035691034,-26
2010-06-10,81.79437255859375,82.34642501104446,-27
2010-06-11,82.19158172607422,82.06915755498977,1
2010-06-14,82.06417846679688,81.83792259579613,2
2010-06-15,83.93009948730469,81.77047838483539,3
2010-06-16,83.90011596679688,81.69946616036552,4
2010-06-17,84.03500366210938,81.69018736339751,5
2010-06-18,84.12613677978516,81.70808555966332,6
2010-06-21,83.88520812988281,81.86510031563895,7
2010-06-22,82.499755859375,81.90011633010138,8
2010-06-23,82.2437515258789,81.97290148053851,9
2010-06-24,80.88094329833984,81.97686476934524,-1
2010-06-25,81.21976470947266,82.02015867687408,-2
2010-06-28,80.96375274658203,81.92315128871373,-3
2010-06-29,78.46403503417969,81.75671205066499,-4
2010-06-30,77.71859741210938,81.6204358055478,-5
2010-07-01,77.37226867675781,81.3677509852818,-6
2010-07-02,76.9505844116211,81.08142489478702,-7
2010-07-06,77.45507049560547,80.9579358782087,-8
2010-07-07,79.89459228515625,80.99807448614212,-9
2010-07-08,80.6852035522461,81.03553917294457,-10
2010-07-09,81.28752899169922,81.12202598935082,1
2010-07-12,81.34024810791016,81.10040101550874,2
2010-07-13,82.56757354736328,81.11830538795108,3
2010-07-14,82.56002044677734,81.1419169108073,4
2010-07-15,82.5826187133789,81.07775115966797,5
2010-07-16,80.30872344970703,80.90673246837798,-1
2010-07-19,80.78306579589844,80.75187828427269,1
2010-07-20,81.67906188964844,80.6353509085519,2
2010-07-21,80.61741638183594,80.47974177769252,3
2010-07-22,82.41694641113281,80.47579847063336,4
2010-07-23,83.13225555419922,80.51810818626767,5
2010-07-26,83.99810028076172,80.66654423304966,6
2010-07-27,83.99060821533203,80.79848916190011,7
2010-07-28,83.44847106933594,80.91680908203125,8
2010-07-29,83.04191589355469,81.13480340866815,9
2010-07-30,83.0268325805664,81.38757651192802,10
2010-08-02,84.90164184570312,81.7461180914016,11
2010-08-03,84.49504089355469,82.10537792387463,12
2010-08-04,85.05978393554688,82.46750713530041,13
2010-08-05,84.96943664550781,82.70916639055524,14
2010-08-06,84.62305450439453,82.89668310256232,15
2010-08-09,85.07485961914062,83.07703218005952,16
2010-08-10,84.61554718017578,83.23299880254837,17
2010-08-11,82.2964859008789,83.22008986700149,-1
2010-08-12,81.79202270507812,83.1835185459682,-2
2010-08-13,81.55107879638672,83.13439759753999,-3
2010-08-16,81.51343536376953,83.19176483154297,-4
2010-08-17,82.51482391357422,83.27422950381325,-5
2010-08-18,82.66543579101562,83.32119968959263,-6
2010-08-19,81.22731018066406,83.35024225144159,-7
2010-08-20,80.96375274658203,83.28104255312965,-8
2010-08-23,80.65508270263672,83.16308194115048,-9
2010-08-24,79.45787811279297,82.94688088553292,-10
2010-08-25,79.76659393310547,82.74573734828404,-11
2010-08-26,79.23200225830078,82.54495311918713,-12
2010-08-27,80.45928192138672,82.4219705490839,-13
2010-08-30,79.29222869873047,82.24413226899647,-14
2010-08-31,79.29222869873047,81.97701735723587,-15
2010-09-01,81.66400909423828,81.84220631917317,-16
2010-09-02,82.42448425292969,81.71671585809617,1
2010-09-03,83.49365234375,81.64644041515533,2
2010-09-07,82.552490234375,81.54784211658296,3
2010-09-08,83.13225555419922,81.45533716110955,4
2010-09-09,83.51625061035156,81.40298970540364,5
2010-09-10,83.93789672851562,81.4811521257673,6
2010-09-13,84.87152099609375,81.62779490152995,7
2010-09-14,84.81884765625,81.78340294247582,8
2010-09-15,85.14258575439453,81.95621962774368,9
2010-09-16,85.12000274658203,82.08027576264881,10
2010-09-17,85.15178680419922,82.19867342994327,11
2010-09-20,86.45378875732422,82.44755336216518,12
2010-09-21,86.27967834472656,82.70069267636254,13
2010-09-22,85.85578155517578,82.94834500267392,14
2010-09-23,85.1594009399414,83.21984608968098,15
2010-09-24,86.91551208496094,83.56027076357887,16
2010-09-27,86.4992446899414,83.90632992699032,17
2010-09-28,86.80201721191406,84.20836494082496,18
2010-09-29,86.65061950683594,84.5587645031157,19
2010-09-30,86.39326477050781,84.89690907796223,20
2010-10-01,86.75659942626953,85.13941337948754,21
2010-10-04,86.1056137084961,85.31470525832404,22
2010-10-05,87.83903503417969,85.52162824358258,23
2010-10-06,87.83148193359375,85.77300880068825,24
2010-10-07,87.72551727294922,85.99173554920014,25
2010-10-08,88.21756744384766,86.21560777936664,26
2010-10-11,88.30078125,86.4233641851516,27
2010-10-12,88.57333374023438,86.59964098249164,28
2010-10-13,89.26216888427734,86.8112277076358,29
2010-10-14,88.91395568847656,86.99081675211589,30
2010-10-15,89.09563446044922,87.18013254801433,31
2010-10-18,89.53467559814453,87.3888415382022,32
2010-10-19,88.36137390136719,87.47967892601376,33
2010-10-20,89.22431182861328,87.6198995681036,34
2010-10-21,89.42113494873047,87.78967830113002,35
2010-10-22,89.58766174316406,88.00054786318825,36
2010-10-25,89.85260009765625,88.14040919712612,37
2010-10-26,89.86775970458984,88.30081467401413,38
2010-10-27,89.61036682128906,88.4345456077939,39
2010-10-28,89.62552642822266,88.57620784214565,40
2010-10-29,89.69361877441406,88.73336755661737,41
2010-11-01,89.723876953125,88.87466648646763,42
2010-11-02,90.43547058105469,89.08085014706566,43
2010-11-03,90.79878234863281,89.22179049537296,44
2010-11-04,92.54743957519531,89.44635990687779,45
2010-11-05,92.89564514160156,89.6925564720517,46
2010-11-08,92.72150421142578,89.90702965146019,47
2010-11-09,92.05540466308594,90.08582124255952,48
2010-11-10,92.42628479003906,90.26929510207404,49
2010-11-11,92.07807922363281,90.40338607061477,50
2010-11-12,90.98804473876953,90.50215221586681,51
2010-11-15,90.859375,90.58613986060733,52
2010-11-16,89.44383239746094,90.58181399390811,-1
2010-11-17,89.4892578125,90.6355227515811,-2
2010-11-18,90.806396484375,90.71086011614118,1
2010-11-19,91.05618286132812,90.7887195405506,2
2010-11-22,90.98048400878906,90.85504441034226,3
2010-11-23,89.66336059570312,90.84603300548736,-1
2010-11-24,90.98804473876953,90.89937991187686,1
2010-11-26,89.92828369140625,90.91451881045387,-1
2010-11-29,90.20083618164062,90.94191451299758,-2
2010-11-30,89.69361877441406,90.94191451299758,-3
2010-12-01,91.6012191772461,91.03131176176525,1
2010-12-02,92.7745361328125,91.14269583565849,2
2010-12-03,93.02429962158203,91.24867284865607,3
2010-12-06,92.92594146728516,91.26669674827939,4
2010-12-07,92.9789047241211,91.27066149030414,5
2010-12-08,93.31954956054688,91.29913984026227,6
2010-12-09,93.68289947509766,91.37663959321522,7
2010-12-10,94.22789001464844,91.46243031819661,8
2010-12-13,94.28846740722656,91.56768689836774,9
2010-12-14,94.3717269897461,91.72881462460472,10
2010-12-15,93.94025421142578,91.87552315848214,11
2010-12-16,94.48526763916016,92.11559150332496,12
2010-12-17,94.58646392822266,92.35831560407367,13
2010-12-20,94.81476593017578,92.54919033958798,14
2010-12-21,95.4159164428711,92.75679670061383,15
2010-12-22,95.71270751953125,92.98214067731585,16
2010-12-23,95.57572174072266,93.26368168422154,17
2010-12-27,95.61377716064453,93.48395465669178,18
2010-12-28,95.75072479248047,93.76121375674293,19
2010-12-29,95.8192367553711,94.02875664120629,20
2010-12-30,95.6670150756836,94.31320408412388,21
2010-12-31,95.68988037109375,94.50790223621186,22
2011-01-03,96.67911529541016,94.69383457728794,23
2011-01-04,96.62583923339844,94.86533646356492,24
2011-01-05,97.12806701660156,95.06543768019904,25
2011-01-06,96.93781280517578,95.2539571126302,26
2011-01-07,96.7475814819336,95.41719672793434,27
2011-01-10,96.62583923339844,95.55733671642486,28
2011-01-11,96.96825408935547,95.68783024379185,29
2011-01-12,97.84336853027344,95.85711124965123,30
2011-01-13,97.68352508544922,96.01481592087518,31
2011-01-14,98.39127349853516,96.22676922026135,32
2011-01-18,98.55867004394531,96.42074076334636,33
2011-01-19,97.59224700927734,96.56387329101562,34
2011-01-20,97.462890625,96.68997446695964,35
2011-01-21,97.68352508544922,96.79795583089192,36
2011-01-24,98.23904418945312,96.91825757707868,37
2011-01-25,98.29235076904297,97.04762086414155,38
2011-01-26,98.67279815673828,97.19328853062221,39
2011-01-27,98.91631317138672,97.34403083437965,40
2011-01-28,97.18894958496094,97.40925525483631,-1
2011-01-31,97.9194564819336,97.51651436941964,1
2011-02-01,99.4870376586914,97.69733138311477,2
2011-02-02,99.2967758178711,97.82198188418434,3
2011-02-03,99.51744079589844,97.95967719668434,4
2011-02-04,99.79901885986328,98.0868653796968,5
2011-02-07,100.4229736328125,98.25282541910808,6
2011-02-08,100.87957763671875,98.4495871407645,7
2011-02-09,100.65129089355469,98.64127531505767,8
2011-02-10,100.6893310546875,98.81846945626395,9
2011-02-11,101.29046630859375,98.9826169695173,10
2011-02-14,101.53398132324219,99.16597202845982,11
2011-02-15,101.21438598632812,99.30040595644996,12
2011-02-16,101.85359954833984,99.45730736142113,13
2011-02-17,102.157958984375,99.67472221737816,14
2011-02-18,102.37102508544922,99.90844290597099,15
2011-02-22,100.31647491455078,100.03382146926154,16
2011-02-23,99.7000961303711,100.10339537121001,-1
2011-02-24,99.63160705566406,100.16716948009673,-2
2011-02-25,100.69694519042969,100.26355743408203,1
2011-02-28,101.3209457397461,100.37806374686105,2
2011-03-01,99.63160705566406,100.49438076927548,-1
2011-03-02,99.84463500976562,100.58605593726749,-2
2011-03-03,101.56443786621094,100.68497975667317,1
2011-03-04,100.80342864990234,100.75672512962704,2
2011-03-07,100.0120620727539,100.78027852376302,-1
2011-03-08,100.88716888427734,100.83209519159226,1
2011-03-09,100.74259948730469,100.84731547037761,-1
2011-03-10,98.87825775146484,100.75201452346076,-2
2011-03-11,99.56310272216797,100.700196039109,-3
2011-03-14,98.96196746826172,100.61794063023159,-4
2011-03-15,97.82813262939453,100.45306759788876,-5
2011-03-16,96.01707458496094,100.1903577532087,-6
2011-03-17,97.28784942626953,100.00337982177734,-7
2011-03-18,97.6417236328125,99.80281430199032,-8
2011-03-21,99.15495300292969,99.6598140171596,-9
2011-03-22,98.81100463867188,99.49028923397972,-10
2011-03-23,99.09379577636719,99.43206641787575,-11
2011-03-24,100.04151153564453,99.44832429431733,1
2011-03-25,100.34717559814453,99.4823989868164,2
2011-03-28,100.10260772705078,99.45409720284599,3
2011-03-29,100.77517700195312,99.42810821533203,4
2011-03-30,101.47065734863281,99.51568203880673,5
2011-03-31,101.33311462402344,99.58656202043805,6
2011-04-01,101.76110076904297,99.59592692057292,7
2011-04-04,101.84515380859375,99.6455328805106,8
2011-04-05,101.8298568725586,99.73209453764416,9
2011-04-06,102.1508560180664,99.79227011544364,10
2011-04-07,101.89102935791016,99.84695725213913,11
2011-04-08,101.53943634033203,99.97368004208519,12
2011-04-11,101.23372650146484,100.05323355538505,13
2011-04-12,100.47710418701172,100.12538292294457,14
2011-04-13,100.4694595336914,100.25116039457775,15
2011-04-14,100.54593658447266,100.4668204897926,16
2011-04-15,100.91275024414062,100.63943481445312,17
2011-04-18,99.78162384033203,100.74133482433501,-1
2011-04-19,100.3548355102539,100.79847208658855,-2
2011-04-20,101.72283935546875,100.93713088262649,1
2011-04-21,102.24256134033203,101.08707209995815,2
2011-04-25,102.13555145263672,101.18678828648159,3
2011-04-26,103.01443481445312,101.31380063011532,4
2011-04-27,103.68699645996094,101.48448580787296,5
2011-04-28,104.02330780029297,101.639158703032,6
2011-04-29,104.2678451538086,101.77235812232608,7
2011-05-02,104.10734558105469,101.90446435837518,8
2011-05-03,103.73285675048828,101.99835750034877,9
2011-05-04,103.0450210571289,102.0554940359933,10
2011-05-05,102.11268615722656,102.06896209716797,11
2011-05-06,102.56353759765625,102.08861360095796,12
2011-05-09,102.96099090576172,102.13956415085565,13
2011-05-10,103.83985900878906,102.24910808744885,14
2011-05-11,102.7469711303711,102.32116735549201,15
2011-05-12,103.23607635498047,102.45254698253814,16
2011-05-13,102.4412612915039,102.54644230433873,-1
2011-05-16,101.7916259765625,102.6057608468192,-2
2011-05-17,101.7763671875,102.64688546316964,-3
2011-05-18,102.685791015625,102.7851791381836,-4
2011-05-19,102.93035888671875,102.90782310849144,1
2011-05-20,102.11268615722656,102.92638724190849,-1
2011-05-23,100.92800903320312,102.86378951299758,-2
2011-05-24,100.843994140625,102.80228678385417,-3
2011-05-25,101.18024444580078,102.71494438534691,-4
2011-05-26,101.64644622802734,102.61777532668341,-5
2011-05-27,102.03619384765625,102.52315085274833,-6
2011-05-31,103.0985336303711,102.46746935163226,1
2011-06-01,100.78282165527344,102.30915868849982,-1
2011-06-02,100.67581939697266,102.16358548118954,-2
2011-06-03,99.67467498779297,102.00309281122117,-3
2011-06-06,98.61995697021484,101.83677237374442,-4
2011-06-07,98.5588150024414,101.6460712977818,-5
2011-06-08,98.14613342285156,101.41679237002418,-6
2011-06-09,98.89507293701172,101.18132636660621,-7
2011-06-10,97.51943969726562,100.9323962983631,-8
2011-06-13,97.5958480834961,100.66381399972099,-9
2011-06-14,98.833984375,100.4920389084589,-10
2011-06-15,97.076171875,100.26749347505115,-11
2011-06-16,97.2901611328125,100.05386461530414,-12
2011-06-17,97.58049774169922,99.81075541178386,-13
2011-06-20,98.07970428466797,99.57977185930524,-14
2011-06-21,99.42379760742188,99.45172954740978,-15
2011-06-22,98.8247299194336,99.35157339913505,-16
2011-06-23,98.54055786132812,99.24188595726376,-17
2011-06-24,97.39614868164062,99.06169092087518,-18
2011-06-27,98.2640151977539,98.90062277657645,-19
2011-06-28,99.54668426513672,98.78207470121838,1
2011-06-29,100.39922332763672,98.65353611537388,2
2011-06-30,101.35926818847656,98.68098595028832,3
2011-07-01,102.8569564819336,98.78484962100075,4
2011-07-05,102.77249908447266,98.93236505417596,5
2011-07-06,102.89539337158203,99.13595726376488,6
2011-07-07,103.96296691894531,99.39329783121745,7
2011-07-08,103.22563171386719,99.6351787022182,8
2011-07-11,101.35926818847656,99.75252133324032,9
2011-07-12,100.92147827148438,99.91452317010788,10
2011-07-13,101.25946044921875,100.08898090180897,11
2011-07-14,100.56050872802734,100.17119634719123,12
2011-07-15,101.14424896240234,100.3649143037342,13
2011-07-18,100.3147201538086,100.50894092378162,-1
2011-07-19,101.9429931640625,100.71667880103702,1
2011-07-20,101.88151550292969,100.89771743047805,2
2011-07-21,103.29476165771484,101.08204905192058,3
2011-07-22,103.36386108398438,101.29819815499442,4
2011-07-25,102.787841796875,101.50044977097284,5
2011-07-26,102.40382385253906,101.73891049339657,6
2011-07-27,100.30704498291016,101.83619762602306,-1
2011-07-28,100.01518249511719,101.85850706554595,-2
2011-07-29,99.33163452148438,101.80766950334821,-3
2011-08-01,98.9091796875,101.69099862234933,-4
2011-08-02,96.38232421875,101.38268280029297,-5
2011-08-03,96.90457916259766,101.10325804210845,-6
2011-08-04,92.36542510986328,100.6018309820266,-7
2011-08-05,92.22718811035156,100.04298437209357,-8
2011-08-08,86.22106170654297,99.23324294317337,-9
2011-08-09,90.23028564453125,98.70329139346168,-10
2011-08-10,86.24410247802734,98.0043687366304,-11
2011-08-11,90.11505889892578,97.4736829485212,-12
2011-08-12,90.72183227539062,97.0051745460147,-13
2011-08-15,92.64193725585938,96.60030255998883,-14
2011-08-16,91.850830078125,96.19726017543248,-15
2011-08-17,91.91227722167969,95.71960703531902,-16
2011-08-18,87.94915008544922,95.05616106305804,-17
2011-08-19,86.51290893554688,94.25702521914528,-18
2011-08-22,86.58201599121094,93.45788973853702,-19
2011-08-23,89.43151092529297,92.82187398274739,-20
2011-08-24,90.69107818603516,92.26412418910435,-21
2011-08-25,89.3086166381836,91.74038950602214,-22
2011-08-26,90.60662078857422,91.29236275809151,-23
2011-08-29,93.2103042602539,91.00087084089007,1
2011-08-30,93.45610046386719,90.74120040166946,2
2011-08-31,93.8708267211914,90.6216052827381,3
2011-09-01,92.88772583007812,90.43032655261811,4
2011-09-02,90.51446533203125,90.34218561081659,5
2011-09-06,89.85391235351562,90.22917247953869,-1
2011-09-07,92.38848114013672,90.52285911923363,1
2011-09-08,91.42841339111328,90.57991282145183,2
2011-09-09,89.03208923339844,90.71267409551712,-1
2011-09-12,89.6081314086914,90.68853469122024,-2
2011-09-13,90.42994689941406,90.67463538760231,-3
2011-09-14,91.6818618774414,90.62891751243954,1
2011-09-15,93.26405334472656,90.6962138584682,2
2011-09-16,93.8160629272461,90.78687032063802,3
2011-09-19,92.88188934326172,91.02176266624814,4
2011-09-20,92.7738265991211,91.31990160260882,5
2011-09-21,90.0408706665039,91.48460896809895,-1
2011-09-22,87.1303482055664,91.37502979096912,-2
2011-09-23,87.65531158447266,91.230469476609,-3
2011-09-26,89.73978424072266,91.2510012672061,-4
2011-09-27,90.7433853149414,91.25751386369977,-5
2011-09-28,88.89057159423828,91.05181230817523,-6
2011-09-29,89.59308624267578,90.86785925002326,-7
2011-09-30,87.35423278808594,90.5575452532087,-8
2011-10-03,84.86830139160156,90.17566789899554,-9
2011-10-04,86.72887420654297,89.99540165492466,-10
2011-10-05,88.33467864990234,89.92305719284784,-11
2011-10-06,89.93278503417969,89.80611928304036,1
2011-10-07,89.33059692382812,89.70622326078869,-1
2011-10-10,92.31830596923828,89.86270977201916,1
2011-10-11,92.41097259521484,89.99617839994885,2
2011-10-12,93.22160339355469,90.12911442347935,3
2011-10-13,93.03628540039062,90.19361078171502,4
2011-10-14,94.62667846679688,90.25849769228981,5
2011-10-17,92.82010650634766,90.21107119605655,6
2011-10-18,94.63438415527344,90.29452332996186,7
2011-10-19,93.51496887207031,90.32981581914993,8
2011-10-20,93.92411041259766,90.51473199753534,9
2011-10-21,95.70748138427734,90.9231669108073,10
2011-10-24,96.8809585571289,91.36248343331474,11
2011-10-25,94.99722290039062,91.61283765520368,12
2011-10-26,95.96224212646484,91.8613546462286,13
2011-10-27,99.30513000488281,92.35728599911644,14
2011-10-28,99.28196716308594,92.81866128104073,15
2011-10-31,96.88870239257812,93.27268364315941,16
2011-11-01,94.18661499023438,93.71641286214192,17
2011-11-02,95.72293090820312,94.1447012765067,18
2011-11-03,97.46769714355469,94.57960691906158,19
2011-11-04,96.87325286865234,94.9101053873698,20
2011-11-07,97.47541809082031,95.29795401436942,21
2011-11-08,98.72610473632812,95.60308728899274,22
2011-11-09,95.08213806152344,95.73028564453125,-1
2011-11-10,95.97771453857422,95.86152903238933,1
2011-11-11,97.7842025756836,96.08762032645089,2
2011-11-14,96.85780334472656,96.19386436825707,3
2011-11-15,97.33647155761719,96.40892937069847,4
2011-11-16,95.79243469238281,96.46407463437035,-1
2011-11-17,94.27153778076172,96.50010172526042,-2
2011-11-18,94.17118072509766,96.51186697823661,-3
2011-11-21,92.38008880615234,96.35341971261161,-4
2011-11-22,92.01720428466797,96.12181236630394,-5
2011-11-23,89.98681640625,95.88322158086868,-6
2011-11-25,89.81694793701172,95.59058852422805,-7
2011-11-28,92.41868591308594,95.26266261509487,-8
2011-11-29,92.68119049072266,94.9483399164109,-9
2011-11-30,96.49495697021484,94.9295901343936,1
2011-12-01,96.47949981689453,95.03877512613933,2
2011-12-02,96.39459228515625,95.07075900123233,3
2011-12-05,97.4445571899414,95.06965709867931,4
2011-12-06,97.47541809082031,95.09833163306827,5
2011-12-07,97.83828735351562,95.11561112176804,6
2011-12-08,95.69207000732422,94.97113327752976,7
2011-12-09,97.31331634521484,95.07737986246745,8
2011-12-12,95.892822265625,95.07333737327939,9
2011-12-13,94.99722290039062,94.94062405540829,10
2011-12-14,93.98587799072266,94.80386570521763,-1
2011-12-15,94.3255844116211,94.66049012683686,-2
2011-12-16,94.46541595458984,94.59729875837054,-3
2011-12-19,93.45543670654297,94.55843680245536,-4
2011-12-20,96.28339385986328,94.65901838030133,1
2011-12-21,96.46986389160156,94.85376957484654,2
2011-12-22,97.32449340820312,95.10649762834821,3
2011-12-23,98.19459533691406,95.49734424409412,4
2011-12-27,98.2723159790039,95.89998081752232,5
2011-12-28,96.98262023925781,96.1173110235305,6
2011-12-29,97.98485565185547,96.36986650739398,7
2011-12-30,97.503173828125,96.41787683396112,8
2012-01-03,99.0569839477539,96.54061417352585,9
2012-01-04,99.21239471435547,96.67479524158296,10
2012-01-05,99.47652435302734,96.7715555826823,11
2012-01-06,99.22016906738281,96.8546389625186,12
2012-01-09,99.46099090576172,96.9319105602446,13
2012-01-10,100.32341003417969,97.15245056152344,14
2012-01-11,100.37777709960938,97.29837726411365,15
2012-01-12,100.61860656738281,97.5234146118164,16
2012-01-13,100.09809112548828,97.76631309872582,17
2012-01-17,100.4865493774414,98.07586887904576,18
2012-01-18,101.59754180908203,98.42215256463913,19
2012-01-19,102.13362121582031,98.7873051961263,20
2012-01-20,102.51432800292969,99.21868097214471,21
2012-01-23,102.2501220703125,99.50281088692802,22
2012-01-24,102.13362121582031,99.77251361665272,23
2012-01-25,102.98821258544922,100.04221452985492,24
2012-01-26,102.45988464355469,100.24532354445685,25
2012-01-27,102.41333770751953,100.44251505533855,26
2012-01-30,102.06368255615234,100.68447040376209,27
2012-01-31,102.02482604980469,100.87684994652157,28
2012-02-01,102.91828155517578,101.13471221923828,29
2012-02-02,103.0814437866211,101.32635316394624,30
2012-02-03,104.5264892578125,101.57940528506325,31
2012-02-06,104.45658874511719,101.8165512084961,32
2012-02-07,104.72074890136719,102.07848358154297,33
2012-02-08,105.031494140625,102.34374564034599,34
2012-02-09,105.16360473632812,102.57423110235305,35
2012-02-10,104.38665008544922,102.76512981596447,36
2012-02-13,105.16360473632812,102.98155830019996,37
2012-02-14,105.031494140625,103.2164822533017,38
2012-02-15,104.54206848144531,103.40960221063523,39
2012-02-16,105.69963836669922,103.60494014195034,40
2012-02-17,105.97935485839844,103.78807031540643,41
2012-02-21,106.02595520019531,103.95529065813336,42
2012-02-22,105.68412780761719,104.11881474086216,43
2012-02-23,106.15030670166016,104.31008547828311,44
2012-02-24,106.38331604003906,104.47175707135882,45
2012-02-27,106.56200408935547,104.66709609258743,46
2012-02-28,106.872802734375,104.87945157005673,47
2012-02-29,106.45327758789062,105.08847990490142,48
2012-03-01,107.00484466552734,105.32562364850726,49
2012-03-02,106.67858123779297,105.5046855381557,50
2012-03-05,106.24351501464844,105.65526035853794,51
2012-03-06,104.68965148925781,105.66302998860677,-1
2012-03-07,105.41999053955078,105.70890626453217,-2
2012-03-08,106.46878051757812,105.79214586530414,1
2012-03-09,106.88059997558594,105.88019852411179,2
2012-03-12,106.88833618164062,105.9623285929362,3
2012-03-13,108.81510162353516,106.17320723760696,4
2012-03-14,108.69853973388672,106.34153747558594,5
2012-03-15,109.3279037475586,106.54612840924945,6
2012-03-16,109.47923278808594,106.78123147147042,7
2012-03-19,109.90843200683594,106.98165021623883,8
2012-03-20,109.58851623535156,107.1535150437128,9
2012-03-21,109.40904998779297,107.31461479550316,10
2012-03-22,108.62088012695312,107.45446014404297,11
2012-03-23,108.97203063964844,107.58882795061383,12
2012-03-26,110.50150299072266,107.78493209112258,13
2012-03-27,110.15812683105469,107.9561760312035,14
2012-03-28,109.61192321777344,108.08661033993675,15
2012-03-29,109.42462158203125,108.22810291108631,16
2012-03-30,109.8772201538086,108.36488269624256,17
2012-04-02,110.68095397949219,108.55547187441871,18
2012-04-03,110.22834014892578,108.74522545224144,19
2012-04-04,109.13593292236328,108.95695313953217,20
2012-04-05,109.08128356933594,109.13130042666481,-1
2012-04-09,107.8561782836914,109.19736698695591,-2
2012-04-10,106.04583740234375,109.1576163882301,-3
2012-04-11,106.90418243408203,109.15837097167969,-4
2012-04-12,108.30097198486328,109.13388860793341,-5
2012-04-13,107.013427734375,109.05364517938523,-6
2012-04-16,106.94322204589844,108.94008890787761,-7
2012-04-17,108.5272445678711,108.89475613548642,-8
2012-04-18,108.16051483154297,108.811521984282,-9
2012-04-19,107.46601104736328,108.71045030866351,-10
2012-04-20,107.64546203613281,108.62646993001302,-11
2012-04-23,106.74030303955078,108.53691864013672,-12
2012-04-24,107.14608764648438,108.44996897379558,-13
2012-04-25,108.61311340332031,108.36004566010975,1
2012-04-26,109.3699722290039,108.32251448858352,2
2012-04-27,109.54946899414062,108.31954047793434,3
2012-04-30,109.14370727539062,108.30616360618954,4
2012-05-01,109.82263946533203,108.3035645257859,5
2012-05-02,109.49488067626953,108.24708484468006,6
2012-05-03,108.65991973876953,108.17239815848214,7
2012-05-04,106.90418243408203,108.06612432570685,-1
2012-05-07,106.98223876953125,107.96616981143043,-2
2012-05-08,106.55306243896484,107.90411667596726,-3
2012-05-09,105.92097473144531,107.89817083449591,-4
2012-05-10,106.13945007324219,107.86175500778924,-5
2012-05-11,105.81952667236328,107.74359094528924,-6
2012-05-14,104.64904022216797,107.63100106375558,-7
2012-05-15,104.0482177734375,107.49314371744792,-8
2012-05-16,103.65023040771484,107.26090494791667,-9
2012-05-17,102.11302185058594,106.97292909168061,-10
2012-05-18,101.23902893066406,106.67640613374256,-11
2012-05-21,102.97917175292969,106.45420183454242,-12
2012-05-22,103.15863037109375,106.28364599318732,-13
2012-05-23,103.21331024169922,106.09637087867374,-14
2012-05-24,103.4161605834961,105.84889693487258,-15
2012-05-25,103.08061981201172,105.54940396263486,-16
2012-05-29,104.32913208007812,105.30081649053665,-17
2012-05-30,102.81527709960938,104.9994626726423,-18
2012-05-31,102.5890121459961,104.6550042288644,-19
2012-06-01,100.00613403320312,104.20315915062314,-20
2012-06-04,99.95934295654297,103.78884597051712,-21
2012-06-05,100.71621704101562,103.49418095179966,-22
2012-06-06,102.97917175292969,103.30355871291388,-23
2012-06-07,103.0416030883789,103.13634636288597,-24
2012-06-08,103.86093139648438,103.03824906122117,1
2012-06-11,102.54218292236328,102.86695062546502,-1
2012-06-12,103.72045135498047,102.76699465797061,1
2012-06-13,103.05722045898438,102.69119371686664,2
2012-06-14,104.149658203125,102.69602421351841,3
2012-06-15,105.2148208618164,102.77052852085659,4
2012-06-18,105.41878509521484,102.92794581821987,5
2012-06-19,106.43841552734375,103.175535656157,6
2012-06-20,106.26586151123047,103.33204469226655,7
2012-06-21,103.88139343261719,103.36646198091053,8
2012-06-22,104.68142700195312,103.43637230282738,9
2012-06-25,103.00292205810547,103.41669427780877,-1
2012-06-26,103.52057647705078,103.43764459519159,1
2012-06-27,104.4539794921875,103.44358971005394,2
2012-06-28,104.15593719482422,103.50743066696893,3
2012-06-29,106.7521743774414,103.70567648751395,4
2012-07-02,107.07377624511719,104.04223087855748,5
2012-07-03,107.77970123291016,104.41462889171783,6
2012-07-05,107.29339599609375,104.72782788957868,7
2012-07-06,106.27371978759766,104.88471112932477,8
2012-07-09,106.1403579711914,105.03227088564918,9
2012-07-10,105.2148208618164,105.09674181256976,10
2012-07-11,105.23050689697266,105.2247572399321,11
2012-07-12,104.72065734863281,105.27238609677269,-1
2012-07-13,106.47765350341797,105.43526386079334,1
2012-07-16,106.22664642333984,105.53416806175595,2
2012-07-17,106.95610809326172,105.61708650134858,3
2012-07-18,107.74832916259766,105.72801717122395,4
2012-07-19,108.0306625366211,105.80383845738002,5
2012-07-20,107.04235076904297,105.84081413632347,6
2012-07-23,105.9599609375,105.9397935413179,7
2012-07-24,105.05006408691406,105.95734768822079,-1
2012-07-25,105.07364654541016,106.05595361618768,-2
2012-07-26,106.80706787109375,106.2124532063802,1
2012-07-27,108.77583312988281,106.41825576055618,2
2012-07-30,108.77583312988281,106.63825080508278,3
2012-07-31,108.0150375366211,106.6983871459961,4
2012-08-01,107.92086029052734,106.73872448149181,5
2012-08-02,107.17571258544922,106.709963117327,6
2012-08-03,109.30137634277344,106.80558122907367,7
2012-08-06,109.51314544677734,106.9598395937965,8
2012-08-07,110.06221771240234,107.14659481956845,9
2012-08-08,110.19556427001953,107.38377307710194,10
2012-08-09,110.2896499633789,107.6246846516927,11
2012-08-10,110.47008514404297,107.89846692766461,12
2012-08-13,110.41516876220703,108.08596765427362,13
2012-08-14,110.43083190917969,108.28616696312314,14
2012-08-15,110.55628967285156,108.45760418119885,15
2012-08-16,111.37214660644531,108.63016691662017,16
2012-08-17,111.52110290527344,108.79637836274647,17
2012-08-20,111.52896118164062,109.01002647763207,18
2012-08-21,111.191650390625,109.2591545468285,19
2012-08-22,111.2387466430664,109.55385371616909,20
2012-08-23,110.3288803100586,109.8041029430571,21
2012-08-24,110.99554443359375,110.00355420793805,22
2012-08-27,111.01909637451172,110.1103762672061,23
2012-08-28,110.90929412841797,110.21196964808873,24
2012-08-29,110.99554443359375,110.35389854794457,25
2012-08-30,110.19556427001953,110.46221778506325,-1
2012-08-31,110.72103118896484,110.63104248046875,1
2012-09-04,110.61907196044922,110.69378989083427,-1
2012-09-05,110.52498626708984,110.74197278703961,-2
2012-09-06,112.76824188232422,110.87083108084542,1
2012-09-07,113.2074966430664,111.0142564319429,2
2012-09-10,112.56432342529297,111.12257421584357,3
2012-09-11,112.8780517578125,111.23723929268974,4
2012-09-12,113.25450897216797,111.37244596935454,5
2012-09-13,114.98017883300781,111.58908153715588,6
2012-09-14,115.49004364013672,111.8240222022647,7
2012-09-17,115.09782409667969,112.00143541608539,8
2012-09-18,115.00369262695312,112.16727302187965,9
2012-09-19,115.06644439697266,112.33572460356213,10
2012-09-20,115.07428741455078,112.52061208089192,11
2012-09-21,115.02618408203125,112.70096624465216,12
2012-09-24,114.85273742675781,112.91638801211403,13
2012-09-25,113.63043975830078,113.04185921805245,14
2012-09-26,112.99172973632812,113.13579414004371,-1
2012-09-27,114.0562744140625,113.28565034412202,1
2012-09-28,113.52796936035156,113.40624200730096,2
2012-10-01,113.8275375366211,113.57919311523438,3
2012-10-02,113.94586944580078,113.73275684175037,4
2012-10-03,114.41107177734375,113.91332826160249,5
2012-10-04,115.23118591308594,114.13743300664993,6
2012-10-05,115.23902130126953,114.25508916945685,7
2012-10-08,114.84481811523438,114.3330568586077,8
2012-10-09,113.70931243896484,114.38758014497303,-1
2012-10-10,112.98381805419922,114.39261663527716,-2
2012-10-11,113.04690551757812,114.38273075648716,-3
2012-10-12,112.67626190185547,114.2730204264323,-4
2012-10-15,113.61467742919922,114.1837172735305,-5
2012-10-16,114.76596069335938,114.16791425432477,1
2012-10-17,115.28643798828125,114.18137831914993,2
2012-10-18,114.98676300048828,114.17758396693638,3
2012-10-19,113.07059478759766,114.08217003231957,-1
2012-10-22,113.0863265991211,113.98979586646671,-2
2012-10-23,111.51714324951172,113.83095804850261,-3
2012-10-24,111.20172119140625,113.71530478341239,-4
2012-10-25,111.52503967285156,113.64546239943732,-5
2012-10-26,111.46192932128906,113.52192215692429,-6
2012-10-31,111.46192932128906,113.42353929792132,-7
2012-11-01,112.62899017333984,113.36646561395554,-8
2012-11-02,111.62751770019531,113.25606791178386,-9
2012-11-05,111.856201171875,113.13440740676154,-10
2012-11-06,112.73147583007812,113.01537359328498,-11
2012-11-07,110.17659759521484,112.77430579775856,-12
2012-11-08,108.85179901123047,112.48892393566314,-13
2012-11-09,108.94645690917969,112.26212129138764,-14
2012-11-12,109.0331802368164,112.07399568103608,-15
2012-11-13,108.65470123291016,111.8648430960519,-16
2012-11-14,107.18794250488281,111.60349455333892,-17
2012-11-15,107.00665283203125,111.28882671537853,-18
2012-11-16,107.53490447998047,110.94449070521763,-19
2012-11-19,109.71137237548828,110.67901139032273,-20
2012-11-20,109.75865936279297,110.43005407424201,-21
2012-11-21,109.96369934082031,110.2821066720145,-22
2012-11-23,111.46192932128906,110.20475442068917,1
2012-11-26,111.22539520263672,110.19086165655227,2
2012-11-27,110.65762329101562,110.16495223272415,3
2012-11-28,111.5486831665039,110.16607811337425,4
2012-11-29,112.06914520263672,110.1949931553432,5
2012-11-30,112.09275817871094,110.22503262474423,6
2012-12-03,111.54075622558594,110.17321196056548,7
2012-12-04,111.38311004638672,110.1615735008603,8
2012-12-05,111.58023071289062,110.14843205043248,9
2012-12-06,111.95873260498047,110.11163475399925,10
2012-12-07,112.29776000976562,110.21264248802548,11
2012-12-10,112.3450927734375,110.37898981003534,12
2012-12-11,113.11003112792969,110.57725524902344,13
2012-12-12,113.16519927978516,110.77401806059338,14
2012-12-13,112.47126770019531,110.95575932094029,15
2012-12-14,112.0533447265625,111.18744514102028,16
2012-12-17,113.37020874023438,111.49047161283947,17
2012-12-18,114.63191986083984,111.82842472621373,18
2012-12-19,113.78023529052734,112.02218010312035,19
2012-12-20,114.43475341796875,112.24485124860492,20
2012-12-21,113.3960189819336,112.40829504103888,21
2012-12-24,113.0466079711914,112.48375592912946,22
2012-12-26,112.5700912475586,112.54778907412575,23
2012-12-27,112.41923522949219,112.63167535691034,-1
2012-12-28,111.20423889160156,112.61527324858166,-2
2012-12-31,113.09423065185547,112.6640868414016,1
2013-01-02,115.99291229248047,112.84980846586681,2
2013-01-03,115.73086547851562,113.04933747791108,3
2013-01-04,116.23907470703125,113.28057389032273,4
2013-01-07,115.92139434814453,113.48729596819196,5
2013-01-08,115.58787536621094,113.66011229015533,6
2013-01-09,115.88175964355469,113.83077893938336,7
2013-01-10,116.80294799804688,114.04305775960286,8
2013-01-11,116.79497528076172,114.21853129069011,9
2013-01-14,116.71554565429688,114.38759540376209,10
2013-01-15,116.79497528076172,114.59348624093192,11
2013-01-16,116.77909088134766,114.81852177211216,12
2013-01-17,117.53350067138672,115.0167737688337,13
2013-01-18,117.79559326171875,115.16742488316127,14
2013-01-22,118.43093872070312,115.38888695126488,15
2013-01-23,118.62152862548828,115.58825719924201,16
2013-01-24,118.65326690673828,115.83860233851841,17
2013-01-25,119.32032775878906,116.13735089983258,18
2013-01-28,119.17742156982422,116.45198567708333,19
2013-01-29,119.64596557617188,116.79611569359189,20
2013-01-30,119.17742156982422,117.17579105922154,21
2013-01-31,118.88358306884766,117.45147450764973,22
2013-02-01,120.1065902709961,117.6473639351981,23
2013-02-04,118.75647735595703,117.79144069126674,24
2013-02-05,119.95573425292969,117.96842447916667,25
2013-02-06,120.04300689697266,118.16469174339657,26
2013-02-07,119.88420104980469,118.36927868071056,27
2013-02-08,120.55131530761719,118.59163847423736,28
2013-02-11,120.52747344970703,118.7689968290783,29
2013-02-12,120.72602081298828,118.95618947347005,30
2013-02-13,120.82925415039062,119.15208035423642,31
2013-02-14,120.9404067993164,119.34948185511998,32
2013-02-15,120.79747009277344,119.54083324614025,33
2013-02-19,121.70283508300781,119.73937298002697,34
2013-02-20,120.18596649169922,119.8532002766927,35
2013-02-21,119.4553451538086,119.90198153541202,-1
2013-02-22,120.62279510498047,119.99727993919736,1
2013-02-25,118.3276596069336,119.98177482968285,-1
2013-02-26,119.13771057128906,119.97307877313523,-2
2013-02-27,120.638671875,120.04266212100075,1
2013-02-28,120.40037536621094,120.07858639671689,2
2013-03-01,120.79747009277344,120.15573156447638,3
2013-03-04,121.44072723388672,120.27750033424014,4
2013-03-05,122.52871704101562,120.39283970424107,5
2013-03-06,122.69544219970703,120.58040945870536,6
2013-03-07,122.91789245605469,120.72146461123512,7
2013-03-08,123.44197845458984,120.88332039969308,8
2013-03-11,123.9105453491211,121.07505108061291,9
2013-03-12,123.6325912475586,121.2217785063244,10
2013-03-13,123.80724334716797,121.37795802525112,11
2013-03-14,124.46642303466797,121.55607241675968,12
2013-03-15,124.30211639404297,121.72144680931454,13
2013-03-18,123.61605834960938,121.84885878789993,14
2013-03-19,123.3289566040039,121.96940576462518,15
2013-03-20,124.19042205810547,122.08786228724888,16
2013-03-21,123.12950897216797,122.22803097679501,17
2013-03-22,124.11864471435547,122.45009286063058,18
2013-03-25,123.60010528564453,122.5918695359003,19
2013-03-26,124.5892562866211,122.89004080636161,20
2013-03-27,124.5892562866211,123.14963822137742,21
2013-03-28,124.97217559814453,123.35599554152716,22
2013-04-01,124.47760009765625,123.55014910016742,23
2013-04-02,125.09185791015625,123.75464375813802,24
2013-04-03,123.82350158691406,123.86810920352028,-1
2013-04-04,124.32597351074219,123.95369284493583,1
2013-04-05,123.76764678955078,124.00475020635696,-1
2013-04-08,124.60523223876953,124.08509971981957,1
2013-04-09,125.03594970703125,124.16100311279297,2
2013-04-10,126.56747436523438,124.2875235421317,3
2013-04-11,126.98229217529297,124.44703311011905,4
2013-04-12,126.67123413085938,124.58341362362816,5
2013-04-15,123.73576354980469,124.54862031482514,-1
2013-04-16,125.5625,124.60863858177548,1
2013-04-17,123.72774505615234,124.61395699637276,-1
2013-04-18,122.95399475097656,124.59610167003814,-2
2013-04-19,124.0229263305664,124.58812568301246,-3
2013-04-22,124.57333374023438,124.65687924339657,-4
2013-04-23,125.85755920410156,124.73968469528924,1
2013-04-24,125.93734741210938,124.85098193940662,2
2013-04-25,126.44781494140625,124.93948473249164,3
2013-04-26,126.22450256347656,125.01735360281808,4
2013-04-29,127.07003784179688,125.11725180489677,5
2013-04-30,127.37318420410156,125.25513676234654,6
2013-05-01,126.25640869140625,125.31059156145368,7
2013-05-02,127.42897033691406,125.48228054954892,8
2013-05-03,128.72120666503906,125.6915773664202,9
2013-05-06,129.04827880859375,125.94303603399368,10
2013-05-07,129.70233154296875,126.18575504847935,11
2013-05-08,130.29263305664062,126.43607330322266,12
2013-05-09,129.9257354736328,126.59599049886067,13
2013-05-10,130.34852600097656,126.75628734770275,14
2013-05-13,130.4521942138672,126.93633306594123,15
2013-05-14,131.80029296875,127.32035827636719,16
2013-05-15,132.51019287109375,127.65120079403832,17
2013-05-16,131.8880157470703,128.03978511265345,18
2013-05-17,133.1643524169922,128.52599262055895,19
2013-05-20,133.15634155273438,128.9609171549479,20
2013-05-21,133.34779357910156,129.37874857584634,21
2013-05-22,132.35862731933594,129.68832324800036,22
2013-05-23,131.9757537841797,129.97586640857514,23
2013-05-24,131.86410522460938,130.2337849934896,24
2013-05-28,132.65379333496094,130.5399416968936,25
2013-05-29,131.7922821044922,130.76481047130767,26
2013-05-30,132.27890014648438,130.9984159923735,27
2013-05-31,130.38038635253906,131.1947958809989,-1
2013-06-03,131.09829711914062,131.3695257277716,-2
2013-06-04,130.46812438964844,131.4527122860863,-3
2013-06-05,128.6414337158203,131.43333871023995,-4
2013-06-06,129.80604553222656,131.43827747163317,-5
2013-06-07,131.4573211669922,131.49373881022134,-6
2013-06-10,131.4573211669922,131.56667146228608,-7
2013-06-11,130.1011962890625,131.55489385695685,-8
2013-06-12,129.02430725097656,131.48689923967635,-9
2013-06-13,130.98655700683594,131.4481499081566,-10
2013-06-14,130.1649627685547,131.3364722842262,-11
2013-06-17,131.17013549804688,131.30228751046317,-12
2013-06-18,132.20709228515625,131.25670369466147,1
2013-06-19,130.38038635253906,131.12451535179503,-1
2013-06-20,127.14982604980469,130.8293740408761,-2
2013-06-21,127.55796813964844,130.60077122279577,-3
2013-06-24,125.94618225097656,130.3136487688337,-4
2013-06-25,127.15705871582031,130.0895036969866,-5
2013-06-26,128.41598510742188,129.88770330519904,-6
2013-06-27,129.16981506347656,129.76282392229353,-7
2013-06-28,128.64051818847656,129.58956763857887,-8
2013-07-01,129.3943634033203,129.54261416480654,-9
2013-07-02,129.27406311035156,129.45574587867372,-10
2013-07-03,129.33013916015625,129.40155610584077,-11
2013-07-05,130.7254638671875,129.50079563685827,1
2013-07-08,131.47120666503906,129.58008902413505,2
2013-07-09,132.41754150390625,129.62581380208334,3
2013-07-10,132.46560668945312,129.67382739839098,4
2013-07-11,134.2698516845703,129.8723347981771,5
2013-07-12,134.3260040283203,130.12479654947916,6
2013-07-15,134.8392333984375,130.3082573300316,7
2013-07-16,134.33401489257812,130.50678362165178,8
2013-07-17,134.67881774902344,130.67386372884116,9
2013-07-18,135.41661071777344,130.82669793991815,10
2013-07-19,135.65711975097656,131.07797095889137,11
2013-07-22,135.9217987060547,131.49568394252233,12
2013-07-23,135.63314819335938,131.88021632603235,13
2013-07-24,135.1359405517578,132.3178238641648,14
2013-07-25,135.46469116210938,132.7134254092262,15
2013-07-26,135.60906982421875,133.05595325288317,16
2013-07-29,135.1920928955078,133.34272838774183,17
2013-07-30,135.1920928955078,133.65470813569567,18
2013-07-31,135.28829956054688,133.9353717622303,19
2013-08-01,136.85195922851562,134.29622395833334,20
2013-08-02,137.08450317382812,134.6654793875558,21
2013-08-05,136.884033203125,134.958744594029,22
2013-08-06,136.106201171875,135.17945861816406,23
2013-08-07,135.66513061523438,135.33410571870348,24
2013-08-08,136.1623992919922,135.51014346168154,25
2013-08-09,135.7694091796875,135.58155096144904,26
2013-08-12,135.60906982421875,135.64264933268228,-1
2013-08-13,136.00994873046875,135.69839768182663,1
2013-08-14,135.31231689453125,135.74498349144346,-1
2013-08-15,133.41983032226562,135.6850317092169,-2
2013-08-16,132.97882080078125,135.5689464750744,-3
2013-08-19,132.12876892089844,135.40092976888022,-4
2013-08-20,132.77835083007812,135.25124177478608,-5
2013-08-21,131.96038818359375,135.07634844098772,-6
2013-08-22,133.16323852539062,134.98241024925596,-7
2013-08-23,133.6123046875,134.89420136951264,-8
2013-08-26,133.11512756347656,134.7754422142392,-9
2013-08-27,130.9740753173828,134.57458423432848,-10
2013-08-28,131.43919372558594,134.39587475004652,-11
2013-08-29,131.64764404296875,134.2225102015904,-12
2013-08-30,131.2306365966797,133.95482817150298,-13
2013-09-03,131.82406616210938,133.70433117094495,-14
2013-09-04,132.9146728515625,133.51531401134673,-15
2013-09-05,133.0830841064453,133.37135605585007,-16
2013-09-06,133.14718627929688,133.25145394461495,-17
2013-09-09,134.4221954345703,133.16858709426154,1
2013-09-10,135.41661071777344,133.15178716750373,2
2013-09-11,135.841552734375,133.16285778227308,3
2013-09-12,135.48069763183594,133.13765534900483,4
2013-09-13,135.78546142578125,133.1601860409691,5
2013-09-16,136.5713653564453,133.31025913783483,6
2013-09-17,137.1807861328125,133.5103527250744,7
2013-09-18,138.76853942871094,133.82653227306548,8
2013-09-19,138.5359344482422,134.10070292154947,9
2013-09-20,137.56741333007812,134.3677041190011,10
2013-09-23,136.93081665039062,134.54711260114397,11
2013-09-24,136.6085205078125,134.6897895449684,12
2013-09-25,136.213623046875,134.83733694893974,13
2013-09-26,136.73741149902344,135.11178152901786,14
2013-09-27,136.10885620117188,135.33414640880767,15
2013-09-30,135.38363647460938,135.51205081031435,-1
2013-10-01,136.45535278320312,135.76084681919642,1
2013-10-02,136.326416015625,135.9752444312686,2
2013-10-03,135.0693817138672,136.07784961518786,-1
2013-10-04,136.0927734375,136.2211681547619,-2
2013-10-07,134.91629028320312,136.30541120256697,-3
2013-10-08,133.34490966796875,136.25411188034784,-4
2013-10-09,133.44163513183594,136.16006542387464,-5
2013-10-10,136.318359375,136.18277050199964,1
2013-10-11,137.19677734375,136.26448858351935,2
2013-10-14,137.74468994140625,136.3577851795015,3
2013-10-15,136.74546813964844,136.36607578822546,4
2013-10-16,138.6552276611328,136.43628728957404,5
2013-10-17,139.5819091796875,136.47501918247767,6
2013-10-18,140.52467346191406,136.5697210402716,7
2013-10-21,140.5327606201172,136.71092805408296,8
2013-10-22,141.34669494628906,136.92120797293526,9
2013-10-23,140.66978454589844,137.11460149855841,10
2013-10-24,141.13714599609375,137.34905497233072,11
2013-10-25,141.78170776367188,137.5892595563616,12
2013-10-28,142.0074005126953,137.8701426188151,13
2013-10-29,142.76486206054688,138.2216295514788,14
2013-10-30,142.0557403564453,138.48831467401413,15
2013-10-31,141.65283203125,138.74195353190103,16
2013-11-01,141.9912872314453,139.07156808035714,17
2013-11-04,142.49082946777344,139.37623741513207,18
2013-11-05,142.0395965576172,139.71544247581846,19
2013-11-06,142.76486206054688,140.16401163736978,20
2013-11-07,140.9598388671875,140.5220213390532,21
2013-11-08,142.8615264892578,140.83360072544642,22
2013-11-11,142.88575744628906,141.10450453985305,23
2013-11-12,142.59568786621094,141.33550444103423,24
2013-11-13,143.7398681640625,141.66857110886346,25
2013-11-14,144.45704650878906,141.9448481968471,26
2013-11-15,145.08555603027344,142.20692661830358,27
2013-11-18,144.577880859375,142.39993649437315,28
2013-11-19,144.263671875,142.57759893508185,29
2013-11-20,143.81240844726562,142.69501386369978,30
2013-11-21,144.9727783203125,142.89991832914808,31
2013-11-22,145.69793701171875,143.11709885370163,32
2013-11-25,145.55294799804688,143.29668172200522,33
2013-11-26,145.59323120117188,143.4674355643136,34
2013-11-27,145.94776916503906,143.61900256928942,35
2013-11-29,145.85107421875,143.7997327532087,36
2013-12-02,145.47238159179688,143.9816160656157,37
2013-12-03,144.8438720703125,144.1174534388951,38
2013-12-04,144.8277130126953,144.2287336077009,39
2013-12-05,144.19110107421875,144.33118620372954,-1
2013-12-06,145.80274963378906,144.47584751674108,1
2013-12-09,146.17333984375,144.72410946800596,2
2013-12-10,145.649658203125,144.85687764485678,3
2013-12-11,144.0138702392578,144.9105973016648,-1
2013-12-12,143.53843688964844,144.9554901123047,-2
2013-12-13,143.52232360839844,144.94513084774925,-3
2013-12-16,144.4167938232422,144.9432140531994,-4
2013-12-17,143.95742797851562,144.88949366978235,-5
2013-12-18,146.4151153564453,144.97698102678572,1
2013-12-19,146.24598693847656,145.07137698218935,2
2013-12-20,147.09658813476562,145.22776649111793,3
2013-12-23,147.8824920654297,145.36632428850447,4
2013-12-24,148.20660400390625,145.48578462146577,5
2013-12-26,148.96005249023438,145.64802769252233,6
2013-12-27,148.95191955566406,145.80796523321243,7
2013-12-30,148.92764282226562,145.94986397879464,8
2013-12-31,149.6324920654297,146.1299314953032,9
2014-01-02,148.19847106933594,146.2597452799479,10
2014-01-03,148.17417907714844,146.41833132789247,11
2014-01-06,147.74481201171875,146.55724080403647,12
2014-01-07,148.65216064453125,146.7696722121466,13
2014-01-08,148.68466186523438,146.9069061279297,14
2014-01-09,148.78179931640625,147.03111848377046,15
2014-01-10,149.18692016601562,147.1995595296224,16
2014-01-13,147.20193481445312,147.35137212844123,-1
2014-01-14,148.8061065673828,147.60221354166666,1
2014-01-15,149.60821533203125,147.8920179094587,2
2014-01-16,149.41372680664062,148.12996709914435,3
2014-01-17,148.78179931640625,148.35969906761534,4
2014-01-21,149.21926879882812,148.49323018391928,5
2014-01-22,149.3165283203125,148.63944644019716,6
2014-01-23,148.0931854248047,148.68690345400856,-1
2014-01-24,144.93344116210938,148.54647245861236,-2
2014-01-27,144.2205047607422,148.35665820893786,-3
2014-01-28,145.0792694091797,148.17185901460192,-4
2014-01-29,143.68577575683594,147.92109026227678,-5
2014-01-30,145.2089080810547,147.74400765555245,-6
2014-01-31,144.35821533203125,147.49285162062873,-7
2014-02-03,141.10931396484375,147.15527271089098,-8
2014-02-04,142.09776306152344,146.8659195672898,-9
2014-02-05,141.91958618164062,146.5885278610956,-10
2014-02-06,143.79110717773438,146.35704912458147,-11
2014-02-07,145.573486328125,146.20889790852866,-12
2014-02-10,145.84083557128906,146.068852015904,-13
2014-02-11,147.43690490722656,145.98551795596168,1
2014-02-12,147.50985717773438,146.00018092564173,2
2014-02-13,148.27142333984375,145.97471981956846,3
2014-02-14,149.08969116210938,145.95002819242933,4
2014-02-18,149.26791381835938,145.94308471679688,5
2014-02-19,148.27947998046875,145.9191647484189,6
2014-02-20,149.1544952392578,145.91608029320128,7
2014-02-21,148.98434448242188,145.90026201520647,8
2014-02-24,149.81076049804688,145.9820513044085,9
2014-02-25,149.75399780273438,146.21160162062873,10
2014-02-26,149.76214599609375,146.4754892985026,11
2014-02-27,150.54798889160156,146.73590451195128,12
2014-02-28,150.92880249023438,147.080810546875,13
2014-03-03,149.86740112304688,147.30264354887464,14
2014-03-04,151.9739227294922,147.66529628208704,15
2014-03-05,152.11163330078125,148.18921625046502,16
2014-03-06,152.4600067138672,148.68265642438615,17
2014-03-07,152.52487182617188,149.1876700265067,18
2014-03-10,152.4438018798828,149.5997031075614,19
2014-03-11,151.6903839111328,149.89098394484748,20
2014-03-12,151.73085021972656,150.1714608328683,21
2014-03-13,150.02947998046875,150.29491678873697,-1
2014-03-14,149.60821533203125,150.39483860560827,-2
2014-03-17,150.96119689941406,150.5229230608259,1
2014-03-18,152.03875732421875,150.6633547828311,2
2014-03-19,151.22853088378906,150.75671750023253,3
2014-03-20,152.11163330078125,150.93920099167596,4
2014-03-21,151.52169799804688,151.05192493257067,5
2014-03-24,150.89511108398438,151.14291381835938,-1
2014-03-25,151.6111602783203,151.22864714122954,1
2014-03-26,150.52072143554688,151.26515779041108,-1
2014-03-27,150.2034149169922,151.28617059616815,-2
2014-03-28,150.94387817382812,151.30502246675036,-3
2014-03-31,152.1808319091797,151.3646429152716,1
2014-04-01,153.18988037109375,151.52285621279762,2
2014-04-02,153.70257568359375,151.6051730201358,3
2014-04-03,153.49908447265625,151.67124212355841,4
2014-04-04,151.68443298339844,151.63431004115515,5
2014-04-07,150.00807189941406,151.51446242559524,-1
2014-04-08,150.62657165527344,151.42792765299478,-2
2014-04-09,152.2458953857422,151.45438058035714,1
2014-04-10,149.04786682128906,151.32661946614584,-1
2014-04-11,147.70510864257812,151.21593511672248,-2
2014-04-14,148.86886596679688,151.18072800409226,-3
2014-04-15,149.8941650390625,151.12991696312315,-4
2014-04-16,151.46470642089844,151.10258120582216,1
2014-04-17,151.6763153076172,151.1239042736235,2
2014-04-21,152.2052764892578,151.12836347307478,3
2014-04-22,152.8969268798828,151.193850562686,4
2014-04-23,152.5388946533203,151.27212597074964,5
2014-04-24,152.84812927246094,151.3310292561849,6
2014-04-25,151.59494018554688,151.38218252999442,7
2014-04-28,152.07501220703125,151.47130621047248,8
2014-04-29,152.78297424316406,151.55888221377418,9
2014-04-30,153.2386932373047,151.60925656273253,10
2014-05-01,153.2549591064453,151.61235555013022,11
2014-05-02,153.0352783203125,151.58057948521204,12
2014-05-05,153.32823181152344,151.57244364420572,13
2014-05-06,151.99365234375,151.58716837565103,14
2014-05-07,152.8888397216797,151.72434779575892,15
2014-05-08,152.72601318359375,151.82432120186942,16
2014-05-09,152.95387268066406,151.85803440638952,17
2014-05-12,154.4430694580078,152.11494881766183,18
2014-05-13,154.5814208984375,152.44239225841704,19
2014-05-14,153.84898376464844,152.6795407249814,20
2014-05-15,152.49815368652344,152.8035401843843,-1
2014-05-16,153.0271759033203,152.87794349307106,1
2014-05-19,153.58863830566406,152.96900649297805,2
2014-05-20,152.62025451660156,152.98876735142298,-1
2014-05-21,153.90602111816406,153.0368194580078,1
2014-05-22,154.2803192138672,153.11974443708147,2
2014-05-23,154.8987579345703,153.21739342099144,3
2014-05-27,155.85089111328125,153.42005775088356,4
2014-05-28,155.73690795898438,153.5944337390718,5
2014-05-29,156.5425567626953,153.7734614780971,6
2014-05-30,156.7947998046875,153.94279988606772,7
2014-06-02,156.9738311767578,154.11988903227308,8
2014-06-03,156.8924560546875,154.3035641624814,9
2014-06-04,157.20980834960938,154.48840114048548,10
2014-06-05,158.2351531982422,154.78561546688988,11
2014-06-06,158.99200439453125,155.0762423560733,12
2014-06-09,159.1547088623047,155.3823707217262,13
2014-06-10,159.17095947265625,155.67842247372582,14
2014-06-11,158.61764526367188,155.87721179780505,15
2014-06-12,157.49468994140625,156.01593889508928,16
2014-06-13,157.9747772216797,156.212405250186,17
2014-06-16,158.1050262451172,156.47939918154762,18
2014-06-17,158.54440307617188,156.74212428501673,19
2014-06-18,159.70806884765625,157.03352573939733,20
2014-06-19,159.8870849609375,157.3795652843657,21
2014-06-20,160.21168518066406,157.6798350016276,22
2014-06-23,160.1626434326172,157.95994567871094,23
2014-06-24,159.1978302001953,158.16466340564546,24
2014-06-25,159.91729736328125,158.3583017985026,25
2014-06-26,159.80284118652344,158.55191766648065,26
2014-06-27,160.11358642578125,158.72196669805618,27
2014-06-30,160.03182983398438,158.87611098516555,28
2014-07-01,161.1029815673828,159.07273719424293,29
2014-07-02,161.26649475097656,159.2810247512091,30
2014-07-03,162.05963134765625,159.51196870349702,31
2014-07-07,161.49542236328125,159.66721961611793,32
2014-07-08,160.45700073242188,159.73698134649368,33
2014-07-09,161.17649841308594,159.83325703938803,34
2014-07-10,160.53878784179688,159.8983917236328,35
2014-07-11,160.75958251953125,160.00038873581659,36
2014-07-14,161.56907653808594,160.19440714518228,37
2014-07-15,161.26649475097656,160.35115559895834,38
2014-07-16,161.8634033203125,160.5301259358724,39
2014-07-17,160.0236358642578,160.6005655924479,-1
2014-07-18,161.65896606445312,160.69346545991442,1
2014-07-21,161.35641479492188,160.76343354724702,2
2014-07-22,162.05963134765625,160.85143098377046,3
2014-07-23,162.41941833496094,160.95889645531065,4
2014-07-24,162.42752075195312,161.1126912434896,5
2014-07-25,161.6671600341797,161.1960180373419,6
2014-07-28,161.7325439453125,161.28790864490327,7
2014-07-29,161.0375213623047,161.33190554664247,-1
2014-07-30,161.06207275390625,161.38096473330543,-2
2014-07-31,157.88140869140625,161.22755650111608,-3
2014-08-01,157.39898681640625,161.04338945661272,-4
2014-08-04,158.53549194335938,160.87557329450334,-5
2014-08-05,156.9983673095703,160.66142781575522,-6
2014-08-06,157.04742431640625,160.49906703404017,-7
2014-08-07,156.19699096679688,160.26194763183594,-8
2014-08-08,158.0040283203125,160.14124479747954,-9
2014-08-11,158.4619598388672,160.0318341936384,-10
2014-08-12,158.2411346435547,159.87336077008928,-11
2014-08-13,159.312255859375,159.7803017752511,-12
2014-08-14,160.0645751953125,159.69464329310827,1
2014-08-15,160.03182983398438,159.69503348214286,2
2014-08-18,161.372802734375,159.68140665690103,3
2014-08-19,162.21498107910156,159.72229076567152,4
2014-08-20,162.64837646484375,159.75032624744233,5
2014-08-21,163.12254333496094,159.78380839029947,6
2014-08-22,162.8690185546875,159.80483209519159,7
2014-08-25,163.6948699951172,159.90138971237909,8
2014-08-26,163.80120849609375,159.99989754813058,9
2014-08-27,163.73580932617188,160.12838745117188,10
2014-08-28,163.64584350585938,160.25142415364584,11
2014-08-29,164.11192321777344,160.54811532156808,12
2014-09-02,164.03013610839844,160.86388433547248,13
2014-09-03,163.94020080566406,161.12125142415366,14
2014-09-04,163.7030792236328,161.4405234200614,15
2014-09-05,164.43896484375,161.79250154041108,16
2014-09-08,164.0137939453125,162.16473025367372,17
2014-09-09,162.9753875732422,162.40146164667038,18
2014-09-10,163.58860778808594,162.64558773949034,19
2014-09-11,163.77671813964844,162.90918695359002,20
2014-09-12,162.820068359375,163.07622564406623,-1
2014-09-15,162.69737243652344,163.20159694126673,-2
2014-09-16,163.92384338378906,163.38693091982887,1
2014-09-17,164.14463806152344,163.51892307826452,2
2014-09-18,165.01956176757812,163.65247453962053,3
2014-09-19,164.87088012695312,163.75830804734002,4
2014-09-22,163.59754943847656,163.78092738560267,-1
2014-09-23,162.6610107421875,163.7710222516741,-2
2014-09-24,163.9343719482422,163.78242710658483,1
2014-09-25,161.28921508789062,163.66280837286087,-1
2014-09-26,162.57066345214844,163.6073252360026,-2
2014-09-29,162.27496337890625,163.5420452299572,-3
2014-09-30,161.84783935546875,163.43423171270462,-4
2014-10-01,159.6544647216797,163.22586640857514,-5
2014-10-02,159.67906188964844,163.02295503162202,-6
2014-10-03,161.43710327148438,162.91505141485305,-7
2014-10-06,161.2480926513672,162.76310511997767,-8
2014-10-07,158.75909423828125,162.51288132440476,-9
2014-10-08,161.5356903076172,162.44432431175596,-10
2014-10-09,158.3318634033203,162.19400315057663,-11
2014-10-10,156.524658203125,161.84866696312315,-12
2014-10-13,153.95339965820312,161.4264446440197,-13
2014-10-14,154.1916046142578,161.0214080810547,-14
2014-10-15,153.1483612060547,160.50828988211495,-15
2014-10-16,153.01690673828125,159.9783979143415,-16
2014-10-17,154.82411193847656,159.49290030343192,-17
2014-10-20,156.32742309570312,159.08606901622954,-18
2014-10-21,159.42446899414062,158.8873508998326,1
2014-10-22,158.29080200195312,158.6792457217262,-1
2014-10-23,160.13088989257812,158.49812752859933,1
2014-10-24,161.3631134033203,158.50164649600075,2
2014-10-27,161.14138793945312,158.43358575730096,3
2014-10-28,162.98971557617188,158.4676215762184,4
2014-10-29,162.74322509765625,158.51025899251303,5
2014-10-30,163.78646850585938,158.70702107747397,6
2014-10-31,165.6594696044922,158.9918023972284,7
2014-11-03,165.74984741210938,159.19717116582962,8
2014-11-04,165.17477416992188,159.38415600004652,9
2014-11-05,166.21804809570312,159.73934427897134,10
2014-11-06,166.88343811035156,159.99399893624442,11
2014-11-07,167.03955078125,160.40865071614584,12
2014-11-10,167.56532287597656,160.9343966529483,13
2014-11-11,167.72959899902344,161.5904061453683,14
2014-11-12,167.5489044189453,162.22646804082962,15
2014-11-13,167.7378387451172,162.92120506649925,16
2014-11-14,167.7788848876953,163.62415640694755,17
2014-11-17,167.8856658935547,164.24613516671317,18
2014-11-18,168.85499572753906,164.84268624441964,19
2014-11-19,168.5839080810547,165.27885001046317,20
2014-11-20,168.87966918945312,165.78308178129652,21
2014-11-21,169.78329467773438,166.24272010439918,22
2014-11-24,170.259765625,166.66637021019346,23
2014-11-25,170.1365509033203,167.09471130371094,24
2014-11-26,170.5719451904297,167.45576985677084,25
2014-11-28,170.21046447753906,167.8113526843843,26
2014-12-01,169.0274658203125,168.06092398507255,27
2014-12-02,170.12010192871094,168.27333504813058,28
2014-12-03,170.77723693847656,168.51273454938615,29
2014-12-04,170.5883331298828,168.77052307128906,30
2014-12-05,170.86769104003906,168.99193464006697,31
2014-12-08,169.72581481933594,169.12728591192337,32
2014-12-09,169.61074829101562,169.24972388857887,33
2014-12-10,166.89166259765625,169.21764482770647,-1
2014-12-11,167.7378387451172,169.21803719656808,-2
2014-12-12,165.02694702148438,169.09794398716517,-3
2014-12-15,163.89328002929688,168.9148697626023,-4
2014-12-16,162.57891845703125,168.66725231352308,-5
2014-12-17,165.7662811279297,168.56632922944567,-6
2014-12-18,169.8654327392578,168.61444527762276,1
2014-12-19,170.5882110595703,168.7098882765997,2
2014-12-22,171.37290954589844,168.82861400785902,3
2014-12-23,171.604248046875,168.91532607305618,4
2014-12-24,171.62071228027344,168.98013305664062,5
2014-12-26,172.1741485595703,169.07716151646204,6
2014-12-29,172.40541076660156,169.16446940104166,7
2014-12-30,171.48033142089844,169.22493925548736,8
2014-12-31,169.77865600585938,169.26071021670387,9
2015-01-02,169.68785095214844,169.24012683686755,10
2015-01-05,166.62338256835938,169.04232424781435,-1
2015-01-06,165.05389404296875,168.77877952938988,-2
2015-01-07,167.11068725585938,168.59987458728608,-3
2015-01-08,170.07603454589844,168.6165517171224,1
2015-01-09,168.71316528320312,168.57380966913132,2
2015-01-12,167.39154052734375,168.59761338006882,-1
2015-01-13,166.9207305908203,168.55870346795945,-2
2015-01-14,165.91294860839844,168.60089401971726,-3
2015-01-15,164.39309692382812,168.62469482421875,-4
2015-01-16,166.5489959716797,168.8137461344401,-5
2015-01-20,166.9041748046875,168.86793154761904,-6
2015-01-21,167.74673461914062,168.7670411609468,-7
2015-01-22,170.2412567138672,168.75051952543714,1
2015-01-23,169.30792236328125,168.65218680245536,2
2015-01-26,169.70436096191406,168.5617159888858,3
2015-01-27,167.46585083007812,168.3638654436384,-1
2015-01-28,165.3182373046875,168.03739347912017,-2
2015-01-29,166.8463592529297,167.7726767403739,-3
2015-01-30,164.74830627441406,167.45210411435082,-4
2015-02-02,166.78857421875,167.3097192673456,-5
2015-02-03,169.2005157470703,167.28651282900856,1
2015-02-04,168.55618286132812,167.37855093819755,2
2015-02-05,170.25778198242188,167.62635512579055,3
2015-02-06,169.7869415283203,167.75379580543154,4
2015-02-09,169.0270538330078,167.70384434291296,5
2015-02-10,170.82774353027344,167.8045385451544,6
2015-02-11,170.92689514160156,167.97288876488096,7
2015-02-12,172.57061767578125,168.24193100702195,8
2015-02-13,173.281005859375,168.59279087611608,9
2015-02-17,173.5535888671875,169.0290047781808,10
2015-02-18,173.57015991210938,169.36334591820128,11
2015-02-19,173.4462127685547,169.67487153552827,12
2015-02-20,174.48703002929688,169.99583798363096,13
2015-02-23,174.462158203125,170.19683329264322,14
2015-02-24,174.95777893066406,170.46587408156623,15
2015-02-25,174.80917358398438,170.7089603969029,16
2015-02-26,174.60263061523438,171.04880705333892,17
2015-02-27,174.0079345703125,171.46260216122582,18
2015-03-02,175.10650634765625,171.85594249906995,19
2015-03-03,174.38784790039062,172.3149682907831,20
2015-03-04,173.65269470214844,172.64183117094495,21
2015-03-05,173.84271240234375,172.8628881545294,22
2015-03-06,171.397705078125,172.9981987362816,-1
2015-03-09,172.1080780029297,173.0863080705915,-2
2015-03-10,169.31619262695312,173.0638914562407,-3
2015-03-11,168.91969299316406,173.05877903529577,-4
2015-03-12,171.0672607421875,173.07018461681548,-5
2015-03-13,170.0182647705078,173.02691650390625,-6
2015-03-16,172.28976440429688,173.01354253859748,-7
2015-03-17,171.77761840820312,172.94195265997024,-8
2015-03-18,173.84271240234375,172.95572044735863,1
2015-03-19,173.04974365234375,172.93093872070312,2
2015-03-20,174.57720947265625,172.98479570661272,3
2015-03-23,174.2370147705078,172.97289021809897,4
2015-03-24,173.2580108642578,172.91554986862909,5
2015-03-25,170.71905517578125,172.71370588030135,-1
2015-03-26,170.31251525878906,172.49957929338728,-2
2015-03-27,170.70252990722656,172.31386021205358,-3
2015-03-30,172.78501892089844,172.25562613351005,1
2015-03-31,171.27500915527344,172.07317388625373,-1
2015-04-01,170.66929626464844,171.89609999883743,-2
2015-04-02,171.28330993652344,171.7832721528553,-3
2015-04-06,172.4365234375,171.71631077357702,1
2015-04-07,171.98019409179688,171.7440483456566,2
2015-04-08,172.56101989746094,171.76561700730096,3
2015-04-09,173.32437133789062,171.95648266020277,4
2015-04-10,174.27023315429688,172.21127028692337,5
2015-04-13,173.48196411132812,172.32625616164435,6
2015-04-14,173.81385803222656,172.50699869791666,7
2015-04-15,174.5937957763672,172.61671447753906,8
2015-04-16,174.5439910888672,172.74844650995163,9
2015-04-17,172.5361785888672,172.6862306140718,-1
2015-04-20,174.112548828125,172.7368403843471,1
2015-04-21,173.90516662597656,172.704838344029,2
2015-04-22,174.75967407226562,172.72972688220796,3
2015-04-23,175.19944763183594,172.82217625209265,4
2015-04-24,175.60606384277344,173.05489095052084,5
2015-04-27,174.8758544921875,173.2721928187779,6
2015-04-28,175.43177795410156,173.49739510672433,7
2015-04-29,174.70994567871094,173.5890582856678,8
2015-04-30,172.9593048095703,173.6692628406343,-1
2015-05-01,174.83438110351562,173.8676002139137,1
2015-05-04,175.332275390625,174.06040809268043,2
2015-05-05,173.32437133789062,174.1026865641276,-1
2015-05-06,172.6107940673828,174.1327151343936,-2
2015-05-07,173.29945373535156,174.16787865048363,-3
2015-05-08,175.58114624023438,174.2753441220238,1
2015-05-11,174.74313354492188,174.29786318824404,2
2015-05-12,174.2204132080078,174.33302743094308,-1
2015-05-13,174.2536163330078,174.35396830240884,-2
2015-05-14,176.07066345214844,174.42429533458892,1
2015-05-15,176.26150512695312,174.5060817173549,2
2015-05-18,176.80911254882812,174.70955476306733,3
2015-05-19,176.75100708007812,174.83519563220796,4
2015-05-20,176.62660217285156,174.96478780110678,5
2015-05-21,177.1409912109375,175.07818385532923,6
2015-05-22,176.7178192138672,175.1504872639974,7
2015-05-26,174.8177947998047,175.11295064290366,-1
2015-05-27,176.47723388671875,175.18920680454798,1
2015-05-28,176.27810668945312,175.22950817289808,2
2015-05-29,175.18289184570312,175.2520294189453,-1
2015-06-01,175.53964233398438,175.3749026343936,1
2015-06-02,175.365478515625,175.4001929873512,-1
2015-06-03,175.83006286621094,175.4238971528553,1
2015-06-04,174.34487915039062,175.47249276297433,-1
2015-06-05,174.0461883544922,175.5408448718843,-2
2015-06-08,172.9759063720703,175.5254378545852,-3
2015-06-09,172.95098876953125,175.4001922607422,-4
2015-06-10,175.02523803710938,175.4136258079892,-5
2015-06-11,175.58949279785156,175.47882007417223,1
2015-06-12,174.245361328125,175.47842697870163,-1
2015-06-15,173.49859619140625,175.35594758533296,-2
2015-06-16,174.44448852539062,175.26942298525856,-3
2015-06-17,174.7265167236328,175.17025175548736,-4
2015-06-18,176.54359436035156,175.1603749593099,1
2015-06-19,175.7598876953125,175.11910284133185,2
2015-06-22,176.6603240966797,175.09621393112909,3
2015-06-23,176.7853546142578,175.09942990257628,4
2015-06-24,175.50144958496094,175.1319848923456,5
2015-06-25,174.9678955078125,175.0601116362072,-1
2015-06-26,174.93447875976562,174.99612935384116,-2
2015-06-29,171.26605224609375,174.80961318243118,-3
2015-06-30,171.62457275390625,174.62318129766555,-4
2015-07-01,173.00025939941406,174.51055181594123,-5
2015-07-02,172.84176635742188,174.36825198218935,-6
2015-07-06,172.34986877441406,174.27325148809524,-7
2015-07-07,173.4337615966797,174.24408830915178,-8
2015-07-08,170.52401733398438,174.12733168829055,-9
2015-07-09,170.83251953125,174.02645220075334,-10
2015-07-10,172.98355102539062,173.9292290097191,-11
2015-07-13,174.89279174804688,173.89605276925224,1
2015-07-14,175.65150451660156,173.96301196870348,2
2015-07-15,175.59312438964844,174.06275140671502,3
2015-07-16,177.0021514892578,174.1845448811849,4
2015-07-17,177.15219116210938,174.300053187779,5
2015-07-20,177.24395751953125,174.3334038144066,6
2015-07-21,176.54356384277344,174.37072172619048,7
2015-07-22,176.226806640625,174.35007803780692,8
2015-07-23,175.23468017578125,174.27623639787947,9
2015-07-24,173.41708374023438,174.17698088146392,-1
2015-07-27,172.40826416015625,174.05509367443267,-2
2015-07-28,174.5259246826172,174.03563871837798,1
2015-07-29,175.7264862060547,174.24804033551897,2
2015-07-30,175.76821899414062,174.44535682314918,3
2015-07-31,175.50144958496094,174.56446111769904,4
2015-08-03,174.90943908691406,174.66292172386534,5
2015-08-04,174.5676727294922,174.7685314360119,-1
2015-08-05,175.14297485351562,174.8499225434803,1
2015-08-06,173.70889282226562,175.00158328101747,-1
2015-08-07,173.37542724609375,175.12267412458147,-2
2015-08-10,175.5597686767578,175.24535115559897,1
2015-08-11,173.97569274902344,175.20167977469308,-1
2015-08-12,174.18414306640625,175.13180541992188,-2
2015-08-13,173.96731567382812,175.05438595726378,-3
2015-08-14,174.6009979248047,174.94004531133743,-4
2015-08-17,175.57643127441406,174.8650091262091,1
2015-08-18,175.06785583496094,174.76138523646765,2
2015-08-19,173.6838836669922,174.62520999000185,-1
2015-08-20,170.05711364746094,174.33141508556548,-2
2015-08-21,164.9379119873047,173.8410927908761,-3
2015-08-24,157.99298095703125,173.10661170596168,-4
2015-08-25,156.1336669921875,172.33163088843935,-5
2015-08-26,162.12832641601562,171.74126906622024,-6
2015-08-27,166.13856506347656,171.28470139276413,-7
2015-08-28,166.1468963623047,170.82654317220053,-8
2015-08-31,164.80459594726562,170.31716918945312,-9
2015-09-01,159.8855743408203,169.60174705868675,-10
2015-09-02,162.92034912109375,169.04711260114397,-11
2015-09-03,163.037109375,168.47064281645277,-12
2015-09-04,160.56918334960938,167.8449423653739,-13
2015-09-08,164.60443115234375,167.4272758847191,-14
2015-09-09,162.40342712402344,166.80078342982702,-15
2015-09-10,163.28724670410156,166.29180980864027,-16
2015-09-11,164.0292205810547,165.80824207124255,-17
2015-09-14,163.42059326171875,165.30601719447546,-18
2015-09-15,165.46322631835938,164.87088521321616,1
2015-09-16,166.89724731445312,164.45759073893228,2
2015-09-17,166.52210998535156,164.05065046037947,3
2015-09-18,163.80087280273438,163.5800308954148,4
2015-09-21,164.64732360839844,163.32242184593565,5
2015-09-22,162.51022338867188,163.20681762695312,-1
2015-09-23,162.25047302246094,163.40955534435454,-2
2015-09-24,161.66384887695312,163.6728973388672,-3
2015-09-25,161.6219024658203,163.6487819126674,-4
2015-09-28,157.5656280517578,163.24054681687127,-5
2015-09-29,157.65780639648438,162.83630443754652,-6
2015-09-30,160.59945678710938,162.6360597156343,-7
2015-10-01,161.0184783935547,162.69000752766928,-8
2015-10-02,163.42373657226562,162.71397835867745,1
2015-10-05,166.33181762695312,162.87086922781808,2
2015-10-06,165.76199340820312,163.11814589727493,3
2015-10-07,167.11961364746094,163.2379164922805,4
2015-10-08,168.62815856933594,163.53433227539062,5
2015-10-09,168.72872924804688,163.79345049176897,6
2015-10-12,168.8879852294922,164.02482023693267,7
2015-10-13,167.8235626220703,164.23448544456846,8
2015-10-14,167.01907348632812,164.3085734049479,9
2015-10-15,169.5836181640625,164.43649582635788,10
2015-10-16,170.35455322265625,164.6189931233724,11
2015-10-19,170.43846130371094,164.93506876627603,12
2015-10-20,170.22047424316406,165.20045689174108,13
2015-10-21,169.16452026367188,165.51732817150298,14
2015-10-22,172.0223388671875,165.98265511648995,15
2015-10-23,173.9080047607422,166.56571015857514,16
2015-10-26,173.48052978515625,167.13040669759116,17
2015-10-27,173.14537048339844,167.87229919433594,18
2015-10-28,175.1147918701172,168.70358421688988,19
2015-10-29,175.0142364501953,169.39000229608445,20
2015-10-30,174.260009765625,170.02055140904017,21
2015-11-02,176.32159423828125,170.63473510742188,22
2015-11-03,176.8328857421875,171.1347859700521,23
2015-11-04,176.2965087890625,171.63642955961683,24
2015-11-05,176.1204833984375,172.06504240490142,25
2015-11-06,176.02835083007812,172.4174325125558,26
2015-11-09,174.3856658935547,172.68681044805618,27
2015-11-10,174.78793334960938,172.96776035853796,28
2015-11-11,174.1007537841797,173.2666742234003,29
2015-11-12,171.6703643798828,173.48816426595053,-1
2015-11-13,169.7427520751953,173.49574207124255,-2
2015-11-16,172.32403564453125,173.5895269484747,-3
2015-11-17,172.19830322265625,173.67332894461495,-4
2015-11-18,174.93045043945312,173.89761352539062,1
2015-11-19,174.77957153320312,174.16499691917784,2
2015-11-20,175.4165496826172,174.32662600562685,3
2015-11-23,175.2154083251953,174.38888331821985,4
2015-11-24,175.4500274658203,174.482668922061,5
2015-11-25,175.4248809814453,174.59121704101562,6
2015-11-27,175.62606811523438,174.61556352887834,7
2015-11-30,174.89695739746094,174.60997881208147,8
2015-12-01,176.5646514892578,174.719723656064,9
2015-12-02,174.76283264160156,174.64549691336495,10
2015-12-03,172.315673828125,174.4303915841239,-1
2015-12-04,175.67633056640625,174.40085928780692,1
2015-12-07,174.61196899414062,174.3290252685547,2
2015-12-08,173.4386444091797,174.20570591517858,-1
2015-12-09,172.08937072753906,174.09635852632067,-2
2015-12-10,172.5335693359375,173.98900785900298,-3
2015-12-11,169.18963623046875,173.75514511835007,-4
2015-12-14,170.04444885253906,173.67772056942894,-5
2015-12-15,171.82957458496094,173.77709306989397,-6
2015-12-16,174.34381103515625,173.87327285039993,1
2015-12-17,171.68711853027344,173.84893072219123,-1
2015-12-18,168.62855529785156,173.54884047735305,-2
2015-12-21,170.01953125,173.3221718924386,-3
2015-12-22,171.56240844726562,173.13864135742188,-4
2015-12-23,173.6868133544922,173.06585112072173,1
2015-12-24,173.40016174316406,172.9682384672619,2
2015-12-28,173.00393676757812,172.8529554094587,3
2015-12-29,174.85020446777344,172.81600952148438,4
2015-12-30,173.61093139648438,172.75477018810454,5
2015-12-31,171.87429809570312,172.5314200265067,-1
2016-01-04,169.47154235839844,172.27945382254464,-2
2016-01-05,169.7581787109375,172.1576683407738,-3
2016-01-06,167.6168212890625,171.77388218470983,-4
2016-01-07,163.59544372558594,171.24928574335007,-5
2016-01-08,161.79969787597656,170.69505019414993,-6
2016-01-11,161.95989990234375,170.2126944405692,-7
2016-01-12,163.2666778564453,169.7714138939267,-8
2016-01-13,159.1947021484375,169.29546465192522,-9
2016-01-14,161.8081817626953,168.90326145717077,-10
2016-01-15,158.3347930908203,168.26065281459265,-11
2016-01-19,158.5454864501953,167.50835164388022,-12
2016-01-20,156.5137176513672,166.78580874488466,-13
2016-01-21,157.39053344726562,166.25066484723772,-14
2016-01-22,160.61941528320312,165.80304027739027,-15
2016-01-25,158.19139099121094,165.16632516043526,-16
2016-01-26,160.3496551513672,164.53122238885788,-17
2016-01-27,158.6045379638672,163.82666887555803,-18
2016-01-28,159.4307403564453,163.1803261893136,-19
2016-01-29,163.31719970703125,162.63113548642113,1
2016-02-01,163.25820922851562,162.13814871651786,2
2016-02-02,160.3159637451172,161.58775184268043,-1
2016-02-03,161.2770233154297,161.1975366501581,1
2016-02-04,161.5299530029297,160.80571637834822,2
2016-02-05,158.45277404785156,160.3693331763858,-1
2016-02-08,156.31983947753906,160.0228758312407,-2
2016-02-09,156.3282470703125,159.7623305547805,-3
2016-02-10,156.19342041015625,159.48773629324776,-4
2016-02-11,154.1616668701172,159.05416434151786,-5
2016-02-12,157.33998107910156,158.9658442905971,-6
2016-02-16,159.9955596923828,158.87952895391555,1
2016-02-17,162.60906982421875,159.08306594122024,2
2016-02-18,161.9430694580078,159.24485560825892,3
2016-02-19,161.8671875,159.4997827439081,4
2016-02-22,164.2108917236328,159.8245617094494,5
2016-02-23,162.1368865966797,159.8968222481864,6
2016-02-24,162.8788604736328,160.12003508068267,7
2016-02-25,164.8515625,160.33441162109375,8
2016-02-26,164.47222900390625,160.61382548014322,9
2016-02-29,163.1822967529297,160.79247102283296,10
2016-03-01,167.0182647705078,160.96871221633185,11
2016-03-02,167.7685546875,161.1834905715216,12
2016-03-03,168.4261474609375,161.56968979608445,13
2016-03-04,168.9741668701172,161.93622044154577,14
2016-03-07,169.10903930664062,162.29712931315103,15
2016-03-08,167.26271057128906,162.7166500999814,16
2016-03-09,168.0889129638672,163.27708217075892,17
2016-03-10,168.22381591796875,163.84353783017113,18
2016-03-11,170.93846130371094,164.5456826346261,19
2016-03-14,170.71925354003906,165.33413914271765,20
2016-03-15,170.4410858154297,165.95800127301897,21
2016-03-16,171.42745971679688,166.50237746465774,22
2016-03-17,172.51499938964844,166.97408839634485,23
2016-03-18,173.19290161132812,167.50979468936012,24
2016-03-21,173.43865966796875,168.0608171735491,25
2016-03-22,173.34539794921875,168.49579366048178,26
2016-03-23,172.2014617919922,168.97505914597284,27
2016-03-24,172.1251678466797,169.4153594970703,28
2016-03-28,172.22689819335938,169.76656595865884,29
2016-03-29,173.8199920654297,170.21169753301712,30
2016-03-30,174.58265686035156,170.75457182384673,31
2016-03-31,174.1588897705078,171.0946015857515,32
2016-04-01,175.3452911376953,171.4553985595703,33
2016-04-04,174.77760314941406,171.75784883045014,34
2016-04-05,173.0318603515625,171.95107232956659,35
2016-04-06,174.92160034179688,172.22786095028832,36
2016-04-07,172.82847595214844,172.49289739699591,37
2016-04-08,173.2946014404297,172.74078732445128,38
2016-04-11,172.88784790039062,172.96288408551897,-1
2016-04-12,174.49790954589844,173.13238162086122,1
2016-04-13,176.26055908203125,173.39625331333704,2
2016-04-14,176.2689971923828,173.67377290271577,3
2016-04-15,176.07408142089844,173.89504060291108,4
2016-04-18,177.31130981445312,174.1234363374256,5
2016-04-19,177.87059020996094,174.34618341355096,6
2016-04-20,178.04010009765625,174.56529962448846,7
2016-04-21,177.08253479003906,174.74325852167038,8
2016-04-22,177.08253479003906,174.97569056919642,9
2016-04-25,176.77740478515625,175.19722566150483,10
2016-04-26,177.04010009765625,175.42642575218565,11
2016-04-27,177.40452575683594,175.5971178327288,12
2016-04-28,175.79441833496094,175.65482076009116,13
2016-04-29,174.84535217285156,175.68750944591704,-1
2016-05-02,176.235107421875,175.7298816499256,1
2016-05-03,174.70127868652344,175.72624715169272,-1
2016-05-04,173.72674560546875,175.75933692568825,-2
2016-05-05,173.69287109375,175.7008260091146,-3
2016-05-06,174.32838439941406,175.77225022088913,-4
2016-05-09,174.4724884033203,175.82834007626488,-5
2016-05-10,176.64183044433594,176.00710114978608,1
2016-05-11,174.98939514160156,176.03050522577195,-1
2016-05-12,175.0402374267578,175.97239467075892,-2
2016-05-13,173.51490783691406,175.84124755859375,-3
2016-05-16,175.2266845703125,175.80089532761346,-4
2016-05-17,173.5911407470703,175.62374441964286,-5
2016-05-18,173.6420135498047,175.4223836263021,-6
2016-05-19,173.04034423828125,175.1843000139509,-7
2016-05-20,174.1334991455078,175.0438697451637,-8
2016-05-23,173.8962860107422,174.89214361281623,-9
2016-05-24,176.1503448486328,174.86228361583892,1
2016-05-25,177.34518432617188,174.87681143624442,2
2016-05-26,177.3960418701172,174.87640744163878,3
2016-05-27,178.15872192382812,174.9889933268229,4
2016-05-31,177.81973266601562,175.13063049316406,5
2016-06-01,178.1841583251953,175.22344244094123,6
2016-06-02,178.72645568847656,175.41511753627233,7
2016-06-03,178.19264221191406,175.6277792794364,8
2016-06-06,179.09938049316406,175.8852321079799,9
2016-06-07,179.37899780273438,176.12573750813803,10
2016-06-08,179.96365356445312,176.38722156343005,11
2016-06-09,179.71792602539062,176.53370230538505,12
2016-06-10,178.0146484375,176.67776198614212,13
2016-06-13,176.64183044433594,176.7540283203125,-1
2016-06-14,176.29441833496094,176.88638596307663,-2
2016-06-15,176.04864501953125,176.92552693684897,-3
2016-06-16,176.5740203857422,177.06756882440476,-4
2016-06-17,175.91648864746094,177.1758771623884,-5
2016-06-20,177.0493621826172,177.36678277878534,-6
2016-06-21,177.55197143554688,177.5295671735491,1
2016-06-22,177.26234436035156,177.68985566638764,-1
2016-06-23,179.57073974609375,177.8527316138858,1
2016-06-24,173.12255859375,177.65165419805618,-1
2016-06-27,170.02191162109375,177.30050513857887,-2
2016-06-28,173.08851623535156,177.05906677246094,-3
2016-06-29,176.0356903076172,176.97411237444197,-4
2016-06-30,178.43785095214844,176.98619297572546,1
2016-07-01,178.81259155273438,176.99029468354723,2
2016-07-05,177.5263671875,176.95856730143228,3
2016-07-06,178.5911407470703,176.93436540876115,4
2016-07-07,178.48043823242188,176.8915768577939,5
2016-07-08,181.13809204101562,176.94750249953498,6
2016-07-11,181.77696228027344,177.04555184500558,7
2016-07-12,183.0972137451172,177.2875787644159,8
2016-07-13,183.0717010498047,177.59376307896204,9
2016-07-14,184.09388732910156,177.96516636439733,10
2016-07-15,183.84686279296875,178.33651006789435,11
2016-07-18,184.34091186523438,178.70636204310827,12
2016-07-19,184.15350341796875,179.09860084170387,13
2016-07-20,184.92013549804688,179.47339957101005,14
2016-07-21,184.22158813476562,179.79100036621094,15
2016-07-22,185.04791259765625,180.1617417108445,16
2016-07-25,184.54531860351562,180.39862641834077,17
2016-07-26,184.63052368164062,180.94662475585938,18
2016-07-27,184.4346160888672,181.63294401622954,19
2016-07-28,184.6475830078125,182.1833757672991,20
2016-07-29,184.94569396972656,182.607661655971,21
2016-08-01,184.79232788085938,182.91025579543341,22
2016-08-02,183.6083221435547,183.1386239188058,23
2016-08-03,184.14495849609375,183.45379493350075,24
2016-08-04,184.34091186523438,183.72759355817522,25
2016-08-05,185.8486328125,184.07845996675036,26
2016-08-08,185.73788452148438,184.29749770391555,27
2016-08-09,185.8486328125,184.49138677687873,28
2016-08-10,185.38858032226562,184.60049947102866,29
2016-08-11,186.24896240234375,184.75179763067337,30
2016-08-12,186.08714294433594,184.84671456473214,31
2016-08-15,186.62376403808594,184.97894795735678,32
2016-08-16,185.6612091064453,185.04181925455728,33
2016-08-17,186.01046752929688,185.1302461170015,34
2016-08-18,186.4277801513672,185.20203871954055,35
2016-08-19,186.15524291992188,185.2941175188337,36
2016-08-22,186.14675903320312,185.34644353957404,37
2016-08-23,186.5215301513672,185.4405488513765,38
2016-08-24,185.56747436523438,185.48516555059524,39
2016-08-25,185.43978881835938,185.5330309186663,-1
2016-08-26,185.09048461914062,185.55412147158668,-2
2016-08-29,186.001953125,185.6044195265997,1
2016-08-30,185.69525146484375,185.64741588774183,2
2016-08-31,185.16714477539062,185.72164553687685,-1
2016-09-01,185.1757049560547,185.7707287016369,-2
2016-09-02,186.01046752929688,185.85023135230654,1
2016-09-06,186.57266235351562,185.88470894949776,2
2016-09-07,186.55564880371094,185.92365010579428,3
2016-09-08,186.1297149658203,185.9370349702381,4
2016-09-09,181.67471313476562,185.76018415178572,-1
2016-09-12,184.28125,185.6664835611979,-2
2016-09-13,181.63209533691406,185.45433843703498,-3
2016-09-14,181.56396484375,185.21339561825707,-4
2016-09-15,183.3783416748047,185.1046876453218,-5
2016-09-16,182.66949462890625,184.94559369768416,-6
2016-09-19,182.7037353515625,184.76825823102678,-7
2016-09-20,182.7122802734375,184.60430762881325,-8
2016-09-21,184.76695251464844,184.5386025565011,1
2016-09-22,185.9312744140625,184.510495140439,2
2016-09-23,184.91250610351562,184.47930617559524,3
2016-09-26,183.4142608642578,184.38285246349517,-1
2016-09-27,184.55299377441406,184.35725766136534,1
2016-09-28,185.4689483642578,184.33187648228235,2
2016-09-29,183.79095458984375,184.24119567871094,-1
2016-09-30,185.1778564453125,184.24170575823103,1
2016-10-03,184.73269653320312,184.22061011904762,2
2016-10-04,183.79095458984375,184.11491902669272,-1
2016-10-05,184.60430908203125,184.02118791852678,1
2016-10-06,184.73269653320312,183.93438066755022,2
2016-10-07,184.0991973876953,183.83768935430618,3
2016-10-10,185.05799865722656,183.9987981887091,4
2016-10-11,182.72085571289062,183.92449369884673,-1
2016-10-12,182.96051025390625,183.98775155203683,-2
2016-10-13,182.361328125,184.02572123209634,-3
2016-10-14,182.45541381835938,183.98177228655135,-4
2016-10-17,181.82191467285156,183.94141133626303,-5
2016-10-18,182.96051025390625,183.9536387125651,-6
2016-10-19,183.44854736328125,183.9886990501767,-7
2016-10-20,183.1061553955078,183.90961347307478,-8
2016-10-21,183.1916961669922,183.77915736607142,-9
2016-10-24,183.9707794189453,183.73431323823473,1
2016-10-25,183.35435485839844,183.73146057128906,-1
2016-10-26,182.9862060546875,183.65685163225447,-2
2016-10-27,182.49826049804688,183.51539030529204,-3
2016-10-28,181.9589080810547,183.4281499953497,-4
2016-10-31,181.96743774414062,183.2752729143415,-5
2016-11-01,180.64901733398438,183.080812000093,-6
2016-11-02,179.56179809570312,182.87942359561012,-7
2016-11-03,178.73988342285156,182.60016523088728,-8
2016-11-04,178.5430145263672,182.305418468657,-9
2016-11-07,182.48110961914062,182.2283666701544,1
2016-11-08,183.3030242919922,182.14479646228608,2
2016-11-09,185.24639892578125,182.2650604248047,3
2016-11-10,185.7086944580078,182.39592633928572,4
2016-11-11,185.28060913085938,182.53493972051712,5
2016-11-14,185.4261474609375,182.67640322730654,6
2016-11-15,186.87298583984375,182.91693042573473,7
2016-11-16,186.52195739746094,183.0865231468564,8
2016-11-17,187.48086547851562,183.2785382952009,9
2016-11-18,187.06134033203125,183.46688043503534,10
2016-11-21,188.47393798828125,183.71841575985863,11
2016-11-22,188.84205627441406,183.95038132440476,12
2016-11-23,188.94479370117188,184.21659269787017,13
2016-11-25,189.64688110351562,184.5337677001953,14
2016-11-28,188.75640869140625,184.83177475702195,15
2016-11-29,189.12461853027344,185.1729990641276,16
2016-11-30,188.67083740234375,185.49220857166108,17
2016-12-01,187.9773712158203,185.84117780412947,18
2016-12-02,188.07156372070312,186.24640473865327,19
2016-12-05,189.20162963867188,186.7445831298828,20
2016-12-06,189.80091857910156,187.28067379906065,21
2016-12-07,192.28370666503906,187.74746413457962,22
2016-12-08,192.7545623779297,188.19753737676712,23
2016-12-09,193.91885375976562,188.61051141648065,24
2016-12-12,193.6962890625,188.9908730643136,25
2016-12-13,194.98899841308594,189.45317731584822,26
2016-12-14,193.3795166015625,189.8319091796875,27
2016-12-15,194.17567443847656,190.17965625581286,28
2016-12-16,193.79588317871094,190.52603367396765,29
2016-12-19,194.21786499023438,190.84684317452567,30
2016-12-20,194.967041015625,191.22330511183966,31
2016-12-21,194.42454528808594,191.5066673642113,32
2016-12-22,194.0886993408203,191.75650751023065,33
2016-12-23,194.37286376953125,192.01498703729538,34
2016-12-27,194.8551788330078,192.26300121489027,35
2016-12-28,193.2447509765625,192.4767317998977,36
2016-12-29,193.2017364501953,192.67088027227493,37
2016-12-30,192.49554443359375,192.85300917852493,-1
2017-01-03,193.9681396484375,193.1382838657924,1
2017-01-04,195.12208557128906,193.4740230015346,2
2017-01-05,194.967041015625,193.74856640043714,3
2017-01-06,195.66464233398438,194.02779134114584,4
2017-01-09,195.01873779296875,194.1580309186663,5
2017-01-10,195.01873779296875,194.2658487955729,6
2017-01-11,195.56991577148438,194.34447079613096,7
2017-01-12,195.0790252685547,194.41031537737166,8
2017-01-13,195.52687072753906,194.43592834472656,9
2017-01-17,194.83795166015625,194.50537763323103,10
2017-01-18,195.2685089111328,194.55741737002418,11
2017-01-19,194.54510498046875,194.59309459867933,-1
2017-01-20,195.25990295410156,194.64271545410156,1
2017-01-23,194.7517852783203,194.6324651808966,2
2017-01-24,196.00045776367188,194.70750863211495,3
2017-01-25,197.69699096679688,194.87933204287575,4
2017-01-26,197.49026489257812,195.02777971540178,5
2017-01-27,197.18028259277344,195.13849894205728,6
2017-01-30,195.95742797851562,195.2676740373884,7
2017-01-31,195.940185546875,195.39807637532553,8
2017-02-01,196.0177459716797,195.5658002580915,9
2017-02-02,196.14694213867188,195.6695527576265,10
2017-02-03,197.49887084960938,195.78273300897507,11
2017-02-06,197.14584350585938,195.88648550851005,12
2017-02-07,197.15444946289062,195.95742870512464,13
2017-02-08,197.4127960205078,196.0714314778646,14
2017-02-09,198.58395385742188,196.24120367140998,15
2017-02-10,199.36761474609375,196.4220464797247,16
2017-02-13,200.45269775390625,196.67793564569382,17
2017-02-14,201.2535400390625,196.9506341843378,18
2017-02-15,202.30419921875,197.30616978236608,19
2017-02-16,202.13197326660156,197.63300141834077,20
2017-02-17,202.45054626464844,198.0094510033017,21
2017-02-21,203.65625,198.4092770531064,22
2017-02-22,203.47535705566406,198.8246852329799,23
2017-02-23,203.6131591796875,199.18719482421875,24
2017-02-24,203.87152099609375,199.4812200637091,25
2017-02-27,204.19012451171875,199.80026099795387,26
2017-02-28,203.63902282714844,200.10782005673363,27
2017-03-01,206.48944091796875,200.60934448242188,28
2017-03-02,205.1890869140625,201.04976835704986,29
2017-03-03,205.31829833984375,201.4926518031529,30
2017-03-06,204.70681762695312,201.90026492164247,31
2017-03-07,204.0954132080078,202.21438598632812,32
2017-03-08,203.7165069580078,202.5272747221447,33
2017-03-09,203.97486877441406,202.85205659412202,34
2017-03-10,204.68959045410156,203.19857061476935,35
2017-03-13,204.79296875,203.4942379906064,36
2017-03-14,204.0092315673828,203.71526736304872,37
2017-03-15,205.77468872070312,203.96869550432478,38
2017-03-16,205.36988830566406,204.16471208844865,39
2017-03-17,205.0092315673828,204.29352315266928,40
2017-03-20,204.784423828125,204.41983032226562,41
2017-03-21,202.15504455566406,204.405758812314,-1
2017-03-22,202.63079833984375,204.35692778087798,-2
2017-03-23,202.41452026367188,204.30641174316406,-3
2017-03-24,202.2675323486328,204.2423342750186,-4
2017-03-27,202.05992126464844,204.15606762114027,-5
2017-03-28,203.5302734375,204.12464614141555,-6
2017-03-29,203.72055053710938,204.12852841331846,-7
2017-03-30,204.36917114257812,204.0275631859189,1
2017-03-31,203.89353942871094,203.9658704485212,-1
2017-04-03,203.53892517089844,203.88113839285714,-2
2017-04-04,203.66860961914062,203.83169991629464,-3
2017-04-05,203.063232421875,203.78254845028832,-4
2017-04-06,203.63404846191406,203.77862185523622,-5
2017-04-07,203.4264678955078,203.75250752766928,-6
2017-04-10,203.54759216308594,203.69812665666853,-7
2017-04-11,203.30538940429688,203.6272895449684,-8
2017-04-12,202.41452026367188,203.55135091145834,-9
2017-04-13,201.099853515625,203.3287397112165,-10
2017-04-17,202.88160705566406,203.21025012788317,-11
2017-04-18,202.27618408203125,203.0801050095331,-12
2017-04-19,201.9042205810547,202.94295247395834,-13
2017-04-20,203.54759216308594,203.00926426478796,1
2017-04-21,202.89883422851562,203.02202787853423,-1
2017-04-24,205.13037109375,203.15135410853796,1
2017-04-25,206.3239288330078,203.34451584588913,2
2017-04-26,206.1942138671875,203.54138692220053,3
2017-04-27,206.36717224121094,203.67647734142486,4
2017-04-28,205.9174041748047,203.78108941941034,5
2017-05-01,206.43634033203125,203.87952604747954,6
2017-05-02,206.51419067382812,204.0043189639137,7
2017-05-03,206.26332092285156,204.1340520949591,8
2017-05-04,206.50547790527344,204.2691410609654,9
2017-05-05,207.31857299804688,204.4717763264974,10
2017-05-08,207.2839813232422,204.6455826532273,11
2017-05-09,207.09371948242188,204.8202136811756,12
2017-05-10,207.465576171875,205.0067843482608,13
2017-05-11,207.0417938232422,205.18470836821058,14
2017-05-12,206.69580078125,205.38857886904762,15
2017-05-15,207.83755493164062,205.70942179361978,16
2017-05-16,207.647216796875,205.9363555908203,17
2017-05-17,203.96270751953125,206.01666623070128,-1
2017-05-18,204.784423828125,206.15381876627603,-2
2017-05-19,206.1163330078125,206.27613975888207,-3
2017-05-22,207.16285705566406,206.47918846493675,1
2017-05-23,207.6212615966797,206.5978022984096,2
2017-05-24,208.10562133789062,206.68264479864212,3
2017-05-25,209.1002655029297,206.82102820986793,4
2017-05-26,209.05702209472656,206.94911629813058,5
2017-05-30,208.87542724609375,207.08997453962053,6
2017-05-31,208.823486328125,207.20364815848214,7
2017-06-01,210.48414611816406,207.39269365583147,8
2017-06-02,211.1847381591797,207.6270468575614,9
2017-06-05,211.02906799316406,207.8424559093657,10
2017-06-06,210.35438537597656,207.98701840355284,11
2017-06-07,210.74363708496094,208.15176391601562,12
2017-06-08,210.84739685058594,208.33051045735678,13
2017-06-09,210.52737426757812,208.47631036667596,14
2017-06-12,210.48414611816406,208.6402319045294,15
2017-06-13,211.51341247558594,208.86964198521204,16
2017-06-14,211.24525451660156,209.0319133940197,17
2017-06-15,210.83872985839844,209.18389020647322,18
2017-06-16,210.88482666015625,209.51351492745536,19
2017-06-19,212.64047241210938,209.88761247907365,20
2017-06-20,211.20635986328125,210.12999471028647,21
2017-06-21,211.15423583984375,210.32006036667596,22
2017-06-22,211.05865478515625,210.4837457566034,23
2017-06-23,211.31068420410156,210.63636779785156,24
2017-06-26,211.4497528076172,210.74824814569382,25
2017-06-27,209.74623107910156,210.78106762114027,-1
2017-06-28,211.6235809326172,210.91193208240327,1
2017-06-29,209.7636260986328,210.95670064290366,-1
2017-06-30,210.1547393798828,210.9410146077474,-2
2017-07-03,210.51107788085938,210.908935546875,-3
2017-07-05,210.99777221679688,210.9074452718099,1
2017-07-06,209.06837463378906,210.84620666503906,-1
2017-07-07,210.4241485595703,210.83099292573473,-2
2017-07-10,210.65017700195312,210.82160150437127,-3
2017-07-11,210.4937286376953,210.8199993315197,-4
2017-07-12,212.0755157470703,210.8957788376581,1
2017-07-13,212.43185424804688,210.93951416015625,2
2017-07-14,213.42262268066406,211.04319835844495,3
2017-07-17,213.3965606689453,211.16499982561385,4
2017-07-18,213.50958251953125,211.28998819986978,5
2017-07-19,214.66549682617188,211.38641793387276,6
2017-07-20,214.7611846923828,211.55569530668714,7
2017-07-21,214.56991577148438,211.71834673200334,8
2017-07-24,214.51776123046875,211.88306608654204,9
2017-07-25,215.03924560546875,212.06061662946428,10
2017-07-26,215.0479278564453,212.2319582984561,11
2017-07-27,214.84805297851562,212.4749021984282,12
2017-07-28,214.5959930419922,212.61644563220796,13
2017-07-31,214.47430419921875,212.84076363699776,14
2017-08-01,214.9523468017578,213.06922113327752,15
2017-08-02,215.056640625,213.28567650204613,16
2017-08-03,214.63943481445312,213.45908900669642,17
2017-08-04,215.03050231933594,213.74299984886534,18
2017-08-07,215.4303436279297,213.98139009021577,19
2017-08-08,214.90017700195312,214.18377104259673,20
2017-08-09,214.89146423339844,214.3931870233445,21
2017-08-10,211.8582305908203,214.38284011114212,-1
2017-08-11,212.17111206054688,214.37042381649925,-2
2017-08-14,214.27439880371094,214.4109845842634,-3
2017-08-15,214.2483367919922,214.45154535202752,-4
2017-08-16,214.62210083007812,214.50452241443452,1
2017-08-17,211.27589416503906,214.3431127639044,-1
2017-08-18,210.94569396972656,214.1614227294922,-2
2017-08-21,211.1107635498047,213.9967011951265,-3
2017-08-22,213.31837463378906,213.93958754766555,-4
2017-08-23,212.5535888671875,213.82122294108072,-5
2017-08-24,212.05812072753906,213.67885117303757,-6
2017-08-25,212.5535888671875,213.56959097726005,-7
2017-08-28,212.56222534179688,213.47274489629837,-8
2017-08-29,212.80557250976562,213.39328148251488,-9
2017-08-30,213.8137664794922,213.3390633719308,1
2017-08-31,215.1000518798828,213.34113057454428,2
2017-09-01,215.404296875,213.37755257742745,3
2017-09-05,213.8572540283203,213.3216836111886,4
2017-09-06,214.58726501464844,213.28153701055618,5
2017-09-07,214.5612030029297,213.26539539155505,6
2017-09-08,214.30917358398438,213.23766726539247,7
2017-09-11,216.59500122070312,213.46322777157738,8
2017-09-12,217.3250274658203,213.70865231468565,9
2017-09-13,217.42933654785156,213.85888744535902,10
2017-09-14,217.35980224609375,214.00705246698288,11
2017-09-15,217.6523895263672,214.15135192871094,12
2017-09-18,218.11534118652344,214.47703988211495,13
2017-09-19,218.3336944580078,214.82884942917596,14
2017-09-20,218.41232299804688,215.17654273623512,15
2017-09-21,217.8271026611328,215.39124407087053,16
2017-09-22,217.87074279785156,215.64444187709265,17
2017-09-25,217.4253387451172,215.90002368745348,18
2017-09-26,217.5563201904297,216.13824898856026,19
2017-09-27,218.403564453125,216.4164079938616,20
2017-09-28,218.6656036376953,216.69545709519159,21
2017-09-29,219.43421936035156,216.96309770856584,22
2017-10-02,220.38626098632812,217.2148219517299,23
2017-10-03,220.85791015625,217.47451782226562,24
2017-10-04,221.1199493408203,217.8203604561942,25
2017-10-05,222.4300994873047,218.1938287644159,26
2017-10-06,222.17678833007812,218.55647568475632,27
2017-10-09,221.80992126464844,218.91365414574034,28
2017-10-10,222.3951873779297,219.18985348656065,29
2017-10-11,222.74453735351562,219.4479253859747,30
2017-10-12,222.4126434326172,219.68522571382067,31
2017-10-13,222.6834259033203,219.93873160226005,32
2017-10-16,222.98036193847656,220.19244457426527,33
2017-10-17,223.1376495361328,220.43160211472284,34
2017-10-18,223.35598754882812,220.67075892857142,35
2017-10-19,223.41709899902344,220.9090815952846,36
2017-10-20,224.57005310058594,221.2301744733538,37
2017-10-23,223.6965789794922,221.5075952439081,38
2017-10-24,224.08969116210938,221.82494535900298,39
2017-10-25,222.98036193847656,222.0832330612909,40
2017-10-26,223.2686309814453,222.31490289597284,41
2017-10-27,225.09408569335938,222.6210210890997,42
2017-10-30,224.255615234375,222.8506113688151,43
2017-10-31,224.60496520996094,223.05150204613096,44
2017-11-01,224.90194702148438,223.24407523018974,45
2017-11-02,224.98931884765625,223.42833092099144,46
2017-11-03,225.740478515625,223.58596801757812,47
2017-11-06,226.08984375,223.77230398995536,48
2017-11-07,225.93263244628906,223.9686235700335,49
2017-11-08,226.31692504882812,224.15537298293341,50
2017-11-09,225.4959259033203,224.28639148530505,51
2017-11-10,225.426025390625,224.4298858642578,52
2017-11-13,225.63565063476562,224.57046799432663,53
2017-11-14,225.1116180419922,224.67195638020834,54
2017-11-15,223.98484802246094,224.7122991652716,-1
2017-11-16,225.88894653320312,224.83291625976562,1
2017-11-17,225.22509765625,224.91901143391928,2
2017-11-20,225.60943603515625,224.968505859375,3
2017-11-21,227.0855712890625,225.12988644554503,4
2017-11-22,226.88465881347656,225.26298014322916,5
2017-11-24,227.40869140625,225.4738529750279,6
2017-11-27,227.29519653320312,225.66559419177827,7
2017-11-28,229.60108947753906,225.88021341959634,8
2017-11-29,229.4613800048828,226.12810698009673,9
2017-11-30,231.47027587890625,226.4550265357608,10
2017-12-01,230.98977661132812,226.7449231828962,11
2017-12-04,230.71031188964844,227.01735142299108,12
2017-12-05,229.880615234375,227.2145007905506,13
2017-12-06,229.92428588867188,227.3970932733445,14
2017-12-07,230.64913940429688,227.62168884277344,15
2017-12-08,231.90696716308594,227.88788132440476,16
2017-12-11,232.60574340820312,228.22644406273253,17
2017-12-12,233.01622009277344,228.58788190569197,18
2017-12-13,232.989990234375,228.9380885532924,19
2017-12-14,232.03793334960938,229.26791309175036,20
2017-12-15,233.97023010253906,229.74340747651598,21
2017-12-18,235.45388793945312,230.1988808768136,22
2017-12-19,234.5496063232422,230.64290509905135,23
2017-12-20,234.4267120361328,231.06277538481214,24
2017-12-21,234.90951538085938,231.43534415108817,25
2017-12-22,234.84812927246094,231.81455703008743,26
2017-12-26,234.56716918945312,232.15543692452567,27
2017-12-27,234.681396484375,232.50716073172433,28
2017-12-28,235.16416931152344,232.7720692952474,29
2017-12-29,234.2774658203125,233.00140671502976,30
2018-01-02,235.9542999267578,233.21493166968935,31
2018-01-03,237.4467315673828,233.52240571521577,32
2018-01-04,238.44740295410156,233.89083862304688,33
2018-01-05,240.0365753173828,234.37445576985678,34
2018-01-08,240.47549438476562,234.87689426967077,35
2018-01-09,241.01974487304688,235.37073262532553,36
2018-01-10,240.6510467529297,235.78711736769904,37
2018-01-11,242.40689086914062,236.25383867536272,38
2018-01-12,243.98707580566406,236.77626037597656,39
2018-01-16,243.1531982421875,237.26022266206286,40
2018-01-17,245.47071838378906,237.8998790922619,41
2018-01-18,245.05821228027344,238.4278782435826,42
2018-01-19,246.17312622070312,238.93831816173736,43
2018-01-22,248.1747283935547,239.5871334984189,44
2018-01-23,248.7014617919922,240.26688348679315,45
2018-01-24,248.6049346923828,240.91904631115142,46
2018-01-25,248.71017456054688,241.57914370582216,47
2018-01-26,251.58973693847656,242.3897421700614,48
2018-01-29,249.92185974121094,243.115478515625,49
2018-01-30,247.3582000732422,243.6961466471354,50
2018-01-31,247.481201171875,244.32489594959077,51
2018-02-01,247.20025634765625,244.86041768391928,52
2018-02-02,241.81871032714844,245.06860714867003,-1
2018-02-05,231.70526123046875,244.74755278087798,-2
2018-02-06,236.27029418945312,244.56820606050036,-3
2018-02-07,234.9886474609375,244.30692763555618,-4
2018-02-08,226.17442321777344,243.60000755673363,-5
2018-02-09,229.57196044921875,243.07243201846168,-6
2018-02-12,232.943115234375,242.6217760358538,-7
2018-02-13,233.5225067138672,242.1234632219587,-8
2018-02-14,236.6741485595703,241.814937046596,-9
2018-02-15,239.69410705566406,241.53986031668526,-10
2018-02-16,239.76434326171875,241.2877713158017,-11
2018-02-20,238.2631378173828,240.91110520135788,-12
2018-02-21,237.07798767089844,240.3826889764695,-13
2018-02-22,237.38525390625,239.8438219342913,-14
2018-02-23,241.16909790039062,239.48973446800596,1
2018-02-26,243.969482421875,239.26398722330728,2
2018-02-27,240.9232177734375,238.7560577392578,3
2018-02-28,238.48255920410156,238.2113291422526,4
2018-03-01,235.01495361328125,237.6235555013021,-1
2018-03-02,236.22640991210938,237.08761306036087,-2
2018-03-05,238.95677185058594,236.69506617954798,1
2018-03-06,239.56240844726562,236.5876232328869,2
2018-03-07,239.47470092773438,236.95759655180433,3
2018-03-08,240.6334686279297,237.16536676316034,4
2018-03-09,244.8211669921875,237.63358197893416,5
2018-03-12,244.5138397216797,238.5068875267392,6
2018-03-13,242.93368530273438,239.1431601388114,7
2018-03-14,241.6870880126953,239.55953979492188,8
2018-03-15,241.4236297607422,239.93578374953498,9
2018-03-16,241.68536376953125,240.1744130452474,10
2018-03-19,238.41529846191406,240.11351739792596,-1
2018-03-20,238.82081604003906,240.06858753022692,-2
2018-03-21,238.3624725341797,240.0733177548363,-3
2018-03-22,232.4040985107422,239.85075160435267,-4
2018-03-23,227.45045471191406,239.37766592843192,-5
2018-03-26,233.6732940673828,239.02072288876488,-6
2018-03-27,229.69805908203125,238.34113130115327,-7
2018-03-28,229.01939392089844,237.77428254627046,-8
2018-03-29,231.94569396972656,237.46300324939546,-9
2018-04-02,226.93923950195312,237.0784454345703,-10
2018-04-03,229.8479461669922,236.77470906575522,-11
2018-04-04,232.30715942382812,236.4580608549572,-12
2018-04-05,234.1405029296875,236.1998748779297,-13
2018-04-06,228.92245483398438,235.69738696870348,-14
2018-04-09,230.0507049560547,235.19344584147134,-15
2018-04-10,233.7085723876953,234.66427466982887,-16
2018-04-11,232.48341369628906,234.09139724004837,-17
2018-04-12,234.3960418701172,233.6848427908761,1
2018-04-13,233.7085723876953,233.30491347539993,2
2018-04-16,235.62998962402344,233.0290258498419,3
2018-04-17,238.1509246826172,232.8607192266555,4
2018-04-18,238.32725524902344,232.85652669270834,5
2018-04-19,237.00514221191406,232.7700660342262,6
2018-04-20,234.99546813964844,232.60973249162947,7
2018-04-23,234.960205078125,232.73145185198103,8
2018-04-24,231.79592895507812,232.9383791968936,-1
2018-04-25,232.3688201904297,232.87626139322916,-2
2018-04-26,234.73095703125,233.11592320033483,1
2018-04-27,234.95138549804688,233.39839898972284,2
2018-04-30,233.1444091796875,233.45548066638764,-1
2018-05-01,233.55874633789062,233.77069527762276,-2
2018-05-02,231.98980712890625,233.87268865676154,-3
2018-05-03,231.47854614257812,233.83323088146392,-4
2018-05-04,234.47540283203125,233.84917849586122,1
2018-05-07,235.26873779296875,234.15138244628906,2
2018-05-08,235.26873779296875,234.39986020042784,3
2018-05-09,237.54269409179688,234.58243742443267,4
2018-05-10,239.76393127441406,234.9291287376767,5
2018-05-11,240.4955291748047,235.2195805140904,6
2018-05-14,240.6100616455078,235.54822285970053,7
2018-05-15,238.9530029296875,235.70646158854166,8
2018-05-16,239.9578399658203,235.7925051734561,9
2018-05-17,239.75515747070312,235.8605005173456,10
2018-05-18,239.1557159423828,235.96290879022507,11
2018-05-21,240.9538116455078,236.24663943336122,12
2018-05-22,240.2839813232422,236.50015258789062,13
2018-05-23,240.9450225830078,236.93582371303015,14
2018-05-24,240.45140075683594,237.3207085019066,15
2018-05-25,239.87850952148438,237.56583004906065,16
2018-05-29,237.11962890625,237.66907973516555,-1
2018-05-30,240.2839813232422,238.0090593610491,1
2018-05-31,238.8119659423828,238.25921267554872,2
2018-06-01,241.15664672851562,238.6957288469587,3
2018-06-04,242.30242919921875,239.2111518496559,4
2018-06-05,242.478759765625,239.59226408458892,5
2018-06-06,244.50592041015625,240.0321299235026,6
2018-06-07,244.4795684814453,240.47074090866815,7
2018-06-08,245.20230102539062,240.83548409598214,8
2018-06-11,245.52842712402344,241.1099838983445,9
2018-06-12,245.84568786621094,241.36475335984002,10
2018-06-13,245.06130981445312,241.57671755836122,11
2018-06-14,245.67822265625,241.89696611676897,12
2018-06-15,245.3648681640625,242.1544436500186,13
2018-06-18,244.8601531982422,242.39753868466332,14
2018-06-19,243.92173767089844,242.62449210030692,15
2018-06-20,244.3378143310547,242.78563508533296,16
2018-06-21,242.80609130859375,242.9057355608259,-1
2018-06-22,243.2487335205078,243.01543608165923,1
2018-06-25,239.93743896484375,242.99096171061197,-1
2018-06-26,240.4686279296875,243.01906258719308,-2
2018-06-27,238.47659301757812,243.08367992582777,-3
2018-06-28,239.84007263183594,243.06254141671317,-4
2018-06-29,240.18533325195312,243.12793986002603,-5
2018-07-02,240.69886779785156,243.10614086332777,-6
2018-07-03,239.84890747070312,242.9893064953032,-7
2018-07-05,241.80555725097656,242.9572492327009,-8
2018-07-06,243.85089111328125,242.92605736142113,1
2018-07-09,246.04649353027344,243.00067283993675,2
2018-07-10,246.9319305419922,243.0830361502511,3
2018-07-11,245.1257781982422,243.06386239188058,4
2018-07-12,247.34811401367188,243.13540649414062,5
2018-07-13,247.54296875,243.25358072916666,6
2018-07-16,247.32154846191406,243.3318343389602,7
2018-07-17,248.322021484375,243.47265116373697,8
2018-07-18,248.8443603515625,243.6623753138951,9
2018-07-19,247.90586853027344,243.85209583100817,10
2018-07-20,247.62249755859375,244.00850931803384,11
2018-07-23,248.0829620361328,244.2597888764881,12
2018-07-24,249.331298828125,244.54943484351747,13
2018-07-25,251.45623779296875,245.0979490734282,14
2018-07-26,250.86294555664062,245.59291657947358,15
2018-07-27,249.16305541992188,246.10179574148995,16
2018-07-30,247.86158752441406,246.48377264113654,17
2018-07-31,249.08340454101562,246.90749032156808,18
2018-08-01,248.66734313964844,247.2869415283203,19
2018-08-02,250.02191162109375,247.77137029738654,20
2018-08-03,251.09323120117188,248.21364048549108,21
2018-08-06,252.01402282714844,248.60236104329428,22
2018-08-07,252.84629821777344,248.92616126650856,23
2018-08-08,252.739990234375,249.2027355375744,24
2018-08-09,252.39466857910156,249.54887317475817,25
2018-08-10,250.70364379882812,249.70866030738466,26
2018-08-13,249.76516723632812,249.8144792829241,-1
2018-08-14,251.3587646484375,250.00672767275856,1
2018-08-15,249.48184204101562,250.06195722307478,-1
2018-08-16,251.50050354003906,250.18844023204986,1
2018-08-17,252.38587951660156,250.40177408854166,2
2018-08-20,252.926025390625,250.6543230329241,3
2018-08-21,253.51918029785156,250.91319056919642,4
2018-08-22,253.36868286132812,251.1054469517299,5
2018-08-23,253.03224182128906,251.1804947626023,6
2018-08-24,254.55506896972656,251.35631016322546,7
2018-08-27,256.5648498535156,251.70877656482514,8
2018-08-28,256.68890380859375,252.1291249593099,9
2018-08-29,258.070068359375,252.55706133161272,10
2018-08-30,257.0252685546875,252.9550577799479,11
2018-08-31,257.03411865234375,253.28897240048363,12
2018-09-04,256.5914306640625,253.55079142252603,13
2018-09-05,255.90081787109375,253.73587690080916,14
2018-09-06,255.1305389404297,253.8446502685547,15
2018-09-07,254.63479614257812,253.93487912132628,16
2018-09-10,255.07745361328125,254.06263078962053,17
2018-09-11,255.91854858398438,254.3109595889137,18
2018-09-12,255.9805145263672,254.60692850748697,19
2018-09-13,257.4945373535156,254.89910816010973,20
2018-09-14,257.5387878417969,255.28277224586122,21
2018-09-17,256.1754150390625,255.50538707914808,22
2018-09-18,257.5653991699219,255.75203087216332,23
2018-09-19,257.8397216796875,255.98601640973772,24
2018-09-20,259.9293518066406,256.291262672061,25
2018-09-21,259.69189453125,256.59236798967635,26
2018-09-24,258.8291015625,256.868408929734,27
2018-09-25,258.5888977050781,257.0604960123698,28
2018-09-26,257.8153076171875,257.1200416201637,29
2018-09-27,258.5357360839844,257.2079860142299,30
2018-09-28,258.5623474121094,257.23142787388394,31
2018-10-01,259.46063232421875,257.34739757719495,32
2018-10-02,259.30938720703125,257.45574369884673,33
2018-10-03,259.4516906738281,257.5919465564546,34
2018-10-04,257.4239196777344,257.6644752139137,-1
2018-10-05,255.98306274414062,257.70507158551897,-2
2018-10-08,255.98306274414062,257.76927475702195,-3
2018-10-09,255.60958862304688,257.79461451939176,-4
2018-10-10,247.51611328125,257.3944985525949,-5
2018-10-11,242.06427001953125,256.7318202427455,-6
2018-10-12,245.42613220214844,256.1571342831566,-7
2018-10-15,244.04747009277344,255.51469058082216,-8
2018-10-16,249.3838348388672,255.19128199986048,-9
2018-10-17,249.42831420898438,254.80380176362536,-10
2018-10-18,245.8262939453125,254.23173377627418,-11
2018-10-19,245.69288635253906,253.5538068498884,-12
2018-10-22,244.59005737304688,252.83467174711683,-13
2018-10-23,243.34498596191406,252.09733290899368,-14
2018-10-24,235.97193908691406,251.02033487955728,-15
2018-10-25,240.20535278320312,250.1817656017485,-16
2018-10-26,235.98080444335938,249.10772123790923,-17
2018-10-29,234.6733856201172,247.97015162876673,-18
2018-10-30,238.15090942382812,246.95540291922433,-19
2018-10-31,240.69451904296875,246.06898062569755,-20
2018-11-01,243.25601196289062,245.2977578299386,-21
2018-11-02,241.81517028808594,244.55448404947916,-22
2018-11-05,243.1492919921875,243.94335210890998,-23
2018-11-06,244.68783569335938,243.40548415411087,1
2018-11-07,249.92642211914062,243.13485717773438,2
2018-11-08,249.4727783203125,243.228031703404,3
2018-11-09,247.03591918945312,243.46477690197173,4
2018-11-12,242.4199676513672,243.32162620907738,-1
2018-11-13,241.96629333496094,243.22252255394346,-2
2018-11-14,240.3121337890625,242.79053678966704,-3
2018-11-15,242.8201904296875,242.47586422874815,1
2018-11-16,243.45175170898438,242.36279078892298,2
2018-11-19,239.3337860107422,242.05997648693267,-1
2018-11-20,234.9046173095703,241.59876505533853,-2
2018-11-21,235.7050323486328,241.23495774042038,-3
2018-11-23,234.13087463378906,241.14728800455728,-4
2018-11-26,237.9108123779297,241.03802417573473,-5
2018-11-27,238.7112274169922,241.1680443173363,-6
2018-11-28,244.2076416015625,241.62205650692894,1
2018-11-29,243.67404174804688,241.8850628080822,2
2018-11-30,245.1592559814453,242.09766932896204,3
2018-12-03,248.40554809570312,242.34288533528647,4
2018-12-04,240.35655212402344,242.27342732747397,-1
2018-12-06,239.991943359375,242.12307739257812,-2
2018-12-07,234.41552734375,241.63391985212053,-3
2018-12-10,234.86016845703125,240.9164792015439,-4
2018-12-11,234.91354370117188,240.22318231491815,-5
2018-12-12,236.0963592529297,239.70225088936942,-6
2018-12-13,236.01637268066406,239.39731779552642,-7
2018-12-14,231.6584014892578,238.9064658028739,-8
2018-12-17,227.1136016845703,238.27796427408853,-9
2018-12-18,226.86459350585938,237.51817394438245,-10
2018-12-19,223.4671173095703,236.56652468726747,-11
2018-12-20,219.82952880859375,235.63775053478423,-12
2018-12-21,215.3253173828125,234.70540291922433,-13
2018-12-24,209.6358184814453,233.46401178269159,-14
2018-12-26,220.22760009765625,232.80195109049478,-15
2018-12-27,221.91839599609375,232.04040745326452,-16
2018-12-28,221.63214111328125,231.22711762927827,-17
2018-12-31,223.5733642578125,230.2445329938616,-18
2019-01-02,223.80593872070312,229.29843284970238,-19
2019-01-03,218.46534729003906,228.0272943405878,-20
2019-01-04,225.78297424316406,226.95002891903832,-21
2019-01-07,227.56320190429688,226.340821765718,1
2019-01-08,229.7012481689453,225.85078866141183,2
2019-01-09,230.7747344970703,225.6774175734747,3
2019-01-10,231.5888214111328,225.52163914271765,4
2019-01-11,231.6782684326172,225.3675784156436,5
2019-01-14,230.2648162841797,225.08988589332216,6
2019-01-15,232.90383911132812,224.94167000906808,7
2019-01-16,233.46742248535156,225.02781386602493,8
2019-01-17,235.23867797851562,225.4147222609747,9
2019-01-18,238.3697509765625,225.96258690243675,10
2019-01-22,235.1492462158203,226.51887875511534,11
2019-01-23,235.64126586914062,227.27181861514137,12
2019-01-24,235.7665557861328,228.2452109200614,13
2019-01-25,237.76141357421875,229.58452497209822,14
2019-01-28,235.9543914794922,230.3334197998047,15
2019-01-29,235.64126586914062,230.9868897937593,16
2019-01-30,239.37158203125,231.83162507556733,17
2019-01-31,241.47389221191406,232.68403116861978,18
2019-02-01,241.59017944335938,233.53089977446058,19
2019-02-04,243.2898712158203,234.71301996140252,20
2019-02-05,244.30967712402344,235.59524390811012,21
2019-02-06,243.98764038085938,236.37736002604166,22
2019-02-07,241.6618194580078,236.94691103980654,23
2019-02-08,241.95697021484375,237.4793984549386,24
2019-02-11,242.09117126464844,237.97951035272507,25
2019-02-12,245.2042694091797,238.6236056373233,26
2019-02-13,246.00047302246094,239.37292262486048,27
2019-02-14,245.45477294921875,239.97058614095053,28
2019-02-15,248.12965393066406,240.66878763834634,29
2019-02-19,248.5590362548828,241.30309041341147,30
2019-02-20,249.05992126464844,241.81214614141555,31
2019-02-21,248.17442321777344,242.43239266531808,32
2019-02-22,249.7130126953125,243.10247584751673,33
2019-02-25,250.05291748046875,243.78277878534226,34
2019-02-26,249.8739776611328,244.3595675513858,35
2019-02-27,249.76673889160156,245.01729838053384,36
2019-02-28,249.30149841308594,245.66778564453125,37
2019-03-01,250.85812377929688,246.21476382300966,38
2019-03-04,249.94561767578125,246.61817932128906,39
2019-03-05,249.6055908203125,246.99986557733445,40
2019-03-06,248.0938262939453,247.22862534295945,41
2019-03-07,246.01837158203125,247.30999174572173,-1
2019-03-08,245.5264129638672,247.38326663062685,-2
2019-03-11,249.0867919921875,247.7368367513021,1
2019-03-12,250.0260009765625,248.12107631138392,2
2019-03-13,251.68109130859375,248.57773917061942,3
2019-03-14,251.52003479003906,248.8784899030413,4
2019-03-15,252.7626495361328,249.20049830845423,5
2019-03-18,253.67919921875,249.5921376546224,6
2019-03-19,253.74209594726562,249.8593967982701,7
2019-03-20,252.97837829589844,250.06984165736608,8
2019-03-21,255.83560180664062,250.39249311174666,9
2019-03-22,250.91177368164062,250.52284313383558,10
2019-03-25,250.7230224609375,250.57093883696058,11
2019-03-26,252.59194946289062,250.6918451218378,12
2019-03-27,251.27113342285156,250.7583763485863,13
2019-03-28,252.22360229492188,250.87536984398253,14
2019-03-29,253.8140411376953,251.09025283086868,15
2019-04-01,256.8238830566406,251.3743366059803,16
2019-04-02,256.9497375488281,251.70786612374442,17
2019-04-03,257.3540954589844,252.07684253510973,18
2019-04-04,258.03692626953125,252.55032348632812,19
2019-04-05,259.28607177734375,253.18211873372397,20
2019-04-08,259.4835205078125,253.84674290248327,21
2019-04-09,258.1537170410156,254.27850123814173,22
2019-04-10,259.0343017578125,254.7074679420108,23
2019-04-11,258.96246337890625,255.05419994535902,24
2019-04-12,260.7146301269531,255.49203781854538,25
2019-04-15,260.5439453125,255.8625757126581,26
2019-04-16,260.7146301269531,256.1975962320964,27
2019-04-17,260.07672119140625,256.4992450532459,28
2019-04-18,260.58868408203125,256.8616405668713,29
2019-04-22,260.8134765625,257.0986822219122,30
2019-04-23,263.1585693359375,257.6818629673549,31
2019-04-24,262.57452392578125,258.24622017996654,32
2019-04-25,262.4128112792969,258.71388026646207,33
2019-04-26,263.6347961425781,259.30262611025853,34
2019-04-29,264.04815673828125,259.8657001313709,35
2019-04-30,264.1828918457031,260.35945492699034,36
2019-05-01,262.1971130371094,260.61532302129837,37
2019-05-02,261.631103515625,260.83824521019346,38
2019-05-03,264.1918029785156,261.16385033017116,39
2019-05-06,263.10467529296875,261.40517171223956,40
2019-05-07,258.7109069824219,261.3777829124814,-1
2019-05-08,258.3514709472656,261.3238757905506,-2
2019-05-09,257.5697937011719,261.2960699172247,-3
2019-05-10,258.8636779785156,261.2879449753534,-4
2019-05-13,252.35836791992188,260.9734642392113,-5
2019-05-14,254.6405792236328,260.6842237200056,-6
2019-05-15,256.1321105957031,260.47413635253906,-7
2019-05-16,258.50421142578125,260.3688783191499,-8
2019-05-17,256.8329772949219,260.21441432407926,-9
2019-05-20,255.1347198486328,259.95470174153644,-10
2019-05-21,257.4349670410156,259.7938203357515,-11
2019-05-22,256.64434814453125,259.4836193266369,-12
2019-05-23,253.50845336914062,259.0519016810826,-13
2019-05-24,254.08349609375,258.655267624628,-14
2019-05-28,251.7204132080078,258.0879160563151,-15
2019-05-29,250.03118896484375,257.42044140043714,-16
2019-05-30,250.71408081054688,256.7790694463821,-17
2019-05-31,247.33555603027344,256.07137625558033,-18
2019-06-03,246.7066650390625,255.36068870907738,-19
2019-06-04,252.06179809570312,254.78306942894346,-20
2019-06-05,254.24525451660156,254.36119224911644,-21
2019-06-06,255.89862060546875,254.22727385021392,1
2019-06-07,258.4593200683594,254.23240952264695,2
2019-06-10,259.64544677734375,254.3312501453218,3
2019-06-11,259.5823974609375,254.36547488257997,4
2019-06-12,259.12420654296875,254.68765767415366,5
2019-06-13,260.1935119628906,254.95208304268974,6
2019-06-14,259.9058532714844,255.13178507486978,7
2019-06-17,260.0047912597656,255.20324125744048,8
2019-06-18,262.727294921875,255.48392304920014,9
2019-06-19,263.3203430175781,255.87371462867372,10
2019-06-20,265.8361511230469,256.2737710135324,11
2019-06-21,265.44970703125,256.69307381766185,12
2019-06-24,265.1247863769531,257.2462325323196,13
2019-06-25,262.52435302734375,257.64817810058594,14
2019-06-26,262.2624816894531,258.15018136160717,15
2019-06-27,263.1925048828125,258.77691069103423,16
2019-06-28,264.5469055175781,259.4356166294643,17
2019-07-01,266.948486328125,260.36956569126676,18
2019-07-02,267.6437683105469,261.36657060895647,19
2019-07-03,269.7835693359375,262.21046447753906,20
2019-07-05,269.4767150878906,262.9357721237909,21
2019-07-08,267.995849609375,263.51183064778644,22
2019-07-09,268.3299255371094,263.9818594796317,23
2019-07-10,269.612060546875,264.45646013532365,24
2019-07-11,270.2440185546875,264.96415637788317,25
2019-07-12,271.4539489746094,265.55128696986606,26
2019-07-15,271.54425048828125,266.09179832821803,27
2019-07-16,270.66839599609375,266.6043003627232,28
2019-07-17,268.8265686035156,267.0243849981399,29
2019-07-18,269.8106689453125,267.3616885230655,30
2019-07-19,268.3119201660156,267.59938267299106,31
2019-07-22,268.9709777832031,267.7486601329985,32
2019-07-23,270.8941650390625,268.00792003813245,33
2019-07-24,272.1672058105469,268.34327334449404,34
2019-07-25,270.86712646484375,268.7405482700893,35
2019-07-26,272.6818542480469,269.23670886811755,36
2019-07-29,272.18524169921875,269.66493443080356,37
2019-07-30,271.5171203613281,269.9968494233631,38
2019-07-31,268.546630859375,270.0729515438988,-1
2019-08-01,266.20819091796875,270.0045907156808,-2
2019-08-02,264.2037353515625,269.73888433547245,-3
2019-08-05,256.2583312988281,269.1094374883743,-4
2019-08-06,259.8517761230469,268.72162446521577,-5
2019-08-07,260.0052490234375,268.3252112978981,-6
2019-08-08,265.1066589355469,268.1106683640253,-7
2019-08-09,263.3008728027344,267.78004237583707,-8
2019-08-12,260.0955505371094,267.2391662597656,-9
2019-08-13,264.14056396484375,266.88660975864957,-10
2019-08-14,256.33056640625,266.20385596865697,-11
2019-08-15,257.0076599121094,265.6410507928757,-12
2019-08-16,260.7998352050781,265.2119634719122,-13
2019-08-19,263.94189453125,265.00386701311385,-14
2019-08-20,261.9194030761719,264.66807774135043,-15
2019-08-21,264.05023193359375,264.34217616489957,-16
2019-08-22,263.9689636230469,263.95178367978053,1
2019-08-23,257.1882629394531,263.3004092261905,-1
2019-08-26,260.0323791503906,262.69805326915923,-2
2019-08-27,259.0121154785156,262.07076154436385,-3
2019-08-28,260.83587646484375,261.5621308826265,-4
2019-08-29,264.16766357421875,261.3536086309524,1
2019-08-30,264.05023193359375,261.2508486793155,2
2019-09-03,262.50628662109375,261.1700177873884,3
2019-09-04,265.48583984375,261.6094229561942,4
2019-09-05,268.8988037109375,262.0402337937128,5
2019-09-06,269.10650634765625,262.473626999628,6
2019-09-09,269.2419128417969,262.67054385230654,7
2019-09-10,269.1787109375,262.95044090634303,8
2019-09-11,271.09283447265625,263.47412109375,9
2019-09-12,272.03179931640625,263.8498942057292,10
2019-09-13,271.8511657714844,264.5889703659784,11
2019-09-16,271.0114440917969,265.25581723167784,12
2019-09-17,271.6977844238281,265.77476719447543,13
2019-09-18,271.8601989746094,266.1518293108259,14
2019-09-19,271.8421630859375,266.6243416922433,15
2019-09-20,270.5577697753906,266.93422444661456,16
2019-09-23,270.4943542480469,267.2449573335193,17
2019-09-24,268.37188720703125,267.77751087007067,18
2019-09-25,269.9591369628906,268.2502136230469,19
2019-09-26,269.39678955078125,268.7447219122024,20
2019-09-27,267.9454345703125,269.08327229817706,-1
2019-09-30,269.1881103515625,269.3223411923363,-2
2019-10-01,265.9862365722656,269.4145318894159,-3
2019-10-02,261.2875671386719,269.3564976283482,-4
2019-10-03,263.4283142089844,269.2585202171689,-5
2019-10-04,266.9930419921875,269.16776965913317,-6
2019-10-07,265.841064453125,269.0122724260603,-7
2019-10-08,261.71392822265625,268.65379696800596,-8
2019-10-09,264.19927978515625,268.41668119884673,-9
2019-10-10,265.9862365722656,268.1735098702567,-10
2019-10-11,268.74371337890625,268.01693434942337,1
2019-10-14,268.4443359375,267.85470435732884,2
2019-10-15,271.10205078125,267.85901896158856,3
2019-10-16,270.6666259765625,267.80991617838544,4
2019-10-17,271.4648742675781,267.7910911923363,5
2019-10-18,270.2766418457031,267.71654256184894,6
2019-10-21,272.10888671875,267.7904052734375,7
2019-10-22,271.2198791503906,267.824954078311,8
2019-10-23,272.0090637207031,267.9981529599144,9
2019-10-24,272.4535827636719,268.11693609328495,10
2019-10-25,273.5691833496094,268.3156215122768,11
2019-10-28,275.11126708984375,268.6568516322545,12
2019-10-29,275.0295715332031,268.93501645042784,13
2019-10-30,275.8731689453125,269.40582275390625,14
2019-10-31,275.1383972167969,270.0653860909598,15
2019-11-01,277.6872863769531,270.744384765625,16
2019-11-04,278.802978515625,271.3067626953125,17
2019-11-05,278.49456787109375,271.9093104771205,18
2019-11-06,278.5581359863281,272.71141560872394,19
2019-11-07,279.5377502441406,273.4418189639137,20
2019-11-08,280.22705078125,274.11995297386534,21
2019-11-11,279.6918640136719,274.64129348028274,22
2019-11-12,280.281494140625,275.20496768043154,23
2019-11-13,280.3721618652344,275.64640154157365,24
2019-11-14,280.78033447265625,276.12800670805433,25
2019-11-15,282.81219482421875,276.66835530598956,26
2019-11-18,283.020751953125,277.2752176920573,27
2019-11-19,282.9391174316406,277.7909429640997,28
2019-11-20,281.8869934082031,278.2989007859003,29
2019-11-21,281.43341064453125,278.74767921084447,30
2019-11-22,282.0592956542969,279.2050941103981,31
2019-11-25,284.245361328125,279.71348353794644,32
2019-11-26,284.8893127441406,280.1791047595796,33
2019-11-27,286.1593017578125,280.70909191313245,34
2019-11-29,285.097900390625,281.1483648390997,35
2019-12-02,282.6761474609375,281.5073053269159,36
2019-12-03,280.78033447265625,281.6545933314732,-1
2019-12-04,282.5127868652344,281.8312508719308,1
2019-12-05,283.020751953125,282.0467834472656,2
2019-12-06,285.6059265136719,282.3823925199963,3
2019-12-09,284.7079162597656,282.6285909016927,4
2019-12-10,284.3904113769531,282.82684616815476,5
2019-12-11,285.1977233886719,283.0890299479167,6
2019-12-12,287.6557922363281,283.44018700009303,7
2019-12-13,287.8282165527344,283.7952372233073,8
2019-12-16,289.8055419921875,284.22500900995163,9
2019-12-17,289.86907958984375,284.5610511416481,10
2019-12-18,289.88720703125,284.88802519298736,11
2019-12-19,291.0755310058594,285.27547345842635,12
2019-12-20,292.35162353515625,285.77378917875745,13
2019-12-23,292.79827880859375,286.31497337704616,14
2019-12-24,292.8074035644531,286.8267880394345,15
2019-12-26,294.36602783203125,287.3087245396205,16
2019-12-27,294.2931213378906,287.75652494884673,17
2019-12-30,292.67071533203125,288.06659226190476,18
2019-12-31,293.3816223144531,288.46105521065846,19
2020-01-02,296.1252746582031,289.1014898390997,20
2020-01-03,293.8830261230469,289.72542753673736,21
2020-01-06,295.004150390625,290.32025437127976,22
2020-01-07,294.174560546875,290.8513881138393,23
2020-01-08,295.7424621582031,291.3340802873884,24
2020-01-09,297.747802734375,291.9550272623698,25
2020-01-10,296.89093017578125,292.550290062314,26
2020-01-13,298.9327697753906,293.204339890253,27
2020-01-14,298.47698974609375,293.7196350097656,28
2020-01-15,299.1515197753906,294.2588399251302,29
2020-01-16,301.63995361328125,294.82238333565846,30
2020-01-17,302.5788879394531,295.4276123046875,31
2020-01-21,301.9864196777344,296.0037652878534,32
2020-01-22,302.0228271484375,296.5250651041667,33
2020-01-23,302.3691711425781,297.0020911807106,34
2020-01-24,299.6802062988281,297.32980201357884,35
2020-01-27,294.87652587890625,297.42833164760043,-1
2020-01-28,297.966552734375,297.5997852143787,1
2020-01-29,297.7204284667969,297.7629903157552,-1
2020-01-30,298.6866455078125,298.0494631812686,1
2020-01-31,293.26318359375,298.0438232421875,-1
2020-02-03,295.4416809082031,298.0112711588542,-2
2020-02-04,299.94451904296875,298.29991367885043,1
2020-02-05,303.4083251953125,298.70011247907365,2
2020-02-06,304.4292297363281,299.1884300595238,3
2020-02-07,302.80670166015625,299.52482241675966,4
2020-02-10,305.0672302246094,299.8733665829613,5
2020-02-11,305.5960388183594,300.2878955659412,6
2020-02-12,307.56488037109375,300.6989484514509,7
2020-02-13,307.2367248535156,301.11607869466144,8
2020-02-14,307.72900390625,301.5245303199405,9
2020-02-18,306.9358825683594,301.7767174130394,10
2020-02-19,308.4034423828125,302.0540771484375,11
2020-02-20,307.13653564453125,302.29932076590404,12
2020-02-21,303.9735107421875,302.39221046084447,13
2020-02-24,293.8921203613281,301.9885413760231,-1
2020-02-25,284.98651123046875,301.2888416108631,-2
2020-02-26,283.9383544921875,300.76797630673366,-3
2020-02-27,271.1860656738281,299.49271501813615,-4
2020-02-28,270.0467224121094,298.17491949172245,-5
2020-03-02,281.7415466308594,297.36801002139134,-6
2020-03-03,273.674560546875,296.4352184477307,-7
2020-03-04,285.177978515625,295.9464707147507,-8
2020-03-05,275.6981506347656,294.79188174293154,-9
2020-03-06,271.14044189453125,293.25531587146577,-10
2020-03-09,249.9659881591797,290.66182817731584,-11
2020-03-10,262.90045166015625,288.76153055826825,-12
2020-03-11,250.08444213867188,286.143302554176,-13
2020-03-12,226.1570587158203,282.36049397786456,-14
2020-03-13,245.49032592773438,279.4045628138951,-15
2020-03-16,218.6279296875,275.1850963774182,-16
2020-03-17,230.43209838867188,271.5042913527716,-17
2020-03-18,218.76466369628906,267.305661882673,-18
2020-03-19,219.22950744628906,263.05928402855284,-19
2020-03-20,209.78204345703125,258.4233558291481,-20
2020-03-23,204.41824340820312,253.68262881324404,-21
2020-03-24,222.93917846679688,250.30391729445685,-22
2020-03-25,226.2766876220703,247.50821140834265,-23
2020-03-26,239.4888916015625,245.39157031831286,-24
2020-03-27,232.35556030273438,243.54249863397507,-25
2020-03-30,239.90147399902344,242.10701061430433,-26
2020-03-31,236.32565307617188,239.94434901646204,-27
2020-04-01,225.6898651123047,237.65936351957777,-28
2020-04-02,230.89772033691406,235.0745893205915,-29
2020-04-03,227.56028747558594,232.78231012253534,-30
2020-04-06,242.84463500976562,231.4348907470703,1
2020-04-07,243.09217834472656,231.10756647019159,2
2020-04-08,251.2525177001953,230.5529029482887,3
2020-04-09,255.07582092285156,230.79058765229723,4
2020-04-13,252.7469482421875,232.05677286783853,5
2020-04-14,260.201171875,232.75728934151786,6
2020-04-15,254.6724090576172,234.47369312104723,7
2020-04-16,255.9010009765625,235.6864980061849,8
2020-04-17,262.8143310546875,237.78410121372767,9
2020-04-20,258.18408203125,239.63908095586868,10
2020-04-21,250.3447265625,241.57063729422433,11
2020-04-22,255.9010009765625,244.02219717843192,12
2020-04-23,255.88265991210938,245.59093439011346,13
2020-04-24,259.4493408203125,247.17058454241072,14
2020-04-27,263.19024658203125,248.2992204938616,15
2020-04-28,261.9798583984375,249.70990135556175,16
2020-04-29,268.838134765625,251.0878375825428,17
2020-04-30,266.3350830078125,252.51685805547805,18
2020-05-01,259.28436279296875,254.1165960402716,19
2020-05-04,259.9994812011719,255.5023941766648,20
2020-05-05,262.4016418457031,257.16150628952755,21
2020-05-06,260.6228942871094,258.00809006463913,22
2020-05-07,263.7678527832031,258.9926459902809,23
2020-05-08,268.1322021484375,259.7964404878162,24
2020-05-11,268.1872253417969,260.4207930791946,25
2020-05-12,262.841796875,260.9015001569475,26
2020-05-13,258.19317626953125,260.8058813185919,-1
2020-05-14,261.28314208984375,261.1206781296503,1
2020-05-15,262.48419189453125,261.4341634114583,2
2020-05-18,270.47930908203125,261.79916236514134,3
2020-05-19,267.7013244628906,262.25236438569567,4
2020-05-20,272.2489013671875,263.29542032877606,5
2020-05-21,270.3694152832031,263.98439243861606,6
2020-05-22,270.8828430175781,264.6986868722098,7
2020-05-26,274.22027587890625,265.40206473214283,8
2020-05-27,278.3004150390625,266.12159656343005,9
2020-05-28,277.78692626953125,266.8743140811012,10
2020-05-29,279.02471923828125,267.35938953218005,11
2020-06-01,280.1524963378906,268.0173615955171,12
2020-06-02,282.4721984863281,269.1215442475818,13
2020-06-03,286.2314147949219,270.3706839425223,14
2020-06-04,285.4795837402344,271.4696335565476,15
2020-06-05,292.7962341308594,273.00169735863096,16
2020-06-08,296.33538818359375,274.55253237769716,17
2020-06-09,294.1257629394531,275.7903209867932,18
2020-06-10,292.4845275878906,276.9473353794643,19
2020-06-11,275.6230773925781,277.5559677850632,-1
2020-06-12,278.9238586425781,278.5431431361607,1
2020-06-15,281.52777099609375,279.5071730840774,2
2020-06-16,286.94659423828125,280.6720493861607,3
2020-06-17,285.7546691894531,281.39944748651413,4
2020-06-18,285.8645935058594,282.26436505998885,5
2020-06-19,284.2309265136719,282.8349376860119,6
2020-06-22,286.0542907714844,283.5818365187872,7
2020-06-23,287.3712463378906,284.36699858165923,8
2020-06-24,280.0408020019531,284.64416649228053,-1
2020-06-25,283.0429382324219,284.8700009300595,-2
2020-06-26,276.3201904296875,284.80015636625745,-3
2020-06-29,280.3814697265625,284.86476353236606,-4
2020-06-30,283.97308349609375,285.0466962541853,-5
2020-07-01,285.9623107910156,285.21289207821803,1
2020-07-02,287.5370178222656,285.27506365094865,2
2020-07-06,291.97576904296875,285.58440580822173,3
2020-07-07,288.9644775390625,285.40194120861236,4
2020-07-08,291.174560546875,285.1561875116257,5
2020-07-09,289.5169372558594,284.9367196219308,6
2020-07-10,292.4731750488281,284.9361790248326,7
2020-07-13,289.9405517578125,285.6179635184152,8
2020-07-14,293.6979675292969,286.3214925130208,9
2020-07-15,296.396240234375,287.0295148577009,10
2020-07-16,295.4200744628906,287.4330139160156,11
2020-07-17,296.2764892578125,287.9340529668899,12
2020-07-20,298.6708679199219,288.5438755580357,13
2020-07-21,299.3063049316406,289.26175072079616,14
2020-07-22,301.010009765625,289.9739278157552,15
2020-07-23,297.4184875488281,290.4523678734189,16
2020-07-24,295.5028991699219,291.1886582147507,17
2020-07-27,297.6578063964844,291.88460431780135,18
2020-07-28,295.77001953125,292.81078665597096,19
2020-07-29,299.4076232910156,293.716793968564,20
2020-07-30,298.33935546875,294.4009021577381,21
2020-07-31,300.6968078613281,295.102544875372,22
2020-08-03,302.7874450683594,295.82875569661456,23
2020-08-04,303.9569396972656,296.39928763253346,24
2020-08-05,305.84490966796875,297.20311773390995,25
2020-08-06,307.8891296386719,297.9990495954241,26
2020-08-07,308.11029052734375,298.8844473702567,27
2020-08-10,309.0311584472656,299.6729227701823,28
2020-08-11,306.4802551269531,300.4605276925223,29
2020-08-12,310.7532653808594,301.27268473307294,30
2020-08-13,310.1915283203125,301.9296032133557,31
2020-08-14,310.20068359375,302.6334417433966,32
2020-08-17,311.1861267089844,303.3434244791667,33
2020-08-18,311.85833740234375,303.97139921642486,34
2020-08-19,310.5599060058594,304.50728498186385,35
2020-08-20,311.5268249511719,305.0080857049851,36
2020-08-21,312.6318664550781,305.73253231956846,37
2020-08-24,315.7999267578125,306.69905744280135,38
2020-08-25,316.905029296875,307.6155918666295,39
2020-08-26,320.0821838378906,308.77331397646947,40
2020-08-27,320.78204345703125,309.7911435081845,41
2020-08-28,322.8541259765625,310.95851353236606,42
2020-08-31,321.6844787597656,311.9579264322917,43
2020-09-01,324.71435546875,313.00206502278644,44
2020-09-02,329.41107177734375,314.21416655040923,45
2020-09-03,318.0744934082031,314.7965276808966,46
2020-09-04,315.4775390625,315.1578805106027,47
2020-09-08,306.8577575683594,315.0982360839844,-1
2020-09-09,312.91748046875,315.2832990373884,-2
2020-09-10,307.4840393066406,315.3310982840402,-3
2020-09-11,307.6405029296875,315.18287150065106,-4
2020-09-14,311.692626953125,315.25435238792784,-5
2020-09-15,313.2673645019531,315.400384812128,-6
2020-09-16,312.0241394042969,315.44029017857144,-7
2020-09-17,309.27984619140625,315.3175048828125,-8
2020-09-18,305.7191162109375,315.08699108305433,-9
2020-09-21,302.316650390625,314.6484113420759,-10
2020-09-22,305.3955993652344,314.3038271949405,-11
2020-09-23,298.3130798339844,313.4711201985677,-12
2020-09-24,299.1083068847656,312.6236572265625,-13
2020-09-25,303.94390869140625,311.8551679338728,-14
2020-09-28,308.9922790527344,311.2937505812872,-15
2020-09-29,307.3094787597656,310.5535292852493,-16
2020-09-30,309.6394348144531,309.9799557640439,-17
2020-10-01,311.6273498535156,309.3567650204613,1
2020-10-02,308.66864013671875,308.36903018043154,2
2020-10-05,314.142333984375,308.1817844935826,3
2020-10-06,309.67645263671875,307.9055422828311,4
2020-10-07,315.06689453125,308.29645356677827,5
2020-10-08,317.85919189453125,308.53177315848217,6
2020-10-09,320.6976623535156,309.16099330357144,7
2020-10-12,325.85693359375,310.0284423828125,8
2020-10-13,323.7303161621094,310.6016656784784,9
2020-10-14,321.69622802734375,311.00304013206846,10
2020-10-15,321.2987060546875,311.4446861630394,11
2020-10-16,321.1044921875,312.0077645438058,12
2020-10-19,316.2226257324219,312.5079316638765,13
2020-10-20,317.4893493652344,313.2304411388579,14
2020-10-21,316.888427734375,313.7777186802455,15
2020-10-22,318.62652587890625,314.7450256347656,16
2020-10-23,319.7084045410156,315.7259826660156,17
2020-10-26,313.8001708984375,316.1953284853981,-1
2020-10-27,312.7183837890625,316.3727620442708,-2
2020-10-28,302.0300598144531,316.1213611421131,-3
2020-10-29,305.0997009277344,315.90518333798366,-4
2020-10-30,301.9190368652344,315.44288271949404,-5
2020-11-02,305.30316162109375,315.2826218377976,-6
2020-11-03,310.6935119628906,315.1183922177269,-7
2020-11-04,317.63726806640625,315.49747866675966,1
2020-11-05,323.83203125,315.9148661295573,2
2020-11-06,323.7581481933594,316.19576881045384,3
2020-11-09,327.8263854980469,316.5352318173363,4
2020-11-10,327.3455505371094,316.60611833844865,5
2020-11-11,329.7772521972656,316.8940676734561,6
2020-11-12,326.578125,317.1265389578683,7
2020-11-13,331.0994567871094,317.59324137369794,8
2020-11-16,335.23236083984375,318.2659970238095,9
2020-11-17,333.4294128417969,319.0853678385417,10
2020-11-18,329.4165954589844,319.65333193824404,11
2020-11-19,330.8035888671875,320.3159586588542,12
2020-11-20,328.5382995605469,320.7879478817894,13
2020-11-23,330.50775146484375,321.3022024972098,14
2020-11-24,335.8333740234375,322.3514026460193,15
2020-11-25,335.315673828125,323.4274640764509,16
2020-11-27,336.2494812011719,325.0569603329613,17
2020-11-30,334.7608642578125,326.46939668201264,18
2020-12-01,338.4222412109375,328.2076445079985,19
2020-12-02,339.13421630859375,329.8186471121652,20
2020-12-03,339.0416564941406,331.16855875651044,21
2020-12-04,341.96356201171875,332.3269537062872,22
2020-12-07,341.2608642578125,333.1568981352307,23
2020-12-08,342.2593994140625,334.0379100981213,24
2020-12-09,339.189697265625,334.5790201822917,25
2020-12-10,339.0788269042969,335.1377476283482,26
2020-12-11,338.68115234375,335.5617428734189,27
2020-12-14,337.16473388671875,336.0658671061198,28
2020-12-15,341.7230529785156,336.5717526390439,29
2020-12-16,342.2593994140625,336.90637352353053,30
2020-12-17,344.17333984375,337.41798909505206,31
2020-12-18,342.7991027832031,338.0552513485863,32
2020-12-21,341.5733642578125,338.56809779575894,33
2020-12-22,340.99774169921875,339.1614045642671,34
2020-12-23,341.30419921875,339.6755211239769,35
2020-12-24,342.6318359375,339.99925740559894,36
2020-12-28,345.5754089355469,340.4878162202381,37
2020-12-29,344.91619873046875,340.90051705496654,38
2020-12-30,345.40826416015625,341.4075360979353,39
2020-12-31,347.1632385253906,341.8237740652902,40
2021-01-04,342.4370422363281,341.9810514904204,41
2021-01-05,344.7953796386719,342.25503830682663,42
2021-01-06,346.8567810058594,342.48804873511904,43
2021-01-07,352.0101623535156,342.99992007300966,44
2021-01-08,354.015869140625,343.5597519647507,45
2021-01-11,351.62945556640625,344.1521214076451,46
2021-01-12,351.7037658691406,344.75330897739957,47
2021-01-13,352.65087890625,345.41853405180433,48
2021-01-14,351.4158935546875,346.09716070265995,49
2021-01-15,348.8531188964844,346.43668765113466,50
2021-01-19,351.5923156738281,346.881112234933,51
2021-01-20,356.4579162597656,347.4660920642671,52
2021-01-21,356.78289794921875,348.1319870721726,53
2021-01-22,355.52008056640625,348.7961164202009,54
2021-01-25,356.9222106933594,349.5544244675409,55
2021-01-26,356.3651428222656,350.2716122581845,56
2021-01-27,347.65533447265625,350.5108264741443,-1
2021-01-28,350.64520263671875,350.7522452218192,-2
2021-01-29,343.62548828125,350.69078281947543,-3
2021-02-01,349.34527587890625,350.87825956798736,-4
2021-02-02,354.2850646972656,351.21739414760043,1
2021-02-03,354.5636291503906,351.7948506673177,2
2021-02-04,358.5936279296875,352.451910109747,3
2021-02-05,360.0050048828125,353.07801600864957,4
2021-02-08,362.6048278808594,353.58252389090404,5
2021-02-09,362.3634033203125,353.98002551850817,6
2021-02-10,362.2055358886719,354.483648390997,7
2021-02-11,362.7905578613281,355.0115908668155,8
2021-02-12,364.5826721191406,355.5797714960007,9
2021-02-16,364.2669372558594,356.1917259579613,10
2021-02-17,364.35052490234375,356.92969767252606,11
2021-02-18,362.7998962402344,357.46339198521207,12
2021-02-19,362.1591491699219,357.7348792666481,13
2021-02-22,359.37353515625,357.85824294317337,14
2021-02-23,359.8099670410156,358.0625232514881,15
2021-02-24,363.77484130859375,358.38883899507067,16
2021-02-25,355.00933837890625,358.32427687872024,-1
2021-02-26,353.18017578125,358.5873645600818,-2
2021-03-01,361.7413024902344,359.1157502673921,1
2021-03-02,358.9185485839844,359.843991234189,-1
2021-03-03,354.1644287109375,360.07347470238096,-2
2021-03-04,349.78167724609375,359.8590276808966,-3
2021-03-05,356.21649169921875,359.937735421317,-4
2021-03-08,354.44293212890625,359.7400832403274,-5
2021-03-09,359.5035400390625,359.71620396205356,-6
2021-03-10,361.7413024902344,359.67508370535717,1
2021-03-11,365.4090576171875,359.8201148623512,2
2021-03-12,365.9011535644531,359.996096656436,3
2021-03-15,368.0831604003906,360.2481253487723,4
2021-03-16,367.61895751953125,360.39271036783856,5
2021-03-17,368.8724670410156,360.61202130998885,6
2021-03-18,363.5055847167969,360.571786063058,7
2021-03-19,362.83294677734375,360.57335989815846,8
2021-03-22,365.73016357421875,360.743408203125,9
2021-03-23,362.85150146484375,360.90902564639134,10
2021-03-24,361.00701904296875,360.96602812267486,11
2021-03-25,363.03790283203125,360.9309358142671,12
2021-03-26,368.8882141113281,361.5918346586682,13
2021-03-29,368.70184326171875,362.3309616815476,14
2021-03-30,367.7237243652344,362.6158389136905,15
2021-03-31,369.2142639160156,363.10611107235866,16
2021-04-01,373.2014465332031,364.0126357305618,17
2021-04-05,378.5580139160156,365.3829374767485,18
2021-04-06,378.3345031738281,366.4361761183966,19
2021-04-07,378.7723388671875,367.59471929640995,20
2021-04-08,380.57025146484375,368.59789603097096,21
2021-04-09,383.3370056152344,369.62626284644716,22
2021-04-12,383.476806640625,370.4866318475632,23
2021-04-13,384.6133117675781,371.37768700009303,24
2021-04-14,383.2998046875,372.102289109003,25
2021-04-15,387.41741943359375,373.0450730096726,26
2021-04-16,388.7123107910156,373.9898274739583,27
2021-04-19,386.8026428222656,375.09921119326634,28
2021-04-20,383.9705810546875,376.1057652064732,29
2021-04-21,387.60369873046875,377.1473621186756,30
2021-04-22,384.0636291503906,378.15746343703495,31
2021-04-23,388.2278747558594,379.4536946614583,32
2021-04-26,389.03839111328125,380.6918131510417,33
2021-04-27,388.95458984375,381.6473548525856,34
2021-04-28,388.8427429199219,382.6064453125,35
2021-04-29,391.3207092285156,383.7301112583705,36
2021-04-30,388.7496337890625,384.66036696661087,37
2021-05-03,389.5880126953125,385.440679640997,38
2021-05-04,387.18450927734375,385.8514651343936,39
2021-05-05,387.3056640625,386.2786632719494,40
2021-05-06,390.3985290527344,386.8322913760231,41
2021-05-07,393.2398376464844,387.43560500372024,42
2021-05-10,389.3458557128906,387.72174072265625,43
2021-05-11,385.8709411621094,387.8357471284412,-1
2021-05-12,377.67303466796875,387.5052577427455,-2
2021-05-13,382.2098693847656,387.45335606166293,-3
2021-05-14,388.078857421875,387.48485310872394,1
2021-05-17,387.09136962890625,387.4076654343378,-1
2021-05-18,383.7562561035156,387.2625994001116,-2
2021-05-19,382.7501525878906,387.2044837588356,-3
2021-05-20,386.86785888671875,387.16944376627606,-4
2021-05-21,386.5510559082031,387.2878926595052,-5
2021-05-24,390.4916687011719,387.3956923711868,1
2021-05-25,389.625244140625,387.4236377534412,2
2021-05-26,390.3985290527344,387.49239676339283,3
2021-05-27,390.6033935546875,387.5762372698103,4
2021-05-28,391.3020935058594,387.57535080682663,5
2021-06-01,390.9574890136719,387.68048676990327,6
2021-06-02,391.572265625,387.7749750046503,7
2021-06-03,390.11895751953125,387.9147106352307,8
2021-06-04,393.68701171875,388.2185843331473,9
2021-06-07,393.30499267578125,388.3569873628162,10
2021-06-08,393.388916015625,388.3640863327753,11
2021-06-09,392.8019714355469,388.5286632719494,12
2021-06-10,394.6278076171875,388.9456569126674,13
2021-06-11,395.2799377441406,389.7840808686756,14
2021-06-14,396.1649169921875,390.44860694521947,15
2021-06-15,395.4383850097656,390.79906063988096,16
2021-06-16,393.23046875,391.09139869326634,17
2021-06-17,393.10009765625,391.53634352911087,18
2021-06-18,387.79705810546875,391.77667236328125,-1
2021-06-21,393.3487243652344,392.08528500511534,1
2021-06-22,395.4516296386719,392.50912184942337,2
2021-06-23,394.9749755859375,392.7226126534598,3
2021-06-24,397.3115234375,393.088625953311,4
2021-06-25,398.7228088378906,393.48502022879467,5
2021-06-28,399.5265808105469,393.9099339076451,6
2021-06-29,399.7416076660156,394.3118155343192,7
2021-06-30,400.0780029296875,394.74612572079616,8
2021-07-01,402.2931213378906,395.2566426595052,9
2021-07-02,405.3680419921875,395.98278953915553,10
2021-07-06,404.629638671875,396.50386701311385,11
2021-07-07,406.05963134765625,397.1112307593936,12
2021-07-08,402.7510986328125,397.55704897925966,13
2021-07-09,407.0503234863281,398.2355419340588,14
2021-07-12,408.5083923339844,398.8965221586682,15
2021-07-13,407.1158142089844,399.4601353236607,16
2021-07-14,407.7232666015625,400.01053292410717,17
2021-07-15,406.33074951171875,400.52921694800966,18
2021-07-16,403.1436462402344,401.0012730189732,19
2021-07-19,397.18994140625,401.19602748325894,-1
2021-07-20,402.8819580078125,401.9143560500372,1
2021-07-21,406.143798828125,402.52364531017486,2
2021-07-22,406.9942626953125,403.0732945033482,3
2021-07-23,411.18145751953125,403.84503173828125,4
2021-07-26,412.19091796875,404.55357433500745,5
2021-07-27,410.31231689453125,405.10545567103793,6
2021-07-28,410.14398193359375,405.6110462007068,7
2021-07-29,411.84503173828125,406.1873997279576,8
2021-07-30,409.844970703125,406.6524934314546,9
2021-08-02,408.98504638671875,406.97115652901783,10
2021-08-03,412.3123474121094,407.30183773949034,11
2021-08-04,410.2841796875,407.5711015973772,12
2021-08-05,412.8824768066406,407.895999000186,13
2021-08-06,413.5647277832031,408.41093372163317,14
2021-08-09,413.22821044921875,408.7051188151042,15
2021-08-10,413.74224853515625,408.95435006277904,16
2021-08-11,414.77044677734375,409.318856375558,17
2021-08-12,416.013427734375,409.713625953311,18
2021-08-13,416.7706298828125,410.2107631138393,19
2021-08-16,417.75189208984375,410.9063938685826,20
2021-08-17,415.0134582519531,411.755132765997,21
2021-08-18,410.4710998535156,412.1165204729353,-1
2021-08-19,411.1065979003906,412.35284423828125,-2
2021-08-20,414.3777770996094,412.7044401622954,1
2021-08-23,418.02301025390625,413.03022838774183,2
2021-08-24,418.6865539550781,413.33954438709077,3
2021-08-25,419.5650634765625,413.7801513671875,4
2021-08-26,417.0884094238281,414.11083839053197,5
2021-08-27,420.8175048828125,414.53809901646207,6
2021-08-30,422.6680908203125,415.14872378394716,7
2021-08-31,422.0418701171875,415.7704772949219,8
2021-09-01,422.26617431640625,416.2444690522693,9
2021-09-02,423.5653381347656,416.8769051688058,10
2021-09-03,423.46246337890625,417.3807140531994,11
2021-09-07,421.9483947753906,417.7799362909226,12
2021-09-08,421.43438720703125,418.1707066127232,13
2021-09-09,419.6304626464844,418.4510977608817,14
2021-09-10,416.322021484375,418.52498227074034,-1
2021-09-13,417.3873596191406,418.5904075985863,-2
2021-09-14,415.135009765625,418.5125209263393,-3
2021-09-15,418.6024475097656,418.55302356538317,1
2021-09-16,417.9388427734375,418.69232759021577,-1
2021-09-17,413.8677062988281,418.85407075427827,-2
2021-09-20,406.9668273925781,418.6569388253348,-3
2021-09-21,406.58233642578125,418.28572736467635,-4
2021-09-22,410.5484924316406,417.92979794456846,-5
2021-09-23,415.53662109375,417.7798011416481,-6
2021-09-24,416.2210998535156,417.6205647786458,-7
2021-09-27,415.0303039550781,417.5225597563244,-8
2021-09-28,406.6666564941406,416.84870983305433,-9
2021-09-29,407.3511962890625,416.1193339029948,-10
2021-09-30,402.37237548828125,415.1826913016183,-11
2021-10-01,407.1542663574219,414.46307663690476,-12
2021-10-04,401.903564453125,413.43156360444567,-13
2021-10-05,406.08538818359375,412.60408383324034,-14
2021-10-06,407.7730712890625,411.9290684291295,-15
2021-10-07,411.298583984375,411.4464111328125,-16
2021-10-08,410.5484924316406,411.01393636067706,-17
2021-10-11,407.576171875,410.59746733165923,-18
2021-10-12,406.5729675292969,410.0824962797619,-19
2021-10-13,408.03564453125,409.7444312686012,-20
2021-10-14,414.8990478515625,409.56807890392486,1
2021-10-15,418.05889892578125,409.5737958635603,2
2021-10-18,419.2964782714844,409.83230881463913,3
2021-10-19,422.5313415527344,410.57347615559894,4
2021-10-20,424.19091796875,411.41198003859745,5
2021-10-21,425.2973327636719,412.1143057686942,6
2021-10-22,424.8565979003906,412.558114188058,7
2021-10-25,427.1350402832031,413.07782563709077,8
2021-10-26,427.5195007324219,413.67254929315476,9
2021-10-27,425.6254577636719,414.57534935360866,10
2021-10-28,429.73223876953125,415.64111328125,11
2021-10-29,430.6042785644531,416.9854896182106,12
2021-11-01,431.34503173828125,418.13743082682294,13
2021-11-02,433.0889587402344,419.62244960239957,14
2021-11-03,435.73309326171875,421.0342450823103,15
2021-11-04,437.7865295410156,422.4634573800223,16
2021-11-05,439.305419921875,423.797116234189,17
2021-11-08,439.6805114746094,425.1843552362351,18
2021-11-09,438.2271728515625,426.6439267113095,19
2021-11-10,434.7017517089844,427.983392624628,20
2021-11-11,434.8424072265625,429.25990513392856,21
2021-11-12,438.1240539550781,430.36585780552457,22
2021-11-15,438.27410888671875,431.32848685128346,23
2021-11-16,440.00872802734375,432.31478445870533,24
2021-11-17,438.9397277832031,433.09613618396577,25
2021-11-18,440.4305725097656,433.8694530668713,26
2021-11-19,439.6429443359375,434.55257742745533,27
2021-11-22,438.4053039550781,435.19775390625,28
2021-11-23,438.98663330078125,435.7621154785156,29
2021-11-24,440.15869140625,436.36398170107884,30
2021-11-26,430.3417053222656,436.58856491815476,-1
2021-11-29,435.62054443359375,436.86896042596726,-2
2021-11-30,427.14453125,436.70421055385043,-3
2021-12-01,422.40008544921875,436.2782607305618,-4
2021-12-02,428.8695983886719,436.0773388090588,-5
2021-12-03,425.1379089355469,435.5728062220982,-6
2021-12-06,430.1730041503906,435.2102573939732,-7
2021-12-07,439.0710144042969,435.19909522646947,1
2021-12-08,440.2336730957031,435.2254362560454,2
2021-12-09,437.2614440917969,435.179449172247,3
2021-12-10,441.3775939941406,435.49734642392116,4
2021-12-13,437.4676818847656,435.62235950288317,5
2021-12-14,434.4579162597656,435.4477815173921,-1
2021-12-15,441.2463073730469,435.5893147786458,1
2021-12-16,437.355224609375,435.46295747302827,2
2021-12-17,432.7004089355469,435.1658470517113,-1
2021-12-20,428.0993347167969,434.57864525204616,-2
2021-12-21,435.7019348144531,434.39097813197543,1
2021-12-22,440.05841064453125,434.4696974981399,2
2021-12-23,442.79644775390625,434.651117234003,3
2021-12-27,449.06298828125,435.07513137090774,4
2021-12-28,448.6960144042969,435.9491460890997,5
2021-12-29,449.2701110839844,436.59912545340404,6
2021-12-30,448.02801513671875,437.5935770670573,7
2021-12-31,446.89892578125,438.7601885114397,8
2022-01-03,449.4864501953125,439.741943359375,9
2022-01-04,449.33587646484375,440.8942275274368,10
2022-01-05,440.70770263671875,441.3958798363095,-1
2022-01-06,440.2936706542969,441.4541015625,-2
2022-01-07,438.5530090332031,441.3740699404762,-3
2022-01-10,438.0072021484375,441.40958222888764,-4
2022-01-11,441.99676513671875,441.43906656901044,1
2022-01-12,443.1917724609375,441.7116423107329,2
2022-01-13,437.08514404296875,441.8367483956473,-1
2022-01-14,437.2638854980469,441.64710925874255,-2
2022-01-18,429.5201110839844,441.27400861467635,-3
2022-01-19,425.0601501464844,440.9101867675781,-4
2022-01-20,420.3556213378906,440.5414385114397,-5
2022-01-21,412.1037292480469,439.41771443684894,-6
2022-01-24,413.8538818359375,438.16987973167784,-7
2022-01-25,408.8011474609375,436.5510559082031,-8
2022-01-26,407.77557373046875,434.5849885486421,-9
2022-01-27,405.76190185546875,432.54050699869794,-10
2022-01-28,415.8392028808594,430.9485589890253,-11
2022-01-31,423.32891845703125,429.7724115280878,-12
2022-02-01,426.1893005371094,428.7862388974144,-13
2022-02-02,430.3293762207031,427.8739972795759,1
2022-02-03,420.2145080566406,426.48726545061385,-1
2022-02-04,422.1903991699219,425.60548909505206,-2
2022-02-07,420.83551025390625,424.67891002836683,-3
2022-02-08,424.2981262207031,424.0001060849144,1
2022-02-09,430.5081787109375,423.6430097307478,2
2022-02-10,422.7737731933594,422.72762916201634,3
2022-02-11,414.43719482421875,421.35836356026783,-1
2022-02-14,413.0823059082031,420.21537126813615,-2
2022-02-15,419.7441101074219,419.38109624953495,1
2022-02-16,420.2145080566406,418.9379722958519,2
2022-02-17,411.2381286621094,418.27978079659596,-1
2022-02-18,408.5752868652344,417.7188124883743,-2
2022-02-22,404.1906433105469,417.34199887230284,-3
2022-02-23,397.0208435058594,416.54042561848956,-4
2022-02-24,402.99560546875,416.26397123790923,-5
2022-02-25,411.88726806640625,416.4597662062872,-6
2022-02-28,410.8335266113281,416.7012721470424,-7
2022-03-01,404.5764465332031,416.16495041620163,-8
2022-03-02,412.0190124511719,415.6263834635417,-9
2022-03-03,409.96783447265625,414.8539326985677,-10
2022-03-04,406.636962890625,413.72572253999255,-11
2022-03-07,394.649658203125,412.5083487374442,-12
2022-03-08,391.65753173828125,411.0544026692708,-13
2022-03-09,402.158203125,410.16500709170384,-14
2022-03-10,400.3422546386719,409.0242513020833,-15
2022-03-11,395.2518615722656,407.34537905738466,-16
2022-03-14,392.3631896972656,405.89725603376115,-17
2022-03-15,400.9915466308594,405.2569870721726,-18
2022-03-16,409.8831481933594,405.10464622860866,1
2022-03-17,415.01116943359375,404.87926810128346,2
2022-03-18,419.5567626953125,404.8479468936012,3
2022-03-21,419.43402099609375,405.2382274809338,4
2022-03-22,424.3419494628906,405.98902093796505,5
2022-03-23,418.87713623046875,406.6883777436756,6
2022-03-24,425.19146728515625,408.0298360188802,7
2022-03-25,427.2679443359375,409.18566167922245,8
2022-03-28,430.3070373535156,410.0627935500372,9
2022-03-29,435.6303405761719,411.24359421502976,10
2022-03-30,432.9404602050781,412.5942615327381,11
2022-03-31,426.2768859863281,413.27320789155505,12
2022-04-01,427.4849853515625,414.10735793340774,13
2022-04-04,431.14703369140625,415.27450416201634,14
2022-04-05,425.7010803222656,416.7531433105469,15
2022-04-06,421.4444274902344,418.17156691778274,16
2022-04-07,423.5680236816406,419.19108218238466,17
2022-04-08,422.4354553222656,420.2431393577939,18
2022-04-11,415.2150573730469,421.19376772925966,-1
2022-04-12,413.6766052246094,422.2086922781808,-2
2022-04-13,418.4146728515625,423.03836495535717,-3
2022-04-14,413.2047119140625,423.19653465634303,-4
2022-04-18,413.3745422363281,423.1186000279018,-5
2022-04-19,420.0474853515625,423.1419677734375,-6
2022-04-20,419.7360534667969,423.1563502720424,-7
2022-04-21,413.4595031738281,422.63813854399183,-8
2022-04-22,402.11456298828125,421.83992077055433,-9
2022-04-25,404.44573974609375,420.8520289829799,-10
2022-04-26,392.7327575683594,419.2074962797619,-11
2022-04-27,393.8370056152344,417.4708281017485,-12
2022-04-28,403.7851257324219,415.9543892996652,-13
2022-04-29,388.8629455566406,413.855460030692,-14
2022-05-02,391.2036437988281,412.185305640811,-15
2022-05-03,392.99700927734375,410.5430210658482,-16
2022-05-04,404.9648742675781,409.29625156947543,-17
2022-05-05,390.5713195800781,407.62340581984745,-18
2022-05-06,388.239990234375,406.042242140997,-19
2022-05-09,375.8096923828125,403.7680358886719,-20
2022-05-10,376.67791748046875,401.589105515253,-21
2022-05-11,370.6939392089844,399.46905226934524,-22
2022-05-12,370.3070373535156,397.4038347516741,-23
2022-05-13,379.1602478027344,395.5345764160156,-24
2022-05-16,377.6218566894531,393.84015473865327,-25
2022-05-17,385.3896179199219,392.5075392950149,-26
2022-05-18,369.8539733886719,390.1173720586868,-27
2022-05-19,367.5887756347656,387.63416835239957,-28
2022-05-20,367.7491760253906,385.45748610723587,-29
2022-05-23,374.6298522949219,384.148690359933,-30
2022-05-24,371.76995849609375,382.5927007765997,-31
2022-05-25,375.05462646484375,381.7508850097656,-32
2022-05-26,382.5486755371094,381.21334548223587,1
2022-05-27,391.93994140625,380.6492890857515,2
2022-05-31,389.74072265625,380.6910879952567,3
2022-06-01,386.5882263183594,380.47130621047245,4
2022-06-02,393.9503479003906,380.51670328776044,5
2022-06-03,387.48492431640625,379.68432471865697,6
2022-06-06,388.66473388671875,379.5935349237351,7
2022-06-07,392.3929443359375,379.79129464285717,8
2022-06-08,388.1268005371094,380.3778236025856,9
2022-06-09,378.89599609375,380.4834463936942,-1
2022-06-10,367.9096374511719,380.3508605957031,-2
2022-06-13,353.9407958984375,379.57151576450894,-3
2022-06-14,352.874267578125,378.3198024204799,-4
2022-06-15,357.90496826171875,377.3809029715402,-5
2022-06-16,346.0597229003906,375.508050827753,-6
2022-06-17,346.80572509765625,374.41051519484745,-7
2022-06-21,355.5361022949219,373.8365783691406,-8
2022-06-22,354.8914489746094,373.2243056524368,-9
2022-06-23,358.37030029296875,372.45004127139134,-10
2022-06-24,369.7643127441406,372.35453433082216,-11
2022-06-27,368.3519592285156,372.0353597005208,-12
2022-06-28,360.825439453125,371.0009198869978,-13
2022-06-29,360.5315856933594,369.50528390066967,-14
2022-06-30,357.6025390625,367.9748942057292,-15
2022-07-01,361.38470458984375,366.7747265043713,-16
2022-07-05,362.0672302246094,365.25648280552457,-17
2022-07-06,363.2901306152344,364.10434977213544,-18
2022-07-07,368.7311096191406,363.1551295689174,1
2022-07-08,368.42779541015625,362.0139320010231,2
2022-07-11,364.2190246582031,360.8754664829799,3
2022-07-12,360.9960632324219,360.02308872767856,4
2022-07-13,359.10028076171875,359.60359555199034,-1
2022-07-14,358.2281799316406,359.80775669642856,-2
2022-07-15,365.0721130371094,360.3886064801897,1
2022-07-18,362.0577697753906,360.58635893322173,2
2022-07-19,371.84033203125,361.81400698707216,3
2022-07-20,374.2100830078125,363.11897641136534,4
2022-07-21,378.020751953125,364.1896740141369,5
2022-07-22,374.5134582519531,365.12405540829616,6
2022-07-25,374.9684753417969,365.9144446963356,7
2022-07-26,370.5321350097656,365.95100766136534,8
2022-07-27,380.153564453125,366.5129888625372,9
2022-07-28,384.921630859375,367.6604265485491,10
2022-07-29,390.5332336425781,369.08907645089283,11
2022-08-01,389.3768615722656,370.60213942754837,12
2022-08-02,386.80792236328125,371.8127688453311,13
2022-08-03,392.8651123046875,373.2793346586682,14
2022-08-04,392.5997619628906,374.67503138950894,15
2022-08-05,391.9361267089844,375.780032203311,16
2022-08-08,391.4812316894531,376.87781488327755,17
2022-08-09,389.9266357421875,378.10198683965774,18
2022-08-10,398.1166076660156,379.869631812686,19
2022-08-11,398.1166076660156,381.72755214146207,20
2022-08-12,404.8563232421875,383.94793991815476,21
2022-08-15,406.524658203125,385.92187064034596,22
2022-08-16,407.3209228515625,388.07725888206846,23
2022-08-17,404.4297180175781,389.6291344052269,24
2022-08-18,405.6051940917969,391.1241396949405,25
2022-08-19,400.1546630859375,392.17813546316967,26
2022-08-22,391.8224182128906,393.0023716517857,-1
2022-08-23,390.8744812011719,393.75980050223217,-2
2022-08-24,392.12579345703125,394.7880699521019,-3
2022-08-25,397.66162109375,395.62178693498885,1
2022-08-26,384.201171875,395.58747936430433,-1
2022-08-29,381.6607666015625,395.16498093377976,-2
2022-08-30,377.4709777832031,394.59803408668154,-3
2022-08-31,374.5987243652344,394.01664370582216,-4
2022-09-01,375.774169921875,393.2027893066406,-5
2022-09-02,371.8118591308594,392.21288917178197,-6
2022-09-06,370.408935546875,391.1877848307292,-7
2022-09-07,377.0634460449219,390.501223609561,-8
2022-09-08,379.5279235839844,390.0060468401228,-9
2022-09-09,385.4239501953125,389.4016345796131,-10
2022-09-12,389.56640625,388.9944821312314,1
2022-09-13,372.6270751953125,387.45975603376115,-1
2022-09-14,374.0489807128906,385.91329520089283,-2
2022-09-15,369.8022766113281,384.1266929989769,-3
2022-09-16,366.98114013671875,382.3434273856027,-4
2022-09-19,369.8270568847656,380.63970656622024,-5
2022-09-20,365.5819396972656,378.9933864048549,-6
2022-09-21,359.2047424316406,377.4401637486049,-7
2022-09-22,356.1874694824219,375.7884012858073,-8
2022-09-23,350.21966552734375,373.7928713843936,-9
2022-09-26,346.7550354003906,371.3687482561384,-10
2022-09-27,345.8698425292969,369.54344685872394,-11
2022-09-28,352.6753845214844,368.16319056919644,-12
2022-09-29,345.3083190917969,366.6316353934152,-13
2022-09-30,339.9686279296875,364.98258318219865,-14
2022-10-03,348.9441833496094,363.7049647739955,-15
2022-10-04,359.7568054199219,363.13091459728423,-16
2022-10-05,358.9192199707031,362.58378528413317,-17
2022-10-06,355.2167053222656,361.54346429734005,-18
2022-10-07,345.3083190917969,359.9139593215216,-19
2022-10-10,342.6717224121094,357.87813895089283,-20
2022-10-11,340.50164794921875,355.5417218889509,-21
2022-10-12,339.37847900390625,353.9584554036458,-22
2022-10-13,348.3350830078125,352.7339840843564,-23
2022-10-14,340.3969421386719,351.33373006184894,-24
2022-10-17,349.1441345214844,350.4843488420759,-25
2022-10-18,353.24639892578125,349.6947937011719,1
2022-10-19,350.7431640625,348.9881853376116,2
2022-10-20,347.8020324707031,348.4451991489955,-1
2022-10-21,356.254150390625,348.44837443033856,1
2022-10-24,360.613525390625,348.94332013811385,2
2022-10-25,366.3719177246094,349.8774573916481,3
2022-10-26,363.61163330078125,350.72230457124255,4
2022-10-27,361.6699523925781,351.15061732700894,5
2022-10-28,370.2743835449219,352.3394775390625,6
2022-10-31,367.5997314453125,353.6552443731399,7
2022-11-01,365.9912109375,354.46700759161087,8
2022-11-02,356.8061828613281,354.32650175548736,9
2022-11-03,353.1321716308594,354.0509280250186,-1
2022-11-04,358.2148742675781,354.1936979747954,1
2022-11-07,361.641357421875,354.9714617047991,2
2022-11-08,363.5926208496094,355.9676949637277,3
2022-11-09,356.1018371582031,356.71056111653644,-1
2022-11-10,375.6711730957031,358.43878464471726,1
2022-11-11,379.3070373535156,359.9136396135603,2
2022-11-14,376.0804748535156,361.6128554571243,3
2022-11-15,379.2879943847656,363.0482773553757,4
2022-11-16,376.39453125,364.1505693708147,5
2022-11-17,375.2428283691406,365.3172200520833,6
2022-11-18,376.94647216796875,366.7050505138579,7
2022-11-21,375.57598876953125,367.6251380557106,8
2022-11-22,380.6300964355469,368.57830810546875,9
2022-11-23,383.02874755859375,369.3714904785156,10
2022-11-25,382.9429626464844,370.2920299711682,11
2022-11-28,376.8323669433594,371.01404971168154,12
2022-11-29,376.18511962890625,371.2955133347284,13
2022-11-30,388.0351867675781,372.2686302548363,14
2022-12-01,387.74969482421875,373.30474853515625,15
2022-12-02,387.30230712890625,374.75694492885043,16
2022-12-05,380.3350830078125,376.0523216610863,17
2022-12-06,374.8525695800781,376.84459286644346,-1
2022-12-07,374.21484375,377.4433303106399,-2
2022-12-08,377.146484375,378.08875238327755,-3
2022-12-09,374.3290710449219,378.9567159016927,-4
2022-12-12,379.7259521484375,379.14980061848956,1
2022-12-13,382.6003112792969,379.30662318638394,2
2022-12-14,380.1541748046875,379.50060889834447,3
2022-12-15,370.8549499511719,379.09903535388764,-1
2022-12-16,366.4766540527344,378.6267554873512,-2
2022-12-19,363.3689880371094,378.06133451915923,-3
2022-12-20,363.8662109375,377.43846493675596,-4
2022-12-21,369.3069763183594,377.1399405343192,-5
2022-12-22,364.0383605957031,376.34985787527904,-6
2022-12-23,366.1324768066406,375.54527355375745,-7
2022-12-27,364.68853759765625,374.67601521809894,-8
2022-12-28,360.15625,373.8819144112723,-9
2022-12-29,366.63916015625,373.4273449125744,-10
2022-12-30,365.67340087890625,372.3624979654948,-11
2023-01-03,364.1340026855469,371.2379411969866,-12
2023-01-04,366.9451904296875,370.2685546875,-13
2023-01-05,362.7571105957031,369.43150838216144,-14
2023-01-06,371.0758361816406,369.25166393461683,1
2023-01-09,370.8655090332031,369.0921718052455,2
2023-01-10,373.4663391113281,368.9169267926897,3
2023-01-11,378.1898498535156,369.1007734026228,4
2023-01-12,379.5668029785156,369.09319487072173,5
2023-01-13,381.03924560546875,369.0188584100632,6
2023-01-17,380.3412780761719,369.02776808965774,7
2023-01-18,374.3364562988281,369.1935541062128,8
2023-01-19,371.611328125,369.4380623953683,9
2023-01-20,378.53411865234375,370.16021147228423,10
2023-01-23,383.0759582519531,371.07496134440106,11
2023-01-24,382.664794921875,371.71104794456846,12
2023-01-25,382.8082275390625,372.60485113234745,13
2023-01-26,387.015380859375,373.59927513485866,14
2023-01-27,387.9046630859375,374.7048049200149,15
2023-01-30,383.0377502441406,375.79440016973587,16
2023-01-31,388.669677734375,376.84347243536087,17
2023-02-01,392.8004150390625,378.1352350144159,18
2023-02-02,398.5183410644531,379.77258446103053,19
2023-02-03,394.2824401855469,381.07435825892856,20
2023-02-06,391.8728332519531,382.4608212425595,21
2023-02-07,396.998046875,383.6952122279576,22
2023-02-08,392.6569519042969,384.73289998372394,23
2023-02-09,389.2528991699219,385.4846409388951,24
2023-02-10,390.1613464355469,386.0547122047061,25
2023-02-13,394.74139404296875,386.77731177920384,26
2023-02-14,394.55975341796875,387.421145484561,27
2023-02-15,395.84100341796875,388.1592276436942,28
2023-02-16,390.3907775878906,388.92371913364957,29
2023-02-17,389.4154968261719,389.7715366908482,-1
2023-02-21,381.6033935546875,389.91769263857884,-2
2023-02-22,381.0775451660156,389.82253011067706,-3
2023-02-23,383.10467529296875,389.8434767950149,-4
2023-02-24,379.0122375488281,389.66271536690846,-5
2023-02-27,380.30303955078125,389.3430800664993,-6
2023-02-28,378.8974609375,388.9141656784784,-7
2023-03-01,377.44403076171875,388.6477980840774,-8
2023-03-02,380.3794860839844,388.2530270531064,-9
2023-03-03,386.4800109863281,387.9520554315476,-10
2023-03-06,386.7477111816406,387.3915492466518,-11
2023-03-07,380.8193664550781,386.7504504975818,-12
2023-03-08,381.4408874511719,386.2536911737351,-13
2023-03-09,374.40338134765625,385.17775472005206,-14
2023-03-10,369.0009460449219,384.051278250558,-15
2023-03-13,368.4749755859375,383.06185331798736,-16
2023-03-14,374.5659484863281,382.31921532040553,-17
2023-03-15,372.2233581542969,381.24692789713544,-18
2023-03-16,378.75396728515625,380.4942714146205,-19
2023-03-17,374.3253479003906,379.46971638997394,-20
2023-03-20,377.92474365234375,378.8760957263765,-21
2023-03-21,382.88702392578125,378.5652160644531,1
2023-03-22,376.3601989746094,378.31554013206846,-1
2023-03-23,377.37762451171875,378.1393534342448,-2
2023-03-24,379.8539733886719,377.98455810546875,1
2023-03-27,380.5642395019531,378.0584629603795,2
2023-03-28,379.7099914550781,378.0302225748698,3
2023-03-29,385.2290954589844,378.33172898065476,4
2023-03-30,387.4847106933594,378.80985659644716,5
2023-03-31,392.9461364746094,379.4082685198103,6
2023-04-03,394.4434814453125,379.7874813988095,7
2023-04-04,392.25506591796875,380.0497363862537,8
2023-04-05,391.2279968261719,380.5453854515439,9
2023-04-06,392.7541809082031,381.08411371140255,10
2023-04-10,393.1572265625,381.9771539597284,11
2023-04-11,393.26287841796875,383.1324840727307,12
2023-04-12,391.659912109375,384.2365286690848,13
2023-04-13,396.8622131347656,385.2982555571057,14
2023-04-14,395.89276123046875,386.42536998930433,15
2023-04-17,397.3133850097656,387.3091517857143,16
2023-04-18,397.572509765625,388.4161594935826,17
2023-04-19,397.50531005859375,389.3485674176897,18
2023-04-20,395.3360900878906,389.9413800920759,19
2023-04-21,395.643310546875,390.85962350027904,20
2023-04-24,396.05596923828125,391.74906848725817,21
2023-04-25,389.7690124511719,392.2212132045201,-1
2023-04-26,388.11810302734375,392.58092099144346,-2
2023-04-27,395.8448791503906,393.3492489769345,1
2023-04-28,399.22344970703125,394.0156467982701,2
2023-05-01,398.82025146484375,394.55543445405505,3
2023-05-02,394.3378601074219,394.6217070079985,-1
2023-05-03,391.631103515625,394.487784249442,-2
2023-05-04,388.8572082519531,394.3259815034412,-3
2023-05-05,396.05596923828125,394.5558849516369,1
2023-05-08,396.16156005859375,394.71814110165553,2
2023-05-09,394.4241943359375,394.7784729003906,-1
2023-05-10,396.2671203613281,394.9215320405506,1
2023-05-11,395.5760498046875,395.10801478794644,2
2023-05-12,395.05767822265625,395.02208455403644,3
2023-05-15,396.42071533203125,395.0472252255394,4
2023-05-16,393.7715759277344,394.8785676502046,-1
2023-05-17,398.5515441894531,394.92518833705356,1
2023-05-18,402.3909606933594,395.15783836728053,2
2023-05-19,401.8053283691406,395.46589733305433,3
2023-05-22,401.9685363769531,395.767098563058,4
2023-05-23,397.4573059082031,395.83382888067337,5
2023-05-24,394.5777587890625,396.0628168015253,-1
2023-05-25,397.99481201171875,396.53313627697173,1
2023-05-26,403.1491394042969,396.8809581938244,2
2023-05-30,403.30267333984375,397.07520693824404,3
2023-05-31,401.06634521484375,397.18216378348217,4
2023-06-01,404.8768005371094,397.68401808965774,5
2023-06-02,410.7318420410156,398.5935770670573,6
2023-06-05,409.9447937011719,399.5977478027344,7
2023-06-06,410.83746337890625,400.30162847609745,8
2023-06-07,409.4169006347656,400.9328351702009,9
2023-06-08,411.89324951171875,401.7646949404762,10
2023-06-09,412.6322937011719,402.5439889090402,11
2023-06-12,416.3755798339844,403.5344427199591,12
2023-06-13,419.120849609375,404.68030802408856,13
2023-06-14,419.619873046875,405.78502982003346,14
2023-06-15,424.8221130371094,407.26362682524183,15
2023-06-16,423.3751525878906,408.4457034156436,16
2023-06-20,421.1786193847656,409.3403538295201,17
2023-06-21,419.02056884765625,410.1601271856399,18
2023-06-22,420.5331115722656,411.04415457589283,19
2023-06-23,417.3539123535156,411.99161202566967,20
2023-06-26,415.648681640625,412.9949893043155,21
2023-06-27,420.20556640625,414.05264427548366,22
2023-06-28,420.4176025390625,414.8749520438058,23
2023-06-29,422.0744934082031,415.7688482375372,24
2023-06-30,427.0553283691406,417.0064188639323,25
2023-07-03,427.54669189453125,418.0859375,26
2023-07-05,426.91082763671875,418.85636538550966,27
2023-07-06,423.56781005859375,419.5050804501488,28
2023-07-07,422.4984436035156,420.0603652227493,29
2023-07-10,423.56781005859375,420.73421805245533,30
2023-07-11,426.2653503417969,421.4186038062686,31
2023-07-12,429.6949768066406,422.23111252557663,32
2023-07-13,433.10552978515625,423.02777680896577,33
2023-07-14,432.8357238769531,423.68086605980284,34
2023-07-17,434.338623046875,424.38175891694567,35
2023-07-18,437.5660400390625,424.98861258370533,36
2023-07-19,438.5390625,425.71070353190106,37
2023-07-20,435.6295471191406,426.39884294782365,38
2023-07-21,435.6295471191406,427.1897466750372,39
2023-07-24,437.57568359375,428.00129772367933,40
2023-07-25,438.770263671875,429.0211239769345,41
2023-07-26,438.83770751953125,430.1253633045015,42
2023-07-27,435.9281921386719,430.87405976795014,43
2023-07-28,440.1960754394531,431.8158918108259,44
2023-07-31,441.03424072265625,432.71873692103793,45
2023-08-01,439.7722473144531,433.32430448986236,46
2023-08-02,433.6546630859375,433.6151602608817,47
2023-08-03,432.41180419921875,433.87711152576264,-1
2023-08-04,430.45611572265625,434.2051260811942,-2
2023-08-07,434.21337890625,434.7629801432292,-3
2023-08-08,432.3251647949219,435.1799970354353,-4
2023-08-09,429.4349365234375,435.3309297107515,-5
2023-08-10,429.5890197753906,435.3258841378348,-6
2023-08-11,429.338623046875,435.1465076264881,-7
2023-08-14,431.7085266113281,435.09283156622024,-8
2023-08-15,426.6796875,434.7281203497024,-9
2023-08-16,423.5486145019531,434.06062389555433,-10
2023-08-17,420.3211669921875,433.19310506184894,-11
2023-08-18,420.5234680175781,432.47376796177457,-12
2023-08-21,423.259521484375,431.8847191220238,-13
2023-08-22,422.1130676269531,431.14840407598587,-14
2023-08-23,426.8144836425781,430.57908121744794,-15
2023-08-24,420.8992004394531,429.72486659458707,-16
2023-08-25,423.866455078125,429.15049816313245,-17
2023-08-28,426.55438232421875,428.50089372907365,-18
2023-08-29,432.72015380859375,428.10498482840404,1
2023-08-30,434.5024108886719,427.85404023670014,2
2023-08-31,433.8665771484375,427.86413138253346,3
2023-09-01,434.67584228515625,427.9719427199591,4
2023-09-05,432.79718017578125,428.0834219796317,5
2023-09-06,429.8877258300781,427.877438499814,6
2023-09-07,428.56787109375,427.69851975213913,7
2023-09-08,429.21331787109375,427.6879664829799,8
2023-09-11,432.0361022949219,427.8044942220052,9
2023-09-12,429.6661071777344,427.82008870442706,10
2023-09-13,430.1671447753906,427.74668956938245,11
2023-09-14,433.876220703125,428.0893816266741,12
2023-09-15,428.648681640625,428.33224196661087,13
2023-09-18,428.90008544921875,428.74076189313615,14
2023-09-19,428.0106201171875,429.0972929454985,-1
2023-09-20,424.0758056640625,429.13616362072173,-2
2023-09-21,417.0664978027344,428.8958507719494,-3
2023-09-22,416.1287536621094,428.3870064871652,-4
2023-09-25,417.87860107421875,428.24316842215404,-5
2023-09-26,411.73944091796875,427.66569155738466,-6
2023-09-27,411.9037780761719,426.9680437360491,-7
2023-09-28,414.2917785644531,426.0905020577567,-8
2023-09-29,413.2862854003906,425.08021036783856,-9
2023-10-02,413.1219482421875,424.09237089611236,-10
2023-10-03,407.59185791015625,422.80265735444567,-11
2023-10-04,410.5599365234375,421.74374099004837,-12
2023-10-05,410.4052429199219,420.81600370861236,-13
2023-10-06,415.2779235839844,420.1831490652902,-14
2023-10-09,417.93658447265625,419.6461617606027,-15
2023-10-10,420.1119079589844,419.0783429827009,1
2023-10-11,421.83282470703125,418.70532953171505,2
2023-10-12,419.2611083984375,418.1859944661458,3
2023-10-13,417.17279052734375,417.39059302920384,-1
2023-10-16,421.5621337890625,417.0531383696057,1
2023-10-17,421.5427551269531,416.7027893066406,2
2023-10-18,415.9256591796875,416.12731497628346,-1
2023-10-19,412.2711181640625,415.56518700009303,-2
2023-10-20,407.2052001953125,415.09560139973956,-3
2023-10-23,406.4993591308594,414.6370588030134,-4
2023-10-24,409.5641174316406,414.24113101050966,-5
2023-10-25,403.6860046386719,413.85763404482884,-6
2023-10-26,398.8520202636719,413.2361217680432,-7
2023-10-27,397.04412841796875,412.41480509440106,-8
2023-10-30,401.7911071777344,411.8674156552269,-9
2023-10-31,404.314453125,411.44801112583707,-10
2023-11-01,408.6263732910156,411.4972737630208,-11
2023-11-02,416.45745849609375,411.77810814267116,1
2023-11-03,420.2569580078125,412.24723743257067,2
2023-11-06,421.2236633300781,412.5303678966704,3
2023-11-07,422.42254638671875,412.74398513067337,4
2023-11-08,422.73193359375,412.8687482561384,5
2023-11-09,419.4351501464844,412.7545732770647,6
2023-11-10,425.9803771972656,413.0745384579613,7
2023-11-13,425.5743103027344,413.47461082821803,8
2023-11-14,433.830810546875,414.05883353097096,9
2023-11-15,434.7491760253906,414.68771071661087,10
2023-11-16,435.2809143066406,415.60938953218005,11
2023-11-17,435.8223876953125,416.7308785574777,12
2023-11-20,439.17718505859375,418.25335402715774,13
2023-11-21,438.2199401855469,419.76385788690476,14
2023-11-22,439.9118957519531,421.208990187872,15
2023-11-24,440.1825866699219,422.9469226655506,16
2023-11-27,439.38983154296875,424.8772946312314,17
2023-11-28,439.8248596191406,426.9144723074777,18
2023-11-29,439.5155334472656,428.71087355840774,19
2023-11-30,441.2461242675781,430.46952456519716,20
2023-12-01,443.8564147949219,432.1471455891927,21
2023-12-04,441.5264587402344,433.34090750558033,22
2023-12-05,441.439453125,434.34959774925596,23
2023-12-06,439.6605224609375,435.22754342215404,24
2023-12-07,443.01531982421875,436.2081516810826,25
2023-12-08,444.919921875,437.2647225516183,26
2023-12-11,446.6504821777344,438.5606907435826,27
2023-12-12,448.6903991699219,439.6421203613281,28
2023-12-13,454.8778991699219,441.0375293550037,29
2023-12-14,456.3377990722656,442.1092907133557,30
2023-12-15,455.5863952636719,443.1015392485119,31
2023-12-18,458.149169921875,444.1905038016183,32
2023-12-19,460.93505859375,445.38634527297245,33
2023-12-20,454.5477600097656,446.1182774135045,34
2023-12-21,458.8577575683594,447.1010306222098,35
2023-12-22,459.7799377441406,448.047127859933,36
2023-12-26,461.7214050292969,449.07278587704616,37
2023-12-27,462.55615234375,450.1759440104167,38
2023-12-28,462.73089599609375,451.2667076474144,39
2023-12-29,461.3913269042969,452.3084120977493,40
2024-01-02,458.8092041015625,453.1447492327009,41
2024-01-03,455.062255859375,453.6783607119606,42
2024-01-04,453.5964660644531,454.2531229654948,-1
2024-01-05,454.21771240234375,454.86161150251115,-2
2024-01-08,460.7021484375,455.8635936918713,1
2024-01-09,460.003173828125,456.6725391206287,2
2024-01-10,462.6047058105469,457.5146716889881,3
2024-01-11,462.40087890625,458.26469058082216,4
2024-01-12,462.7211608886719,458.93282209123885,5
2024-01-16,461.02239990234375,459.2254173642113,6
2024-01-17,458.45977783203125,459.3264639718192,-1
2024-01-18,462.5367736816406,459.65743437267486,1
2024-01-19,468.3028564453125,460.1409432547433,2
2024-01-22,469.29290771484375,460.53893607003346,3
2024-01-23,470.6617126464844,461.30626714797245,4
2024-01-24,471.17608642578125,461.89285423642116,5
2024-01-25,473.7388610839844,462.5575648716518,6
2024-01-26,473.13702392578125,463.1011657714844,7
2024-01-29,476.8839111328125,463.78343999953495,8
2024-01-30,476.51507568359375,464.43982950846356,9
2024-01-31,468.7396545410156,464.78974987211683,10
2024-02-01,474.8746032714844,465.5547688802083,11
2024-02-02,479.8738098144531,466.7362714494978,12
2024-02-05,478.1264343261719,467.9043651762463,13
2024-02-06,479.5145568847656,469.10897681826634,14
2024-02-07,483.51397705078125,470.19525437127976,15
2024-02-08,483.7275390625,471.32498604910717,16
2024-02-09,486.52313232421875,472.4639587402344,17
2024-02-12,486.3096618652344,473.60247221447173,18
2024-02-13,479.6116027832031,474.4067789713542,19
2024-02-14,483.97015380859375,475.49952915736606,20
2024-02-15,487.3094177246094,476.8733215332031,21
2024-02-16,484.88262939453125,477.93740990048366,22
2024-02-20,482.2132263183594,478.59980846586683,23
2024-02-21,482.6499938964844,479.23586018880206,24
2024-02-22,492.638671875,480.28238205682663,25
2024-02-23,492.9784851074219,481.32059151785717,26
2024-02-26,491.1728820800781,482.1507829938616,27
2024-02-27,492.0853271484375,483.05308314732144,28
2024-02-28,491.4350280761719,483.7459934779576,29
2024-02-29,493.20166015625,484.5405927385603,30
2024-03-01,497.8320007324219,485.92594255719865,31
2024-03-04,497.2980651855469,486.9937264578683,32
2024-03-05,492.3280944824219,487.58678763253346,33
2024-03-06,494.82281494140625,488.38185337611606,34
2024-03-07,499.7345886230469,489.34471203031995,35
2024-03-08,496.73516845703125,489.9742925734747,36
2024-03-11,496.30804443359375,490.5733642578125,37
2024-03-12,501.64697265625,491.29354713076634,38
2024-03-13,500.8606262207031,491.9864501953125,39
2024-03-14,499.8705749511719,492.951163155692,40
2024-03-15,496.4381408691406,493.54487682524183,41
2024-03-18,499.3885192871094,494.12007213774183,42
2024-03-19,502.1636962890625,494.94298008510043,43
2024-03-20,506.8083190917969,496.11417497907365,44
2024-03-21,508.48321533203125,497.34432838076634,45
2024-03-22,507.5191955566406,498.0529247465588,46
2024-03-25,506.1169738769531,498.6785670689174,47
2024-03-26,505.1822509765625,499.3456798735119,48
2024-03-27,509.427734375,500.1715087890625,49
2024-03-28,509.3302917480469,501.02366420200894,50
2024-04-01,508.44415283203125,501.74949718656995,51
2024-04-02,505.21148681640625,502.1009012858073,52
2024-04-03,505.7664489746094,502.50415765671505,53
2024-04-04,499.5930480957031,502.85010782877606,-1
2024-04-05,504.812255859375,503.32579549153644,1
2024-04-08,505.0946350097656,503.5810357956659,2
2024-04-09,505.67889404296875,504.0069274902344,3
2024-04-10,500.6154479980469,504.2120419456845,-1
2024-04-11,504.3935241699219,504.3428301130022,1
2024-04-12,497.4313659667969,504.17953200567337,-1
2024-04-15,491.199462890625,503.76662190755206,-2
2024-04-16,490.30364990234375,503.4745032900856,-3
2024-04-17,487.4018859863281,502.9037112281436,-4
2024-04-18,486.3988952636719,502.1530064174107,-5
2024-04-19,482.15350341796875,500.97896757579986,-6
2024-04-22,486.59368896484375,499.93660917736236,-7
2024-04-23,492.3679504394531,499.21512131463913,-8
2024-04-24,492.1342468261719,498.54927716936385,-9
2024-04-25,490.2646484375,497.8389151436942,-10
2024-04-26,494.90936279296875,497.1475641159784,-11
2024-04-29,496.662109375,496.5443173363095,1
2024-04-30,488.79437255859375,495.6086135137649,-1
2024-05-01,487.2071838378906,494.75126575288317,-2
2024-05-02,491.76422119140625,494.08449300130206,-3
2024-05-03,497.85980224609375,494.00195748465404,1
2024-05-06,503.00115966796875,493.9157148088728,2
2024-05-07,503.5561218261719,493.84245227632067,3
2024-05-08,503.6048583984375,493.74368867420014,4
2024-05-09,506.50653076171875,494.0242164248512,5
2024-05-10,507.1589660644531,494.15590413411456,6
2024-05-13,507.22711181640625,494.6223682221912,7
2024-05-14,509.5542907714844,495.4964076450893,8
2024-05-15,515.8641967773438,496.7135765438988,9
2024-05-16,514.8027954101562,498.0183817545573,10
2024-05-17,515.5427856445312,499.40618605840774,11
2024-05-20,516.13671875,501.02443440755206,12
2024-05-21,517.402587890625,502.4915248325893,13
2024-05-22,515.9127807617188,503.61270722888764,14
2024-05-23,512.1444702148438,504.5655750093006,15
2024-05-24,515.5331420898438,505.7688366117932,16
2024-05-28,515.893310546875,506.768072219122,17
2024-05-29,512.28076171875,507.5118175688244,18
2024-05-30,508.8824768066406,508.46839396158856,19
2024-05-31,513.5175170898438,509.7212669735863,20
2024-06-03,513.93603515625,510.77706763857884,21
2024-06-04,514.5106201171875,511.56996372767856,22
2024-06-05,520.6255493164062,512.4092203776041,23
2024-06-06,520.6159057617188,513.2215910412017,24
2024-06-07,519.9829711914062,514.0015011742001,25
2024-06-10,521.589599609375,514.719742547898,26
2024-06-11,522.845703125,515.4667300269717,27
2024-06-12,527.139892578125,516.4149576822916,28
2024-06-13,528.2012939453125,517.3029102143787,29
2024-06-14,528.522705078125,517.9056963239398,30
2024-06-17,532.7291259765625,518.7593311128162,31
2024-06-18,534.0826416015625,519.6421813964844,32
2024-06-20,532.6317138671875,520.4276573544457,33
2024-06-21,531.917724609375,521.1188543410528,34
2024-06-24,530.1886596679688,521.7986580984933,35
2024-06-25,532.2302856445312,522.755125499907,36
2024-06-26,532.8945922851562,523.5818612234933,37
2024-06-27,533.7347412109375,524.4314531598773,38
2024-06-28,531.6344604492188,525.3530578613281,39
2024-07-01,532.728515625,526.4885835193452,40
2024-07-02,536.313720703125,527.5741170247396,41
2024-07-03,538.70703125,528.7536882672991,42
2024-07-05,541.8134765625,530.0538242885044,43
2024-07-08,542.4386596679688,531.0925438290551,44
2024-07-09,542.9661865234375,532.1568429129464,45
2024-07-10,548.3389892578125,533.5071294875372,46
2024-07-11,543.61083984375,534.5557599748884,47
2024-07-12,547.0396728515625,535.7078537713913,48
2024-07-15,548.5440673828125,536.7271001906622,49
2024-07-16,551.7970581054688,537.8507080078125,50
2024-07-17,544.0602416992188,538.5905907040551,51
2024-07-18,539.8790893554688,538.9310651506696,52
2024-07-19,536.294189453125,539.036376953125,-1
2024-07-22,541.8231811523438,539.4740658714658,1
2024-07-23,540.9733276367188,539.905285063244,2
2024-07-24,528.7135620117188,539.8350423177084,-1
2024-07-25,525.9586791992188,539.536394391741,-2
2024-07-26,531.849365234375,539.4866216750372,-3
2024-07-29,532.1619262695312,539.4117257254464,-4
2024-07-30,529.4657592773438,539.3084542410714,-5
2024-07-31,538.0719604492188,539.5629039946057,-6
2024-08-01,530.4524536132812,539.2837960379464,-7
2024-08-02,520.5762329101562,538.4204246884301,-8
2024-08-05,505.41510009765625,536.6871686662946,-9
2024-08-06,510.07476806640625,535.1460309709821,-10
2024-08-07,506.6653747558594,533.4174208868118,-11
2024-08-08,518.3782348632812,531.990718296596,-12
2024-08-09,520.6641235351562,530.8980175199963,-13
2024-08-12,520.937744140625,529.6550685337612,-14
2024-08-13,529.5048828125,528.7484406970796,1
2024-08-14,531.1753540039062,527.7664547874814,2
2024-08-15,540.2797241210938,527.586430140904,3
2024-08-16,541.490966796875,527.6631862095425,4
2024-08-19,546.6685180664062,528.1572018577939,5
2024-08-20,545.779541015625,528.3455999465216,6
2024-08-21,547.6550903320312,528.6637791224888,7
2024-08-22,543.3568725585938,529.361079624721,8
2024-08-23,549.130126953125,530.4644818987165,9
2024-08-26,547.8211059570312,531.2250409807477,10
2024-08-27,548.5733642578125,532.0065380278088,11
2024-08-28,545.3888549804688,532.7647806803385,12
2024-08-29,545.4375610351562,533.1155235653832,13
2024-08-30,550.644287109375,534.0770394461496,14
2024-09-03,539.3126831054688,534.9692513602121,15
2024-09-04,538.208740234375,536.5308532714844,16
2024-09-05,536.8997802734375,537.8082348051526,-1
2024-09-06,527.8636474609375,538.8176763625372,-2
2024-09-09,533.773681640625,539.550792875744,-3
2024-09-10,536.0986938476562,540.2857724144345,-4
2024-09-11,541.5985107421875,541.2696184430804,1
2024-09-12,546.1605834960938,542.0627470470611,2
2024-09-13,549.0130615234375,542.9121616908482,3
2024-09-16,549.8238525390625,543.3666439964658,4
2024-09-17,550.0485229492188,543.7741466703869,5
2024-09-18,548.4171752929688,543.857416062128,6
2024-09-19,557.7755737304688,544.4286557152158,7
2024-09-20,556.8114013671875,544.8646705264136,8
2024-09-23,558.2027587890625,545.5716174897693,9
2024-09-24,559.7999267578125,546.0797031947544,10
2024-09-25,558.5652465820312,546.5913289388021,11
2024-09-26,560.7798461914062,547.172589983259,12
2024-09-27,559.9664916992188,547.8667631603423,13
2024-09-30,562.2105102539062,548.6654750279018,14
2024-10-01,557.1738891601562,548.9764084588913,15
2024-10-02,557.4091186523438,549.8381434849331,16
2024-10-03,556.3900146484375,550.7039184570312,17
2024-10-04,561.4461669921875,551.8727940150669,18
2024-10-07,556.3704223632812,553.2302594866071,19
2024-10-08,561.63232421875,554.5568615141369,20
2024-10-09,565.5224609375,555.9579932803199,21
2024-10-10,564.5327758789062,557.0501011439732,22
2024-10-11,567.9132690429688,558.085943312872,23
2024-10-14,572.557861328125,559.2071242559524,24
2024-10-15,568.1093139648438,560.0778605143229,25
2024-10-16,570.5784912109375,561.0554780505952,26
2024-10-17,570.6275024414062,562.1131126767114,27
2024-10-18,572.8224487304688,562.8296305338541,28
2024-10-21,571.8817138671875,563.5472644624256,29
2024-10-22,571.5780029296875,564.1841808500744,30
2024-10-23,566.3553466796875,564.496343703497,31
2024-10-24,567.5801391601562,564.9256243024554,32
2024-10-25,567.3840942382812,565.2401123046875,33
2024-10-28,569.13818359375,565.6768595377604,34
2024-10-29,570.0592651367188,566.0506097702753,35
2024-10-30,568.3346557617188,566.5820748465402,36
2024-10-31,557.1934814453125,566.5718064081101,-1
2024-11-01,559.545166015625,566.7220517113095,-2
2024-11-04,558.3399047851562,566.5741344633557,-3
2024-11-05,565.0912475585938,566.9894118536087,-4
2024-11-06,579.142578125,567.8232334681919,1
2024-11-07,583.6205444335938,568.685046968006,2
2024-11-08,586.148681640625,569.7143758138021,3
2024-11-11,586.7071533203125,570.6093226841518,4
2024-11-12,584.8847045898438,571.1963152204241,5
2024-11-13,585.1688232421875,572.0086728050595,6
2024-11-14,581.4060668945312,572.5242716471354,7
2024-11-15,573.9590454101562,572.6829165504092,8
2024-11-18,576.3107299804688,572.8490251813616,9
2024-11-19,578.41748046875,573.1602521623884,10
2024-11-20,578.6134033203125,573.4952712286087,11
2024-11-21,581.7196044921875,574.2269025530134,12
2024-11-22,583.522705078125,574.986072358631,13
2024-11-25,585.5020141601562,575.8488304501489,14
2024-11-26,588.5591430664062,576.7736380440848,15
2024-11-27,586.7757568359375,577.5696614583334,16
2024-11-29,590.4209594726562,578.6213902064732,17
2024-12-02,591.4791870117188,580.2540428524926,18
2024-12-03,591.7535400390625,581.7877749488467,19
2024-12-04,595.427978515625,583.5538736979166,20
2024-12-05,594.4481811523438,584.9518229166666,21
2024-12-06,595.5750122070312,585.7343197777158,22
2024-12-09,592.5079956054688,586.1575317382812,23
2024-12-10,590.6658325195312,586.3726341610864,24
2024-12-11,595.2321166992188,586.7785847981771,25
2024-12-12,592.1650390625,587.1252673921131,26
2024-12-13,592.0474853515625,587.4528227306548,27
2024-12-16,594.5755615234375,588.0799415225074,28
2024-12-17,592.1257934570312,588.9450247628348,29
2024-12-18,574.4784545898438,588.8577735537574,-1
2024-12-19,574.302001953125,588.6617983863467,-2
2024-12-20,581.199951171875,588.7849673316592,-3
2024-12-23,584.6803588867188,588.9259556361607,-4
2024-12-24,591.1790771484375,589.290544782366,1
2024-12-26,591.2184448242188,589.562755766369,2
2024-12-27,584.9949951171875,589.3930344354538,-1
2024-12-30,578.3192138671875,588.9903419131324,-2
2024-12-31,576.21533203125,588.3138834635416,-3
2025-01-02,574.7994995117188,587.5196126302084,-4
2025-01-03,581.9865112304688,587.0545160202753,-5
2025-01-06,585.3390502929688,586.5740908668155,-6
2025-01-07,578.722412109375,585.8252447219122,-7
2025-01-08,579.5678100585938,585.0629970005581,-8
2025-01-10,570.7193603515625,584.0254429408482,-9
2025-01-13,571.604248046875,583.1177484421503,-10
2025-01-14,572.3907470703125,582.0300641741071,-11
2025-01-15,582.802490234375,581.584228515625,1
2025-01-16,581.6817016601562,581.0906197684152,2
2025-01-17,587.521728515625,580.7547229585193,3
2025-01-21,592.8995971679688,580.7915707542783,4
2025-01-22,596.2326049804688,581.8274826776413,5
2025-01-23,599.48681640625,583.0267595563616,6
2025-01-24,597.7367553710938,583.814226422991,7
2025-01-27,589.2816162109375,584.0333339146206,8
2025-01-28,594.3448486328125,584.1840849376861,9
2025-01-29,591.6804809570312,584.2060866582962,10
2025-01-30,594.8561401367188,584.6756649925595,11
2025-01-31,591.6903686523438,585.3123866489956,12
2025-02-03,587.7085571289062,585.8596830822173,13
2025-02-04,591.6510620117188,586.6621384393601,14
2025-02-05,594.0499877929688,587.236589704241,15
2025-02-06,596.1146240234375,587.7497122628348,16
2025-02-07,590.6580810546875,588.3180774507068,17
2025-02-10,594.6693725585938,589.0371994745163,18
2025-02-11,595.1215209960938,590.199207124256,19
2025-02-12,593.204345703125,591.227783203125,20
2025-02-13,599.4671630859375,592.5171363467261,21
2025-02-14,599.437744140625,593.3092912946429,22
2025-02-18,601.197509765625,594.2386154901413,23
2025-02-19,602.61328125,594.9572608584449,24
2025-02-20,600.1062622070312,595.3004353841146,25
2025-02-21,589.8419799804688,594.9961199079241,-1
2025-02-24,587.1580810546875,594.4090372721354,-2
2025-02-25,584.2379150390625,593.7662353515625,-3
2025-02-26,584.5328369140625,593.5401030040923,-4
2025-02-27,575.2025756835938,592.6285661969866,-5
2025-02-28,584.1788940429688,592.2713477725074,-6
2025-03-03,573.9441528320312,591.2755388532366,-7
2025-03-04,567.1504516601562,590.1069713774182,-8
2025-03-05,573.24609375,589.4182826450893,-9
2025-03-06,563.0703125,588.0572945731027,-10
2025-03-07,566.226318359375,586.7323579334077,-11
2025-03-10,551.14453125,584.5909249441964,-12
2025-03-11,546.5629272460938,582.4911557152158,-13
2025-03-12,549.4632568359375,580.3384835379464,-14
2025-03-13,542.138671875,577.8154907226562,-15
2025-03-14,553.3369140625,575.9170415969122,-16
2025-03-17,557.6038818359375,573.9235520135788,-17
2025-03-18,551.5770874023438,571.6444731212798,-18
2025-03-19,557.584228515625,569.5676502046131,-19
2025-03-20,555.9718017578125,567.3466273716518,-20
2025-03-21,556.1552124023438,565.2537202380952,-21
2025-03-24,566.1151733398438,564.1238723028274,1
2025-03-25,567.4760131835938,563.1866309756324,2
2025-03-26,560.7013549804688,562.0658424014136,-1
2025-03-27,559.2122802734375,560.860101609003,-2
2025-03-28,547.9507446289062,559.5623953683036,-3
2025-03-31,551.62890625,558.0123959495908,-4
2025-04-01,553.18701171875,557.0239606584821,-5
2025-04-02,556.6878051757812,556.5257393973214,1
2025-04-03,529.2537841796875,554.4308675130209,-1
2025-04-04,498.2696838378906,551.3451232910156,-2
2025-04-07,497.3821716308594,548.0668305896577,-3
2025-04-08,489.5918273925781,545.13574945359,-4
2025-04-09,541.0084228515625,544.8712492443267,-5
2025-04-10,517.3018798828125,543.3397551037017,-6
2025-04-11,526.5321044921875,542.5965852283296,-7
2025-04-14,531.64013671875,541.5634053548177,-8
2025-04-15,530.151123046875,540.2561311267671,-9
2025-04-16,518.3668823242188,538.6746927897135,-10
2025-04-17,519.1065063476562,536.8424203055246,-11
2025-04-21,506.7503662109375,534.49854242234,-12
2025-04-22,519.934814453125,532.7737615676153,-13
2025-04-23,527.991455078125,530.9583464122954,-14
2025-04-24,539.1051635742188,529.6073535737537,1
2025-04-25,543.0003051757812,528.7644464401972,2
2025-04-28,543.2073974609375,528.0023091634115,3
2025-04-29,546.6293334960938,527.9393848237537,4
2025-04-30,546.8462524414062,527.7116394042969,5
2025-05-01,550.7216796875,527.594242640904,6
2025-05-02,558.8966674804688,527.6994265601749,7
2025-05-05,555.6918334960938,528.9583812895276,8
2025-05-06,551.047119140625,531.4715924944196,9
2025-05-07,553.3645629882812,534.1374206542969,10
2025-05-08,557.2202758789062,537.3578229631696,11
2025-05-09,556.51025390625,538.0960053943452,12
2025-05-12,574.9014892578125,540.8388439360119,13
2025-05-13,578.6981201171875,543.3229399181548,14
2025-05-14,579.4376831054688,545.5990135556176,15
2025-05-15,582.2679443359375,548.0807669503348,16
2025-05-16,585.9559326171875,551.2992931547619,17
2025-05-19,586.596923828125,554.5131225585938,18
2025-05-20,584.6246948242188,558.221423921131,19
2025-05-21,574.7733154296875,560.832781110491,20
2025-05-22,575.000244140625,563.071294875372,21
2025-05-23,571.0752563476562,564.5936802455357,22
2025-05-27,582.9483032226562,566.4959658668155,23
2025-05-28,579.5758056640625,568.227794828869,24
2025-05-29,581.863525390625,569.9056134905134,25
2025-05-30,581.2127685546875,571.5421142578125,26
2025-06-02,584.4866333007812,573.1499691917783,27
2025-06-03,587.8197631835938,574.5272594633557,28
2025-06-04,587.6619873046875,576.0496477399554,29
2025-06-05,584.8218994140625,577.657970610119,30
2025-06-06,590.8275146484375,579.4419206891741,31
2025-06-09,591.3599853515625,581.067621140253,32
2025-06-10,594.7128295898438,582.8867914109003,33
2025-06-11,593.0166015625,583.7494158063616,34
2025-06-12,595.37353515625,584.5434831891741,35
2025-06-13,588.7171630859375,584.985363188244,36
2025-06-16,594.3182983398438,585.5591895693824,37
2025-06-17,589.2398071289062,585.715564546131,38
2025-06-18,589.1510009765625,585.8371872674851,39
2025-06-20,587.7673950195312,585.9868396577381,40
2025-06-23,593.5730590820312,586.8820655459449,41
2025-06-24,600.1304321289062,588.0787411644345,42
2025-06-25,600.4666748046875,589.4783325195312,43
2025-06-26,605.1646118164062,590.5362519763764,44
2025-06-27,608.1713256835938,591.897943405878,45
2025-06-30,611.0791015625,593.2891613188244,46
2025-07-01,610.8812866210938,594.7019478934152,47
2025-07-02,613.6505737304688,596.0907069614956,48
2025-07-03,618.4869995117188,597.5510515485491,49
2025-07-07,613.8780517578125,598.7994355701264,50
2025-07-08,613.5418090820312,600.1670503162202,51
2025-07-09,617.2210083007812,601.4238833472842,52
2025-07-10,618.9617309570312,602.7382521856399,53
2025-07-11,616.7858276367188,603.7893473307291,54
2025-07-14,617.9627685546875,604.9772600446429,55
2025-07-15,615.3220825195312,605.9271908714658,56
2025-07-16,617.3792114257812,607.2920503162202,57
2025-07-17,621.1574096679688,608.5701032366071,58
2025-07-18,620.702392578125,610.0683215913318,59
2025-07-21,621.87939453125,611.6268165225074,60
2025-07-22,621.9683837890625,613.2554350353423,61
2025-07-23,627.2598266601562,614.8595668247768,62
2025-07-24,627.4674072265625,616.1613275437128,63
2025-07-25,630.1180419921875,617.5732974097842,64
2025-07-28,629.9598999023438,618.7540254138764,65
2025-07-29,628.2982788085938,619.7124517531622,66
2025-07-30,627.507080078125,620.4947364443824,67
2025-07-31,625.1531372070312,621.1743483770462,68
2025-08-01,614.9066162109375,621.2341599237351,-1
2025-08-04,624.2530517578125,621.5087338402158,1
2025-08-05,621.088134765625,621.8520711263021,-1
2025-08-06,625.845458984375,622.4379592168899,1
2025-08-07,625.3212280273438,622.8236839657739,2
2025-08-08,630.197265625,623.3587094261533,3
2025-08-11,628.9510498046875,623.938005719866,4
2025-08-12,635.6468505859375,624.7801048642114,5
2025-08-13,637.8226928710938,625.8515625,6
2025-08-14,637.8821411132812,626.827892485119,7
2025-08-15,636.388671875,627.5531906854538,8
2025-08-18,636.2501220703125,628.2935587565104,9
2025-08-19,632.7984008789062,628.8135114397321,10
2025-08-20,631.1170654296875,629.2491629464286,11
2025-08-21,628.5850830078125,629.3122703915551,-1
2025-08-22,638.2380981445312,629.8251604352679,1
2025-08-25,635.4292602539062,630.0780755905878,2
2025-08-26,638.0897216796875,630.4652099609375,3
2025-08-27,639.5436401367188,631.0007033575149,4
2025-08-28,641.8085327148438,631.6817249116443,5
2025-08-29,637.98095703125,632.2925734747024,6
2025-09-02,633.2533569335938,633.1662277948288,7
2025-09-03,636.685302734375,633.7582397460938,8
2025-09-04,642.00634765625,634.7543451218378,9
2025-09-05,640.14697265625,635.4353695824033,10
2025-09-08,641.7195434570312,636.2162417457217,11
2025-09-09,643.203125,636.8355683826264,12
2025-09-10,645.0625610351562,637.602783203125,13
2025-09-11,650.4231567382812,638.3064168294271,14
2025-09-12,650.2054443359375,638.8960716610864,15
2025-09-15,653.6671142578125,639.6477370489212,16
2025-09-16,652.7671508789062,640.4276646205357,17
2025-09-17,651.9561157226562,641.1755690801712,18
2025-09-18,655.00244140625,642.232904343378,19
2025-09-19,658.2465209960938,643.5247831798736,20
2025-09-22,661.3607788085938,645.0855305989584,21
2025-09-23,657.7606201171875,646.0151745024182,22
2025-09-24,655.6678466796875,646.9789167131696,23
2025-09-25,652.6429443359375,647.6719273158482,24
2025-09-26,656.3820190429688,648.4737548828125,25
2025-09-29,658.2266845703125,649.2555716378348,26
2025-09-30,660.7061157226562,650.3377220517114,27
2025-10-01,662.9574584960938,651.752203078497,28
2025-10-02,663.7210693359375,653.0396205357143,29
2025-10-03,663.7112426757812,654.0731869652158,30
2025-10-06,666.0914916992188,655.3086402529761,31
2025-10-07,663.6219482421875,656.3516119094122,32
2025-10-08,667.5791625976562,657.5123756045386,33
2025-10-09,665.6452026367188,658.4925013950893,34
2025-10-10,647.6542358398438,658.3606480189732,-1
2025-10-13,657.5919189453125,658.712384905134,-2
2025-10-14,656.78857421875,658.8610258556548,-3
2025-10-15,659.7044067382812,659.1913713727679,1
2025-10-16,655.2116088867188,659.3463948567709,-1
2025-10-17,658.9308471679688,659.5334617978051,-2
2025-10-20,665.7840576171875,659.8923921130952,1
2025-10-21,665.7741088867188,660.102550688244,2
2025-10-22,662.3128051757812,660.3193214053199,3
2025-10-23,666.2402954101562,660.822771344866,4
2025-10-24,671.6851806640625,661.7295445033482,5
2025-10-27,679.6094970703125,662.8356148856027,6
2025-10-28,681.41455078125,663.9397989908854,7
2025-10-29,681.7418823242188,664.9415021623884,8
2025-10-30,674.2440185546875,665.4789574032739,9
2025-10-31,676.45556640625,666.0853620256696,10
2025-11-03,677.7251586914062,666.752691359747,11
2025-11-04,669.6917114257812,666.9241303943452,12
2025-11-05,672.012451171875,667.3236781529018,13
2025-11-06,664.8021850585938,667.1914411272321,-1
2025-11-07,665.4567260742188,667.1824660528274,-2
2025-11-10,675.8406982421875,668.5246785481771,1
2025-11-11,677.3878784179688,669.4673432849702,2
2025-11-12,677.7648315429688,670.4662126813616,3
2025-11-13,666.5180053710938,670.7906697591146,-1
2025-11-14,666.4088745117188,671.3238728841146,-2
2025-11-17,660.2003173828125,671.3843238467261,-3
2025-11-18,654.65625,670.8544282459077,-4
2025-11-19,657.185302734375,670.4454374767486,-5
2025-11-20,647.1683349609375,669.7242722284226,-6
2025-11-21,653.6149291992188,669.123064313616,-7
2025-11-24,663.235107421875,668.7206798735119,-8
2025-11-25,669.4735107421875,668.2380138578869,1
2025-11-26,674.09521484375,667.8894740513393,2
2025-11-28,677.7747192382812,667.7005615234375,3
2025-12-01,674.6802978515625,667.7213367280506,4
2025-12-02,675.9300537109375,667.6963123139881,5
2025-12-03,678.2706298828125,667.7222871326264,6
2025-12-04,678.7664794921875,668.1544189453125,7
2025-12-05,680.0557861328125,668.5374348958334,8
2025-12-08,678.0127563476562,669.166509719122,9
2025-12-09,677.4275512695312,669.7365490141369,10
2025-12-10,681.92041015625,670.0260591052827,11
2025-12-11,683.5072021484375,670.3174554734003,12
2025-12-12,676.1581420898438,670.2409464518229,13
2025-12-15,675.1365356445312,670.6513526553199,14
2025-12-16,673.2918701171875,670.9791143508185,15
2025-12-17,665.8832397460938,671.2497297014509,-1
2025-12-18,670.9114990234375,672.0237891787574,-2
2025-12-19,676.9923095703125,672.9669799804688,1
2025-12-22,681.2098999023438,674.5880068824405,2
2025-12-23,684.3233032226562,676.050310407366,3
2025-12-24,686.7305297851562,677.1691400437128,4
2025-12-26,686.660888671875,677.9875866117932,5
2025-12-29,684.2138671875,678.4694271995908,6
2025-12-30,683.3783569335938,678.7362670898438,7
2025-12-31,678.3152465820312,678.9093598865327,-1
2026-01-02,679.55859375,679.0821475074405,1
2026-01-05,684.0845336914062,679.3590000697544,2
2026-01-06,688.1529541015625,679.8059750511533,3
2026-01-07,685.9347534179688,680.085925874256,4
2026-01-08,685.8651123046875,680.4598475864956,5
2026-01-09,690.4010009765625,681.077630905878,6
2026-01-12,691.4852294921875,681.5330984933036,7
2026-01-13,690.1026000976562,681.8471650623139,8
2026-01-14,686.7106323242188,682.3496645972842,9
2026-01-15,688.5806884765625,682.9898623511905,10
2026-01-16,688.0037231445312,683.6904267810639,11
2026-01-20,673.9981689453125,684.0768519810268,-1
2026-01-21,681.77685546875,684.594249906994,-2
2026-01-22,685.3379516601562,684.9916614350818,1
2026-01-23,685.5865478515625,685.2000732421875,2
2026-01-26,689.0680541992188,685.426013764881,3
2026-01-27,691.8134765625,685.6680588495163,4
2026-01-28,691.7438354492188,685.9101039341518,5
2026-01-29,690.3711547851562,686.2033081054688,6
2026-01-30,688.3120727539062,686.4382469540551,7
2026-02-02,691.7339477539062,687.0772327241443,8
2026-02-03,685.885009765625,687.3784906296503,-1
2026-02-04,682.5626831054688,687.3060215541294,-2
2026-02-05,674.0379638671875,686.6338791620163,-3
2026-02-06,686.96923828125,686.6831403459821,1
2026-02-09,690.2816772460938,686.8934529622396,2
2026-02-10,688.4613037109375,686.8010864257812,3
2026-02-11,688.3021850585938,686.6495128813244,4
2026-02-12,677.668701171875,686.0574224562872,-1
2026-02-13,678.1461181640625,685.6495884486607,-2
2026-02-17,679.2402954101562,685.2048078264509,-3
2026-02-18,682.662109375,684.950445265997,-4
2026-02-19,680.8616333007812,685.2772769019717,-5
2026-02-20,685.7855834960938,685.4681687127976,1
2026-02-23,678.7827758789062,685.156017485119,-1
2026-02-24,683.7164916992188,685.0669671921503,-2
2026-02-25,689.4859008789062,685.0868646530878,1
2026-02-26,685.6561889648438,684.7936604817709,2
2026-02-27,682.3637084960938,684.3469877697173,-1
2026-03-02,682.751708984375,683.9841570172991,-2
2026-03-03,676.7337036132812,683.4328061058408,-3
2026-03-04,681.5082397460938,682.9458676292783,-4
2026-03-05,677.70849609375,682.5565098353794,-5
2026-03-06,668.82568359375,681.9023670014881,-6
2026-03-09,674.6845703125,681.9331577845982,-7
2026-03-10,673.6002807617188,681.2965407598587,-8
2026-03-11,672.7548217773438,680.4619285946801,-9
2026-03-12,662.5390625,679.2275361560639,-10
2026-03-13,658.7890014648438,677.8221464611236,-11
2026-03-16,665.493408203125,677.2423706054688,-12
2026-03-17,667.2440185546875,676.7232230050223,-13
2026-03-18,657.9335327148438,675.7086152576264,-14
2026-03-19,656.3121948242188,674.453857421875,-15
2026-03-20,646.9034423828125,672.8368007114956,-16
2026-03-23,653.6959228515625,671.3087216331845,-17
2026-03-24,651.5015869140625,670.0096173967634,-18
2026-03-25,655.1322021484375,668.6484607514881,-19
2026-03-26,643.432373046875,666.4554356166294,-20
2026-03-27,632.4606323242188,663.9223138718378,-21
2026-03-30,630.3460693359375,661.4452834356399,-22
2026-03-31,648.6688842773438,659.8222917829241,-23
2026-04-01,653.5562744140625,658.7186046781994,-24
2026-04-02,654.144775390625,657.4155825660342,-25
2026-04-06,657.23681640625,656.4407406761533,1
2026-04-07,657.5260009765625,655.9026605515253,2
2026-04-08,674.27294921875,655.8830595470611,3
2026-04-09,678.162841796875,656.100324358259,4
2026-04-10,677.7140502929688,656.3364780970982,5
2026-04-13,684.3369750976562,657.3744739350818,6
2026-04-14,692.675537109375,658.9881184895834,7
2026-04-15,698.1414184570312,660.5427856445312,8
2026-04-16,699.8569946289062,662.0957845052084,9
2026-04-17,708.3152465820312,664.4949137369791,10
2026-04-20,706.8988037109375,666.9037998744419,11
2026-04-21,702.2708129882812,669.5403413318452,12
2026-04-22,709.3825073242188,672.1920834495908,13
2026-04-23,706.6295776367188,674.8172258649554,14
2026-04-24,712.10546875,677.5302385602679,15
2026-04-27,713.332275390625,680.8588053385416,16
2026-04-28,709.8612060546875,684.5445469447544,17
2026-04-29,709.7515258789062,688.3257591610864,18
2026-04-30,716.8132934570312,691.5707310267857,19
2026-05-01,718.7982177734375,694.677490234375,20
2026-05-04,716.1649780273438,697.6308332170759,21
2026-05-05,721.9102172851562,700.7105189732143,22
2026-05-06,731.9443359375,704.2542492094494,23
2026-05-07,729.7001342773438,706.8936389741443,24
2026-05-08,735.724609375,709.6346755254837,25
2026-05-11,737.4002685546875,712.4768763950893,26
2026-05-12,736.2831420898438,714.9505033947173,27
2026-05-13,740.4025268554688,717.2232171921503,28
2026-05-14,746.2474975585938,719.5139828636533,29
2026-05-15,737.2706298828125,721.2955845424107,30
2026-05-18,736.751953125,722.6497134254092,31
2026-05-19,731.8446044921875,723.8376087007068,32
2026-05-20,739.3452758789062,725.6030593145462,33
2026-05-21,740.8114624023438,727.0996762230283,34
2026-05-22,743.7239990234375,728.8660772414435,35
2026-05-26,748.6613159179688,730.6068318684896,36
2026-05-27,748.5316162109375,732.2829909551712,37
2026-05-28,752.6609497070312,734.3210739862351,38
2026-05-29,754.5361328125,736.4536743164062,39
2026-06-01,756.5908203125,738.3478422619048,40
2026-06-02,757.6182250976562,740.1964140392486,41
2026-06-03,752.3018798828125,741.917218889509,42
2026-06-04,755.1445922851562,743.4998081752232,43
2026-06-05,735.65478515625,743.676496233259,-1
2026-06-08,737.3204345703125,744.0393676757812,-2
2026-06-09,735.1560668945312,744.0122942243304,-3
2026-06-10,723.56591796875,743.353515625,-4
2026-06-11,735.8642578125,743.3335687546503,-5
2026-06-12,739.843994140625,743.3069719587054,-6
2026-06-15,752.890380859375,743.6232997349331,1
2026-06-16,748.4019775390625,744.1533639090402,2
2026-06-17,739.0560302734375,744.2630818684896,-1
2026-06-18,746.739990234375,744.9723859514509,1
2026-06-22,744.3900146484375,745.2126116071429,-1
2026-06-23,733.5800170898438,744.8682570684524,-2
2026-06-24,733.239990234375,744.3690185546875,-3
2026-06-25,734.2999877929688,743.6851457868304,-4
2026-06-26,728.989990234375,742.7545921688989,-5
2026-06-29,741.0,742.1993088495163,-6
2026-06-30,746.77001953125,741.8294939313616,1
2026-07-01,745.760009765625,741.3137410481771,2
2026-07-02,744.780029296875,740.702398390997,3
2026-07-06,751.280029296875,740.6537388392857,4
2026-07-07,747.7100219726562,740.2997116815476,5
2026-07-08,745.4000244140625,740.7637706938244,6
2026-07-09,751.7100219726562,741.4489891415551,7
2026-07-10,754.9500122070312,742.3915579659598,8
2026-07-13,749.1699829101562,743.6107991536459,9
2026-07-14,751.8300170898438,744.3710734049479,10
2026-07-15,754.8099975585938,745.083740234375,11
2026-07-16,750.719970703125,744.9803873697916,12
2026-07-17,743.2899780273438,744.7369588216146,-1
2026-07-20,742.0900268554688,744.8814348493304,-2
2026-07-21,748.280029296875,744.9547700427827,1
2026-07-22,747.4099731445312,745.0985775902158,2
2026-07-23,738.1799926757812,745.3176240466889,-1
2026-07-24,738.9299926757812,745.5885765438989,-2
2026-07-27,739.0900268554688,745.8166736421131,-3
2026-07-28,740.8599853515625,746.3819115048364,-4
2026-07-29,729.4600219726562,745.8323887416294,-5
2026-07-30,741.6900024414062,745.5904831659226,-6
2026-07-31,747.030029296875,745.6509602864584,1
2026-08-03,757.6699829101562,746.2647676013764,2
2026-08-04,771.3300170898438,747.2195289248511,3
2026-08-05,769.7899780273438,748.2709554036459,4
2026-08-06,768.5599975585938,749.3738112676712,5
2026-08-07,773.260009765625,750.4000011625744,6
2026-08-10,773.030029296875,751.2609543573288,7
2026-08-11,770.5599975585938,752.2795264834449,8
