date,close
2001-06-05,111.0
2001-06-06,93.0
2001-06-07,82.0
2001-06-08,58.0
2001-06-11,63.0
2001-06-12,67.0
2001-06-13,87.0
2001-06-14,40.0
2001-06-15,51.0
2001-06-18,52.0
2001-06-19,44.0
2001-06-20,69.0
2001-06-21,91.0
2001-06-22,64.0
2001-06-25,48.0
2001-06-26,56.0
2001-06-27,74.0
2001-06-28,91.0
2001-06-29,134.0
2001-07-02,79.0
2001-07-03,67.0
2001-07-05,54.0
2001-07-06,31.0
2001-07-09,34.0
2001-07-10,45.0
2001-07-11,39.0
2001-07-12,62.0
2001-07-13,84.0
2001-07-16,77.0
2001-07-17,78.0
2001-07-18,82.0
2001-07-19,95.0
2001-07-20,64.0
2001-07-23,68.0
2001-07-24,32.0
2001-07-25,40.0
2001-07-26,47.0
2001-07-27,52.0
2001-07-30,61.0
2001-07-31,75.0
2001-08-01,68.0
2001-08-02,65.0
2001-08-03,51.0
2001-08-06,51.0
2001-08-07,51.0
2001-08-08,52.0
2001-08-09,44.0
2001-08-10,76.0
2001-08-13,81.0
2001-08-14,68.0
2001-08-15,74.0
2001-08-16,78.0
2001-08-17,77.0
2001-08-20,75.0
2001-08-21,98.0
2001-08-22,68.0
2001-08-23,86.0
2001-08-24,69.0
2001-08-27,67.0
2001-08-28,39.0
2001-08-29,41.0
2001-08-30,41.0
2001-08-31,37.0
2001-09-04,67.0
2001-09-05,38.0
2001-09-06,35.0
2001-09-07,28.0
2001-09-10,20.0
2001-09-17,30.0
2001-09-18,20.0
2001-09-19,21.0
2001-09-20,17.0
2001-09-21,11.0
2001-09-24,13.0
2001-09-25,21.0
2001-09-26,8.0
2001-09-27,25.0
2001-09-28,34.0
2001-10-01,28.0
2001-10-02,43.0
2001-10-03,46.0
2001-10-04,46.0
2001-10-05,21.0
2001-10-08,32.0
2001-10-09,27.0
2001-10-10,40.0
2001-10-11,50.0
2001-10-12,29.0
2001-10-15,43.0
2001-10-16,39.0
2001-10-17,35.0
2001-10-18,15.0
2001-10-19,24.0
2001-10-22,32.0
2001-10-23,34.0
2001-10-24,25.0
2001-10-25,30.0
2001-10-26,26.0
2001-10-29,23.0
2001-10-30,21.0
2001-10-31,21.0
2001-11-01,42.0
2001-11-02,38.0
2001-11-05,54.0
2001-11-06,52.0
2001-11-07,42.0
2001-11-08,44.0
2001-11-09,35.0
2001-11-12,34.0
2001-11-13,52.0
2001-11-14,59.0
2001-11-15,51.0
2001-11-16,52.0
2001-11-19,51.0
2001-11-20,42.0
2001-11-21,31.0
2001-11-23,56.0
2001-11-26,57.0
2001-11-27,44.0
2001-11-28,33.0
2001-11-29,45.0
2001-11-30,56.0
2001-12-03,47.0
2001-12-04,60.0
2001-12-05,112.0
2001-12-06,99.0
2001-12-07,70.0
2001-12-10,42.0
2001-12-11,38.0
2001-12-12,39.0
2001-12-13,35.0
2001-12-14,40.0
2001-12-17,80.0
2001-12-18,97.0
2001-12-19,61.0
2001-12-20,51.0
2001-12-21,62.0
2001-12-24,97.0
2001-12-26,99.0
2001-12-27,91.0
2001-12-28,84.0
2001-12-31,94.0
2002-01-02,40.0
2002-01-03,59.0
2002-01-04,88.0
2002-01-07,81.0
2002-01-08,48.0
2002-01-09,76.0
2002-01-10,55.0
2002-01-11,50.0
2002-01-14,46.0
2002-01-15,45.0
2002-01-16,52.0
2002-01-17,44.0
2002-01-18,50.0
2002-01-22,59.0
2002-01-23,61.0
2002-01-24,79.0
2002-01-25,74.0
2002-01-28,84.0
2002-01-29,69.0
2002-01-30,64.0
2002-01-31,115.0
2002-02-01,102.0
2002-02-04,73.0
2002-02-05,67.0
2002-02-06,59.0
2002-02-07,57.0
2002-02-08,60.0
2002-02-11,91.0
2002-02-12,78.0
2002-02-13,108.0
2002-02-14,104.0
2002-02-15,91.0
2002-02-19,64.0
2002-02-20,87.0
2002-02-21,108.0
2002-02-22,82.0
2002-02-25,115.0
2002-02-26,130.0
2002-02-27,138.0
2002-02-28,119.0
2002-03-01,113.0
2002-03-04,213.0
2002-03-05,149.0
2002-03-06,160.0
2002-03-07,167.0
2002-03-08,147.0
2002-03-11,102.0
2002-03-12,83.0
2002-03-13,90.0
2002-03-14,102.0
2002-03-15,143.0
2002-03-18,145.0
2002-03-19,173.0
2002-03-20,107.0
2002-03-21,109.0
2002-03-22,115.0
2002-03-25,63.0
2002-03-26,85.0
2002-03-27,139.0
2002-03-28,134.0
2002-04-01,104.0
2002-04-02,118.0
2002-04-03,73.0
2002-04-04,77.0
2002-04-05,125.0
2002-04-08,145.0
2002-04-09,189.0
2002-04-10,274.0
2002-04-11,194.0
2002-04-12,182.0
2002-04-15,163.0
2002-04-16,168.0
2002-04-17,166.0
2002-04-18,118.0
2002-04-19,133.0
2002-04-22,126.0
2002-04-23,117.0
2002-04-24,125.0
2002-04-25,105.0
2002-04-26,109.0
2002-04-29,75.0
2002-04-30,129.0
2002-05-01,149.0
2002-05-02,183.0
2002-05-03,186.0
2002-05-06,163.0
2002-05-07,82.0
2002-05-08,93.0
2002-05-09,87.0
2002-05-10,55.0
2002-05-13,69.0
2002-05-14,100.0
2002-05-15,109.0
2002-05-16,93.0
2002-05-17,95.0
2002-05-20,75.0
2002-05-21,63.0
2002-05-22,63.0
2002-05-23,79.0
2002-05-24,71.0
2002-05-28,54.0
2002-05-29,56.0
2002-05-30,52.0
2002-05-31,83.0
2002-06-03,56.0
2002-06-04,36.0
2002-06-05,57.0
2002-06-06,42.0
2002-06-07,40.0
2002-06-10,64.0
2002-06-11,54.0
2002-06-12,49.0
2002-06-13,55.0
2002-06-14,30.0
2002-06-17,74.0
2002-06-18,77.0
2002-06-19,88.0
2002-06-20,59.0
2002-06-21,57.0
2002-06-24,75.0
2002-06-25,70.0
2002-06-26,49.0
2002-06-27,66.0
2002-06-28,107.0
2002-07-01,62.0
2002-07-02,30.0
2002-07-03,25.0
2002-07-05,49.0
2002-07-08,35.0
2002-07-09,36.0
2002-07-10,30.0
2002-07-11,24.0
2002-07-12,21.0
2002-07-15,20.0
2002-07-16,45.0
2002-07-17,32.0
2002-07-18,44.0
2002-07-19,41.0
2002-07-22,55.0
2002-07-23,53.0
2002-07-24,25.0
2002-07-25,28.0
2002-07-26,24.0
2002-07-29,31.0
2002-07-30,33.0
2002-07-31,30.0
2002-08-01,29.0
2002-08-02,27.0
2002-08-05,26.0
2002-08-06,25.0
2002-08-07,29.0
2002-08-08,31.0
2002-08-09,34.0
2002-08-12,38.0
2002-08-13,31.0
2002-08-14,30.0
2002-08-15,40.0
2002-08-16,39.0
2002-08-19,46.0
2002-08-20,42.0
2002-08-21,48.0
2002-08-22,45.0
2002-08-23,39.0
2002-08-26,36.0
2002-08-27,40.0
2002-08-28,40.0
2002-08-29,41.0
2002-08-30,45.0
2002-09-03,29.0
2002-09-04,23.0
2002-09-05,25.0
2002-09-06,38.0
2002-09-09,34.0
2002-09-10,37.0
2002-09-11,37.0
2002-09-12,33.0
2002-09-13,37.0
2002-09-16,42.0
2002-09-17,35.0
2002-09-18,32.0
2002-09-19,28.0
2002-09-20,33.0
2002-09-23,34.0
2002-09-24,35.0
2002-09-25,25.0
2002-09-26,37.0
2002-09-27,44.0
2002-09-30,30.0
2002-10-01,46.0
2002-10-02,53.0
2002-10-03,38.0
2002-10-04,32.0
2002-10-07,26.0
2002-10-08,37.0
2002-10-09,28.0
2002-10-10,33.0
2002-10-11,35.0
2002-10-14,36.0
2002-10-15,50.0
2002-10-16,36.0
2002-10-17,54.0
2002-10-18,39.0
2002-10-21,55.0
2002-10-22,42.0
2002-10-23,48.0
2002-10-24,53.0
2002-10-25,667.0
2002-10-28,50.0
2002-10-29,32.0
2002-10-30,47.0
2002-10-31,670.0
2002-11-01,56.0
2002-11-04,63.0
2002-11-05,41.0
2002-11-06,47.0
2002-11-07,40.0
2002-11-08,42.0
2002-11-11,41.0
2002-11-12,34.0
2002-11-13,40.0
2002-11-14,38.0
2002-11-15,53.0
2002-11-18,60.0
2002-11-19,45.0
2002-11-20,45.0
2002-11-21,58.0
2002-11-22,53.0
2002-11-25,57.0
2002-11-26,46.0
2002-11-27,60.0
2002-11-29,49.0
2002-12-02,48.0
2002-12-03,35.0
2002-12-04,38.0
2002-12-05,29.0
2002-12-06,40.0
2002-12-09,41.0
2002-12-10,41.0
2002-12-11,47.0
2002-12-12,47.0
2002-12-13,49.0
2002-12-16,46.0
2002-12-17,47.0
2002-12-18,36.0
2002-12-19,41.0
2002-12-20,49.0
2002-12-23,52.0
2002-12-24,60.0
2002-12-26,65.0
2002-12-27,44.0
2002-12-30,42.0
2002-12-31,49.0
2003-01-02,67.0
2003-01-03,69.0
2003-01-06,91.0
2003-01-07,60.0
2003-01-08,56.0
2003-01-09,64.0
2003-01-10,55.0
2003-01-13,62.0
2003-01-14,57.0
2003-01-15,63.0
2003-01-16,61.0
2003-01-17,49.0
2003-01-21,46.0
2003-01-22,43.0
2003-01-23,45.0
2003-01-24,46.0
2003-01-27,40.0
2003-01-28,35.0
2003-01-29,48.0
2003-01-30,45.0
2003-01-31,45.0
2003-02-03,54.0
2003-02-04,53.0
2003-02-05,48.0
2003-02-06,43.0
2003-02-07,42.0
2003-02-10,37.0
2003-02-11,47.0
2003-02-12,42.0
2003-02-13,37.0
2003-02-14,36.0
2003-02-18,52.0
2003-02-19,41.0
2003-02-20,49.0
2003-02-21,66.0
2003-02-24,65.0
2003-02-25,56.0
2003-02-26,48.0
2003-02-27,63.0
2003-02-28,68.0
2003-03-03,58.0
2003-03-04,58.0
2003-03-05,58.0
2003-03-06,55.0
2003-03-07,52.0
2003-03-10,51.0
2003-03-11,43.0
2003-03-12,41.0
2003-03-13,58.0
2003-03-14,54.0
2003-03-17,70.0
2003-03-18,73.0
2003-03-19,57.0
2003-03-20,77.0
2003-03-21,104.0
2003-03-24,47.0
2003-03-25,61.0
2003-03-26,58.0
2003-03-27,58.0
2003-03-28,65.0
2003-03-31,61.0
2003-04-01,88.0
2003-04-02,106.0
2003-04-03,69.0
2003-04-04,65.0
2003-04-07,97.0
2003-04-08,51.0
2003-04-09,61.0
2003-04-10,59.0
2003-04-11,69.0
2003-04-14,85.0
2003-04-15,97.0
2003-04-16,98.0
2003-04-17,94.0
2003-04-21,100.0
2003-04-22,129.0
2003-04-23,138.0
2003-04-24,87.0
2003-04-25,68.0
2003-04-28,104.0
2003-04-29,102.0
2003-04-30,89.0
2003-05-01,85.0
2003-05-02,115.0
2003-05-05,126.0
2003-05-06,127.0
2003-05-07,103.0
2003-05-08,86.0
2003-05-09,119.0
2003-05-12,144.0
2003-05-13,129.0
2003-05-14,139.0
2003-05-15,127.0
2003-05-16,123.0
2003-05-19,84.0
2003-05-20,102.0
2003-05-21,102.0
2003-05-22,141.0
2003-05-23,165.0
2003-05-27,179.0
2003-05-28,144.0
2003-05-29,124.0
2003-05-30,151.0
2003-06-02,225.0
2003-06-03,127.0
2003-06-04,218.0
2003-06-05,201.0
2003-06-06,268.0
2003-06-09,83.0
2003-06-10,135.0
2003-06-11,220.0
2003-06-12,257.0
2003-06-13,143.0
2003-06-16,191.0
2003-06-17,213.0
2003-06-18,119.0
2003-06-19,99.0
2003-06-20,72.0
2003-06-23,51.0
2003-06-24,58.0
2003-06-25,69.0
2003-06-26,85.0
2003-06-27,88.0
2003-06-30,91.0
2003-07-01,88.0
2003-07-02,165.0
2003-07-03,140.0
2003-07-07,206.0
2003-07-08,226.0
2003-07-09,191.0
2003-07-10,99.0
2003-07-11,134.0
2003-07-14,200.0
2003-07-15,167.0
2003-07-16,102.0
2003-07-17,762.0
2003-07-18,73.0
2003-07-21,73.0
2003-07-22,71.0
2003-07-23,77.0
2003-07-24,127.0
2003-07-25,111.0
2003-07-28,156.0
2003-07-29,130.0
2003-07-30,130.0
2003-07-31,158.0
2003-08-01,86.0
2003-08-04,68.0
2003-08-05,51.0
2003-08-06,44.0
2003-08-07,58.0
2003-08-08,77.0
2003-08-11,98.0
2003-08-12,113.0
2003-08-13,139.0
2003-08-14,146.0
2003-08-15,160.0
2003-08-18,208.0
2003-08-19,233.0
2003-08-20,194.0
2003-08-21,274.0
2003-08-22,210.0
2003-08-25,69.0
2003-08-26,78.0
2003-08-27,109.0
2003-08-28,156.0
2003-08-29,206.0
2003-09-02,312.0
2003-09-03,364.0
2003-09-04,246.0
2003-09-05,199.0
2003-09-08,211.0
2003-09-09,140.0
2003-09-10,72.0
2003-09-11,72.0
2003-09-12,82.0
2003-09-15,100.0
2003-09-16,128.0
2003-09-17,134.0
2003-09-18,189.0
2003-09-19,209.0
2003-09-22,84.0
2003-09-23,140.0
2003-09-24,142.0
2003-09-25,70.0
2003-09-26,45.0
2003-09-29,72.0
2003-09-30,94.0
2003-10-01,146.0
2003-10-02,195.0
2003-10-03,297.0
2003-10-06,248.0
2003-10-07,267.0
2003-10-08,231.0
2003-10-09,344.0
2003-10-10,195.0
2003-10-13,333.0
2003-10-14,297.0
2003-10-15,308.0
2003-10-16,233.0
2003-10-17,173.0
2003-10-20,133.0
2003-10-21,166.0
2003-10-22,103.0
2003-10-23,108.0
2003-10-24,99.0
2003-10-27,161.0
2003-10-28,221.0
2003-10-29,301.0
2003-10-30,332.0
2003-10-31,220.0
2003-11-03,341.0
2003-11-04,296.0
2003-11-05,217.0
2003-11-06,279.0
2003-11-07,332.0
2003-11-10,154.0
2003-11-11,85.0
2003-11-12,189.0
2003-11-13,230.0
2003-11-14,251.0
2003-11-17,75.0
2003-11-18,103.0
2003-11-19,112.0
2003-11-20,101.0
2003-11-21,94.0
2003-11-24,172.0
2003-11-25,229.0
2003-11-26,272.0
2003-11-28,238.0
2003-12-01,455.0
2003-12-02,383.0
2003-12-03,321.0
2003-12-04,166.0
2003-12-05,167.0
2003-12-08,241.0
2003-12-09,252.0
2003-12-10,119.0
2003-12-11,201.0
2003-12-12,244.0
2003-12-15,311.0
2003-12-16,129.0
2003-12-17,163.0
2003-12-18,274.0
2003-12-19,244.0
2003-12-22,260.0
2003-12-23,290.0
2003-12-24,221.0
2003-12-26,239.0
2003-12-29,450.0
2003-12-30,424.0
2003-12-31,299.0
2004-01-02,291.0
2004-01-05,354.0
2004-01-06,277.0
2004-01-07,198.0
2004-01-08,295.0
2004-01-09,267.0
2004-01-12,230.0
2004-01-13,231.0
2004-01-14,282.0
2004-01-15,280.0
2004-01-16,270.0
2004-01-20,324.0
2004-01-21,313.0
2004-01-22,310.0
2004-01-23,270.0
2004-01-26,260.0
2004-01-27,247.0
2004-01-28,206.0
2004-01-29,94.0
2004-01-30,114.0
2004-02-02,183.0
2004-02-03,160.0
2004-02-04,75.0
2004-02-05,92.0
2004-02-06,169.0
2004-02-09,204.0
2004-02-10,225.0
2004-02-11,307.0
2004-02-12,242.0
2004-02-13,162.0
2004-02-17,243.0
2004-02-18,196.0
2004-02-19,170.0
2004-02-20,84.0
2004-02-23,82.0
2004-02-24,106.0
2004-02-25,110.0
2004-02-26,150.0
2004-02-27,212.0
2004-03-01,322.0
2004-03-02,277.0
2004-03-03,176.0
2004-03-04,222.0
2004-03-05,295.0
2004-03-08,231.0
2004-03-09,121.0
2004-03-10,108.0
2004-03-11,48.0
2004-03-12,51.0
2004-03-15,49.0
2004-03-16,56.0
2004-03-17,82.0
2004-03-18,97.0
2004-03-19,103.0
2004-03-22,59.0
2004-03-23,70.0
2004-03-24,67.0
2004-03-25,90.0
2004-03-26,97.0
2004-03-29,126.0
2004-03-30,158.0
2004-03-31,202.0
2004-04-01,244.0
2004-04-02,272.0
2004-04-05,212.0
2004-04-06,160.0
2004-04-07,115.0
2004-04-08,133.0
2004-04-12,142.0
2004-04-13,110.0
2004-04-14,47.0
2004-04-15,73.0
2004-04-16,101.0
2004-04-19,111.0
2004-04-20,112.0
2004-04-21,66.0
2004-04-22,156.0
2004-04-23,117.0
2004-04-26,131.0
2004-04-27,133.0
2004-04-28,65.0
2004-04-29,48.0
2004-04-30,42.0
2004-05-03,45.0
2004-05-04,74.0
2004-05-05,72.0
2004-05-06,44.0
2004-05-07,41.0
2004-05-10,26.0
2004-05-11,26.0
2004-05-12,26.0
2004-05-13,34.0
2004-05-14,35.0
2004-05-17,724.0
2004-05-18,36.0
2004-05-19,46.0
2004-05-20,32.0
2004-05-21,37.0
2004-05-24,46.0
2004-05-25,67.0
2004-05-26,87.0
2004-05-27,103.0
2004-05-28,71.0
2004-06-01,89.0
2004-06-02,126.0
2004-06-03,68.0
2004-06-04,68.0
2004-06-07,124.0
2004-06-08,107.0
2004-06-09,96.0
2004-06-10,69.0
2004-06-14,59.0
2004-06-15,86.0
2004-06-16,97.0
2004-06-17,111.0
2004-06-18,731.0
2004-06-21,153.0
2004-06-22,108.0
2004-06-23,161.0
2004-06-24,181.0
2004-06-25,143.0
2004-06-28,159.0
2004-06-29,111.0
2004-06-30,161.0
2004-07-01,135.0
2004-07-02,97.0
2004-07-06,102.0
2004-07-07,102.0
2004-07-08,97.0
2004-07-09,67.0
2004-07-12,74.0
2004-07-13,73.0
2004-07-14,96.0
2004-07-15,107.0
2004-07-16,129.0
2004-07-19,109.0
2004-07-20,101.0
2004-07-21,115.0
2004-07-22,37.0
2004-07-23,36.0
2004-07-26,40.0
2004-07-27,46.0
2004-07-28,48.0
2004-07-29,64.0
2004-07-30,74.0
2004-08-02,73.0
2004-08-03,84.0
2004-08-04,59.0
2004-08-05,42.0
2004-08-06,34.0
2004-08-09,35.0
2004-08-10,43.0
2004-08-11,35.0
2004-08-12,37.0
2004-08-13,37.0
2004-08-16,51.0
2004-08-17,63.0
2004-08-18,78.0
2004-08-19,62.0
2004-08-20,88.0
2004-08-23,90.0
2004-08-24,83.0
2004-08-25,94.0
2004-08-26,82.0
2004-08-27,82.0
2004-08-30,83.0
2004-08-31,105.0
2004-09-01,158.0
2004-09-02,157.0
2004-09-03,151.0
2004-09-07,186.0
2004-09-08,147.0
2004-09-09,128.0
2004-09-10,121.0
2004-09-13,147.0
2004-09-14,111.0
2004-09-15,99.0
2004-09-16,135.0
2004-09-17,161.0
2004-09-20,130.0
2004-09-21,148.0
2004-09-22,94.0
2004-09-23,75.0
2004-09-24,119.0
2004-09-27,103.0
2004-09-28,152.0
2004-09-29,128.0
2004-09-30,170.0
2004-10-01,276.0
2004-10-04,322.0
2004-10-05,215.0
2004-10-06,262.0
2004-10-07,216.0
2004-10-08,103.0
2004-10-11,77.0
2004-10-12,89.0
2004-10-13,87.0
2004-10-14,64.0
2004-10-15,95.0
2004-10-18,108.0
2004-10-19,121.0
2004-10-20,54.0
2004-10-21,102.0
2004-10-22,122.0
2004-10-25,73.0
2004-10-26,138.0
2004-10-27,200.0
2004-10-28,164.0
2004-10-29,151.0
2004-11-01,153.0
2004-11-02,199.0
2004-11-03,289.0
2004-11-04,342.0
2004-11-05,344.0
2004-11-08,182.0
2004-11-09,190.0
2004-11-10,226.0
2004-11-11,267.0
2004-11-12,357.0
2004-11-15,316.0
2004-11-16,191.0
2004-11-17,277.0
2004-11-18,141.0
2004-11-19,113.0
2004-11-22,164.0
2004-11-23,245.0
2004-11-24,301.0
2004-11-26,326.0
2004-11-29,312.0
2004-11-30,219.0
2004-12-01,360.0
2004-12-02,250.0
2004-12-03,201.0
2004-12-06,166.0
2004-12-07,100.0
2004-12-08,71.0
2004-12-09,94.0
2004-12-10,161.0
2004-12-13,184.0
2004-12-14,188.0
2004-12-15,250.0
2004-12-16,195.0
2004-12-17,147.0
2004-12-20,165.0
2004-12-21,214.0
2004-12-22,293.0
2004-12-23,222.0
2004-12-27,147.0
2004-12-28,199.0
2004-12-29,199.0
2004-12-30,207.0
2004-12-31,210.0
2005-01-03,132.0
2005-01-04,41.0
2005-01-05,35.0
2005-01-06,41.0
2005-01-07,48.0
2005-01-10,53.0
2005-01-11,55.0
2005-01-12,54.0
2005-01-13,80.0
2005-01-14,91.0
2005-01-18,143.0
2005-01-19,122.0
2005-01-20,46.0
2005-01-21,64.0
2005-01-24,67.0
2005-01-25,56.0
2005-01-26,63.0
2005-01-27,108.0
2005-01-28,82.0
2005-01-31,150.0
2005-02-01,214.0
2005-02-02,223.0
2005-02-03,186.0
2005-02-04,277.0
2005-02-07,255.0
2005-02-08,167.0
2005-02-09,140.0
2005-02-10,142.0
2005-02-11,219.0
2005-02-14,221.0
2005-02-15,209.0
2005-02-16,225.0
2005-02-17,208.0
2005-02-18,132.0
2005-02-22,150.0
2005-02-23,75.0
2005-02-24,144.0
2005-02-25,253.0
2005-02-28,238.0
2005-03-01,161.0
2005-03-02,149.0
2005-03-03,166.0
2005-03-04,306.0
2005-03-07,265.0
2005-03-08,149.0
2005-03-09,107.0
2005-03-10,54.0
2005-03-11,62.0
2005-03-14,66.0
2005-03-15,113.0
2005-03-16,53.0
2005-03-17,64.0
2005-03-18,76.0
2005-03-21,61.0
2005-03-22,63.0
2005-03-23,27.0
2005-03-24,41.0
2005-03-28,47.0
2005-03-29,37.0
2005-03-30,37.0
2005-03-31,56.0
2005-04-01,71.0
2005-04-04,67.0
2005-04-05,75.0
2005-04-06,95.0
2005-04-07,85.0
2005-04-08,63.0
2005-04-11,47.0
2005-04-12,63.0
2005-04-13,53.0
2005-04-14,28.0
2005-04-15,28.0
2005-04-18,25.0
2005-04-19,28.0
2005-04-20,27.0
2005-04-21,41.0
2005-04-22,45.0
2005-04-25,62.0
2005-04-26,55.0
2005-04-27,51.0
2005-04-28,48.0
2005-04-29,53.0
2005-05-02,77.0
2005-05-03,67.0
2005-05-04,96.0
2005-05-05,103.0
2005-05-06,86.0
2005-05-09,98.0
2005-05-10,74.0
2005-05-11,68.0
2005-05-12,72.0
2005-05-13,43.0
2005-05-16,47.0
2005-05-17,73.0
2005-05-18,120.0
2005-05-19,103.0
2005-05-20,79.0
2005-05-23,118.0
2005-05-24,79.0
2005-05-25,59.0
2005-05-26,96.0
2005-05-27,112.0
2005-05-31,127.0
2005-06-01,177.0
2005-06-02,136.0
2005-06-03,135.0
2005-06-06,121.0
2005-06-07,207.0
2005-06-08,113.0
2005-06-09,98.0
2005-06-10,125.0
2005-06-13,146.0
2005-06-14,184.0
2005-06-15,208.0
2005-06-16,212.0
2005-06-17,280.0
2005-06-20,172.0
2005-06-21,130.0
2005-06-22,129.0
2005-06-23,130.0
2005-06-24,77.0
2005-06-27,84.0
2005-06-28,120.0
2005-06-29,141.0
2005-06-30,138.0
2005-07-01,141.0
2005-07-05,287.0
2005-07-06,239.0
2005-07-07,116.0
2005-07-08,293.0
2005-07-11,375.0
2005-07-12,302.0
2005-07-13,190.0
2005-07-14,196.0
2005-07-15,74.0
2005-07-18,91.0
2005-07-19,152.0
2005-07-20,220.0
2005-07-21,167.0
2005-07-22,166.0
2005-07-25,192.0
2005-07-26,144.0
2005-07-27,158.0
2005-07-28,295.0
2005-07-29,263.0
2005-08-01,237.0
2005-08-02,292.0
2005-08-03,263.0
2005-08-04,116.0
2005-08-05,62.0
2005-08-08,90.0
2005-08-09,80.0
2005-08-10,140.0
2005-08-11,143.0
2005-08-12,111.0
2005-08-15,92.0
2005-08-16,46.0
2005-08-17,41.0
2005-08-18,33.0
2005-08-19,40.0
2005-08-22,52.0
2005-08-23,44.0
2005-08-24,56.0
2005-08-25,48.0
2005-08-26,43.0
2005-08-29,59.0
2005-08-30,77.0
2005-08-31,155.0
2005-09-01,208.0
2005-09-02,94.0
2005-09-06,145.0
2005-09-07,130.0
2005-09-08,104.0
2005-09-09,171.0
2005-09-12,152.0
2005-09-13,85.0
2005-09-14,61.0
2005-09-15,96.0
2005-09-16,149.0
2005-09-19,171.0
2005-09-20,132.0
2005-09-21,117.0
2005-09-22,100.0
2005-09-23,49.0
2005-09-26,95.0
2005-09-27,84.0
2005-09-28,127.0
2005-09-29,150.0
2005-09-30,155.0
2005-10-03,181.0
2005-10-04,173.0
2005-10-05,28.0
2005-10-06,25.0
2005-10-07,35.0
2005-10-10,39.0
2005-10-11,35.0
2005-10-12,22.0
2005-10-13,20.0
2005-10-14,22.0
2005-10-17,31.0
2005-10-18,36.0
2005-10-19,41.0
2005-10-20,50.0
2005-10-21,38.0
2005-10-24,68.0
2005-10-25,58.0
2005-10-26,67.0
2005-10-27,44.0
2005-10-28,55.0
2005-10-31,93.0
2005-11-01,89.0
2005-11-02,134.0
2005-11-03,153.0
2005-11-04,66.0
2005-11-07,92.0
2005-11-08,59.0
2005-11-09,96.0
2005-11-10,125.0
2005-11-11,119.0
2005-11-14,112.0
2005-11-15,74.0
2005-11-16,51.0
2005-11-17,131.0
2005-11-18,162.0
2005-11-21,159.0
2005-11-22,176.0
2005-11-23,196.0
2005-11-25,123.0
2005-11-28,120.0
2005-11-29,119.0
2005-11-30,103.0
2005-12-01,188.0
2005-12-02,156.0
2005-12-05,135.0
2005-12-06,180.0
2005-12-07,106.0
2005-12-08,110.0
2005-12-09,93.0
2005-12-12,142.0
2005-12-13,152.0
2005-12-14,136.0
2005-12-15,91.0
2005-12-16,121.0
2005-12-19,56.0
2005-12-20,48.0
2005-12-21,76.0
2005-12-22,89.0
2005-12-23,116.0
2005-12-27,101.0
2005-12-28,68.0
2005-12-29,74.0
2005-12-30,40.0
2006-01-03,162.0
2006-01-04,213.0
2006-01-05,159.0
2006-01-06,263.0
2006-01-09,256.0
2006-01-10,203.0
2006-01-11,214.0
2006-01-12,156.0
2006-01-13,94.0
2006-01-17,126.0
2006-01-18,82.0
2006-01-19,175.0
2006-01-20,188.0
2006-01-23,119.0
2006-01-24,199.0
2006-01-25,182.0
2006-01-26,234.0
2006-01-27,325.0
2006-01-30,241.0
2006-01-31,231.0
2006-02-01,238.0
2006-02-02,116.0
2006-02-03,81.0
2006-02-06,111.0
2006-02-07,80.0
2006-02-08,70.0
2006-02-09,99.0
2006-02-10,76.0
2006-02-13,67.0
2006-02-14,111.0
2006-02-15,133.0
2006-02-16,180.0
2006-02-17,172.0
2006-02-21,159.0
2006-02-22,218.0
2006-02-23,189.0
2006-02-24,142.0
2006-02-27,212.0
2006-02-28,84.0
2006-03-01,135.0
2006-03-02,128.0
2006-03-03,138.0
2006-03-06,104.0
2006-03-07,43.0
2006-03-08,57.0
2006-03-09,84.0
2006-03-10,104.0
2006-03-13,141.0
2006-03-14,142.0
2006-03-15,219.0
2006-03-16,280.0
2006-03-17,233.0
2006-03-20,173.0
2006-03-21,109.0
2006-03-22,97.0
2006-03-23,109.0
2006-03-24,130.0
2006-03-27,117.0
2006-03-28,122.0
2006-03-29,206.0
2006-03-30,203.0
2006-03-31,146.0
2006-04-03,208.0
2006-04-04,153.0
2006-04-05,186.0
2006-04-06,178.0
2006-04-07,139.0
2006-04-10,78.0
2006-04-11,71.0
2006-04-12,50.0
2006-04-13,62.0
2006-04-17,101.0
2006-04-18,217.0
2006-04-19,274.0
2006-04-20,200.0
2006-04-21,226.0
2006-04-24,118.0
2006-04-25,130.0
2006-04-26,164.0
2006-04-27,139.0
2006-04-28,133.0
2006-05-01,159.0
2006-05-02,154.0
2006-05-03,150.0
2006-05-04,178.0
2006-05-05,273.0
2006-05-08,203.0
2006-05-09,206.0
2006-05-10,169.0
2006-05-11,152.0
2006-05-12,37.0
2006-05-15,33.0
2006-05-16,43.0
2006-05-17,32.0
2006-05-18,20.0
2006-05-19,25.0
2006-05-22,30.0
2006-05-23,33.0
2006-05-24,25.0
2006-05-25,42.0
2006-05-26,47.0
2006-05-30,37.0
2006-05-31,50.0
2006-06-01,67.0
2006-06-02,88.0
2006-06-05,55.0
2006-06-06,32.0
2006-06-07,41.0
2006-06-08,28.0
2006-06-09,39.0
2006-06-12,32.0
2006-06-13,24.0
2006-06-14,23.0
2006-06-15,30.0
2006-06-16,35.0
2006-06-19,30.0
2006-06-20,26.0
2006-06-21,31.0
2006-06-22,31.0
2006-06-23,33.0
2006-06-26,40.0
2006-06-27,40.0
2006-06-28,36.0
2006-06-29,76.0
2006-06-30,93.0
2006-07-03,88.0
2006-07-05,62.0
2006-07-06,76.0
2006-07-07,66.0
2006-07-10,61.0
2006-07-11,71.0
2006-07-12,71.0
2006-07-13,35.0
2006-07-14,30.0
2006-07-17,30.0
2006-07-18,34.0
2006-07-19,85.0
2006-07-20,81.0
2006-07-21,47.0
2006-07-24,83.0
2006-07-25,99.0
2006-07-26,91.0
2006-07-27,105.0
2006-07-28,90.0
2006-07-31,73.0
2006-08-01,81.0
2006-08-02,117.0
2006-08-03,93.0
2006-08-04,145.0
2006-08-07,62.0
2006-08-08,86.0
2006-08-09,92.0
2006-08-10,53.0
2006-08-11,49.0
2006-08-14,80.0
2006-08-15,91.0
2006-08-16,125.0
2006-08-17,108.0
2006-08-18,69.0
2006-08-21,78.0
2006-08-22,102.0
2006-08-23,88.0
2006-08-24,70.0
2006-08-25,67.0
2006-08-28,109.0
2006-08-29,123.0
2006-08-30,154.0
2006-08-31,149.0
2006-09-01,135.0
2006-09-05,139.0
2006-09-06,62.0
2006-09-07,39.0
2006-09-08,64.0
2006-09-11,73.0
2006-09-12,136.0
2006-09-13,161.0
2006-09-14,80.0
2006-09-15,141.0
2006-09-18,79.0
2006-09-19,67.0
2006-09-20,150.0
2006-09-21,116.0
2006-09-22,46.0
2006-09-25,82.0
2006-09-26,107.0
2006-09-27,138.0
2006-09-28,122.0
2006-09-29,87.0
2006-10-02,72.0
2006-10-03,105.0
2006-10-04,171.0
2006-10-05,201.0
2006-10-06,110.0
2006-10-09,125.0
2006-10-10,158.0
2006-10-11,123.0
2006-10-12,207.0
2006-10-13,229.0
2006-10-16,237.0
2006-10-17,139.0
2006-10-18,222.0
2006-10-19,180.0
2006-10-20,128.0
2006-10-23,167.0
2006-10-24,143.0
2006-10-25,220.0
2006-10-26,257.0
2006-10-27,157.0
2006-10-30,110.0
2006-10-31,142.0
2006-11-01,139.0
2006-11-02,69.0
2006-11-03,93.0
2006-11-06,128.0
2006-11-07,177.0
2006-11-08,166.0
2006-11-09,150.0
2006-11-10,126.0
2006-11-13,190.0
2006-11-14,223.0
2006-11-15,257.0
2006-11-16,245.0
2006-11-17,117.0
2006-11-20,198.0
2006-11-21,193.0
2006-11-22,232.0
2006-11-24,138.0
2006-11-27,79.0
2006-11-28,59.0
2006-11-29,155.0
2006-11-30,188.0
2006-12-01,156.0
2006-12-04,274.0
2006-12-05,306.0
2006-12-06,186.0
2006-12-07,173.0
2006-12-08,109.0
2006-12-11,139.0
2006-12-12,140.0
2006-12-13,168.0
2006-12-14,231.0
2006-12-15,210.0
2006-12-18,141.0
2006-12-19,78.0
2006-12-20,148.0
2006-12-21,106.0
2006-12-22,56.0
2006-12-26,96.0
2006-12-27,196.0
2006-12-28,165.0
2006-12-29,87.0
2007-01-03,198.0
2007-01-04,95.0
2007-01-05,54.0
2007-01-08,69.0
2007-01-09,82.0
2007-01-10,90.0
2007-01-11,171.0
2007-01-12,167.0
2007-01-16,194.0
2007-01-17,152.0
2007-01-18,133.0
2007-01-19,107.0
2007-01-22,104.0
2007-01-23,137.0
2007-01-24,175.0
2007-01-25,176.0
2007-01-26,77.0
2007-01-29,128.0
2007-01-30,139.0
2007-01-31,192.0
2007-02-01,260.0
2007-02-02,246.0
2007-02-05,206.0
2007-02-06,243.0
2007-02-07,285.0
2007-02-08,218.0
2007-02-09,160.0
2007-02-12,79.0
2007-02-13,141.0
2007-02-14,265.0
2007-02-15,226.0
2007-02-16,162.0
2007-02-20,276.0
2007-02-21,223.0
2007-02-22,209.0
2007-02-23,132.0
2007-02-26,169.0
2007-02-27,43.0
2007-02-28,32.0
2007-03-01,40.0
2007-03-02,32.0
2007-03-05,17.0
2007-03-06,32.0
2007-03-07,35.0
2007-03-08,55.0
2007-03-09,54.0
2007-03-12,76.0
2007-03-13,56.0
2007-03-14,28.0
2007-03-15,52.0
2007-03-16,60.0
2007-03-19,77.0
2007-03-20,100.0
2007-03-21,164.0
2007-03-22,178.0
2007-03-23,137.0
2007-03-26,142.0
2007-03-27,77.0
2007-03-28,75.0
2007-03-29,91.0
2007-03-30,106.0
2007-04-02,140.0
2007-04-03,207.0
2007-04-04,159.0
2007-04-05,134.0
2007-04-09,193.0
2007-04-10,164.0
2007-04-11,119.0
2007-04-12,119.0
2007-04-13,158.0
2007-04-16,265.0
2007-04-17,244.0
2007-04-18,162.0
2007-04-19,139.0
2007-04-20,239.0
2007-04-23,225.0
2007-04-24,168.0
2007-04-25,265.0
2007-04-26,229.0
2007-04-27,143.0
2007-04-30,146.0
2007-05-01,60.0
2007-05-02,159.0
2007-05-03,178.0
2007-05-04,188.0
2007-05-07,198.0
2007-05-08,126.0
2007-05-09,200.0
2007-05-10,116.0
2007-05-11,104.0
2007-05-14,164.0
2007-05-15,152.0
2007-05-16,133.0
2007-05-17,137.0
2007-05-18,193.0
2007-05-21,224.0
2007-05-22,183.0
2007-05-23,195.0
2007-05-24,100.0
2007-05-25,63.0
2007-05-29,131.0
2007-05-30,160.0
2007-05-31,283.0
2007-06-01,292.0
2007-06-04,251.0
2007-06-05,153.0
2007-06-06,49.0
2007-06-07,32.0
2007-06-08,35.0
2007-06-11,64.0
2007-06-12,39.0
2007-06-13,92.0
2007-06-14,178.0
2007-06-15,277.0
2007-06-18,203.0
2007-06-19,155.0
2007-06-20,184.0
2007-06-21,85.0
2007-06-22,83.0
2007-06-25,63.0
2007-06-26,48.0
2007-06-27,53.0
2007-06-28,93.0
2007-06-29,109.0
2007-07-02,168.0
2007-07-03,171.0
2007-07-05,175.0
2007-07-06,197.0
2007-07-09,227.0
2007-07-10,91.0
2007-07-11,87.0
2007-07-12,245.0
2007-07-13,265.0
2007-07-16,197.0
2007-07-17,191.0
2007-07-18,108.0
2007-07-19,216.0
2007-07-20,87.0
2007-07-23,130.0
2007-07-24,56.0
2007-07-25,41.0
2007-07-26,33.0
2007-07-27,17.0
2007-07-30,20.0
2007-07-31,26.0
2007-08-01,24.0
2007-08-02,35.0
2007-08-03,37.0
2007-08-06,29.0
2007-08-07,51.0
2007-08-08,114.0
2007-08-09,75.0
2007-08-10,29.0
2007-08-13,21.0
2007-08-14,11.0
2007-08-15,13.0
2007-08-16,9.0
2007-08-17,26.0
2007-08-20,9.0
2007-08-21,13.0
2007-08-22,19.0
2007-08-23,16.0
2007-08-24,25.0
2007-08-27,33.0
2007-08-28,13.0
2007-08-29,19.0
2007-08-30,21.0
2007-08-31,34.0
2007-09-04,54.0
2007-09-05,30.0
2007-09-06,38.0
2007-09-07,19.0
2007-09-10,26.0
2007-09-11,40.0
2007-09-12,51.0
2007-09-13,50.0
2007-09-14,45.0
2007-09-17,41.0
2007-09-18,112.0
2007-09-19,175.0
2007-09-20,81.0
2007-09-21,118.0
2007-09-24,99.0
2007-09-25,59.0
2007-09-26,121.0
2007-09-27,141.0
2007-09-28,129.0
2007-10-01,196.0
2007-10-02,144.0
2007-10-03,79.0
2007-10-04,74.0
2007-10-05,174.0
2007-10-08,127.0
2007-10-09,155.0
2007-10-10,157.0
2007-10-11,231.0
2007-10-12,71.0
2007-10-15,110.0
2007-10-16,68.0
2007-10-17,91.0
2007-10-18,97.0
2007-10-19,58.0
2007-10-22,32.0
2007-10-23,69.0
2007-10-24,59.0
2007-10-25,99.0
2007-10-26,176.0
2007-10-29,182.0
2007-10-30,96.0
2007-10-31,171.0
2007-11-01,64.0
2007-11-02,77.0
2007-11-05,61.0
2007-11-06,126.0
2007-11-07,91.0
2007-11-08,57.0
2007-11-09,29.0
2007-11-12,19.0
2007-11-13,29.0
2007-11-14,42.0
2007-11-15,24.0
2007-11-16,34.0
2007-11-19,32.0
2007-11-20,37.0
2007-11-21,21.0
2007-11-23,18.0
2007-11-26,28.0
2007-11-27,23.0
2007-11-28,52.0
2007-11-29,52.0
2007-11-30,68.0
2007-12-03,50.0
2007-12-04,38.0
2007-12-05,71.0
2007-12-06,91.0
2007-12-07,107.0
2007-12-10,105.0
2007-12-11,101.0
2007-12-12,55.0
2007-12-13,26.0
2007-12-14,37.0
2007-12-17,21.0
2007-12-18,21.0
2007-12-19,25.0
2007-12-20,41.0
2007-12-21,94.0
2007-12-24,92.0
2007-12-26,93.0
2007-12-27,57.0
2007-12-28,41.0
2007-12-31,32.0
2008-01-02,46.0
2008-01-03,52.0
2008-01-04,25.0
2008-01-07,36.0
2008-01-08,51.0
2008-01-09,35.0
2008-01-10,41.0
2008-01-11,28.0
2008-01-14,49.0
2008-01-15,19.0
2008-01-16,25.0
2008-01-17,19.0
2008-01-18,11.0
2008-01-22,13.0
2008-01-23,15.0
2008-01-24,13.0
2008-01-25,16.0
2008-01-28,12.0
2008-01-29,15.0
2008-01-30,21.0
2008-01-31,24.0
2008-02-01,42.0
2008-02-04,39.0
2008-02-05,15.0
2008-02-06,17.0
2008-02-07,15.0
2008-02-08,26.0
2008-02-11,41.0
2008-02-12,50.0
2008-02-13,35.0
2008-02-14,40.0
2008-02-15,17.0
2008-02-19,47.0
2008-02-20,41.0
2008-02-21,42.0
2008-02-22,22.0
2008-02-25,60.0
2008-02-26,75.0
2008-02-27,58.0
2008-02-28,60.0
2008-02-29,29.0
2008-03-03,36.0
2008-03-04,28.0
2008-03-05,37.0
2008-03-06,31.0
2008-03-07,19.0
2008-03-10,15.0
2008-03-11,23.0
2008-03-12,33.0
2008-03-13,33.0
2008-03-14,46.0
2008-03-17,23.0
2008-03-18,27.0
2008-03-19,32.0
2008-03-20,28.0
2008-03-24,41.0
2008-03-25,33.0
2008-03-26,24.0
2008-03-27,28.0
2008-03-28,21.0
2008-03-31,17.0
2008-04-01,37.0
2008-04-02,55.0
2008-04-03,55.0
2008-04-04,68.0
2008-04-07,83.0
2008-04-08,45.0
2008-04-09,57.0
2008-04-10,41.0
2008-04-11,30.0
2008-04-14,52.0
2008-04-15,66.0
2008-04-16,113.0
2008-04-17,105.0
2008-04-18,121.0
2008-04-21,114.0
2008-04-22,90.0
2008-04-23,54.0
2008-04-24,55.0
2008-04-25,63.0
2008-04-28,66.0
2008-04-29,30.0
2008-04-30,52.0
2008-05-01,59.0
2008-05-02,72.0
2008-05-05,46.0
2008-05-06,93.0
2008-05-07,96.0
2008-05-08,71.0
2008-05-09,76.0
2008-05-12,67.0
2008-05-13,104.0
2008-05-14,132.0
2008-05-15,99.0
2008-05-16,145.0
2008-05-19,158.0
2008-05-20,97.0
2008-05-21,133.0
2008-05-22,41.0
2008-05-23,28.0
2008-05-27,29.0
2008-05-28,46.0
2008-05-29,61.0
2008-05-30,65.0
2008-06-02,63.0
2008-06-03,74.0
2008-06-04,39.0
2008-06-05,98.0
2008-06-06,83.0
2008-06-09,64.0
2008-06-10,31.0
2008-06-11,32.0
2008-06-12,28.0
2008-06-13,40.0
2008-06-16,64.0
2008-06-17,89.0
2008-06-18,72.0
2008-06-19,80.0
2008-06-20,39.0
2008-06-23,65.0
2008-06-24,48.0
2008-06-25,19.0
2008-06-26,22.0
2008-06-27,38.0
2008-06-30,60.0
2008-07-01,36.0
2008-07-02,54.0
2008-07-03,10.0
2008-07-07,12.0
2008-07-08,17.0
2008-07-09,19.0
2008-07-10,20.0
2008-07-11,27.0
2008-07-14,27.0
2008-07-15,22.0
2008-07-16,26.0
2008-07-17,30.0
2008-07-18,26.0
2008-07-21,21.0
2008-07-22,35.0
2008-07-23,45.0
2008-07-24,28.0
2008-07-25,26.0
2008-07-28,15.0
2008-07-29,22.0
2008-07-30,44.0
2008-07-31,34.0
2008-08-01,27.0
2008-08-04,27.0
2008-08-05,50.0
2008-08-06,43.0
2008-08-07,26.0
2008-08-08,44.0
2008-08-11,67.0
2008-08-12,38.0
2008-08-13,29.0
2008-08-14,30.0
2008-08-15,54.0
2008-08-18,35.0
2008-08-19,16.0
2008-08-20,18.0
2008-08-21,18.0
2008-08-22,22.0
2008-08-25,17.0
2008-08-26,23.0
2008-08-27,26.0
2008-08-28,40.0
2008-08-29,32.0
2008-09-02,57.0
2008-09-03,31.0
2008-09-04,17.0
2008-09-05,16.0
2008-09-08,55.0
2008-09-09,37.0
2008-09-10,18.0
2008-09-11,22.0
2008-09-12,31.0
2008-09-15,23.0
2008-09-16,18.0
2008-09-17,18.0
2008-09-18,74.0
2008-09-19,155.0
2008-09-22,26.0
2008-09-23,11.0
2008-09-24,10.0
2008-09-25,9.0
2008-09-26,11.0
2008-09-29,10.0
2008-09-30,11.0
2008-10-01,13.0
2008-10-02,9.0
2008-10-03,8.0
2008-10-06,6.0
2008-10-07,8.0
2008-10-08,8.0
2008-10-09,7.0
2008-10-10,6.0
2008-10-13,7.0
2008-10-14,8.0
2008-10-15,9.0
2008-10-16,9.0
2008-10-17,8.0
2008-10-20,7.0
2008-10-21,7.0
2008-10-22,7.0
2008-10-23,4.0
2008-10-24,6.0
2008-10-27,8.0
2008-10-28,6.0
2008-10-29,12.0
2008-10-30,9.0
2008-10-31,7.0
2008-11-03,10.0
2008-11-04,9.0
2008-11-05,9.0
2008-11-06,8.0
2008-11-07,9.0
2008-11-10,8.0
2008-11-11,10.0
2008-11-12,6.0
2008-11-13,9.0
2008-11-14,12.0
2008-11-17,8.0
2008-11-18,9.0
2008-11-19,7.0
2008-11-20,8.0
2008-11-21,6.0
2008-11-24,8.0
2008-11-25,9.0
2008-11-26,13.0
2008-11-28,16.0
2008-12-01,10.0
2008-12-02,12.0
2008-12-03,11.0
2008-12-04,9.0
2008-12-05,10.0
2008-12-08,13.0
2008-12-09,9.0
2008-12-10,12.0
2008-12-11,12.0
2008-12-12,8.0
2008-12-15,8.0
2008-12-16,12.0
2008-12-17,12.0
2008-12-18,10.0
2008-12-19,17.0
2008-12-22,13.0
2008-12-23,10.0
2008-12-24,15.0
2008-12-26,11.0
2008-12-29,7.0
2008-12-30,12.0
2008-12-31,18.0
2009-01-02,18.0
2009-01-05,18.0
2009-01-06,14.0
2009-01-07,11.0
2009-01-08,10.0
2009-01-09,11.0
2009-01-12,8.0
2009-01-13,9.0
2009-01-14,8.0
2009-01-15,9.0
2009-01-16,7.0
2009-01-20,8.0
2009-01-21,7.0
2009-01-22,9.0
2009-01-23,7.0
2009-01-26,7.0
2009-01-27,8.0
2009-01-28,12.0
2009-01-29,12.0
2009-01-30,12.0
2009-02-02,15.0
2009-02-03,11.0
2009-02-04,11.0
2009-02-05,12.0
2009-02-06,12.0
2009-02-09,16.0
2009-02-10,11.0
2009-02-11,11.0
2009-02-12,7.0
2009-02-13,9.0
2009-02-17,8.0
2009-02-18,9.0
2009-02-19,9.0
2009-02-20,8.0
2009-02-23,10.0
2009-02-24,9.0
2009-02-25,10.0
2009-02-26,10.0
2009-02-27,7.0
2009-03-02,7.0
2009-03-03,6.0
2009-03-04,8.0
2009-03-05,9.0
2009-03-06,8.0
2009-03-09,8.0
2009-03-10,9.0
2009-03-11,11.0
2009-03-12,9.0
2009-03-13,9.0
2009-03-16,11.0
2009-03-17,10.0
2009-03-18,14.0
2009-03-19,9.0
2009-03-20,11.0
2009-03-23,13.0
2009-03-24,12.0
2009-03-25,12.0
2009-03-26,18.0
2009-03-27,12.0
2009-03-30,10.0
2009-03-31,14.0
2009-04-01,11.0
2009-04-02,16.0
2009-04-03,10.0
2009-04-06,9.0
2009-04-07,10.0
2009-04-08,11.0
2009-04-09,15.0
2009-04-13,12.0
2009-04-14,11.0
2009-04-15,14.0
2009-04-16,13.0
2009-04-17,12.0
2009-04-20,10.0
2009-04-21,12.0
2009-04-22,20.0
2009-04-23,11.0
2009-04-24,16.0
2009-04-27,12.0
2009-04-28,13.0
2009-04-29,17.0
2009-04-30,20.0
2009-05-01,19.0
2009-05-04,26.0
2009-05-05,24.0
2009-05-06,19.0
2009-05-07,22.0
2009-05-08,23.0
2009-05-11,19.0
2009-05-12,15.0
2009-05-13,13.0
2009-05-14,15.0
2009-05-15,13.0
2009-05-18,23.0
2009-05-19,20.0
2009-05-20,23.0
2009-05-21,14.0
2009-05-22,16.0
2009-05-26,19.0
2009-05-27,20.0
2009-05-28,20.0
2009-05-29,24.0
2009-06-01,36.0
2009-06-02,28.0
2009-06-03,20.0
2009-06-04,22.0
2009-06-05,24.0
2009-06-08,15.0
2009-06-09,16.0
2009-06-10,16.0
2009-06-11,21.0
2009-06-12,16.0
2009-06-15,13.0
2009-06-16,12.0
2009-06-17,13.0
2009-06-18,14.0
2009-06-19,28.0
2009-06-22,16.0
2009-06-23,12.0
2009-06-24,13.0
2009-06-25,20.0
2009-06-26,34.0
2009-06-29,30.0
2009-06-30,28.0
2009-07-01,31.0
2009-07-02,16.0
2009-07-06,17.0
2009-07-07,17.0
2009-07-08,13.0
2009-07-09,16.0
2009-07-10,20.0
2009-07-13,24.0
2009-07-14,28.0
2009-07-15,43.0
2009-07-16,39.0
2009-07-17,47.0
2009-07-20,61.0
2009-07-21,62.0
2009-07-22,53.0
2009-07-23,82.0
2009-07-24,54.0
2009-07-27,70.0
2009-07-28,52.0
2009-07-29,49.0
2009-07-30,69.0
2009-07-31,54.0
2009-08-03,84.0
2009-08-04,81.0
2009-08-05,73.0
2009-08-06,53.0
2009-08-07,62.0
2009-08-10,34.0
2009-08-11,24.0
2009-08-12,30.0
2009-08-13,36.0
2009-08-14,30.0
2009-08-17,16.0
2009-08-18,19.0
2009-08-19,24.0
2009-08-20,42.0
2009-08-21,69.0
2009-08-24,75.0
2009-08-25,69.0
2009-08-26,53.0
2009-08-27,39.0
2009-08-28,49.0
2009-08-31,22.0
2009-09-01,27.0
2009-09-02,16.0
2009-09-03,27.0
2009-09-04,34.0
2009-09-08,61.0
2009-09-09,64.0
2009-09-10,71.0
2009-09-11,75.0
2009-09-14,54.0
2009-09-15,93.0
2009-09-16,142.0
2009-09-17,126.0
2009-09-18,89.0
2009-09-21,60.0
2009-09-22,88.0
2009-09-23,100.0
2009-09-24,39.0
2009-09-25,27.0
2009-09-28,50.0
2009-09-29,64.0
2009-09-30,66.0
2009-10-01,32.0
2009-10-02,17.0
2009-10-05,42.0
2009-10-06,99.0
2009-10-07,65.0
2009-10-08,132.0
2009-10-09,111.0
2009-10-12,170.0
2009-10-13,83.0
2009-10-14,206.0
2009-10-15,157.0
2009-10-16,104.0
2009-10-19,200.0
2009-10-20,129.0
2009-10-21,172.0
2009-10-22,75.0
2009-10-23,102.0
2009-10-26,78.0
2009-10-27,31.0
2009-10-28,20.0
2009-10-29,25.0
2009-10-30,30.0
2009-11-02,23.0
2009-11-03,31.0
2009-11-04,54.0
2009-11-05,76.0
2009-11-06,82.0
2009-11-09,184.0
2009-11-10,156.0
2009-11-11,181.0
2009-11-12,93.0
2009-11-13,80.0
2009-11-16,275.0
2009-11-17,154.0
2009-11-18,166.0
2009-11-19,39.0
2009-11-20,42.0
2009-11-23,156.0
2009-11-24,73.0
2009-11-25,147.0
2009-11-27,34.0
2009-11-30,51.0
2009-12-01,174.0
2009-12-02,194.0
2009-12-03,204.0
2009-12-04,229.0
2009-12-07,140.0
2009-12-08,76.0
2009-12-09,67.0
2009-12-10,133.0
2009-12-11,166.0
2009-12-14,239.0
2009-12-15,168.0
2009-12-16,213.0
2009-12-17,87.0
2009-12-18,144.0
2009-12-21,211.0
2009-12-22,211.0
2009-12-23,274.0
2009-12-24,262.0
2009-12-28,279.0
2009-12-29,194.0
2009-12-30,96.0
2009-12-31,121.0
2010-01-04,248.0
2010-01-05,262.0
2010-01-06,289.0
2010-01-07,208.0
2010-01-08,240.0
2010-01-11,324.0
2010-01-12,75.0
2010-01-13,136.0
2010-01-14,196.0
2010-01-15,117.0
2010-01-19,196.0
2010-01-20,91.0
2010-01-21,107.0
2010-01-22,41.0
2010-01-25,34.0
2010-01-26,39.0
2010-01-27,29.0
2010-01-28,37.0
2010-01-29,31.0
2010-02-01,28.0
2010-02-02,46.0
2010-02-03,43.0
2010-02-04,19.0
2010-02-05,20.0
2010-02-08,24.0
2010-02-09,25.0
2010-02-10,30.0
2010-02-11,42.0
2010-02-12,50.0
2010-02-16,101.0
2010-02-17,110.0
2010-02-18,116.0
2010-02-19,139.0
2010-02-22,140.0
2010-02-23,73.0
2010-02-24,77.0
2010-02-25,65.0
2010-02-26,109.0
2010-03-01,214.0
2010-03-02,232.0
2010-03-03,222.0
2010-03-04,144.0
2010-03-05,297.0
2010-03-08,327.0
2010-03-09,288.0
2010-03-10,273.0
2010-03-11,206.0
2010-03-12,324.0
2010-03-15,185.0
2010-03-16,301.0
2010-03-17,419.0
2010-03-18,231.0
2010-03-19,197.0
2010-03-22,192.0
2010-03-23,265.0
2010-03-24,187.0
2010-03-25,283.0
2010-03-26,109.0
2010-03-29,155.0
2010-03-30,200.0
2010-03-31,142.0
2010-04-01,228.0
2010-04-05,391.0
2010-04-06,396.0
2010-04-07,271.0
2010-04-08,176.0
2010-04-09,281.0
2010-04-12,340.0
2010-04-13,254.0
2010-04-14,491.0
2010-04-15,443.0
2010-04-16,185.0
2010-04-19,78.0
2010-04-20,267.0
2010-04-21,341.0
2010-04-22,390.0
2010-04-23,547.0
2010-04-26,567.0
2010-04-27,157.0
2010-04-28,73.0
2010-04-29,258.0
2010-04-30,274.0
2010-05-03,194.0
2010-05-04,47.0
2010-05-05,31.0
2010-05-06,42.0
2010-05-07,8.0
2010-05-10,31.0
2010-05-11,46.0
2010-05-12,86.0
2010-05-13,96.0
2010-05-14,15.0
2010-05-17,30.0
2010-05-18,41.0
2010-05-19,7.0
2010-05-20,6.0
2010-05-21,8.0
2010-05-24,7.0
2010-05-25,7.0
2010-05-26,13.0
2010-05-27,14.0
2010-05-28,19.0
2010-06-01,16.0
2010-06-02,19.0
2010-06-03,45.0
2010-06-04,14.0
2010-06-07,11.0
2010-06-08,8.0
2010-06-09,18.0
2010-06-10,22.0
2010-06-11,33.0
2010-06-14,69.0
2010-06-15,60.0
2010-06-16,65.0
2010-06-17,60.0
2010-06-18,63.0
2010-06-21,118.0
2010-06-22,28.0
2010-06-23,11.0
2010-06-24,8.0
2010-06-25,22.0
2010-06-28,30.0
2010-06-29,9.0
2010-06-30,11.0
2010-07-01,8.0
2010-07-02,10.0
2010-07-06,19.0
2010-07-07,23.0
2010-07-08,40.0
2010-07-09,48.0
2010-07-12,42.0
2010-07-13,62.0
2010-07-14,55.0
2010-07-15,48.0
2010-07-16,22.0
2010-07-19,34.0
2010-07-20,54.0
2010-07-21,74.0
2010-07-22,82.0
2010-07-23,91.0
2010-07-26,141.0
2010-07-27,154.0
2010-07-28,38.0
2010-07-29,52.0
2010-07-30,34.0
2010-08-02,125.0
2010-08-03,67.0
2010-08-04,93.0
2010-08-05,76.0
2010-08-06,46.0
2010-08-09,99.0
2010-08-10,66.0
2010-08-11,5.0
2010-08-12,8.0
2010-08-13,11.0
2010-08-16,13.0
2010-08-17,45.0
2010-08-18,43.0
2010-08-19,23.0
2010-08-20,13.0
2010-08-23,32.0
2010-08-24,7.0
2010-08-25,14.0
2010-08-26,23.0
2010-08-27,35.0
2010-08-30,29.0
2010-08-31,28.0
2010-09-01,89.0
2010-09-02,92.0
2010-09-03,142.0
2010-09-07,62.0
2010-09-08,79.0
2010-09-09,100.0
2010-09-10,73.0
2010-09-13,152.0
2010-09-14,136.0
2010-09-15,83.0
2010-09-16,71.0
2010-09-17,119.0
2010-09-20,209.0
2010-09-21,154.0
2010-09-22,87.0
2010-09-23,46.0
2010-09-24,137.0
2010-09-27,138.0
2010-09-28,115.0
2010-09-29,128.0
2010-09-30,190.0
2010-10-01,140.0
2010-10-04,91.0
2010-10-05,223.0
2010-10-06,191.0
2010-10-07,177.0
2010-10-08,182.0
2010-10-11,211.0
2010-10-12,123.0
2010-10-13,358.0
2010-10-14,203.0
2010-10-15,207.0
2010-10-18,164.0
2010-10-19,87.0
2010-10-20,182.0
2010-10-21,234.0
2010-10-22,90.0
2010-10-25,268.0
2010-10-26,102.0
2010-10-27,63.0
2010-10-28,136.0
2010-10-29,125.0
2010-11-01,186.0
2010-11-02,211.0
2010-11-03,197.0
2010-11-04,481.0
2010-11-05,402.0
2010-11-08,224.0
2010-11-09,262.0
2010-11-10,99.0
2010-11-11,115.0
2010-11-12,34.0
2010-11-15,51.0
2010-11-16,16.0
2010-11-17,20.0
2010-11-18,100.0
2010-11-19,82.0
2010-11-22,113.0
2010-11-23,37.0
2010-11-24,150.0
2010-11-26,80.0
2010-11-29,66.0
2010-11-30,79.0
2010-12-01,263.0
2010-12-02,273.0
2010-12-03,272.0
2010-12-06,263.0
2010-12-07,421.0
2010-12-08,133.0
2010-12-09,154.0
2010-12-10,200.0
2010-12-13,278.0
2010-12-14,189.0
2010-12-15,159.0
2010-12-16,125.0
2010-12-17,181.0
2010-12-20,213.0
2010-12-21,253.0
2010-12-22,227.0
2010-12-23,155.0
2010-12-27,105.0
2010-12-28,129.0
2010-12-29,191.0
2010-12-30,155.0
2010-12-31,121.0
2011-01-03,362.0
2011-01-04,179.0
2011-01-05,157.0
2011-01-06,175.0
2011-01-07,130.0
2011-01-10,114.0
2011-01-11,212.0
2011-01-12,287.0
2011-01-13,221.0
2011-01-14,220.0
2011-01-18,288.0
2011-01-19,167.0
2011-01-20,43.0
2011-01-21,71.0
2011-01-24,117.0
2011-01-25,102.0
2011-01-26,230.0
2011-01-27,235.0
2011-01-28,143.0
2011-01-31,119.0
2011-02-01,288.0
2011-02-02,243.0
2011-02-03,158.0
2011-02-04,180.0
2011-02-07,302.0
2011-02-08,234.0
2011-02-09,194.0
2011-02-10,171.0
2011-02-11,289.0
2011-02-14,311.0
2011-02-15,191.0
2011-02-16,312.0
2011-02-17,324.0
2011-02-18,322.0
2011-02-22,132.0
2011-02-23,51.0
2011-02-24,64.0
2011-02-25,130.0
2011-02-28,249.0
2011-03-01,180.0
2011-03-02,63.0
2011-03-03,207.0
2011-03-04,147.0
2011-03-07,147.0
2011-03-08,123.0
2011-03-09,142.0
2011-03-10,170.0
2011-03-11,33.0
2011-03-14,32.0
2011-03-15,21.0
2011-03-16,25.0
2011-03-17,26.0
2011-03-18,57.0
2011-03-21,123.0
2011-03-22,94.0
2011-03-23,76.0
2011-03-24,119.0
2011-03-25,190.0
2011-03-28,116.0
2011-03-29,111.0
2011-03-30,267.0
2011-03-31,223.0
2011-04-01,383.0
2011-04-04,261.0
2011-04-05,277.0
2011-04-06,289.0
2011-04-07,138.0
2011-04-08,142.0
2011-04-11,91.0
2011-04-12,26.0
2011-04-13,43.0
2011-04-14,50.0
2011-04-15,94.0
2011-04-18,18.0
2011-04-19,50.0
2011-04-20,174.0
2011-04-21,202.0
2011-04-25,166.0
2011-04-26,288.0
2011-04-27,269.0
2011-04-28,318.0
2011-04-29,303.0
2011-05-02,297.0
2011-05-03,103.0
2011-05-04,71.0
2011-05-05,67.0
2011-05-06,92.0
2011-05-09,75.0
2011-05-10,182.0
2011-05-11,96.0
2011-05-12,135.0
2011-05-13,129.0
2011-05-16,63.0
2011-05-17,47.0
2011-05-18,85.0
2011-05-19,124.0
2011-05-20,62.0
2011-05-23,11.0
2011-05-24,28.0
2011-05-25,23.0
2011-05-26,47.0
2011-05-27,92.0
2011-05-31,169.0
2011-06-01,72.0
2011-06-02,24.0
2011-06-03,11.0
2011-06-06,8.0
2011-06-07,19.0
2011-06-08,18.0
2011-06-09,16.0
2011-06-10,11.0
2011-06-13,13.0
2011-06-14,23.0
2011-06-15,11.0
2011-06-16,7.0
2011-06-17,17.0
2011-06-20,28.0
2011-06-21,57.0
2011-06-22,55.0
2011-06-23,13.0
2011-06-24,26.0
2011-06-27,32.0
2011-06-28,62.0
2011-06-29,84.0
2011-06-30,112.0
2011-07-01,173.0
2011-07-05,180.0
2011-07-06,168.0
2011-07-07,292.0
2011-07-08,45.0
2011-07-11,24.0
2011-07-12,40.0
2011-07-13,55.0
2011-07-14,42.0
2011-07-15,42.0
2011-07-18,26.0
2011-07-19,71.0
2011-07-20,89.0
2011-07-21,164.0
2011-07-22,94.0
2011-07-25,60.0
2011-07-26,43.0
2011-07-27,25.0
2011-07-28,27.0
2011-07-29,10.0
2011-08-01,31.0
2011-08-02,20.0
2011-08-03,13.0
2011-08-04,6.0
2011-08-05,1.0
2011-08-09,2.0
2011-08-10,5.0
2011-08-11,8.0
2011-08-12,7.0
2011-08-15,12.0
2011-08-16,8.0
2011-08-17,11.0
2011-08-18,2.0
2011-08-19,3.0
2011-08-22,7.0
2011-08-23,7.0
2011-08-24,14.0
2011-08-25,10.0
2011-08-26,6.0
2011-08-29,28.0
2011-08-30,35.0
2011-08-31,39.0
2011-09-01,31.0
2011-09-02,3.0
2011-09-06,6.0
2011-09-07,10.0
2011-09-08,26.0
2011-09-09,4.0
2011-09-12,1.0
2011-09-13,9.0
2011-09-14,26.0
2011-09-15,26.0
2011-09-16,37.0
2011-09-19,18.0
2011-09-20,57.0
2011-09-21,11.0
2011-09-22,2.0
2011-09-23,2.0
2011-09-26,4.0
2011-09-27,16.0
2011-09-28,4.0
2011-09-29,6.0
2011-09-30,10.0
2011-10-03,6.0
2011-10-04,4.0
2011-10-05,5.0
2011-10-06,7.0
2011-10-07,11.0
2011-10-10,16.0
2011-10-11,13.0
2011-10-12,17.0
2011-10-13,5.0
2011-10-14,21.0
2011-10-17,12.0
2011-10-18,26.0
2011-10-19,47.0
2011-10-20,10.0
2011-10-21,60.0
2011-10-24,82.0
2011-10-25,27.0
2011-10-26,43.0
2011-10-27,169.0
2011-10-28,67.0
2011-10-31,40.0
2011-11-01,7.0
2011-11-02,16.0
2011-11-03,44.0
2011-11-04,20.0
2011-11-07,37.0
2011-11-08,55.0
2011-11-09,10.0
2011-11-10,14.0
2011-11-11,43.0
2011-11-14,28.0
2011-11-15,33.0
2011-11-16,29.0
2011-11-17,6.0
2011-11-18,7.0
2011-11-21,5.0
2011-11-22,5.0
2011-11-23,1.0
2011-11-25,3.0
2011-11-28,9.0
2011-11-29,14.0
2011-11-30,59.0
2011-12-01,67.0
2011-12-02,54.0
2011-12-05,64.0
2011-12-06,28.0
2011-12-07,32.0
2011-12-08,13.0
2011-12-09,35.0
2011-12-12,11.0
2011-12-13,31.0
2011-12-14,8.0
2011-12-15,17.0
2011-12-16,31.0
2011-12-19,32.0
2011-12-20,61.0
2011-12-21,79.0
2011-12-22,97.0
2011-12-23,92.0
2011-12-27,123.0
2011-12-28,54.0
2011-12-29,63.0
2011-12-30,59.0
2012-01-03,126.0
2012-01-04,28.0
2012-01-05,37.0
2012-01-06,33.0
2012-01-09,33.0
2012-01-10,76.0
2012-01-11,43.0
2012-01-12,61.0
2012-01-13,30.0
2012-01-17,79.0
2012-01-18,75.0
2012-01-19,92.0
2012-01-20,60.0
2012-01-23,59.0
2012-01-24,41.0
2012-01-25,74.0
2012-01-26,108.0
2012-01-27,43.0
2012-01-30,28.0
2012-01-31,56.0
2012-02-01,126.0
2012-02-02,120.0
2012-02-03,209.0
2012-02-06,83.0
2012-02-07,98.0
2012-02-08,119.0
2012-02-09,117.0
2012-02-10,30.0
2012-02-13,111.0
2012-02-14,61.0
2012-02-15,113.0
2012-02-16,95.0
2012-02-17,123.0
2012-02-21,102.0
2012-02-22,55.0
2012-02-23,76.0
2012-02-24,88.0
2012-02-27,70.0
2012-02-28,79.0
2012-02-29,90.0
2012-03-01,82.0
2012-03-02,51.0
2012-03-05,40.0
2012-03-06,9.0
2012-03-07,28.0
2012-03-08,75.0
2012-03-09,98.0
2012-03-12,75.0
2012-03-13,150.0
2012-03-14,137.0
2012-03-15,98.0
2012-03-16,96.0
2012-03-19,103.0
2012-03-20,37.0
2012-03-21,60.0
2012-03-22,31.0
2012-03-23,49.0
2012-03-26,146.0
2012-03-27,138.0
2012-03-28,44.0
2012-03-29,32.0
2012-03-30,91.0
2012-04-02,136.0
2012-04-03,110.0
2012-04-04,24.0
2012-04-05,43.0
2012-04-09,16.0
2012-04-10,11.0
2012-04-11,17.0
2012-04-12,31.0
2012-04-13,21.0
2012-04-16,36.0
2012-04-17,62.0
2012-04-18,39.0
2012-04-19,54.0
2012-04-20,92.0
2012-04-23,17.0
2012-04-24,49.0
2012-04-25,113.0
2012-04-26,142.0
2012-04-27,182.0
2012-04-30,73.0
2012-05-01,164.0
2012-05-02,68.0
2012-05-03,86.0
2012-05-04,17.0
2012-05-07,22.0
2012-05-08,26.0
2012-05-09,22.0
2012-05-10,43.0
2012-05-11,31.0
2012-05-14,15.0
2012-05-15,20.0
2012-05-16,23.0
2012-05-17,3.0
2012-05-18,3.0
2012-05-21,6.0
2012-05-22,9.0
2012-05-23,5.0
2012-05-24,20.0
2012-05-25,14.0
2012-05-29,33.0
2012-05-30,12.0
2012-05-31,22.0
2012-06-01,5.0
2012-06-04,6.0
2012-06-05,14.0
2012-06-06,36.0
2012-06-07,56.0
2012-06-08,56.0
2012-06-11,56.0
2012-06-12,9.0
2012-06-13,20.0
2012-06-14,35.0
2012-06-15,59.0
2012-06-18,64.0
2012-06-19,94.0
2012-06-20,40.0
2012-06-21,18.0
2012-06-22,15.0
2012-06-25,11.0
2012-06-26,22.0
2012-06-27,39.0
2012-06-28,34.0
2012-06-29,134.0
2012-07-02,155.0
2012-07-03,161.0
2012-07-05,126.0
2012-07-06,30.0
2012-07-09,47.0
2012-07-10,80.0
2012-07-11,29.0
2012-07-12,41.0
2012-07-13,118.0
2012-07-16,102.0
2012-07-17,127.0
2012-07-18,112.0
2012-07-19,78.0
2012-07-20,44.0
2012-07-23,10.0
2012-07-24,16.0
2012-07-25,17.0
2012-07-26,66.0
2012-07-27,121.0
2012-07-30,104.0
2012-07-31,72.0
2012-08-01,86.0
2012-08-02,29.0
2012-08-03,102.0
2012-08-06,90.0
2012-08-07,101.0
2012-08-08,59.0
2012-08-09,51.0
2012-08-10,30.0
2012-08-13,38.0
2012-08-14,68.0
2012-08-15,51.0
2012-08-16,94.0
2012-08-17,106.0
2012-08-20,78.0
2012-08-21,97.0
2012-08-22,36.0
2012-08-23,16.0
2012-08-24,41.0
2012-08-27,58.0
2012-08-28,52.0
2012-08-29,64.0
2012-08-30,29.0
2012-08-31,54.0
2012-09-04,118.0
2012-09-05,117.0
2012-09-06,231.0
2012-09-07,243.0
2012-09-10,144.0
2012-09-11,126.0
2012-09-12,186.0
2012-09-13,285.0
2012-09-14,370.0
2012-09-17,93.0
2012-09-18,70.0
2012-09-19,129.0
2012-09-20,83.0
2012-09-21,198.0
2012-09-24,101.0
2012-09-25,125.0
2012-09-26,25.0
2012-09-27,48.0
2012-09-28,42.0
2012-10-01,106.0
2012-10-02,66.0
2012-10-03,95.0
2012-10-04,143.0
2012-10-05,190.0
2012-10-08,49.0
2012-10-09,42.0
2012-10-10,22.0
2012-10-11,50.0
2012-10-12,28.0
2012-10-15,38.0
2012-10-16,125.0
2012-10-17,176.0
2012-10-18,165.0
2012-10-19,57.0
2012-10-22,33.0
2012-10-23,13.0
2012-10-24,39.0
2012-10-25,66.0
2012-10-26,30.0
2012-10-31,78.0
2012-11-01,144.0
2012-11-02,117.0
2012-11-05,45.0
2012-11-06,106.0
2012-11-07,43.0
2012-11-08,17.0
2012-11-09,16.0
2012-11-12,25.0
2012-11-13,28.0
2012-11-14,15.0
2012-11-15,8.0
2012-11-16,10.0
2012-11-19,30.0
2012-11-20,43.0
2012-11-21,44.0
2012-11-23,80.0
2012-11-26,61.0
2012-11-27,70.0
2012-11-28,56.0
2012-11-29,117.0
2012-11-30,85.0
2012-12-03,109.0
2012-12-04,47.0
2012-12-05,56.0
2012-12-06,44.0
2012-12-07,60.0
2012-12-10,74.0
2012-12-11,108.0
2012-12-12,103.0
2012-12-13,38.0
2012-12-14,48.0
2012-12-17,80.0
2012-12-18,166.0
2012-12-19,162.0
2012-12-20,137.0
2012-12-21,77.0
2012-12-24,46.0
2012-12-26,53.0
2012-12-27,43.0
2012-12-28,32.0
2012-12-31,93.0
2013-01-02,381.0
2013-01-03,238.0
2013-01-04,217.0
2013-01-07,143.0
2013-01-08,144.0
2013-01-09,208.0
2013-01-10,210.0
2013-01-11,182.0
2013-01-14,161.0
2013-01-15,158.0
2013-01-16,131.0
2013-01-17,315.0
2013-01-18,246.0
2013-01-22,341.0
2013-01-23,290.0
2013-01-24,364.0
2013-01-25,296.0
2013-01-28,279.0
2013-01-29,262.0
2013-01-30,200.0
2013-01-31,163.0
2013-02-01,350.0
2013-02-04,99.0
2013-02-05,208.0
2013-02-06,176.0
2013-02-07,193.0
2013-02-08,251.0
2013-02-11,174.0
2013-02-12,258.0
2013-02-13,293.0
2013-02-14,280.0
2013-02-15,266.0
2013-02-19,345.0
2013-02-20,243.0
2013-02-21,40.0
2013-02-22,82.0
2013-02-25,126.0
2013-02-26,24.0
2013-02-27,126.0
2013-02-28,177.0
2013-03-01,128.0
2013-03-04,200.0
2013-03-05,353.0
2013-03-06,275.0
2013-03-07,193.0
2013-03-08,296.0
2013-03-11,257.0
2013-03-12,188.0
2013-03-13,215.0
2013-03-14,329.0
2013-03-15,296.0
2013-03-18,134.0
2013-03-19,165.0
2013-03-20,290.0
2013-03-21,165.0
2013-03-22,174.0
2013-03-25,256.0
2013-03-26,213.0
2013-03-27,165.0
2013-03-28,308.0
2013-04-01,184.0
2013-04-02,214.0
2013-04-03,103.0
2013-04-04,72.0
2013-04-05,66.0
2013-04-08,140.0
2013-04-09,172.0
2013-04-10,242.0
2013-04-11,332.0
2013-04-12,153.0
2013-04-15,56.0
2013-04-16,57.0
2013-04-17,30.0
2013-04-18,34.0
2013-04-19,107.0
2013-04-22,125.0
2013-04-23,201.0
2013-04-24,217.0
2013-04-25,257.0
2013-04-26,121.0
2013-04-29,178.0
2013-04-30,226.0
2013-05-01,165.0
2013-05-02,164.0
2013-05-03,317.0
2013-05-06,207.0
2013-05-07,290.0
2013-05-08,330.0
2013-05-09,290.0
2013-05-10,228.0
2013-05-13,210.0
2013-05-14,389.0
2013-05-15,438.0
2013-05-16,307.0
2013-05-17,339.0
2013-05-20,375.0
2013-05-21,317.0
2013-05-22,376.0
2013-05-23,28.0
2013-05-24,39.0
2013-05-28,194.0
2013-05-29,55.0
2013-05-30,127.0
2013-05-31,84.0
2013-06-03,70.0
2013-06-04,79.0
2013-06-05,20.0
2013-06-06,21.0
2013-06-07,86.0
2013-06-10,111.0
2013-06-11,38.0
2013-06-12,41.0
2013-06-13,61.0
2013-06-14,79.0
2013-06-17,129.0
2013-06-18,161.0
2013-06-19,114.0
2013-06-20,12.0
2013-06-21,32.0
2013-06-24,22.0
2013-06-25,34.0
2013-06-26,54.0
2013-06-27,83.0
2013-06-28,87.0
2013-07-01,160.0
2013-07-02,117.0
2013-07-03,49.0
2013-07-05,199.0
2013-07-08,263.0
2013-07-09,271.0
2013-07-10,192.0
2013-07-11,347.0
2013-07-12,247.0
2013-07-15,295.0
2013-07-16,182.0
2013-07-17,167.0
2013-07-18,309.0
2013-07-19,245.0
2013-07-22,315.0
2013-07-23,249.0
2013-07-24,188.0
2013-07-25,158.0
2013-07-26,105.0
2013-07-29,88.0
2013-07-30,118.0
2013-07-31,197.0
2013-08-01,381.0
2013-08-02,195.0
2013-08-05,189.0
2013-08-06,119.0
2013-08-07,58.0
2013-08-08,151.0
2013-08-09,126.0
2013-08-12,111.0
2013-08-13,137.0
2013-08-14,104.0
2013-08-15,22.0
2013-08-16,28.0
2013-08-19,17.0
2013-08-20,27.0
2013-08-21,28.0
2013-08-22,66.0
2013-08-23,61.0
2013-08-26,90.0
2013-08-27,14.0
2013-08-28,26.0
2013-08-29,26.0
2013-08-30,16.0
2013-09-03,47.0
2013-09-04,67.0
2013-09-05,86.0
2013-09-06,98.0
2013-09-09,139.0
2013-09-10,201.0
2013-09-11,159.0
2013-09-12,119.0
2013-09-13,86.0
2013-09-16,226.0
2013-09-17,150.0
2013-09-18,302.0
2013-09-19,318.0
2013-09-20,171.0
2013-09-23,78.0
2013-09-24,137.0
2013-09-25,103.0
2013-09-26,114.0
2013-09-27,69.0
2013-09-30,69.0
2013-10-01,197.0
2013-10-02,111.0
2013-10-03,100.0
2013-10-04,135.0
2013-10-07,43.0
2013-10-08,38.0
2013-10-09,23.0
2013-10-10,103.0
2013-10-11,171.0
2013-10-14,180.0
2013-10-15,157.0
2013-10-16,250.0
2013-10-17,299.0
2013-10-18,436.0
2013-10-21,337.0
2013-10-22,401.0
2013-10-23,144.0
2013-10-24,212.0
2013-10-25,234.0
2013-10-28,176.0
2013-10-29,223.0
2013-10-30,213.0
2013-10-31,132.0
2013-11-01,95.0
2013-11-04,143.0
2013-11-05,130.0
2013-11-06,161.0
2013-11-07,115.0
2013-11-08,107.0
2013-11-11,129.0
2013-11-12,100.0
2013-11-13,160.0
2013-11-14,229.0
2013-11-15,215.0
2013-11-18,265.0
2013-11-19,80.0
2013-11-20,73.0
2013-11-21,146.0
2013-11-22,213.0
2013-11-25,237.0
2013-11-26,181.0
2013-11-27,182.0
2013-11-29,206.0
2013-12-02,153.0
2013-12-03,56.0
2013-12-04,54.0
2013-12-05,53.0
2013-12-06,139.0
2013-12-09,147.0
2013-12-10,98.0
2013-12-11,46.0
2013-12-12,24.0
2013-12-13,47.0
2013-12-16,107.0
2013-12-17,75.0
2013-12-18,176.0
2013-12-19,162.0
2013-12-20,263.0
2013-12-23,311.0
2013-12-24,278.0
2013-12-26,341.0
2013-12-27,241.0
2013-12-30,177.0
2013-12-31,252.0
2014-01-02,78.0
2014-01-03,86.0
2014-01-06,129.0
2014-01-07,125.0
2014-01-08,149.0
2014-01-09,194.0
2014-01-10,197.0
2014-01-13,147.0
2014-01-14,110.0
2014-01-15,233.0
2014-01-16,187.0
2014-01-17,163.0
2014-01-21,219.0
2014-01-22,178.0
2014-01-23,87.0
2014-01-24,25.0
2014-01-27,19.0
2014-01-28,23.0
2014-01-29,21.0
2014-01-30,61.0
2014-01-31,43.0
2014-02-03,29.0
2014-02-04,18.0
2014-02-05,19.0
2014-02-06,37.0
2014-02-07,69.0
2014-02-10,56.0
2014-02-11,87.0
2014-02-12,111.0
2014-02-13,136.0
2014-02-14,136.0
2014-02-18,200.0
2014-02-19,148.0
2014-02-20,130.0
2014-02-21,169.0
2014-02-24,227.0
2014-02-25,126.0
2014-02-26,158.0
2014-02-27,120.0
2014-02-28,202.0
2014-03-03,80.0
2014-03-04,270.0
2014-03-05,186.0
2014-03-06,226.0
2014-03-07,184.0
2014-03-10,91.0
2014-03-11,103.0
2014-03-12,49.0
2014-03-13,68.0
2014-03-14,45.0
2014-03-17,106.0
2014-03-18,127.0
2014-03-19,111.0
2014-03-20,85.0
2014-03-21,181.0
2014-03-24,62.0
2014-03-25,74.0
2014-03-26,75.0
2014-03-27,40.0
2014-03-28,67.0
2014-03-31,121.0
2014-04-01,156.0
2014-04-02,172.0
2014-04-03,149.0
2014-04-04,158.0
2014-04-07,24.0
2014-04-08,27.0
2014-04-09,66.0
2014-04-10,49.0
2014-04-11,11.0
2014-04-14,50.0
2014-04-15,50.0
2014-04-16,85.0
2014-04-17,110.0
2014-04-21,91.0
2014-04-22,116.0
2014-04-23,118.0
2014-04-24,108.0
2014-04-25,50.0
2014-04-28,75.0
2014-04-29,93.0
2014-04-30,82.0
2014-05-01,102.0
2014-05-02,98.0
2014-05-05,58.0
2014-05-06,71.0
2014-05-07,111.0
2014-05-08,125.0
2014-05-09,50.0
2014-05-12,127.0
2014-05-13,111.0
2014-05-14,45.0
2014-05-15,24.0
2014-05-16,45.0
2014-05-19,54.0
2014-05-20,36.0
2014-05-21,60.0
2014-05-22,77.0
2014-05-23,85.0
2014-05-27,152.0
2014-05-28,95.0
2014-05-29,117.0
2014-05-30,125.0
2014-06-02,159.0
2014-06-03,121.0
2014-06-04,135.0
2014-06-05,222.0
2014-06-06,276.0
2014-06-09,245.0
2014-06-10,102.0
2014-06-11,79.0
2014-06-12,77.0
2014-06-13,68.0
2014-06-16,110.0
2014-06-17,114.0
2014-06-18,142.0
2014-06-19,211.0
2014-06-20,234.0
2014-06-23,183.0
2014-06-24,121.0
2014-06-25,84.0
2014-06-26,85.0
2014-06-27,151.0
2014-06-30,180.0
2014-07-01,284.0
2014-07-02,144.0
2014-07-03,162.0
2014-07-07,63.0
2014-07-08,39.0
2014-07-09,76.0
2014-07-10,62.0
2014-07-11,50.0
2014-07-14,96.0
2014-07-15,77.0
2014-07-16,105.0
2014-07-17,73.0
2014-07-18,92.0
2014-07-21,65.0
2014-07-22,134.0
2014-07-23,127.0
2014-07-24,159.0
2014-07-25,57.0
2014-07-28,53.0
2014-07-29,63.0
2014-07-30,63.0
2014-07-31,22.0
2014-08-01,13.0
2014-08-04,21.0
2014-08-05,20.0
2014-08-06,23.0
2014-08-07,31.0
2014-08-08,30.0
2014-08-11,63.0
2014-08-12,37.0
2014-08-13,65.0
2014-08-14,66.0
2014-08-15,83.0
2014-08-18,115.0
2014-08-19,150.0
2014-08-20,113.0
2014-08-21,134.0
2014-08-22,82.0
2014-08-25,122.0
2014-08-26,137.0
2014-08-27,118.0
2014-08-28,79.0
2014-08-29,126.0
2014-09-02,185.0
2014-09-03,163.0
2014-09-04,129.0
2014-09-05,81.0
2014-09-08,103.0
2014-09-09,55.0
2014-09-10,43.0
2014-09-11,41.0
2014-09-12,38.0
2014-09-15,24.0
2014-09-16,43.0
2014-09-17,70.0
2014-09-18,91.0
2014-09-19,111.0
2014-09-22,22.0
2014-09-23,10.0
2014-09-24,19.0
2014-09-25,7.0
2014-09-26,16.0
2014-09-29,16.0
2014-09-30,23.0
2014-10-01,9.0
2014-10-02,6.0
2014-10-03,24.0
2014-10-06,24.0
2014-10-07,12.0
2014-10-08,17.0
2014-10-09,24.0
2014-10-10,10.0
2014-10-13,7.0
2014-10-14,27.0
2014-10-15,7.0
2014-10-16,9.0
2014-10-17,13.0
2014-10-20,21.0
2014-10-21,55.0
2014-10-22,80.0
2014-10-23,90.0
2014-10-24,66.0
2014-10-27,87.0
2014-10-28,155.0
2014-10-29,165.0
2014-10-30,180.0
2014-10-31,290.0
2014-11-03,211.0
2014-11-04,167.0
2014-11-05,196.0
2014-11-06,134.0
2014-11-07,112.0
2014-11-10,157.0
2014-11-11,153.0
2014-11-12,97.0
2014-11-13,139.0
2014-11-14,67.0
2014-11-17,72.0
2014-11-18,125.0
2014-11-19,58.0
2014-11-20,75.0
2014-11-21,172.0
2014-11-24,120.0
2014-11-25,146.0
2014-11-26,120.0
2014-11-28,256.0
2014-12-01,95.0
2014-12-02,87.0
2014-12-03,149.0
2014-12-04,137.0
2014-12-05,174.0
2014-12-08,203.0
2014-12-09,108.0
2014-12-10,97.0
2014-12-11,102.0
2014-12-12,45.0
2014-12-15,20.0
2014-12-16,15.0
2014-12-17,49.0
2014-12-18,171.0
2014-12-19,200.0
2014-12-22,170.0
2014-12-23,266.0
2014-12-24,200.0
2014-12-26,210.0
2014-12-29,233.0
2014-12-30,123.0
2014-12-31,128.0
2015-01-02,29.0
2015-01-05,41.0
2015-01-06,64.0
2015-01-07,96.0
2015-01-08,169.0
2015-01-09,117.0
2015-01-12,107.0
2015-01-13,174.0
2015-01-14,77.0
2015-01-15,109.0
2015-01-16,133.0
2015-01-20,170.0
2015-01-21,79.0
2015-01-22,201.0
2015-01-23,226.0
2015-01-26,163.0
2015-01-27,149.0
2015-01-28,174.0
2015-01-29,67.0
2015-01-30,35.0
2015-02-02,23.0
2015-02-03,85.0
2015-02-04,100.0
2015-02-05,120.0
2015-02-06,121.0
2015-02-09,42.0
2015-02-10,68.0
2015-02-11,90.0
2015-02-12,144.0
2015-02-13,159.0
2015-02-17,140.0
2015-02-18,130.0
2015-02-19,137.0
2015-02-20,147.0
2015-02-23,146.0
2015-02-24,158.0
2015-02-25,122.0
2015-02-26,115.0
2015-02-27,85.0
2015-03-02,139.0
2015-03-03,76.0
2015-03-04,55.0
2015-03-05,73.0
2015-03-06,51.0
2015-03-09,47.0
2015-03-10,19.0
2015-03-11,36.0
2015-03-12,99.0
2015-03-13,68.0
2015-03-16,132.0
2015-03-17,94.0
2015-03-18,180.0
2015-03-19,124.0
2015-03-20,241.0
2015-03-23,203.0
2015-03-24,88.0
2015-03-25,57.0
2015-03-26,10.0
2015-03-27,36.0
2015-03-30,121.0
2015-03-31,91.0
2015-04-01,50.0
2015-04-02,95.0
2015-04-06,118.0
2015-04-07,78.0
2015-04-08,86.0
2015-04-09,88.0
2015-04-10,90.0
2015-04-13,88.0
2015-04-14,62.0
2015-04-15,95.0
2015-04-16,50.0
2015-04-17,15.0
2015-04-20,44.0
2015-04-21,72.0
2015-04-22,70.0
2015-04-23,99.0
2015-04-24,83.0
2015-04-27,79.0
2015-04-28,45.0
2015-04-29,43.0
2015-04-30,31.0
2015-05-01,40.0
2015-05-04,45.0
2015-05-05,42.0
2015-05-06,22.0
2015-05-07,27.0
2015-05-08,70.0
2015-05-11,59.0
2015-05-12,30.0
2015-05-13,52.0
2015-05-14,90.0
2015-05-15,84.0
2015-05-18,103.0
2015-05-19,116.0
2015-05-20,108.0
2015-05-21,71.0
2015-05-22,73.0
2015-05-26,28.0
2015-05-27,56.0
2015-05-28,63.0
2015-05-29,58.0
2015-06-01,69.0
2015-06-02,41.0
2015-06-03,100.0
2015-06-04,35.0
2015-06-05,63.0
2015-06-08,68.0
2015-06-09,49.0
2015-06-10,117.0
2015-06-11,108.0
2015-06-12,47.0
2015-06-15,44.0
2015-06-16,69.0
2015-06-17,94.0
2015-06-18,118.0
2015-06-19,97.0
2015-06-22,152.0
2015-06-23,140.0
2015-06-24,79.0
2015-06-25,74.0
2015-06-26,86.0
2015-06-29,20.0
2015-06-30,18.0
2015-07-01,60.0
2015-07-02,46.0
2015-07-06,35.0
2015-07-07,42.0
2015-07-08,16.0
2015-07-09,24.0
2015-07-10,47.0
2015-07-13,117.0
2015-07-14,103.0
2015-07-15,96.0
2015-07-16,130.0
2015-07-17,63.0
2015-07-20,96.0
2015-07-21,60.0
2015-07-22,62.0
2015-07-23,85.0
2015-07-24,29.0
2015-07-27,13.0
2015-07-28,28.0
2015-07-29,60.0
2015-07-30,73.0
2015-07-31,103.0
2015-08-03,64.0
2015-08-04,92.0
2015-08-05,129.0
2015-08-06,46.0
2015-08-07,27.0
2015-08-10,79.0
2015-08-11,31.0
2015-08-12,29.0
2015-08-13,57.0
2015-08-14,47.0
2015-08-17,87.0
2015-08-18,94.0
2015-08-19,34.0
2015-08-20,7.0
2015-08-24,3.0
2015-08-25,3.0
2015-08-26,2.0
2015-08-27,4.0
2015-08-28,5.0
2015-08-31,5.0
2015-09-01,3.0
2015-09-02,4.0
2015-09-03,9.0
2015-09-04,4.0
2015-09-08,14.0
2015-09-09,23.0
2015-09-10,9.0
2015-09-11,9.0
2015-09-14,15.0
2015-09-15,21.0
2015-09-16,34.0
2015-09-17,44.0
2015-09-18,13.0
2015-09-21,11.0
2015-09-22,3.0
2015-09-23,9.0
2015-09-24,5.0
2015-09-25,15.0
2015-09-28,2.0
2015-09-29,3.0
2015-09-30,4.0
2015-10-01,8.0
2015-10-02,9.0
2015-10-05,40.0
2015-10-06,20.0
2015-10-07,29.0
2015-10-08,50.0
2015-10-09,57.0
2015-10-12,55.0
2015-10-13,39.0
2015-10-14,8.0
2015-10-15,29.0
2015-10-16,42.0
2015-10-19,50.0
2015-10-20,52.0
2015-10-21,47.0
2015-10-22,71.0
2015-10-23,89.0
2015-10-26,54.0
2015-10-27,33.0
2015-10-28,88.0
2015-10-29,82.0
2015-10-30,62.0
2015-11-02,64.0
2015-11-03,61.0
2015-11-04,56.0
2015-11-05,52.0
2015-11-06,59.0
2015-11-09,32.0
2015-11-10,24.0
2015-11-11,46.0
2015-11-12,13.0
2015-11-13,6.0
2015-11-16,8.0
2015-11-17,22.0
2015-11-18,38.0
2015-11-19,44.0
2015-11-20,72.0
2015-11-23,67.0
2015-11-24,42.0
2015-11-25,62.0
2015-11-27,69.0
2015-11-30,73.0
2015-12-01,75.0
2015-12-02,54.0
2015-12-03,31.0
2015-12-04,39.0
2015-12-07,38.0
2015-12-08,21.0
2015-12-09,23.0
2015-12-10,12.0
2015-12-11,4.0
2015-12-14,5.0
2015-12-15,23.0
2015-12-16,39.0
2015-12-17,37.0
2015-12-18,14.0
2015-12-21,17.0
2015-12-22,22.0
2015-12-23,36.0
2015-12-24,30.0
2015-12-28,22.0
2015-12-29,65.0
2015-12-30,36.0
2015-12-31,5.0
2016-01-04,2.0
2016-01-05,9.0
2016-01-06,10.0
2016-01-07,3.0
2016-01-08,3.0
2016-01-11,5.0
2016-01-12,2.0
2016-01-13,3.0
2016-01-14,2.0
2016-01-19,5.0
2016-01-20,2.0
2016-01-21,1.0
2016-01-22,8.0
2016-01-25,9.0
2016-01-26,12.0
2016-01-27,14.0
2016-01-28,22.0
2016-01-29,38.0
2016-02-01,52.0
2016-02-02,23.0
2016-02-03,46.0
2016-02-04,19.0
2016-02-05,13.0
2016-02-08,15.0
2016-02-09,20.0
2016-02-10,18.0
2016-02-11,9.0
2016-02-12,10.0
2016-02-16,15.0
2016-02-17,22.0
2016-02-18,23.0
2016-02-19,24.0
2016-02-22,40.0
2016-02-23,24.0
2016-02-24,24.0
2016-02-25,58.0
2016-02-26,40.0
2016-02-29,20.0
2016-03-01,26.0
2016-03-02,37.0
2016-03-03,51.0
2016-03-04,60.0
2016-03-07,38.0
2016-03-08,44.0
2016-03-09,60.0
2016-03-10,53.0
2016-03-11,65.0
2016-03-14,38.0
2016-03-15,42.0
2016-03-16,79.0
2016-03-17,140.0
2016-03-18,110.0
2016-03-21,40.0
2016-03-22,35.0
2016-03-23,31.0
2016-03-24,26.0
2016-03-28,60.0
2016-03-29,130.0
2016-03-30,149.0
2016-03-31,81.0
2016-04-01,114.0
2016-04-04,101.0
2016-04-05,29.0
2016-04-06,36.0
2016-04-07,30.0
2016-04-08,44.0
2016-04-11,54.0
2016-04-12,45.0
2016-04-13,65.0
2016-04-14,56.0
2016-04-15,48.0
2016-04-18,86.0
2016-04-19,141.0
2016-04-20,78.0
2016-04-21,39.0
2016-04-22,36.0
2016-04-25,25.0
2016-04-26,54.0
2016-04-27,71.0
2016-04-28,76.0
2016-04-29,38.0
2016-05-02,61.0
2016-05-03,35.0
2016-05-04,63.0
2016-05-05,78.0
2016-05-06,77.0
2016-05-09,120.0
2016-05-10,133.0
2016-05-11,76.0
2016-05-12,77.0
2016-05-13,40.0
2016-05-16,71.0
2016-05-17,36.0
2016-05-18,22.0
2016-05-19,15.0
2016-05-20,29.0
2016-05-23,23.0
2016-05-24,65.0
2016-05-25,77.0
2016-05-26,53.0
2016-05-27,60.0
2016-05-31,75.0
2016-06-01,70.0
2016-06-02,89.0
2016-06-03,120.0
2016-06-06,117.0
2016-06-07,142.0
2016-06-08,201.0
2016-06-09,158.0
2016-06-10,99.0
2016-06-13,80.0
2016-06-14,21.0
2016-06-15,49.0
2016-06-16,55.0
2016-06-17,50.0
2016-06-20,99.0
2016-06-21,59.0
2016-06-22,60.0
2016-06-23,122.0
2016-06-24,78.0
2016-06-27,66.0
2016-06-28,82.0
2016-06-29,143.0
2016-06-30,220.0
2016-07-01,243.0
2016-07-05,155.0
2016-07-06,157.0
2016-07-07,61.0
2016-07-08,155.0
2016-07-11,227.0
2016-07-12,214.0
2016-07-13,156.0
2016-07-14,163.0
2016-07-15,97.0
2016-07-18,95.0
2016-07-19,81.0
2016-07-20,128.0
2016-07-21,104.0
2016-07-22,130.0
2016-07-25,107.0
2016-07-26,133.0
2016-07-27,126.0
2016-07-28,134.0
2016-07-29,181.0
2016-08-01,140.0
2016-08-02,71.0
2016-08-03,46.0
2016-08-04,80.0
2016-08-05,135.0
2016-08-08,116.0
2016-08-09,115.0
2016-08-10,104.0
2016-08-11,128.0
2016-08-12,89.0
2016-08-15,138.0
2016-08-16,62.0
2016-08-17,42.0
2016-08-18,87.0
2016-08-19,63.0
2016-08-22,49.0
2016-08-23,132.0
2016-08-24,53.0
2016-08-25,66.0
2016-08-26,115.0
2016-08-29,91.0
2016-08-30,99.0
2016-08-31,60.0
2016-09-01,64.0
2016-09-02,140.0
2016-09-06,157.0
2016-09-07,142.0
2016-09-08,108.0
2016-09-09,15.0
2016-09-12,18.0
2016-09-13,12.0
2016-09-14,11.0
2016-09-15,37.0
2016-09-16,32.0
2016-09-19,53.0
2016-09-20,25.0
2016-09-21,58.0
2016-09-22,114.0
2016-09-23,53.0
2016-09-26,33.0
2016-09-27,49.0
2016-09-28,77.0
2016-09-29,71.0
2016-09-30,78.0
2016-10-03,50.0
2016-10-04,53.0
2016-10-05,94.0
2016-10-06,81.0
2016-10-07,49.0
2016-10-10,112.0
2016-10-11,25.0
2016-10-12,23.0
2016-10-13,30.0
2016-10-14,47.0
2016-10-17,34.0
2016-10-18,58.0
2016-10-19,77.0
2016-10-20,58.0
2016-10-21,55.0
2016-10-24,89.0
2016-10-25,57.0
2016-10-26,31.0
2016-10-27,48.0
2016-10-28,42.0
2016-10-31,32.0
2016-11-01,29.0
2016-11-02,16.0
2016-11-03,13.0
2016-11-04,17.0
2016-11-07,58.0
2016-11-08,78.0
2016-11-09,169.0
2016-11-10,245.0
2016-11-11,198.0
2016-11-14,298.0
2016-11-15,136.0
2016-11-16,97.0
2016-11-17,154.0
2016-11-18,137.0
2016-11-21,185.0
2016-11-22,236.0
2016-11-23,238.0
2016-11-25,188.0
2016-11-28,122.0
2016-11-29,132.0
2016-11-30,194.0
2016-12-01,209.0
2016-12-02,87.0
2016-12-05,213.0
2016-12-06,247.0
2016-12-07,380.0
2016-12-08,441.0
2016-12-09,313.0
2016-12-12,234.0
2016-12-13,151.0
2016-12-14,83.0
2016-12-15,90.0
2016-12-16,98.0
2016-12-19,89.0
2016-12-20,166.0
2016-12-21,115.0
2016-12-22,67.0
2016-12-23,56.0
2016-12-27,107.0
2016-12-28,65.0
2016-12-29,38.0
2016-12-30,38.0
2017-01-03,115.0
2017-01-04,163.0
2017-01-05,112.0
2017-01-06,72.0
2017-01-09,39.0
2017-01-10,67.0
2017-01-11,101.0
2017-01-12,71.0
2017-01-13,108.0
2017-01-17,69.0
2017-01-18,62.0
2017-01-19,69.0
2017-01-20,71.0
2017-01-23,59.0
2017-01-24,175.0
2017-01-25,261.0
2017-01-26,205.0
2017-01-27,98.0
2017-01-30,26.0
2017-01-31,53.0
2017-02-01,104.0
2017-02-02,80.0
2017-02-03,123.0
2017-02-06,78.0
2017-02-07,96.0
2017-02-08,46.0
2017-02-09,109.0
2017-02-10,159.0
2017-02-13,204.0
2017-02-14,148.0
2017-02-15,199.0
2017-02-16,169.0
2017-02-17,110.0
2017-02-21,231.0
2017-02-22,166.0
2017-02-23,165.0
2017-02-24,92.0
2017-02-27,139.0
2017-02-28,95.0
2017-03-01,255.0
2017-03-02,89.0
2017-03-03,37.0
2017-03-06,31.0
2017-03-07,37.0
2017-03-08,33.0
2017-03-09,34.0
2017-03-10,65.0
2017-03-13,76.0
2017-03-14,47.0
2017-03-15,135.0
2017-03-16,143.0
2017-03-17,121.0
2017-03-20,87.0
2017-03-21,75.0
2017-03-22,28.0
2017-03-23,46.0
2017-03-24,53.0
2017-03-27,38.0
2017-03-28,62.0
2017-03-29,58.0
2017-03-30,61.0
2017-03-31,66.0
2017-04-03,66.0
2017-04-04,43.0
2017-04-05,75.0
2017-04-06,47.0
2017-04-07,54.0
2017-04-10,57.0
2017-04-11,73.0
2017-04-12,67.0
2017-04-13,40.0
2017-04-17,60.0
2017-04-18,83.0
2017-04-19,76.0
2017-04-20,102.0
2017-04-21,88.0
2017-04-24,184.0
2017-04-25,220.0
2017-04-26,225.0
2017-04-27,204.0
2017-04-28,109.0
2017-05-01,95.0
2017-05-02,123.0
2017-05-03,75.0
2017-05-04,103.0
2017-05-05,136.0
2017-05-08,111.0
2017-05-09,106.0
2017-05-10,82.0
2017-05-11,60.0
2017-05-12,60.0
2017-05-15,100.0
2017-05-16,122.0
2017-05-17,29.0
2017-05-18,24.0
2017-05-19,66.0
2017-05-22,110.0
2017-05-23,102.0
2017-05-24,84.0
2017-05-25,157.0
2017-05-26,104.0
2017-05-30,87.0
2017-05-31,130.0
2017-06-01,197.0
2017-06-02,263.0
2017-06-05,110.0
2017-06-06,85.0
2017-06-07,78.0
2017-06-08,110.0
2017-06-09,159.0
2017-06-12,96.0
2017-06-13,98.0
2017-06-14,120.0
2017-06-15,69.0
2017-06-16,109.0
2017-06-19,168.0
2017-06-20,93.0
2017-06-21,66.0
2017-06-22,64.0
2017-06-23,76.0
2017-06-26,100.0
2017-06-27,47.0
2017-06-28,83.0
2017-06-29,61.0
2017-06-30,46.0
2017-07-03,76.0
2017-07-05,59.0
2017-07-06,24.0
2017-07-07,56.0
2017-07-10,75.0
2017-07-11,60.0
2017-07-12,144.0
2017-07-13,86.0
2017-07-14,122.0
2017-07-17,104.0
2017-07-18,77.0
2017-07-19,145.0
2017-07-20,159.0
2017-07-21,114.0
2017-07-24,109.0
2017-07-25,183.0
2017-07-26,120.0
2017-07-27,124.0
2017-07-28,60.0
2017-07-31,87.0
2017-08-01,113.0
2017-08-02,92.0
2017-08-03,91.0
2017-08-04,97.0
2017-08-07,83.0
2017-08-08,106.0
2017-08-09,54.0
2017-08-10,42.0
2017-08-11,15.0
2017-08-14,49.0
2017-08-15,51.0
2017-08-16,75.0
2017-08-17,43.0
2017-08-18,31.0
2017-08-21,40.0
2017-08-22,73.0
2017-08-23,68.0
2017-08-24,69.0
2017-08-25,80.0
2017-08-28,61.0
2017-08-29,49.0
2017-08-30,56.0
2017-08-31,105.0
2017-09-01,130.0
2017-09-05,93.0
2017-09-06,87.0
2017-09-07,97.0
2017-09-08,107.0
2017-09-11,177.0
2017-09-12,132.0
2017-09-13,84.0
2017-09-14,78.0
2017-09-15,92.0
2017-09-18,135.0
2017-09-19,129.0
2017-09-20,142.0
2017-09-21,111.0
2017-09-22,120.0
2017-09-25,103.0
2017-09-26,115.0
2017-09-27,165.0
2017-09-28,127.0
2017-09-29,149.0
2017-10-02,209.0
2017-10-03,248.0
2017-10-04,198.0
2017-10-05,199.0
2017-10-06,144.0
2017-10-09,141.0
2017-10-10,161.0
2017-10-11,147.0
2017-10-12,162.0
2017-10-13,217.0
2017-10-16,164.0
2017-10-17,105.0
2017-10-18,140.0
2017-10-19,104.0
2017-10-20,215.0
2017-10-23,170.0
2017-10-24,170.0
2017-10-25,111.0
2017-10-26,167.0
2017-10-27,162.0
2017-10-30,110.0
2017-10-31,145.0
2017-11-01,177.0
2017-11-02,142.0
2017-11-03,121.0
2017-11-06,142.0
2017-11-07,139.0
2017-11-08,99.0
2017-11-09,70.0
2017-11-10,62.0
2017-11-13,86.0
2017-11-14,103.0
2017-11-15,70.0
2017-11-16,104.0
2017-11-17,88.0
2017-11-20,128.0
2017-11-21,201.0
2017-11-22,139.0
2017-11-24,125.0
2017-11-27,116.0
2017-11-28,191.0
2017-11-29,269.0
2017-11-30,258.0
2017-12-01,125.0
2017-12-04,251.0
2017-12-05,67.0
2017-12-06,39.0
2017-12-07,57.0
2017-12-08,84.0
2017-12-11,90.0
2017-12-12,91.0
2017-12-13,117.0
2017-12-14,69.0
2017-12-15,100.0
2017-12-18,223.0
2017-12-19,137.0
2017-12-20,120.0
2017-12-21,155.0
2017-12-22,92.0
2017-12-26,132.0
2017-12-27,107.0
2017-12-28,107.0
2017-12-29,134.0
2018-01-02,149.0
2018-01-03,179.0
2018-01-04,239.0
2018-01-05,204.0
2018-01-08,206.0
2018-01-09,237.0
2018-01-10,144.0
2018-01-11,240.0
2018-01-12,337.0
2018-01-16,334.0
2018-01-17,160.0
2018-01-18,161.0
2018-01-19,221.0
2018-01-22,239.0
2018-01-23,244.0
2018-01-24,295.0
2018-01-25,234.0
2018-01-26,254.0
2018-01-29,217.0
2018-01-30,44.0
2018-01-31,82.0
2018-02-01,73.0
2018-02-02,36.0
2018-02-05,13.0
2018-02-06,5.0
2018-02-07,19.0
2018-02-08,15.0
2018-02-09,4.0
2018-02-12,8.0
2018-02-13,16.0
2018-02-14,31.0
2018-02-15,60.0
2018-02-16,67.0
2018-02-20,53.0
2018-02-21,68.0
2018-02-22,27.0
2018-02-23,37.0
2018-02-26,80.0
2018-02-27,84.0
2018-02-28,42.0
2018-03-01,9.0
2018-03-02,22.0
2018-03-05,43.0
2018-03-06,76.0
2018-03-07,88.0
2018-03-08,98.0
2018-03-09,118.0
2018-03-12,130.0
2018-03-13,86.0
2018-03-14,44.0
2018-03-15,24.0
2018-03-16,35.0
2018-03-19,25.0
2018-03-20,35.0
2018-03-21,52.0
2018-03-22,17.0
2018-03-23,13.0
2018-03-26,21.0
2018-03-27,29.0
2018-03-28,10.0
2018-03-29,26.0
2018-04-02,11.0
2018-04-03,15.0
2018-04-04,24.0
2018-04-05,48.0
2018-04-06,24.0
2018-04-09,20.0
2018-04-10,40.0
2018-04-11,36.0
2018-04-12,45.0
2018-04-13,38.0
2018-04-16,55.0
2018-04-17,95.0
2018-04-18,128.0
2018-04-19,71.0
2018-04-20,40.0
2018-04-23,50.0
2018-04-24,60.0
2018-04-25,20.0
2018-04-26,47.0
2018-04-27,51.0
2018-04-30,60.0
2018-05-01,28.0
2018-05-02,62.0
2018-05-03,46.0
2018-05-04,64.0
2018-05-07,94.0
2018-05-08,66.0
2018-05-09,138.0
2018-05-10,131.0
2018-05-11,106.0
2018-05-14,101.0
2018-05-15,57.0
2018-05-16,114.0
2018-05-17,130.0
2018-05-18,105.0
2018-05-21,171.0
2018-05-22,121.0
2018-05-23,30.0
2018-05-24,53.0
2018-05-25,63.0
2018-05-29,45.0
2018-05-30,138.0
2018-05-31,90.0
2018-06-01,97.0
2018-06-04,146.0
2018-06-05,153.0
2018-06-06,171.0
2018-06-07,152.0
2018-06-08,100.0
2018-06-11,124.0
2018-06-12,109.0
2018-06-13,93.0
2018-06-14,83.0
2018-06-15,68.0
2018-06-18,94.0
2018-06-19,57.0
2018-06-20,109.0
2018-06-21,72.0
2018-06-22,81.0
2018-06-25,35.0
2018-06-26,39.0
2018-06-27,51.0
2018-06-28,28.0
2018-06-29,34.0
2018-07-02,27.0
2018-07-03,49.0
2018-07-05,53.0
2018-07-06,102.0
2018-07-09,106.0
2018-07-10,110.0
2018-07-11,43.0
2018-07-12,78.0
2018-07-13,89.0
2018-07-16,44.0
2018-07-17,58.0
2018-07-18,62.0
2018-07-19,69.0
2018-07-20,73.0
2018-07-23,68.0
2018-07-24,75.0
2018-07-25,80.0
2018-07-26,121.0
2018-07-27,64.0
2018-07-30,37.0
2018-07-31,69.0
2018-08-01,66.0
2018-08-02,78.0
2018-08-03,93.0
2018-08-06,83.0
2018-08-07,103.0
2018-08-08,76.0
2018-08-09,100.0
2018-08-10,62.0
2018-08-13,42.0
2018-08-14,71.0
2018-08-15,46.0
2018-08-16,76.0
2018-08-17,91.0
2018-08-20,116.0
2018-08-21,139.0
2018-08-22,93.0
2018-08-23,85.0
2018-08-24,100.0
2018-08-27,126.0
2018-08-28,95.0
2018-08-29,121.0
2018-08-30,93.0
2018-08-31,75.0
2018-09-04,112.0
2018-09-05,82.0
2018-09-06,96.0
2018-09-07,75.0
2018-09-10,85.0
2018-09-11,81.0
2018-09-12,82.0
2018-09-13,122.0
2018-09-14,103.0
2018-09-17,76.0
2018-09-18,78.0
2018-09-19,64.0
2018-09-20,76.0
2018-09-21,92.0
2018-09-24,42.0
2018-09-25,68.0
2018-09-26,51.0
2018-09-27,32.0
2018-09-28,52.0
2018-10-01,74.0
2018-10-02,32.0
2018-10-03,61.0
2018-10-04,31.0
2018-10-05,21.0
2018-10-08,26.0
2018-10-09,42.0
2018-10-10,33.0
2018-10-11,4.0
2018-10-12,4.0
2018-10-15,7.0
2018-10-16,12.0
2018-10-17,12.0
2018-10-18,6.0
2018-10-19,16.0
2018-10-22,17.0
2018-10-23,8.0
2018-10-24,22.0
2018-10-25,8.0
2018-10-26,7.0
2018-10-29,13.0
2018-10-30,20.0
2018-10-31,13.0
2018-11-01,19.0
2018-11-02,19.0
2018-11-05,28.0
2018-11-06,43.0
2018-11-07,64.0
2018-11-08,67.0
2018-11-09,46.0
2018-11-12,53.0
2018-11-13,19.0
2018-11-14,18.0
2018-11-15,13.0
2018-11-16,38.0
2018-11-19,40.0
2018-11-20,26.0
2018-11-21,10.0
2018-11-23,3.0
2018-11-26,10.0
2018-11-27,19.0
2018-11-28,36.0
2018-11-29,32.0
2018-11-30,49.0
2018-12-03,72.0
2018-12-04,68.0
2018-12-05,2.0
2018-12-06,32.0
2018-12-07,30.0
2018-12-10,10.0
2018-12-11,30.0
2018-12-12,29.0
2018-12-13,18.0
2018-12-14,13.0
2018-12-17,3.0
2018-12-18,3.0
2018-12-19,5.0
2018-12-20,3.0
2018-12-21,1.0
2018-12-24,2.0
2018-12-26,3.0
2018-12-27,2.0
2018-12-28,0.01
2018-12-31,3.0
2019-01-02,3.0
2019-01-03,9.0
2019-01-04,5.0
2019-01-07,5.0
2019-01-08,11.0
2019-01-09,9.0
2019-01-10,9.0
2019-01-11,14.0
2019-01-14,9.0
2019-01-15,11.0
2019-01-16,14.0
2019-01-17,11.0
2019-01-18,23.0
2019-01-22,14.0
2019-01-23,19.0
2019-01-24,23.0
2019-01-25,41.0
2019-01-28,25.0
2019-01-29,42.0
2019-01-30,52.0
2019-01-31,73.0
2019-02-01,72.0
2019-02-04,48.0
2019-02-05,66.0
2019-02-06,44.0
2019-02-07,46.0
2019-02-08,53.0
2019-02-11,70.0
2019-02-12,75.0
2019-02-13,59.0
2019-02-14,48.0
2019-02-15,83.0
2019-02-19,91.0
2019-02-20,75.0
2019-02-21,72.0
2019-02-22,121.0
2019-02-25,113.0
2019-02-26,49.0
2019-02-27,58.0
2019-02-28,76.0
2019-03-01,82.0
2019-03-04,86.0
2019-03-05,48.0
2019-03-06,28.0
2019-03-07,31.0
2019-03-08,20.0
2019-03-11,72.0
2019-03-12,97.0
2019-03-13,107.0
2019-03-14,71.0
2019-03-15,98.0
2019-03-18,71.0
2019-03-19,83.0
2019-03-20,59.0
2019-03-21,115.0
2019-03-22,86.0
2019-03-25,26.0
2019-03-26,84.0
2019-03-27,65.0
2019-03-28,53.0
2019-03-29,81.0
2019-04-01,101.0
2019-04-02,81.0
2019-04-03,108.0
2019-04-04,48.0
2019-04-05,65.0
2019-04-08,53.0
2019-04-09,31.0
2019-04-10,68.0
2019-04-11,77.0
2019-04-12,118.0
2019-04-15,110.0
2019-04-16,92.0
2019-04-17,61.0
2019-04-18,57.0
2019-04-22,42.0
2019-04-23,105.0
2019-04-24,102.0
2019-04-25,55.0
2019-04-26,87.0
2019-04-29,91.0
2019-04-30,107.0
2019-05-01,124.0
2019-05-02,47.0
2019-05-03,97.0
2019-05-06,64.0
2019-05-07,26.0
2019-05-08,27.0
2019-05-09,24.0
2019-05-10,44.0
2019-05-13,25.0
2019-05-14,41.0
2019-05-15,61.0
2019-05-16,102.0
2019-05-17,56.0
2019-05-20,44.0
2019-05-21,69.0
2019-05-22,56.0
2019-05-23,43.0
2019-05-24,73.0
2019-05-28,64.0
2019-05-29,10.0
2019-05-30,15.0
2019-05-31,21.0
2019-06-03,43.0
2019-06-04,58.0
2019-06-05,121.0
2019-06-06,141.0
2019-06-07,190.0
2019-06-10,103.0
2019-06-11,64.0
2019-06-12,58.0
2019-06-13,72.0
2019-06-14,77.0
2019-06-17,80.0
2019-06-18,123.0
2019-06-19,99.0
2019-06-20,208.0
2019-06-21,77.0
2019-06-24,77.0
2019-06-25,57.0
2019-06-26,18.0
2019-06-27,26.0
2019-06-28,75.0
2019-07-01,134.0
2019-07-02,87.0
2019-07-03,152.0
2019-07-05,77.0
2019-07-08,79.0
2019-07-09,72.0
2019-07-10,153.0
2019-07-11,92.0
2019-07-12,106.0
2019-07-15,112.0
2019-07-16,81.0
2019-07-17,59.0
2019-07-18,71.0
2019-07-19,83.0
2019-07-22,26.0
2019-07-23,43.0
2019-07-24,72.0
2019-07-25,75.0
2019-07-26,110.0
2019-07-29,103.0
2019-07-30,84.0
2019-07-31,112.0
2019-08-01,83.0
2019-08-02,31.0
2019-08-05,25.0
2019-08-06,30.0
2019-08-07,62.0
2019-08-08,122.0
2019-08-09,99.0
2019-08-12,59.0
2019-08-13,63.0
2019-08-14,17.0
2019-08-15,38.0
2019-08-16,77.0
2019-08-19,122.0
2019-08-20,77.0
2019-08-21,81.0
2019-08-22,91.0
2019-08-23,82.0
2019-08-26,21.0
2019-08-27,74.0
2019-08-28,28.0
2019-08-29,70.0
2019-08-30,86.0
2019-09-03,91.0
2019-09-04,130.0
2019-09-05,104.0
2019-09-06,74.0
2019-09-09,68.0
2019-09-10,47.0
2019-09-11,74.0
2019-09-12,93.0
2019-09-13,75.0
2019-09-16,38.0
2019-09-17,42.0
2019-09-18,54.0
2019-09-19,64.0
2019-09-20,50.0
2019-09-23,53.0
2019-09-24,64.0
2019-09-25,38.0
2019-09-26,86.0
2019-09-27,39.0
2019-09-30,49.0
2019-10-01,37.0
2019-10-02,9.0
2019-10-03,24.0
2019-10-04,44.0
2019-10-07,46.0
2019-10-08,31.0
2019-10-09,43.0
2019-10-10,25.0
2019-10-11,62.0
2019-10-14,23.0
2019-10-15,42.0
2019-10-16,54.0
2019-10-17,96.0
2019-10-18,81.0
2019-10-21,129.0
2019-10-22,122.0
2019-10-23,87.0
2019-10-24,95.0
2019-10-25,80.0
2019-10-28,105.0
2019-10-29,107.0
2019-10-30,97.0
2019-10-31,93.0
2019-11-01,115.0
2019-11-04,140.0
2019-11-05,122.0
2019-11-06,62.0
2019-11-07,122.0
2019-11-08,71.0
2019-11-11,61.0
2019-11-12,78.0
2019-11-13,52.0
2019-11-14,67.0
2019-11-15,80.0
2019-11-18,75.0
2019-11-19,89.0
2019-11-20,72.0
2019-11-21,35.0
2019-11-22,36.0
2019-11-25,90.0
2019-11-26,101.0
2019-11-27,124.0
2019-11-29,71.0
2019-12-02,35.0
2019-12-03,20.0
2019-12-04,50.0
2019-12-05,47.0
2019-12-06,112.0
2019-12-09,70.0
2019-12-10,66.0
2019-12-11,77.0
2019-12-12,159.0
2019-12-13,132.0
2019-12-16,152.0
2019-12-17,110.0
2019-12-18,108.0
2019-12-19,102.0
2019-12-20,176.0
2019-12-23,111.0
2019-12-24,73.0
2019-12-26,105.0
2019-12-27,113.0
2019-12-30,61.0
2019-12-31,51.0
2020-01-02,113.0
2020-01-03,64.0
2020-01-06,65.0
2020-01-07,75.0
2020-01-08,115.0
2020-01-09,134.0
2020-01-10,103.0
2020-01-13,127.0
2020-01-14,130.0
2020-01-15,150.0
2020-01-16,182.0
2020-01-17,226.0
2020-01-21,155.0
2020-01-22,193.0
2020-01-23,121.0
2020-01-24,134.0
2020-01-27,45.0
2020-01-28,79.0
2020-01-29,114.0
2020-01-30,98.0
2020-01-31,63.0
2020-02-03,54.0
2020-02-04,145.0
2020-02-05,142.0
2020-02-06,148.0
2020-02-07,80.0
2020-02-10,95.0
2020-02-11,177.0
2020-02-12,160.0
2020-02-13,161.0
2020-02-14,180.0
2020-02-18,166.0
2020-02-19,160.0
2020-02-20,150.0
2020-02-21,103.0
2020-02-24,35.0
2020-02-25,15.0
2020-02-26,7.0
2020-02-27,4.0
2020-02-28,3.0
2020-03-02,3.0
2020-03-03,7.0
2020-03-04,18.0
2020-03-05,16.0
2020-03-06,12.0
2020-03-09,7.0
2020-03-10,8.0
2020-03-11,2.0
2020-03-12,0.01
2020-03-13,2.0
2020-03-16,0.01
2020-03-17,7.0
2020-03-18,10.0
2020-03-19,5.0
2020-03-20,1.0
2020-03-23,2.0
2020-03-24,1.0
2020-03-25,0.01
2020-03-26,0.01
2020-03-27,1.0
2020-03-30,2.0
2020-03-31,2.0
2020-04-01,0.01
2020-04-02,1.0
2020-04-03,2.0
2020-04-06,4.0
2020-04-07,6.0
2020-04-08,4.0
2020-04-09,8.0
2020-04-13,7.0
2020-04-14,16.0
2020-04-15,6.0
2020-04-16,16.0
2020-04-17,14.0
2020-04-20,16.0
2020-04-21,8.0
2020-04-22,12.0
2020-04-23,21.0
2020-04-24,12.0
2020-04-27,24.0
2020-04-28,26.0
2020-04-29,17.0
2020-04-30,11.0
2020-05-01,3.0
2020-05-04,6.0
2020-05-05,16.0
2020-05-06,17.0
2020-05-07,20.0
2020-05-08,22.0
2020-05-11,24.0
2020-05-12,21.0
2020-05-13,12.0
2020-05-14,11.0
2020-05-15,22.0
2020-05-18,36.0
2020-05-19,19.0
2020-05-20,20.0
2020-05-21,16.0
2020-05-22,13.0
2020-05-26,26.0
2020-05-27,13.0
2020-05-28,29.0
2020-05-29,19.0
2020-06-01,30.0
2020-06-02,35.0
2020-06-03,46.0
2020-06-04,24.0
2020-06-05,46.0
2020-06-08,31.0
2020-06-09,13.0
2020-06-10,19.0
2020-06-11,3.0
2020-06-12,6.0
2020-06-15,13.0
2020-06-16,27.0
2020-06-17,26.0
2020-06-18,23.0
2020-06-19,42.0
2020-06-22,36.0
2020-06-23,38.0
2020-06-24,10.0
2020-06-25,14.0
2020-06-26,22.0
2020-06-29,15.0
2020-06-30,27.0
2020-07-01,27.0
2020-07-02,53.0
2020-07-06,58.0
2020-07-07,41.0
2020-07-08,59.0
2020-07-09,66.0
2020-07-10,37.0
2020-07-13,66.0
2020-07-14,20.0
2020-07-15,69.0
2020-07-16,43.0
2020-07-17,59.0
2020-07-20,84.0
2020-07-21,101.0
2020-07-22,85.0
2020-07-23,99.0
2020-07-24,21.0
2020-07-27,80.0
2020-07-28,57.0
2020-07-29,86.0
2020-07-30,57.0
2020-07-31,53.0
2020-08-03,94.0
2020-08-04,70.0
2020-08-05,112.0
2020-08-06,77.0
2020-08-07,73.0
2020-08-10,82.0
2020-08-11,73.0
2020-08-12,54.0
2020-08-13,35.0
2020-08-14,29.0
2020-08-17,58.0
2020-08-18,57.0
2020-08-19,44.0
2020-08-20,25.0
2020-08-21,44.0
2020-08-24,61.0
2020-08-25,46.0
2020-08-26,51.0
2020-08-27,55.0
2020-08-28,36.0
2020-08-31,44.0
2020-09-01,72.0
2020-09-02,117.0
2020-09-03,27.0
2020-09-04,9.0
2020-09-08,5.0
2020-09-09,17.0
2020-09-10,26.0
2020-09-11,14.0
2020-09-14,35.0
2020-09-15,59.0
2020-09-16,57.0
2020-09-17,25.0
2020-09-18,36.0
2020-09-21,4.0
2020-09-22,19.0
2020-09-23,17.0
2020-09-24,1.0
2020-09-25,6.0
2020-09-28,20.0
2020-09-29,27.0
2020-09-30,40.0
2020-10-01,51.0
2020-10-02,46.0
2020-10-05,83.0
2020-10-06,99.0
2020-10-07,96.0
2020-10-08,119.0
2020-10-09,138.0
2020-10-12,131.0
2020-10-13,64.0
2020-10-14,53.0
2020-10-15,48.0
2020-10-16,89.0
2020-10-19,57.0
2020-10-20,47.0
2020-10-21,44.0
2020-10-22,38.0
2020-10-23,53.0
2020-10-26,11.0
2020-10-27,20.0
2020-10-28,10.0
2020-10-29,15.0
2020-10-30,15.0
2020-11-02,18.0
2020-11-03,49.0
2020-11-04,65.0
2020-11-05,111.0
2020-11-06,93.0
2020-11-09,234.0
2020-11-10,39.0
2020-11-11,28.0
2020-11-12,13.0
2020-11-13,29.0
2020-11-16,95.0
2020-11-17,70.0
2020-11-18,93.0
2020-11-19,28.0
2020-11-20,37.0
2020-11-23,98.0
2020-11-24,177.0
2020-11-25,59.0
2020-11-27,70.0
2020-11-30,46.0
2020-12-01,76.0
2020-12-02,46.0
2020-12-03,91.0
2020-12-04,156.0
2020-12-07,110.0
2020-12-08,118.0
2020-12-09,169.0
2020-12-10,85.0
2020-12-11,75.0
2020-12-14,109.0
2020-12-15,94.0
2020-12-16,117.0
2020-12-17,141.0
2020-12-18,175.0
2020-12-21,65.0
2020-12-22,120.0
2020-12-23,132.0
2020-12-24,54.0
2020-12-28,113.0
2020-12-29,42.0
2020-12-30,59.0
2020-12-31,56.0
2021-01-04,108.0
2021-01-05,89.0
2021-01-06,306.0
2021-01-07,305.0
2021-01-08,219.0
2021-01-11,115.0
2021-01-12,219.0
2021-01-13,124.0
2021-01-14,188.0
2021-01-15,57.0
2021-01-19,113.0
2021-01-20,141.0
2021-01-21,110.0
2021-01-22,66.0
2021-01-25,134.0
2021-01-26,81.0
2021-01-27,81.0
2021-01-28,33.0
2021-01-29,27.0
2021-02-01,39.0
2021-02-02,63.0
2021-02-03,60.0
2021-02-04,103.0
2021-02-05,157.0
2021-02-08,216.0
2021-02-09,186.0
2021-02-10,188.0
2021-02-11,149.0
2021-02-12,161.0
2021-02-16,244.0
2021-02-17,82.0
2021-02-18,55.0
2021-02-19,140.0
2021-02-22,228.0
2021-02-23,149.0
2021-02-24,282.0
2021-02-25,194.0
2021-02-26,35.0
2021-03-01,131.0
2021-03-02,94.0
2021-03-03,179.0
2021-03-04,102.0
2021-03-05,138.0
2021-03-08,289.0
2021-03-09,160.0
2021-03-10,216.0
2021-03-11,281.0
2021-03-12,297.0
2021-03-15,240.0
2021-03-16,112.0
2021-03-17,124.0
2021-03-18,242.0
2021-03-19,50.0
2021-03-22,47.0
2021-03-23,21.0
2021-03-24,21.0
2021-03-25,28.0
2021-03-26,106.0
2021-03-29,127.0
2021-03-30,45.0
2021-03-31,76.0
2021-04-01,63.0
2021-04-05,162.0
2021-04-06,161.0
2021-04-07,88.0
2021-04-08,95.0
2021-04-09,123.0
2021-04-12,178.0
2021-04-13,118.0
2021-04-14,165.0
2021-04-15,190.0
2021-04-16,306.0
2021-04-19,174.0
2021-04-20,126.0
2021-04-21,161.0
2021-04-22,187.0
2021-04-23,217.0
2021-04-26,288.0
2021-04-27,170.0
2021-04-28,229.0
2021-04-29,335.0
2021-04-30,126.0
2021-05-03,246.0
2021-05-04,208.0
2021-05-05,236.0
2021-05-06,279.0
2021-05-07,384.0
2021-05-10,531.0
2021-05-11,41.0
2021-05-12,47.0
2021-05-13,34.0
2021-05-14,104.0
2021-05-17,137.0
2021-05-18,174.0
2021-05-19,24.0
2021-05-20,64.0
2021-05-21,99.0
2021-05-24,114.0
2021-05-25,107.0
2021-05-26,63.0
2021-05-27,136.0
2021-05-28,117.0
2021-06-01,286.0
2021-06-02,242.0
2021-06-03,119.0
2021-06-04,172.0
2021-06-07,240.0
2021-06-08,250.0
2021-06-09,194.0
2021-06-10,180.0
2021-06-11,122.0
2021-06-14,152.0
2021-06-15,97.0
2021-06-16,101.0
2021-06-17,65.0
2021-06-18,27.0
2021-06-21,49.0
2021-06-22,65.0
2021-06-23,82.0
2021-06-24,99.0
2021-06-25,130.0
2021-06-28,52.0
2021-06-29,50.0
2021-06-30,44.0
2021-07-01,86.0
2021-07-02,77.0
2021-07-06,68.0
2021-07-07,86.0
2021-07-08,25.0
2021-07-09,75.0
2021-07-12,103.0
2021-07-13,49.0
2021-07-14,59.0
2021-07-15,44.0
2021-07-16,78.0
2021-07-19,10.0
2021-07-20,74.0
2021-07-21,90.0
2021-07-22,55.0
2021-07-23,110.0
2021-07-26,89.0
2021-07-27,67.0
2021-07-28,76.0
2021-07-29,154.0
2021-07-30,124.0
2021-08-02,138.0
2021-08-03,95.0
2021-08-04,103.0
2021-08-05,103.0
2021-08-06,122.0
2021-08-09,54.0
2021-08-10,103.0
2021-08-11,121.0
2021-08-12,107.0
2021-08-13,105.0
2021-08-16,101.0
2021-08-17,58.0
2021-08-18,48.0
2021-08-19,31.0
2021-08-20,61.0
2021-08-23,76.0
2021-08-24,65.0
2021-08-25,94.0
2021-08-26,60.0
2021-08-27,117.0
2021-08-30,140.0
2021-08-31,100.0
2021-09-01,121.0
2021-09-02,178.0
2021-09-03,125.0
2021-09-07,82.0
2021-09-08,65.0
2021-09-09,51.0
2021-09-10,52.0
2021-09-13,44.0
2021-09-14,34.0
2021-09-15,41.0
2021-09-16,47.0
2021-09-17,43.0
2021-09-20,5.0
2021-09-21,15.0
2021-09-22,35.0
2021-09-23,66.0
2021-09-24,60.0
2021-09-27,102.0
2021-09-28,70.0
2021-09-29,37.0
2021-09-30,35.0
2021-10-01,75.0
2021-10-04,95.0
2021-10-05,96.0
2021-10-06,25.0
2021-10-07,99.0
2021-10-08,103.0
2021-10-11,130.0
2021-10-12,64.0
2021-10-13,47.0
2021-10-14,120.0
2021-10-15,169.0
2021-10-18,103.0
2021-10-19,103.0
2021-10-20,144.0
2021-10-21,138.0
2021-10-22,165.0
2021-10-25,166.0
2021-10-26,144.0
2021-10-27,58.0
2021-10-28,96.0
2021-10-29,107.0
2021-11-01,148.0
2021-11-02,144.0
2021-11-03,183.0
2021-11-04,178.0
2021-11-05,224.0
2021-11-08,193.0
2021-11-09,111.0
2021-11-10,97.0
2021-11-11,72.0
2021-11-12,97.0
2021-11-15,106.0
2021-11-16,113.0
2021-11-17,64.0
2021-11-18,79.0
2021-11-19,72.0
2021-11-22,100.0
2021-11-23,43.0
2021-11-24,51.0
2021-11-26,11.0
2021-11-29,20.0
2021-11-30,13.0
2021-12-01,23.0
2021-12-02,9.0
2021-12-03,18.0
2021-12-06,43.0
2021-12-07,73.0
2021-12-08,63.0
2021-12-09,33.0
2021-12-10,44.0
2021-12-13,74.0
2021-12-14,23.0
2021-12-15,57.0
2021-12-16,91.0
2021-12-17,34.0
2021-12-20,6.0
2021-12-21,30.0
2021-12-22,44.0
2021-12-23,74.0
2021-12-27,108.0
2021-12-28,143.0
2021-12-29,137.0
2021-12-30,131.0
2021-12-31,87.0
2022-01-03,65.0
2022-01-04,119.0
2022-01-05,114.0
2022-01-06,62.0
2022-01-07,90.0
2022-01-10,85.0
2022-01-11,77.0
2022-01-12,102.0
2022-01-13,112.0
2022-01-14,81.0
2022-01-18,83.0
2022-01-19,36.0
2022-01-20,21.0
2022-01-21,4.0
2022-01-24,4.0
2022-01-25,13.0
2022-01-26,33.0
2022-01-27,31.0
2022-01-28,8.0
2022-01-31,18.0
2022-02-01,43.0
2022-02-02,60.0
2022-02-03,47.0
2022-02-04,53.0
2022-02-07,43.0
2022-02-08,56.0
2022-02-09,81.0
2022-02-10,77.0
2022-02-11,55.0
2022-02-14,19.0
2022-02-15,28.0
2022-02-16,58.0
2022-02-17,18.0
2022-02-18,19.0
2022-02-22,28.0
2022-02-23,20.0
2022-02-24,19.0
2022-02-25,43.0
2022-02-28,65.0
2022-03-01,90.0
2022-03-02,110.0
2022-03-03,89.0
2022-03-04,116.0
2022-03-07,158.0
2022-03-08,89.0
2022-03-09,13.0
2022-03-10,33.0
2022-03-11,50.0
2022-03-14,25.0
2022-03-15,21.0
2022-03-16,31.0
2022-03-17,39.0
2022-03-18,48.0
2022-03-21,100.0
2022-03-22,72.0
2022-03-23,70.0
2022-03-24,75.0
2022-03-25,142.0
2022-03-28,59.0
2022-03-29,100.0
2022-03-30,88.0
2022-03-31,87.0
2022-04-01,79.0
2022-04-04,68.0
2022-04-05,91.0
2022-04-06,62.0
2022-04-07,55.0
2022-04-08,101.0
2022-04-11,63.0
2022-04-12,77.0
2022-04-13,90.0
2022-04-14,123.0
2022-04-18,132.0
2022-04-19,81.0
2022-04-20,139.0
2022-04-21,140.0
2022-04-22,14.0
2022-04-25,7.0
2022-04-26,4.0
2022-04-27,13.0
2022-04-28,17.0
2022-04-29,16.0
2022-05-02,9.0
2022-05-03,19.0
2022-05-04,49.0
2022-05-05,46.0
2022-05-06,21.0
2022-05-09,13.0
2022-05-10,7.0
2022-05-11,8.0
2022-05-12,3.0
2022-05-13,10.0
2022-05-16,30.0
2022-05-17,46.0
2022-05-18,24.0
2022-05-19,12.0
2022-05-20,15.0
2022-05-23,31.0
2022-05-24,24.0
2022-05-25,41.0
2022-05-26,80.0
2022-05-27,80.0
2022-05-31,96.0
2022-06-01,48.0
2022-06-02,57.0
2022-06-03,45.0
2022-06-06,68.0
2022-06-07,90.0
2022-06-08,78.0
2022-06-09,13.0
2022-06-10,5.0
2022-06-13,4.0
2022-06-14,5.0
2022-06-15,7.0
2022-06-16,3.0
2022-06-17,3.0
2022-06-21,9.0
2022-06-22,6.0
2022-06-23,7.0
2022-06-24,10.0
2022-06-27,14.0
2022-06-28,9.0
2022-06-29,4.0
2022-06-30,12.0
2022-07-01,14.0
2022-07-05,6.0
2022-07-06,13.0
2022-07-07,14.0
2022-07-08,11.0
2022-07-11,9.0
2022-07-12,12.0
2022-07-13,6.0
2022-07-14,6.0
2022-07-15,12.0
2022-07-18,17.0
2022-07-19,16.0
2022-07-20,16.0
2022-07-21,16.0
2022-07-22,24.0
2022-07-25,27.0
2022-07-26,23.0
2022-07-27,35.0
2022-07-28,55.0
2022-07-29,48.0
2022-08-01,41.0
2022-08-02,26.0
2022-08-03,34.0
2022-08-04,29.0
2022-08-05,34.0
2022-08-08,38.0
2022-08-09,30.0
2022-08-10,59.0
2022-08-11,63.0
2022-08-12,58.0
2022-08-15,53.0
2022-08-16,56.0
2022-08-17,31.0
2022-08-18,48.0
2022-08-19,24.0
2022-08-22,15.0
2022-08-23,22.0
2022-08-24,26.0
2022-08-25,29.0
2022-08-26,22.0
2022-08-29,17.0
2022-08-30,6.0
2022-08-31,10.0
2022-09-01,7.0
2022-09-02,9.0
2022-09-06,13.0
2022-09-07,12.0
2022-09-08,20.0
2022-09-09,28.0
2022-09-12,33.0
2022-09-13,13.0
2022-09-14,27.0
2022-09-15,12.0
2022-09-16,6.0
2022-09-19,12.0
2022-09-20,13.0
2022-09-21,15.0
2022-09-22,9.0
2022-09-23,6.0
2022-09-26,3.0
2022-09-27,7.0
2022-09-28,6.0
2022-09-29,6.0
2022-09-30,3.0
2022-10-03,8.0
2022-10-04,14.0
2022-10-05,15.0
2022-10-06,16.0
2022-10-07,8.0
2022-10-10,9.0
2022-10-11,7.0
2022-10-12,5.0
2022-10-13,18.0
2022-10-14,19.0
2022-10-17,20.0
2022-10-18,22.0
2022-10-19,19.0
2022-10-20,20.0
2022-10-21,29.0
2022-10-24,48.0
2022-10-25,48.0
2022-10-26,59.0
2022-10-27,45.0
2022-10-28,35.0
2022-10-31,69.0
2022-11-01,77.0
2022-11-02,52.0
2022-11-03,35.0
2022-11-04,68.0
2022-11-07,59.0
2022-11-08,67.0
2022-11-09,25.0
2022-11-10,58.0
2022-11-11,61.0
2022-11-14,39.0
2022-11-15,45.0
2022-11-16,29.0
2022-11-17,20.0
2022-11-18,50.0
2022-11-21,30.0
2022-11-22,55.0
2022-11-23,52.0
2022-11-25,46.0
2022-11-28,24.0
2022-11-29,30.0
2022-11-30,57.0
2022-12-01,75.0
2022-12-02,51.0
2022-12-05,28.0
2022-12-06,10.0
2022-12-07,14.0
2022-12-08,25.0
2022-12-09,22.0
2022-12-12,10.0
2022-12-13,53.0
2022-12-14,28.0
2022-12-15,16.0
2022-12-16,13.0
2022-12-19,13.0
2022-12-20,16.0
2022-12-21,31.0
2022-12-22,21.0
2022-12-23,24.0
2022-12-27,36.0
2022-12-28,26.0
2022-12-29,24.0
2022-12-30,23.0
2023-01-03,29.0
2023-01-04,29.0
2023-01-05,26.0
2023-01-06,52.0
2023-01-09,55.0
2023-01-10,28.0
2023-01-11,50.0
2023-01-12,71.0
2023-01-13,68.0
2023-01-17,79.0
2023-01-18,59.0
2023-01-19,8.0
2023-01-20,20.0
2023-01-23,45.0
2023-01-24,62.0
2023-01-25,41.0
2023-01-26,65.0
2023-01-27,61.0
2023-01-30,27.0
2023-01-31,55.0
2023-02-01,115.0
2023-02-02,134.0
2023-02-03,86.0
2023-02-06,33.0
2023-02-07,58.0
2023-02-08,44.0
2023-02-09,57.0
2023-02-10,26.0
2023-02-13,49.0
2023-02-14,65.0
2023-02-15,60.0
2023-02-16,64.0
2023-02-17,42.0
2023-02-21,22.0
2023-02-22,18.0
2023-02-23,32.0
2023-02-24,26.0
2023-02-27,48.0
2023-02-28,47.0
2023-03-01,57.0
2023-03-02,57.0
2023-03-03,99.0
2023-03-06,62.0
2023-03-07,25.0
2023-03-08,23.0
2023-03-09,31.0
2023-03-10,10.0
2023-03-13,6.0
2023-03-14,9.0
2023-03-15,4.0
2023-03-16,10.0
2023-03-17,9.0
2023-03-20,8.0
2023-03-21,12.0
2023-03-22,16.0
2023-03-23,17.0
2023-03-24,10.0
2023-03-27,21.0
2023-03-28,24.0
2023-03-29,31.0
2023-03-30,33.0
2023-03-31,55.0
2023-04-03,50.0
2023-04-04,36.0
2023-04-05,23.0
2023-04-06,22.0
2023-04-10,21.0
2023-04-11,36.0
2023-04-12,48.0
2023-04-13,48.0
2023-04-14,35.0
2023-04-17,45.0
2023-04-18,56.0
2023-04-19,42.0
2023-04-20,64.0
2023-04-21,45.0
2023-04-24,40.0
2023-04-25,30.0
2023-04-26,16.0
2023-04-27,33.0
2023-04-28,55.0
2023-05-01,69.0
2023-05-02,30.0
2023-05-03,68.0
2023-05-04,25.0
2023-05-05,33.0
2023-05-08,40.0
2023-05-09,41.0
2023-05-10,43.0
2023-05-11,30.0
2023-05-12,36.0
2023-05-15,33.0
2023-05-16,30.0
2023-05-17,38.0
2023-05-18,66.0
2023-05-19,63.0
2023-05-22,38.0
2023-05-23,16.0
2023-05-24,8.0
2023-05-25,25.0
2023-05-26,35.0
2023-05-30,41.0
2023-05-31,15.0
2023-06-01,23.0
2023-06-02,72.0
2023-06-05,33.0
2023-06-06,90.0
2023-06-07,138.0
2023-06-08,69.0
2023-06-09,56.0
2023-06-12,78.0
2023-06-13,116.0
2023-06-14,95.0
2023-06-15,86.0
2023-06-16,131.0
2023-06-20,59.0
2023-06-21,78.0
2023-06-22,43.0
2023-06-23,42.0
2023-06-26,50.0
2023-06-27,97.0
2023-06-28,100.0
2023-06-29,135.0
2023-06-30,191.0
2023-07-03,74.0
2023-07-05,40.0
2023-07-06,15.0
2023-07-07,41.0
2023-07-10,68.0
2023-07-11,128.0
2023-07-12,193.0
2023-07-13,147.0
2023-07-14,91.0
2023-07-17,127.0
2023-07-18,177.0
2023-07-19,134.0
2023-07-20,96.0
2023-07-21,82.0
2023-07-24,87.0
2023-07-25,111.0
2023-07-26,100.0
2023-07-27,135.0
2023-07-28,96.0
2023-07-31,121.0
2023-08-01,90.0
2023-08-02,48.0
2023-08-03,69.0
2023-08-04,99.0
2023-08-07,84.0
2023-08-08,53.0
2023-08-09,63.0
2023-08-10,55.0
2023-08-11,29.0
2023-08-14,31.0
2023-08-15,25.0
2023-08-16,26.0
2023-08-17,12.0
2023-08-18,12.0
2023-08-21,19.0
2023-08-22,23.0
2023-08-23,26.0
2023-08-24,21.0
2023-08-25,19.0
2023-08-28,36.0
2023-08-29,56.0
2023-08-30,80.0
2023-08-31,54.0
2023-09-01,92.0
2023-09-05,40.0
2023-09-06,26.0
2023-09-07,29.0
2023-09-08,37.0
2023-09-11,49.0
2023-09-12,49.0
2023-09-13,38.0
2023-09-14,50.0
2023-09-15,34.0
2023-09-18,28.0
2023-09-19,37.0
2023-09-20,33.0
2023-09-21,12.0
2023-09-22,13.0
2023-09-25,16.0
2023-09-26,9.0
2023-09-27,25.0
2023-09-28,36.0
2023-09-29,24.0
2023-10-02,11.0
2023-10-03,6.0
2023-10-04,7.0
2023-10-05,10.0
2023-10-06,22.0
2023-10-09,25.0
2023-10-10,41.0
2023-10-11,31.0
2023-10-12,33.0
2023-10-13,26.0
2023-10-16,35.0
2023-10-17,49.0
2023-10-18,26.0
2023-10-19,14.0
2023-10-20,4.0
2023-10-23,5.0
2023-10-24,3.0
2023-10-25,6.0
2023-10-26,12.0
2023-10-27,17.0
2023-10-30,10.0
2023-10-31,10.0
2023-11-01,27.0
2023-11-02,52.0
2023-11-03,71.0
2023-11-06,28.0
2023-11-07,28.0
2023-11-08,31.0
2023-11-09,36.0
2023-11-10,38.0
2023-11-13,47.0
2023-11-14,104.0
2023-11-15,81.0
2023-11-16,38.0
2023-11-17,52.0
2023-11-20,73.0
2023-11-21,63.0
2023-11-22,72.0
2023-11-24,85.0
2023-11-27,92.0
2023-11-28,60.0
2023-11-29,76.0
2023-11-30,84.0
2023-12-01,145.0
2023-12-04,140.0
2023-12-05,72.0
2023-12-06,115.0
2023-12-07,40.0
2023-12-08,88.0
2023-12-11,106.0
2023-12-12,128.0
2023-12-13,208.0
2023-12-14,303.0
2023-12-15,144.0
2023-12-18,91.0
2023-12-19,185.0
2023-12-20,184.0
2023-12-21,72.0
2023-12-22,156.0
2023-12-26,174.0
2023-12-27,189.0
2023-12-28,96.0
2023-12-29,65.0
2024-01-02,31.0
2024-01-03,34.0
2024-01-04,48.0
2024-01-05,46.0
2024-01-08,43.0
2024-01-09,30.0
2024-01-10,51.0
2024-01-11,55.0
2024-01-12,83.0
2024-01-16,43.0
2024-01-17,33.0
2024-01-18,54.0
2024-01-19,95.0
2024-01-22,156.0
2024-01-23,74.0
2024-01-24,101.0
2024-01-25,75.0
2024-01-26,92.0
2024-01-29,97.0
2024-01-30,153.0
2024-01-31,121.0
2024-02-01,103.0
2024-02-02,129.0
2024-02-05,59.0
2024-02-06,71.0
2024-02-07,128.0
2024-02-08,120.0
2024-02-09,140.0
2024-02-12,180.0
2024-02-13,29.0
2024-02-14,76.0
2024-02-15,171.0
2024-02-16,162.0
2024-02-20,83.0
2024-02-21,64.0
2024-02-22,165.0
2024-02-23,196.0
2024-02-26,158.0
2024-02-27,142.0
2024-02-28,137.0
2024-02-29,155.0
2024-03-01,186.0
2024-03-04,221.0
2024-03-05,115.0
2024-03-06,140.0
2024-03-07,198.0
2024-03-08,182.0
2024-03-11,65.0
2024-03-12,96.0
2024-03-13,163.0
2024-03-14,93.0
2024-03-15,80.0
2024-03-18,104.0
2024-03-19,118.0
2024-03-20,207.0
2024-03-21,300.0
2024-03-22,151.0
2024-03-25,135.0
2024-03-26,101.0
2024-03-27,162.0
2024-03-28,247.0
2024-04-01,131.0
2024-04-02,82.0
2024-04-03,142.0
2024-04-04,182.0
2024-04-05,81.0
2024-04-08,100.0
2024-04-09,83.0
2024-04-10,23.0
2024-04-11,33.0
2024-04-12,49.0
2024-04-15,13.0
2024-04-16,6.0
2024-04-17,7.0
2024-04-18,7.0
2024-04-19,10.0
2024-04-22,23.0
2024-04-23,52.0
2024-04-24,50.0
2024-04-25,40.0
2024-04-26,75.0
2024-04-29,66.0
2024-04-30,53.0
2024-05-01,47.0
2024-05-02,74.0
2024-05-03,99.0
2024-05-06,133.0
2024-05-07,164.0
2024-05-08,109.0
2024-05-09,155.0
2024-05-10,181.0
2024-05-13,118.0
2024-05-14,121.0
2024-05-15,213.0
2024-05-16,144.0
2024-05-17,135.0
2024-05-20,165.0
2024-05-21,127.0
2024-05-22,79.0
2024-05-23,55.0
2024-05-24,67.0
2024-05-28,80.0
2024-05-29,28.0
2024-05-30,54.0
2024-05-31,82.0
2024-06-03,104.0
2024-06-04,31.0
2024-06-05,59.0
2024-06-06,50.0
2024-06-07,28.0
2024-06-10,39.0
2024-06-11,26.0
2024-06-12,78.0
2024-06-13,29.0
2024-06-14,14.0
2024-06-17,42.0
2024-06-18,61.0
2024-06-20,46.0
2024-06-21,29.0
2024-06-24,62.0
2024-06-25,39.0
2024-06-26,23.0
2024-06-27,36.0
2024-06-28,58.0
2024-07-01,47.0
2024-07-02,50.0
2024-07-03,55.0
2024-07-05,49.0
2024-07-08,56.0
2024-07-09,48.0
2024-07-10,62.0
2024-07-11,153.0
2024-07-12,187.0
2024-07-15,224.0
2024-07-16,313.0
2024-07-17,268.0
2024-07-18,208.0
2024-07-19,31.0
2024-07-22,72.0
2024-07-23,186.0
2024-07-24,107.0
2024-07-25,162.0
2024-07-26,179.0
2024-07-29,148.0
2024-07-30,184.0
2024-07-31,267.0
2024-08-01,131.0
2024-08-02,80.0
2024-08-05,20.0
2024-08-06,21.0
2024-08-07,34.0
2024-08-08,14.0
2024-08-09,26.0
2024-08-12,28.0
2024-08-13,38.0
2024-08-14,57.0
2024-08-15,85.0
2024-08-16,60.0
2024-08-19,88.0
2024-08-20,77.0
2024-08-21,83.0
2024-08-22,84.0
2024-08-23,190.0
2024-08-26,214.0
2024-08-27,87.0
2024-08-28,118.0
2024-08-29,134.0
2024-08-30,152.0
2024-09-03,127.0
2024-09-04,114.0
2024-09-05,103.0
2024-09-06,44.0
2024-09-09,53.0
2024-09-10,69.0
2024-09-11,34.0
2024-09-12,82.0
2024-09-13,157.0
2024-09-16,204.0
2024-09-17,171.0
2024-09-18,212.0
2024-09-19,189.0
2024-09-20,114.0
2024-09-23,144.0
2024-09-24,133.0
2024-09-25,92.0
2024-09-26,138.0
2024-09-27,105.0
2024-09-30,75.0
2024-10-01,82.0
2024-10-02,76.0
2024-10-03,60.0
2024-10-04,109.0
2024-10-07,80.0
2024-10-08,62.0
2024-10-09,100.0
2024-10-10,52.0
2024-10-11,139.0
2024-10-14,167.0
2024-10-15,220.0
2024-10-16,199.0
2024-10-17,200.0
2024-10-18,165.0
2024-10-21,108.0
2024-10-22,57.0
2024-10-23,53.0
2024-10-24,82.0
2024-10-25,81.0
2024-10-28,72.0
2024-10-29,51.0
2024-10-30,107.0
2024-10-31,63.0
2024-11-01,47.0
2024-11-04,53.0
2024-11-05,101.0
2024-11-06,400.0
2024-11-07,188.0
2024-11-08,200.0
2024-11-11,321.0
2024-11-12,146.0
2024-11-13,154.0
2024-11-14,82.0
2024-11-15,47.0
2024-11-18,78.0
2024-11-19,81.0
2024-11-20,92.0
2024-11-21,200.0
2024-11-22,244.0
2024-11-25,378.0
2024-11-26,123.0
2024-11-27,183.0
2024-11-29,106.0
2024-12-02,84.0
2024-12-03,81.0
2024-12-04,77.0
2024-12-05,105.0
2024-12-06,81.0
2024-12-09,78.0
2024-12-10,42.0
2024-12-11,76.0
2024-12-12,48.0
2024-12-13,25.0
2024-12-16,57.0
2024-12-17,37.0
2024-12-18,30.0
2024-12-19,9.0
2024-12-20,19.0
2024-12-23,17.0
2024-12-24,21.0
2024-12-26,30.0
2024-12-27,16.0
2024-12-30,14.0
2024-12-31,15.0
2025-01-02,21.0
2025-01-03,26.0
2025-01-06,46.0
2025-01-07,39.0
2025-01-08,15.0
2025-01-10,22.0
2025-01-13,11.0
2025-01-14,37.0
2025-01-15,68.0
2025-01-16,62.0
2025-01-17,80.0
2025-01-21,121.0
2025-01-22,104.0
2025-01-23,76.0
2025-01-24,78.0
2025-01-27,61.0
2025-01-28,99.0
2025-01-29,85.0
2025-01-30,124.0
2025-01-31,74.0
2025-02-03,33.0
2025-02-04,56.0
2025-02-05,81.0
2025-02-06,93.0
2025-02-07,75.0
2025-02-10,65.0
2025-02-11,56.0
2025-02-12,55.0
2025-02-13,86.0
2025-02-14,100.0
2025-02-18,91.0
2025-02-19,68.0
2025-02-20,49.0
2025-02-21,46.0
2025-02-24,36.0
2025-02-25,45.0
2025-02-26,36.0
2025-02-27,32.0
2025-02-28,53.0
2025-03-03,91.0
2025-03-04,37.0
2025-03-05,26.0
2025-03-06,23.0
2025-03-07,27.0
2025-03-10,35.0
2025-03-11,9.0
2025-03-12,3.0
2025-03-13,12.0
2025-03-14,22.0
2025-03-17,44.0
2025-03-18,42.0
2025-03-19,25.0
2025-03-20,30.0
2025-03-21,20.0
2025-03-24,17.0
2025-03-25,37.0
2025-03-26,36.0
2025-03-27,32.0
2025-03-28,33.0
2025-03-31,38.0
2025-04-01,28.0
2025-04-02,33.0
2025-04-03,51.0
2025-04-04,12.0
2025-04-07,1.0
2025-04-08,0.01
2025-04-09,7.0
2025-04-10,11.0
2025-04-11,18.0
2025-04-14,16.0
2025-04-15,24.0
2025-04-16,24.0
2025-04-17,13.0
2025-04-21,23.0
2025-04-22,19.0
2025-04-23,17.0
2025-04-24,15.0
2025-04-25,20.0
2025-04-28,21.0
2025-04-29,23.0
2025-04-30,25.0
2025-05-01,18.0
2025-05-02,47.0
2025-05-05,44.0
2025-05-06,30.0
2025-05-07,54.0
2025-05-08,59.0
2025-05-09,43.0
2025-05-12,73.0
2025-05-13,63.0
2025-05-14,40.0
2025-05-15,52.0
2025-05-16,75.0
2025-05-19,64.0
2025-05-20,66.0
2025-05-21,44.0
2025-05-22,21.0
2025-05-23,35.0
2025-05-27,77.0
2025-05-28,47.0
2025-05-29,46.0
2025-05-30,48.0
2025-06-02,66.0
2025-06-03,69.0
2025-06-04,64.0
2025-06-05,61.0
2025-06-06,65.0
2025-06-09,62.0
2025-06-10,40.0
2025-06-11,44.0
2025-06-12,56.0
2025-06-13,36.0
2025-06-16,66.0
2025-06-17,35.0
2025-06-18,47.0
2025-06-20,41.0
2025-06-23,45.0
2025-06-24,66.0
2025-06-25,45.0
2025-06-26,78.0
2025-06-27,90.0
2025-06-30,82.0
2025-07-01,90.0
2025-07-02,87.0
2025-07-03,141.0
2025-07-07,99.0
2025-07-08,73.0
2025-07-09,58.0
2025-07-10,93.0
2025-07-11,42.0
2025-07-14,68.0
2025-07-15,62.0
2025-07-16,38.0
2025-07-17,86.0
2025-07-18,85.0
2025-07-21,69.0
2025-07-22,63.0
2025-07-23,109.0
2025-07-24,84.0
2025-07-25,75.0
2025-07-28,60.0
2025-07-29,64.0
2025-07-30,65.0
2025-07-31,62.0
2025-08-01,25.0
2025-08-04,55.0
2025-08-05,70.0
2025-08-06,56.0
2025-08-07,76.0
2025-08-08,66.0
2025-08-11,58.0
2025-08-12,101.0
2025-08-13,144.0
2025-08-14,65.0
2025-08-15,45.0
2025-08-18,36.0
2025-08-19,41.0
2025-08-20,41.0
2025-08-21,28.0
2025-08-22,137.0
2025-08-25,72.0
2025-08-26,97.0
2025-08-27,92.0
2025-08-28,102.0
2025-08-29,73.0
2025-09-02,57.0
2025-09-03,72.0
2025-09-04,81.0
2025-09-05,147.0
2025-09-08,94.0
2025-09-09,68.0
2025-09-10,89.0
2025-09-11,153.0
2025-09-12,84.0
2025-09-15,109.0
2025-09-16,68.0
2025-09-17,102.0
2025-09-18,104.0
2025-09-19,107.0
2025-09-22,92.0
2025-09-23,157.0
2025-09-24,56.0
2025-09-25,28.0
2025-09-26,68.0
2025-09-29,93.0
2025-09-30,98.0
2025-10-01,109.0
2025-10-02,88.0
2025-10-03,104.0
2025-10-06,127.0
2025-10-07,76.0
2025-10-08,91.0
2025-10-09,73.0
2025-10-10,42.0
2025-10-13,48.0
2025-10-14,64.0
2025-10-15,105.0
2025-10-16,92.0
2025-10-17,20.0
2025-10-20,53.0
2025-10-21,45.0
2025-10-22,33.0
2025-10-23,61.0
2025-10-24,97.0
2025-10-27,87.0
2025-10-28,74.0
2025-10-29,107.0
2025-10-30,80.0
2025-10-31,41.0
2025-11-03,51.0
2025-11-04,30.0
2025-11-05,70.0
2025-11-06,76.0
2025-11-07,53.0
2025-11-10,115.0
2025-11-11,123.0
2025-11-12,118.0
2025-11-13,75.0
2025-11-14,37.0
2025-11-17,37.0
2025-11-18,34.0
2025-11-19,28.0
2025-11-20,39.0
2025-11-21,35.0
2025-11-24,39.0
2025-11-25,87.0
2025-11-26,103.0
2025-11-28,78.0
2025-12-01,67.0
2025-12-02,65.0
2025-12-03,93.0
2025-12-04,103.0
2025-12-05,93.0
2025-12-08,61.0
2025-12-09,71.0
2025-12-10,134.0
2025-12-11,187.0
2025-12-12,138.0
2025-12-15,91.0
2025-12-16,48.0
2025-12-17,51.0
2025-12-18,71.0
2025-12-19,78.0
2025-12-22,121.0
2025-12-23,97.0
2025-12-24,62.0
2025-12-26,63.0
2025-12-29,24.0
2025-12-30,27.0
2025-12-31,10.0
2026-01-02,53.0
2026-01-05,174.0
2026-01-06,177.0
2026-01-07,96.0
2026-01-08,138.0
2026-01-09,151.0
2026-01-12,154.0
2026-01-13,185.0
2026-01-14,172.0
2026-01-15,209.0
2026-01-16,150.0
2026-01-20,89.0
2026-01-21,205.0
2026-01-22,239.0
2026-01-23,133.0
2026-01-26,138.0
2026-01-27,151.0
2026-01-28,146.0
2026-01-29,187.0
2026-01-30,72.0
2026-02-02,128.0
2026-02-03,235.0
2026-02-04,268.0
2026-02-05,143.0
2026-02-06,280.0
2026-02-09,221.0
2026-02-10,213.0
2026-02-11,327.0
2026-02-12,286.0
2026-02-13,132.0
2026-02-17,139.0
2026-02-18,123.0
2026-02-19,96.0
2026-02-20,125.0
2026-02-23,120.0
2026-02-24,129.0
2026-02-25,155.0
2026-02-26,142.0
2026-02-27,146.0
2026-03-02,175.0
2026-03-03,60.0
2026-03-04,60.0
2026-03-05,39.0
2026-03-06,38.0
2026-03-09,38.0
2026-03-10,24.0
2026-03-11,29.0
2026-03-12,53.0
2026-03-13,34.0
2026-03-16,47.0
2026-03-17,65.0
2026-03-18,50.0
2026-03-19,61.0
2026-03-20,28.0
2026-03-23,24.0
2026-03-24,69.0
2026-03-25,49.0
2026-03-26,61.0
2026-03-27,64.0
2026-03-30,76.0
2026-03-31,46.0
2026-04-01,46.0
2026-04-02,44.0
2026-04-06,39.0
2026-04-07,41.0
2026-04-08,91.0
2026-04-09,120.0
2026-04-10,75.0
2026-04-13,69.0
2026-04-14,92.0
2026-04-15,47.0
2026-04-16,57.0
2026-04-17,152.0
2026-04-20,111.0
2026-04-21,128.0
2026-04-22,76.0
2026-04-23,103.0
2026-04-24,88.0
2026-04-27,89.0
2026-04-28,64.0
2026-04-29,65.0
2026-04-30,108.0
2026-05-01,125.0
2026-05-04,80.0
2026-05-05,152.0
2026-05-06,154.0
2026-05-07,89.0
2026-05-08,73.0
2026-05-11,88.0
2026-05-12,42.0
2026-05-13,68.0
2026-05-14,84.0
2026-05-15,33.0
2026-05-18,73.0
2026-05-19,52.0
2026-05-20,65.0
2026-05-21,56.0
2026-05-22,59.0
2026-05-26,110.0
2026-05-27,97.0
2026-05-28,66.0
2026-05-29,63.0
2026-06-01,72.0
2026-06-02,98.0
2026-06-03,66.0
2026-06-04,75.0
2026-06-05,66.0
2026-06-08,71.0
2026-06-09,116.0
2026-06-10,98.0
2026-06-11,114.0
2026-06-12,139.0
2026-06-15,115.0
2026-06-16,79.0
2026-06-17,92.0
2026-06-18,94.0
2026-06-22,96.0
2026-06-23,46.0
2026-06-24,101.0
2026-06-25,158.0
2026-06-26,138.0
2026-06-29,116.0
2026-06-30,100.0
2026-07-01,135.0
2026-07-02,130.0
2026-07-06,91.0
2026-07-07,103.0
2026-07-08,19.0
2026-07-09,39.0
2026-07-10,56.0
2026-07-13,61.0
2026-07-14,82.0
2026-07-15,83.0
2026-07-16,149.0
2026-07-17,134.0
2026-07-20,50.0
2026-07-21,44.0
2026-07-22,53.0
2026-07-23,39.0
2026-07-24,72.0
2026-07-27,92.0
2026-07-28,148.0
2026-07-29,106.0
2026-07-30,55.0
2026-07-31,36.0
2026-08-03,73.0
2026-08-04,99.0
2026-08-05,108.0
2026-08-06,90.0
2026-08-07,54.0
2026-08-10,51.0
2026-08-11,65.0
2026-08-12,58.0
2026-08-13,87.0
2026-08-14,58.0
2026-08-17,58.0
2026-08-18,47.0
2026-08-19,63.0
2026-08-20,49.0
2026-08-21,55.0
2026-08-24,49.0
2026-08-25,45.0
2026-08-26,33.0
2026-08-27,34.0
2026-08-28,34.0
2026-08-31,21.0
2026-09-01,31.0
2026-09-02,48.0
