date,close
2001-06-05,117.0
2001-06-06,85.0
2001-06-07,84.0
2001-06-08,90.0
2001-06-11,74.0
2001-06-12,84.0
2001-06-13,87.0
2001-06-14,79.0
2001-06-15,71.0
2001-06-18,68.0
2001-06-19,57.0
2001-06-20,71.0
2001-06-21,91.0
2001-06-22,89.0
2001-06-25,86.0
2001-06-26,105.0
2001-06-27,94.0
2001-06-28,99.0
2001-06-29,155.0
2001-07-02,88.0
2001-07-03,90.0
2001-07-05,87.0
2001-07-06,80.0
2001-07-09,83.0
2001-07-10,75.0
2001-07-11,71.0
2001-07-12,89.0
2001-07-13,95.0
2001-07-16,103.0
2001-07-17,105.0
2001-07-18,90.0
2001-07-19,121.0
2001-07-20,106.0
2001-07-23,102.0
2001-07-24,72.0
2001-07-25,78.0
2001-07-26,88.0
2001-07-27,96.0
2001-07-30,100.0
2001-07-31,103.0
2001-08-01,111.0
2001-08-02,103.0
2001-08-03,98.0
2001-08-06,93.0
2001-08-07,85.0
2001-08-08,78.0
2001-08-09,78.0
2001-08-10,89.0
2001-08-13,99.0
2001-08-14,95.0
2001-08-15,97.0
2001-08-16,92.0
2001-08-17,90.0
2001-08-20,92.0
2001-08-21,95.0
2001-08-22,71.0
2001-08-23,82.0
2001-08-24,60.0
2001-08-27,67.0
2001-08-28,56.0
2001-08-29,58.0
2001-08-30,65.0
2001-08-31,59.0
2001-09-04,60.0
2001-09-05,55.0
2001-09-06,58.0
2001-09-07,51.0
2001-09-10,39.0
2001-09-17,44.0
2001-09-18,41.0
2001-09-19,33.0
2001-09-20,34.0
2001-09-21,21.0
2001-09-24,39.0
2001-09-25,50.0
2001-09-26,30.0
2001-09-27,47.0
2001-09-28,49.0
2001-10-01,61.0
2001-10-02,56.0
2001-10-03,71.0
2001-10-04,54.0
2001-10-05,47.0
2001-10-08,69.0
2001-10-09,51.0
2001-10-10,44.0
2001-10-11,62.0
2001-10-12,56.0
2001-10-15,51.0
2001-10-16,56.0
2001-10-17,67.0
2001-10-18,54.0
2001-10-19,58.0
2001-10-22,67.0
2001-10-23,57.0
2001-10-24,62.0
2001-10-25,69.0
2001-10-26,77.0
2001-10-29,59.0
2001-10-30,57.0
2001-10-31,63.0
2001-11-01,62.0
2001-11-02,63.0
2001-11-05,69.0
2001-11-06,64.0
2001-11-07,67.0
2001-11-08,70.0
2001-11-09,68.0
2001-11-12,58.0
2001-11-13,71.0
2001-11-14,68.0
2001-11-15,71.0
2001-11-16,55.0
2001-11-19,62.0
2001-11-20,61.0
2001-11-21,55.0
2001-11-23,105.0
2001-11-26,75.0
2001-11-27,60.0
2001-11-28,55.0
2001-11-29,65.0
2001-11-30,73.0
2001-12-03,71.0
2001-12-04,87.0
2001-12-05,115.0
2001-12-06,98.0
2001-12-07,85.0
2001-12-10,82.0
2001-12-11,75.0
2001-12-12,60.0
2001-12-13,85.0
2001-12-14,64.0
2001-12-17,95.0
2001-12-18,102.0
2001-12-19,90.0
2001-12-20,77.0
2001-12-21,72.0
2001-12-24,89.0
2001-12-26,87.0
2001-12-27,92.0
2001-12-28,86.0
2001-12-31,89.0
2002-01-02,73.0
2002-01-03,82.0
2002-01-04,92.0
2002-01-07,95.0
2002-01-08,92.0
2002-01-09,103.0
2002-01-10,78.0
2002-01-11,86.0
2002-01-14,75.0
2002-01-15,76.0
2002-01-16,72.0
2002-01-17,81.0
2002-01-18,89.0
2002-01-22,90.0
2002-01-23,74.0
2002-01-24,92.0
2002-01-25,82.0
2002-01-28,100.0
2002-01-29,76.0
2002-01-30,81.0
2002-01-31,112.0
2002-02-01,105.0
2002-02-04,84.0
2002-02-05,75.0
2002-02-06,84.0
2002-02-07,69.0
2002-02-08,79.0
2002-02-11,76.0
2002-02-12,85.0
2002-02-13,88.0
2002-02-14,104.0
2002-02-15,73.0
2002-02-19,56.0
2002-02-20,71.0
2002-02-21,97.0
2002-02-22,84.0
2002-02-25,96.0
2002-02-26,99.0
2002-02-27,111.0
2002-02-28,104.0
2002-03-01,121.0
2002-03-04,127.0
2002-03-05,125.0
2002-03-06,118.0
2002-03-07,134.0
2002-03-08,125.0
2002-03-11,130.0
2002-03-12,115.0
2002-03-13,114.0
2002-03-14,114.0
2002-03-15,122.0
2002-03-18,153.0
2002-03-19,133.0
2002-03-20,110.0
2002-03-21,137.0
2002-03-22,132.0
2002-03-25,107.0
2002-03-26,121.0
2002-03-27,170.0
2002-03-28,163.0
2002-04-01,119.0
2002-04-02,114.0
2002-04-03,97.0
2002-04-04,113.0
2002-04-05,138.0
2002-04-08,148.0
2002-04-09,170.0
2002-04-10,186.0
2002-04-11,165.0
2002-04-12,171.0
2002-04-15,157.0
2002-04-16,194.0
2002-04-17,162.0
2002-04-18,163.0
2002-04-19,132.0
2002-04-22,126.0
2002-04-23,112.0
2002-04-24,118.0
2002-04-25,110.0
2002-04-26,109.0
2002-04-29,112.0
2002-04-30,135.0
2002-05-01,134.0
2002-05-02,160.0
2002-05-03,160.0
2002-05-06,153.0
2002-05-07,115.0
2002-05-08,130.0
2002-05-09,107.0
2002-05-10,95.0
2002-05-13,99.0
2002-05-14,141.0
2002-05-15,135.0
2002-05-16,117.0
2002-05-17,117.0
2002-05-20,100.0
2002-05-21,89.0
2002-05-22,79.0
2002-05-23,91.0
2002-05-24,101.0
2002-05-28,86.0
2002-05-29,94.0
2002-05-30,102.0
2002-05-31,112.0
2002-06-03,101.0
2002-06-04,82.0
2002-06-05,72.0
2002-06-06,79.0
2002-06-07,74.0
2002-06-10,88.0
2002-06-11,78.0
2002-06-12,78.0
2002-06-13,82.0
2002-06-14,67.0
2002-06-17,81.0
2002-06-18,88.0
2002-06-19,77.0
2002-06-20,76.0
2002-06-21,85.0
2002-06-24,73.0
2002-06-25,91.0
2002-06-26,85.0
2002-06-27,99.0
2002-06-28,134.0
2002-07-01,80.0
2002-07-02,67.0
2002-07-03,62.0
2002-07-05,100.0
2002-07-08,88.0
2002-07-09,56.0
2002-07-10,63.0
2002-07-11,56.0
2002-07-12,66.0
2002-07-15,60.0
2002-07-16,67.0
2002-07-17,68.0
2002-07-18,72.0
2002-07-19,65.0
2002-07-22,59.0
2002-07-23,54.0
2002-07-24,53.0
2002-07-25,57.0
2002-07-26,71.0
2002-07-29,62.0
2002-07-30,68.0
2002-07-31,72.0
2002-08-01,83.0
2002-08-02,67.0
2002-08-05,63.0
2002-08-06,62.0
2002-08-07,72.0
2002-08-08,71.0
2002-08-09,81.0
2002-08-12,77.0
2002-08-13,69.0
2002-08-14,73.0
2002-08-15,80.0
2002-08-16,81.0
2002-08-19,102.0
2002-08-20,82.0
2002-08-21,83.0
2002-08-22,89.0
2002-08-23,84.0
2002-08-26,91.0
2002-08-27,80.0
2002-08-28,83.0
2002-08-29,86.0
2002-08-30,86.0
2002-09-03,83.0
2002-09-04,86.0
2002-09-05,91.0
2002-09-06,85.0
2002-09-09,93.0
2002-09-10,87.0
2002-09-11,95.0
2002-09-12,85.0
2002-09-13,98.0
2002-09-16,87.0
2002-09-17,98.0
2002-09-18,86.0
2002-09-19,71.0
2002-09-20,84.0
2002-09-23,79.0
2002-09-24,76.0
2002-09-25,74.0
2002-09-26,93.0
2002-09-27,95.0
2002-09-30,81.0
2002-10-01,82.0
2002-10-02,84.0
2002-10-03,77.0
2002-10-04,81.0
2002-10-07,70.0
2002-10-08,70.0
2002-10-09,67.0
2002-10-10,66.0
2002-10-11,66.0
2002-10-14,84.0
2002-10-15,82.0
2002-10-16,59.0
2002-10-17,75.0
2002-10-18,88.0
2002-10-21,89.0
2002-10-22,91.0
2002-10-23,87.0
2002-10-24,94.0
2002-10-25,467.0
2002-10-28,103.0
2002-10-29,93.0
2002-10-30,110.0
2002-10-31,478.0
2002-11-01,117.0
2002-11-04,123.0
2002-11-05,107.0
2002-11-06,109.0
2002-11-07,106.0
2002-11-08,99.0
2002-11-11,88.0
2002-11-12,92.0
2002-11-13,93.0
2002-11-14,99.0
2002-11-15,100.0
2002-11-18,108.0
2002-11-19,93.0
2002-11-20,85.0
2002-11-21,104.0
2002-11-22,105.0
2002-11-25,107.0
2002-11-26,94.0
2002-11-27,112.0
2002-11-29,121.0
2002-12-02,109.0
2002-12-03,93.0
2002-12-04,97.0
2002-12-05,96.0
2002-12-06,78.0
2002-12-09,75.0
2002-12-10,79.0
2002-12-11,71.0
2002-12-12,85.0
2002-12-13,91.0
2002-12-16,86.0
2002-12-17,79.0
2002-12-18,81.0
2002-12-19,79.0
2002-12-20,85.0
2002-12-23,90.0
2002-12-24,104.0
2002-12-26,87.0
2002-12-27,79.0
2002-12-30,81.0
2002-12-31,82.0
2003-01-02,96.0
2003-01-03,106.0
2003-01-06,109.0
2003-01-07,119.0
2003-01-08,96.0
2003-01-09,105.0
2003-01-10,99.0
2003-01-13,114.0
2003-01-14,99.0
2003-01-15,114.0
2003-01-16,113.0
2003-01-17,123.0
2003-01-21,113.0
2003-01-22,103.0
2003-01-23,107.0
2003-01-24,105.0
2003-01-27,90.0
2003-01-28,90.0
2003-01-29,103.0
2003-01-30,85.0
2003-01-31,99.0
2003-02-03,97.0
2003-02-04,94.0
2003-02-05,96.0
2003-02-06,97.0
2003-02-07,106.0
2003-02-10,100.0
2003-02-11,86.0
2003-02-12,87.0
2003-02-13,91.0
2003-02-14,104.0
2003-02-18,95.0
2003-02-19,105.0
2003-02-20,109.0
2003-02-21,111.0
2003-02-24,115.0
2003-02-25,104.0
2003-02-26,102.0
2003-02-27,85.0
2003-02-28,101.0
2003-03-03,105.0
2003-03-04,78.0
2003-03-05,90.0
2003-03-06,88.0
2003-03-07,106.0
2003-03-10,85.0
2003-03-11,97.0
2003-03-12,85.0
2003-03-13,89.0
2003-03-14,101.0
2003-03-17,116.0
2003-03-18,114.0
2003-03-19,100.0
2003-03-20,109.0
2003-03-21,123.0
2003-03-24,86.0
2003-03-25,111.0
2003-03-26,120.0
2003-03-27,124.0
2003-03-28,127.0
2003-03-31,84.0
2003-04-01,108.0
2003-04-02,121.0
2003-04-03,134.0
2003-04-04,129.0
2003-04-07,138.0
2003-04-08,112.0
2003-04-09,117.0
2003-04-10,113.0
2003-04-11,110.0
2003-04-14,113.0
2003-04-15,140.0
2003-04-16,134.0
2003-04-17,125.0
2003-04-21,140.0
2003-04-22,127.0
2003-04-23,143.0
2003-04-24,138.0
2003-04-25,119.0
2003-04-28,140.0
2003-04-29,137.0
2003-04-30,144.0
2003-05-01,123.0
2003-05-02,157.0
2003-05-05,166.0
2003-05-06,146.0
2003-05-07,135.0
2003-05-08,117.0
2003-05-09,139.0
2003-05-12,165.0
2003-05-13,140.0
2003-05-14,159.0
2003-05-15,150.0
2003-05-16,151.0
2003-05-19,116.0
2003-05-20,93.0
2003-05-21,111.0
2003-05-22,121.0
2003-05-23,143.0
2003-05-27,184.0
2003-05-28,193.0
2003-05-29,177.0
2003-05-30,170.0
2003-06-02,200.0
2003-06-03,132.0
2003-06-04,207.0
2003-06-05,219.0
2003-06-06,273.0
2003-06-09,122.0
2003-06-10,126.0
2003-06-11,140.0
2003-06-12,168.0
2003-06-13,125.0
2003-06-16,164.0
2003-06-17,194.0
2003-06-18,154.0
2003-06-19,138.0
2003-06-20,116.0
2003-06-23,88.0
2003-06-24,93.0
2003-06-25,100.0
2003-06-26,129.0
2003-06-27,123.0
2003-06-30,126.0
2003-07-01,128.0
2003-07-02,176.0
2003-07-03,178.0
2003-07-07,247.0
2003-07-08,273.0
2003-07-09,263.0
2003-07-10,173.0
2003-07-11,183.0
2003-07-14,251.0
2003-07-15,203.0
2003-07-16,165.0
2003-07-17,604.0
2003-07-18,125.0
2003-07-21,135.0
2003-07-22,126.0
2003-07-23,150.0
2003-07-24,189.0
2003-07-25,150.0
2003-07-28,169.0
2003-07-29,159.0
2003-07-30,145.0
2003-07-31,183.0
2003-08-01,117.0
2003-08-04,92.0
2003-08-05,87.0
2003-08-06,83.0
2003-08-07,102.0
2003-08-08,106.0
2003-08-11,107.0
2003-08-12,124.0
2003-08-13,136.0
2003-08-14,137.0
2003-08-15,163.0
2003-08-18,202.0
2003-08-19,237.0
2003-08-20,211.0
2003-08-21,242.0
2003-08-22,226.0
2003-08-25,100.0
2003-08-26,93.0
2003-08-27,138.0
2003-08-28,185.0
2003-08-29,201.0
2003-09-02,270.0
2003-09-03,314.0
2003-09-04,239.0
2003-09-05,217.0
2003-09-08,241.0
2003-09-09,201.0
2003-09-10,108.0
2003-09-11,129.0
2003-09-12,127.0
2003-09-15,169.0
2003-09-16,195.0
2003-09-17,206.0
2003-09-18,237.0
2003-09-19,263.0
2003-09-22,176.0
2003-09-23,222.0
2003-09-24,199.0
2003-09-25,99.0
2003-09-26,85.0
2003-09-29,99.0
2003-09-30,84.0
2003-10-01,102.0
2003-10-02,119.0
2003-10-03,177.0
2003-10-06,183.0
2003-10-07,197.0
2003-10-08,191.0
2003-10-09,254.0
2003-10-10,169.0
2003-10-13,245.0
2003-10-14,258.0
2003-10-15,272.0
2003-10-16,187.0
2003-10-17,174.0
2003-10-20,151.0
2003-10-21,165.0
2003-10-22,114.0
2003-10-23,109.0
2003-10-24,100.0
2003-10-27,131.0
2003-10-28,187.0
2003-10-29,255.0
2003-10-30,276.0
2003-10-31,179.0
2003-11-03,287.0
2003-11-04,246.0
2003-11-05,183.0
2003-11-06,226.0
2003-11-07,286.0
2003-11-10,177.0
2003-11-11,119.0
2003-11-12,182.0
2003-11-13,191.0
2003-11-14,149.0
2003-11-17,101.0
2003-11-18,122.0
2003-11-19,102.0
2003-11-20,108.0
2003-11-21,105.0
2003-11-24,190.0
2003-11-25,205.0
2003-11-26,203.0
2003-11-28,184.0
2003-12-01,294.0
2003-12-02,263.0
2003-12-03,193.0
2003-12-04,123.0
2003-12-05,102.0
2003-12-08,124.0
2003-12-09,130.0
2003-12-10,87.0
2003-12-11,119.0
2003-12-12,148.0
2003-12-15,178.0
2003-12-16,92.0
2003-12-17,82.0
2003-12-18,118.0
2003-12-19,135.0
2003-12-22,129.0
2003-12-23,152.0
2003-12-24,143.0
2003-12-26,126.0
2003-12-29,223.0
2003-12-30,224.0
2003-12-31,151.0
2004-01-02,156.0
2004-01-05,225.0
2004-01-06,229.0
2004-01-07,213.0
2004-01-08,277.0
2004-01-09,228.0
2004-01-12,224.0
2004-01-13,215.0
2004-01-14,237.0
2004-01-15,217.0
2004-01-16,276.0
2004-01-20,324.0
2004-01-21,242.0
2004-01-22,212.0
2004-01-23,175.0
2004-01-26,224.0
2004-01-27,219.0
2004-01-28,152.0
2004-01-29,109.0
2004-01-30,124.0
2004-02-02,128.0
2004-02-03,129.0
2004-02-04,94.0
2004-02-05,109.0
2004-02-06,124.0
2004-02-09,162.0
2004-02-10,168.0
2004-02-11,199.0
2004-02-12,184.0
2004-02-13,136.0
2004-02-17,163.0
2004-02-18,154.0
2004-02-19,140.0
2004-02-20,87.0
2004-02-23,102.0
2004-02-24,87.0
2004-02-25,103.0
2004-02-26,105.0
2004-02-27,128.0
2004-03-01,179.0
2004-03-02,151.0
2004-03-03,121.0
2004-03-04,147.0
2004-03-05,184.0
2004-03-08,146.0
2004-03-09,82.0
2004-03-10,84.0
2004-03-11,65.0
2004-03-12,75.0
2004-03-15,80.0
2004-03-16,63.0
2004-03-17,72.0
2004-03-18,72.0
2004-03-19,72.0
2004-03-22,52.0
2004-03-23,63.0
2004-03-24,61.0
2004-03-25,65.0
2004-03-26,85.0
2004-03-29,97.0
2004-03-30,109.0
2004-03-31,124.0
2004-04-01,137.0
2004-04-02,179.0
2004-04-05,190.0
2004-04-06,142.0
2004-04-07,120.0
2004-04-08,141.0
2004-04-12,131.0
2004-04-13,116.0
2004-04-14,62.0
2004-04-15,72.0
2004-04-16,77.0
2004-04-19,93.0
2004-04-20,105.0
2004-04-21,79.0
2004-04-22,119.0
2004-04-23,109.0
2004-04-26,120.0
2004-04-27,114.0
2004-04-28,87.0
2004-04-29,67.0
2004-04-30,66.0
2004-05-03,76.0
2004-05-04,81.0
2004-05-05,76.0
2004-05-06,60.0
2004-05-07,67.0
2004-05-10,51.0
2004-05-11,63.0
2004-05-12,55.0
2004-05-13,68.0
2004-05-14,69.0
2004-05-17,506.0
2004-05-18,66.0
2004-05-19,68.0
2004-05-20,60.0
2004-05-21,70.0
2004-05-24,77.0
2004-05-25,76.0
2004-05-26,91.0
2004-05-27,91.0
2004-05-28,78.0
2004-06-01,109.0
2004-06-02,95.0
2004-06-03,77.0
2004-06-04,85.0
2004-06-07,104.0
2004-06-08,101.0
2004-06-09,84.0
2004-06-10,68.0
2004-06-14,71.0
2004-06-15,79.0
2004-06-16,86.0
2004-06-17,83.0
2004-06-18,516.0
2004-06-21,89.0
2004-06-22,81.0
2004-06-23,104.0
2004-06-24,121.0
2004-06-25,134.0
2004-06-28,118.0
2004-06-29,108.0
2004-06-30,113.0
2004-07-01,103.0
2004-07-02,73.0
2004-07-06,73.0
2004-07-07,66.0
2004-07-08,53.0
2004-07-09,67.0
2004-07-12,64.0
2004-07-13,68.0
2004-07-14,63.0
2004-07-15,60.0
2004-07-16,64.0
2004-07-19,59.0
2004-07-20,63.0
2004-07-21,77.0
2004-07-22,53.0
2004-07-23,55.0
2004-07-26,48.0
2004-07-27,56.0
2004-07-28,58.0
2004-07-29,66.0
2004-07-30,59.0
2004-08-02,68.0
2004-08-03,63.0
2004-08-04,62.0
2004-08-05,54.0
2004-08-06,35.0
2004-08-09,43.0
2004-08-10,44.0
2004-08-11,57.0
2004-08-12,47.0
2004-08-13,45.0
2004-08-16,52.0
2004-08-17,57.0
2004-08-18,54.0
2004-08-19,63.0
2004-08-20,62.0
2004-08-23,70.0
2004-08-24,59.0
2004-08-25,68.0
2004-08-26,70.0
2004-08-27,64.0
2004-08-30,63.0
2004-08-31,75.0
2004-09-01,106.0
2004-09-02,90.0
2004-09-03,91.0
2004-09-07,105.0
2004-09-08,91.0
2004-09-09,109.0
2004-09-10,117.0
2004-09-13,137.0
2004-09-14,93.0
2004-09-15,90.0
2004-09-16,108.0
2004-09-17,138.0
2004-09-20,98.0
2004-09-21,96.0
2004-09-22,79.0
2004-09-23,76.0
2004-09-24,85.0
2004-09-27,77.0
2004-09-28,89.0
2004-09-29,97.0
2004-09-30,103.0
2004-10-01,126.0
2004-10-04,165.0
2004-10-05,119.0
2004-10-06,130.0
2004-10-07,118.0
2004-10-08,88.0
2004-10-11,86.0
2004-10-12,79.0
2004-10-13,85.0
2004-10-14,81.0
2004-10-15,72.0
2004-10-18,94.0
2004-10-19,97.0
2004-10-20,74.0
2004-10-21,96.0
2004-10-22,89.0
2004-10-25,80.0
2004-10-26,107.0
2004-10-27,142.0
2004-10-28,124.0
2004-10-29,120.0
2004-11-01,114.0
2004-11-02,125.0
2004-11-03,151.0
2004-11-04,159.0
2004-11-05,180.0
2004-11-08,138.0
2004-11-09,150.0
2004-11-10,155.0
2004-11-11,172.0
2004-11-12,202.0
2004-11-15,190.0
2004-11-16,136.0
2004-11-17,162.0
2004-11-18,119.0
2004-11-19,112.0
2004-11-22,118.0
2004-11-23,162.0
2004-11-24,201.0
2004-11-26,187.0
2004-11-29,223.0
2004-11-30,175.0
2004-12-01,251.0
2004-12-02,200.0
2004-12-03,160.0
2004-12-06,126.0
2004-12-07,110.0
2004-12-08,80.0
2004-12-09,86.0
2004-12-10,92.0
2004-12-13,115.0
2004-12-14,127.0
2004-12-15,142.0
2004-12-16,118.0
2004-12-17,114.0
2004-12-20,117.0
2004-12-21,118.0
2004-12-22,126.0
2004-12-23,125.0
2004-12-27,137.0
2004-12-28,156.0
2004-12-29,150.0
2004-12-30,141.0
2004-12-31,124.0
2005-01-03,126.0
2005-01-04,74.0
2005-01-05,58.0
2005-01-06,59.0
2005-01-07,65.0
2005-01-10,73.0
2005-01-11,78.0
2005-01-12,74.0
2005-01-13,81.0
2005-01-14,80.0
2005-01-18,105.0
2005-01-19,91.0
2005-01-20,69.0
2005-01-21,69.0
2005-01-24,65.0
2005-01-25,58.0
2005-01-26,73.0
2005-01-27,78.0
2005-01-28,82.0
2005-01-31,114.0
2005-02-01,108.0
2005-02-02,125.0
2005-02-03,119.0
2005-02-04,130.0
2005-02-07,135.0
2005-02-08,129.0
2005-02-09,112.0
2005-02-10,83.0
2005-02-11,100.0
2005-02-14,118.0
2005-02-15,107.0
2005-02-16,99.0
2005-02-17,91.0
2005-02-18,74.0
2005-02-22,87.0
2005-02-23,70.0
2005-02-24,88.0
2005-02-25,108.0
2005-02-28,117.0
2005-03-01,110.0
2005-03-02,105.0
2005-03-03,102.0
2005-03-04,122.0
2005-03-07,132.0
2005-03-08,104.0
2005-03-09,85.0
2005-03-10,66.0
2005-03-11,67.0
2005-03-14,78.0
2005-03-15,92.0
2005-03-16,70.0
2005-03-17,81.0
2005-03-18,90.0
2005-03-21,73.0
2005-03-22,90.0
2005-03-23,69.0
2005-03-24,78.0
2005-03-28,84.0
2005-03-29,77.0
2005-03-30,77.0
2005-03-31,77.0
2005-04-01,81.0
2005-04-04,72.0
2005-04-05,76.0
2005-04-06,90.0
2005-04-07,91.0
2005-04-08,77.0
2005-04-11,65.0
2005-04-12,71.0
2005-04-13,80.0
2005-04-14,65.0
2005-04-15,58.0
2005-04-18,62.0
2005-04-19,72.0
2005-04-20,63.0
2005-04-21,67.0
2005-04-22,75.0
2005-04-25,73.0
2005-04-26,73.0
2005-04-27,72.0
2005-04-28,62.0
2005-04-29,60.0
2005-05-02,69.0
2005-05-03,70.0
2005-05-04,76.0
2005-05-05,79.0
2005-05-06,79.0
2005-05-09,75.0
2005-05-10,80.0
2005-05-11,75.0
2005-05-12,80.0
2005-05-13,74.0
2005-05-16,66.0
2005-05-17,71.0
2005-05-18,108.0
2005-05-19,97.0
2005-05-20,79.0
2005-05-23,103.0
2005-05-24,92.0
2005-05-25,72.0
2005-05-26,91.0
2005-05-27,89.0
2005-05-31,95.0
2005-06-01,112.0
2005-06-02,100.0
2005-06-03,109.0
2005-06-06,104.0
2005-06-07,115.0
2005-06-08,89.0
2005-06-09,91.0
2005-06-10,102.0
2005-06-13,108.0
2005-06-14,114.0
2005-06-15,116.0
2005-06-16,138.0
2005-06-17,136.0
2005-06-20,99.0
2005-06-21,94.0
2005-06-22,103.0
2005-06-23,83.0
2005-06-24,78.0
2005-06-27,79.0
2005-06-28,101.0
2005-06-29,116.0
2005-06-30,115.0
2005-07-01,113.0
2005-07-05,150.0
2005-07-06,137.0
2005-07-07,106.0
2005-07-08,156.0
2005-07-11,209.0
2005-07-12,180.0
2005-07-13,136.0
2005-07-14,155.0
2005-07-15,103.0
2005-07-18,108.0
2005-07-19,140.0
2005-07-20,177.0
2005-07-21,144.0
2005-07-22,146.0
2005-07-25,161.0
2005-07-26,131.0
2005-07-27,149.0
2005-07-28,183.0
2005-07-29,189.0
2005-08-01,183.0
2005-08-02,171.0
2005-08-03,146.0
2005-08-04,117.0
2005-08-05,80.0
2005-08-08,85.0
2005-08-09,91.0
2005-08-10,102.0
2005-08-11,101.0
2005-08-12,87.0
2005-08-15,98.0
2005-08-16,92.0
2005-08-17,74.0
2005-08-18,77.0
2005-08-19,78.0
2005-08-22,77.0
2005-08-23,92.0
2005-08-24,100.0
2005-08-25,92.0
2005-08-26,81.0
2005-08-29,79.0
2005-08-30,92.0
2005-08-31,114.0
2005-09-01,131.0
2005-09-02,87.0
2005-09-06,116.0
2005-09-07,132.0
2005-09-08,116.0
2005-09-09,133.0
2005-09-12,148.0
2005-09-13,110.0
2005-09-14,101.0
2005-09-15,86.0
2005-09-16,106.0
2005-09-19,111.0
2005-09-20,97.0
2005-09-21,62.0
2005-09-22,64.0
2005-09-23,67.0
2005-09-26,91.0
2005-09-27,95.0
2005-09-28,88.0
2005-09-29,101.0
2005-09-30,129.0
2005-10-03,136.0
2005-10-04,144.0
2005-10-05,72.0
2005-10-06,65.0
2005-10-07,58.0
2005-10-10,66.0
2005-10-11,67.0
2005-10-12,45.0
2005-10-13,62.0
2005-10-14,63.0
2005-10-17,69.0
2005-10-18,75.0
2005-10-19,69.0
2005-10-20,72.0
2005-10-21,83.0
2005-10-24,107.0
2005-10-25,93.0
2005-10-26,95.0
2005-10-27,62.0
2005-10-28,73.0
2005-10-31,111.0
2005-11-01,100.0
2005-11-02,134.0
2005-11-03,143.0
2005-11-04,91.0
2005-11-07,111.0
2005-11-08,82.0
2005-11-09,100.0
2005-11-10,128.0
2005-11-11,155.0
2005-11-14,129.0
2005-11-15,83.0
2005-11-16,74.0
2005-11-17,109.0
2005-11-18,152.0
2005-11-21,149.0
2005-11-22,159.0
2005-11-23,148.0
2005-11-25,119.0
2005-11-28,112.0
2005-11-29,102.0
2005-11-30,107.0
2005-12-01,166.0
2005-12-02,154.0
2005-12-05,149.0
2005-12-06,163.0
2005-12-07,101.0
2005-12-08,119.0
2005-12-09,118.0
2005-12-12,124.0
2005-12-13,124.0
2005-12-14,120.0
2005-12-15,89.0
2005-12-16,101.0
2005-12-19,77.0
2005-12-20,64.0
2005-12-21,87.0
2005-12-22,93.0
2005-12-23,106.0
2005-12-27,92.0
2005-12-28,66.0
2005-12-29,67.0
2005-12-30,63.0
2006-01-03,98.0
2006-01-04,137.0
2006-01-05,139.0
2006-01-06,161.0
2006-01-09,197.0
2006-01-10,158.0
2006-01-11,171.0
2006-01-12,149.0
2006-01-13,101.0
2006-01-17,104.0
2006-01-18,103.0
2006-01-19,173.0
2006-01-20,151.0
2006-01-23,106.0
2006-01-24,164.0
2006-01-25,173.0
2006-01-26,203.0
2006-01-27,233.0
2006-01-30,178.0
2006-01-31,150.0
2006-02-01,175.0
2006-02-02,148.0
2006-02-03,107.0
2006-02-06,122.0
2006-02-07,111.0
2006-02-08,121.0
2006-02-09,143.0
2006-02-10,80.0
2006-02-13,82.0
2006-02-14,95.0
2006-02-15,127.0
2006-02-16,168.0
2006-02-17,163.0
2006-02-21,120.0
2006-02-22,145.0
2006-02-23,146.0
2006-02-24,133.0
2006-02-27,206.0
2006-02-28,122.0
2006-03-01,149.0
2006-03-02,151.0
2006-03-03,150.0
2006-03-06,106.0
2006-03-07,70.0
2006-03-08,70.0
2006-03-09,81.0
2006-03-10,90.0
2006-03-13,120.0
2006-03-14,122.0
2006-03-15,160.0
2006-03-16,201.0
2006-03-17,147.0
2006-03-20,146.0
2006-03-21,136.0
2006-03-22,103.0
2006-03-23,119.0
2006-03-24,145.0
2006-03-27,171.0
2006-03-28,154.0
2006-03-29,177.0
2006-03-30,175.0
2006-03-31,184.0
2006-04-03,187.0
2006-04-04,124.0
2006-04-05,148.0
2006-04-06,159.0
2006-04-07,138.0
2006-04-10,88.0
2006-04-11,69.0
2006-04-12,60.0
2006-04-13,74.0
2006-04-17,107.0
2006-04-18,168.0
2006-04-19,245.0
2006-04-20,193.0
2006-04-21,158.0
2006-04-24,122.0
2006-04-25,135.0
2006-04-26,138.0
2006-04-27,136.0
2006-04-28,132.0
2006-05-01,134.0
2006-05-02,128.0
2006-05-03,138.0
2006-05-04,178.0
2006-05-05,201.0
2006-05-08,176.0
2006-05-09,158.0
2006-05-10,147.0
2006-05-11,113.0
2006-05-12,62.0
2006-05-15,56.0
2006-05-16,58.0
2006-05-17,55.0
2006-05-18,54.0
2006-05-19,53.0
2006-05-22,41.0
2006-05-23,55.0
2006-05-24,38.0
2006-05-25,55.0
2006-05-26,66.0
2006-05-30,56.0
2006-05-31,61.0
2006-06-01,84.0
2006-06-02,100.0
2006-06-05,70.0
2006-06-06,51.0
2006-06-07,63.0
2006-06-08,51.0
2006-06-09,71.0
2006-06-12,54.0
2006-06-13,44.0
2006-06-14,39.0
2006-06-15,59.0
2006-06-16,59.0
2006-06-19,52.0
2006-06-20,47.0
2006-06-21,58.0
2006-06-22,60.0
2006-06-23,53.0
2006-06-26,61.0
2006-06-27,66.0
2006-06-28,60.0
2006-06-29,101.0
2006-06-30,118.0
2006-07-03,110.0
2006-07-05,73.0
2006-07-06,77.0
2006-07-07,67.0
2006-07-10,56.0
2006-07-11,59.0
2006-07-12,51.0
2006-07-13,48.0
2006-07-14,47.0
2006-07-17,39.0
2006-07-18,48.0
2006-07-19,63.0
2006-07-20,64.0
2006-07-21,50.0
2006-07-24,67.0
2006-07-25,86.0
2006-07-26,70.0
2006-07-27,77.0
2006-07-28,92.0
2006-07-31,82.0
2006-08-01,73.0
2006-08-02,91.0
2006-08-03,101.0
2006-08-04,99.0
2006-08-07,55.0
2006-08-08,66.0
2006-08-09,59.0
2006-08-10,58.0
2006-08-11,52.0
2006-08-14,64.0
2006-08-15,89.0
2006-08-16,91.0
2006-08-17,106.0
2006-08-18,79.0
2006-08-21,64.0
2006-08-22,66.0
2006-08-23,61.0
2006-08-24,57.0
2006-08-25,67.0
2006-08-28,64.0
2006-08-29,97.0
2006-08-30,121.0
2006-08-31,105.0
2006-09-01,92.0
2006-09-05,100.0
2006-09-06,69.0
2006-09-07,58.0
2006-09-08,60.0
2006-09-11,74.0
2006-09-12,109.0
2006-09-13,121.0
2006-09-14,90.0
2006-09-15,120.0
2006-09-18,95.0
2006-09-19,69.0
2006-09-20,113.0
2006-09-21,96.0
2006-09-22,46.0
2006-09-25,68.0
2006-09-26,89.0
2006-09-27,98.0
2006-09-28,93.0
2006-09-29,91.0
2006-10-02,79.0
2006-10-03,67.0
2006-10-04,102.0
2006-10-05,132.0
2006-10-06,109.0
2006-10-09,124.0
2006-10-10,141.0
2006-10-11,114.0
2006-10-12,160.0
2006-10-13,181.0
2006-10-16,194.0
2006-10-17,111.0
2006-10-18,157.0
2006-10-19,122.0
2006-10-20,104.0
2006-10-23,116.0
2006-10-24,106.0
2006-10-25,105.0
2006-10-26,167.0
2006-10-27,127.0
2006-10-30,89.0
2006-10-31,125.0
2006-11-01,90.0
2006-11-02,55.0
2006-11-03,68.0
2006-11-06,103.0
2006-11-07,135.0
2006-11-08,130.0
2006-11-09,116.0
2006-11-10,102.0
2006-11-13,137.0
2006-11-14,187.0
2006-11-15,238.0
2006-11-16,176.0
2006-11-17,117.0
2006-11-20,145.0
2006-11-21,139.0
2006-11-22,134.0
2006-11-24,106.0
2006-11-27,76.0
2006-11-28,59.0
2006-11-29,99.0
2006-11-30,109.0
2006-12-01,76.0
2006-12-04,156.0
2006-12-05,167.0
2006-12-06,122.0
2006-12-07,110.0
2006-12-08,91.0
2006-12-11,118.0
2006-12-12,89.0
2006-12-13,94.0
2006-12-14,123.0
2006-12-15,134.0
2006-12-18,96.0
2006-12-19,65.0
2006-12-20,74.0
2006-12-21,75.0
2006-12-22,59.0
2006-12-26,85.0
2006-12-27,145.0
2006-12-28,124.0
2006-12-29,93.0
2007-01-03,110.0
2007-01-04,75.0
2007-01-05,53.0
2007-01-08,74.0
2007-01-09,80.0
2007-01-10,90.0
2007-01-11,125.0
2007-01-12,131.0
2007-01-16,164.0
2007-01-17,124.0
2007-01-18,89.0
2007-01-19,65.0
2007-01-22,72.0
2007-01-23,96.0
2007-01-24,126.0
2007-01-25,98.0
2007-01-26,85.0
2007-01-29,131.0
2007-01-30,131.0
2007-01-31,132.0
2007-02-01,154.0
2007-02-02,144.0
2007-02-05,153.0
2007-02-06,122.0
2007-02-07,158.0
2007-02-08,143.0
2007-02-09,128.0
2007-02-12,92.0
2007-02-13,112.0
2007-02-14,151.0
2007-02-15,136.0
2007-02-16,137.0
2007-02-20,193.0
2007-02-21,171.0
2007-02-22,151.0
2007-02-23,143.0
2007-02-26,142.0
2007-02-27,42.0
2007-02-28,45.0
2007-03-01,46.0
2007-03-02,51.0
2007-03-05,34.0
2007-03-06,47.0
2007-03-07,58.0
2007-03-08,70.0
2007-03-09,59.0
2007-03-12,69.0
2007-03-13,53.0
2007-03-14,46.0
2007-03-15,64.0
2007-03-16,50.0
2007-03-19,82.0
2007-03-20,74.0
2007-03-21,110.0
2007-03-22,117.0
2007-03-23,112.0
2007-03-26,103.0
2007-03-27,85.0
2007-03-28,83.0
2007-03-29,74.0
2007-03-30,79.0
2007-04-02,98.0
2007-04-03,137.0
2007-04-04,123.0
2007-04-05,116.0
2007-04-09,135.0
2007-04-10,120.0
2007-04-11,92.0
2007-04-12,109.0
2007-04-13,137.0
2007-04-16,199.0
2007-04-17,158.0
2007-04-18,106.0
2007-04-19,84.0
2007-04-20,124.0
2007-04-23,126.0
2007-04-24,114.0
2007-04-25,126.0
2007-04-26,150.0
2007-04-27,131.0
2007-04-30,119.0
2007-05-01,84.0
2007-05-02,118.0
2007-05-03,135.0
2007-05-04,133.0
2007-05-07,121.0
2007-05-08,103.0
2007-05-09,126.0
2007-05-10,102.0
2007-05-11,102.0
2007-05-14,108.0
2007-05-15,86.0
2007-05-16,81.0
2007-05-17,89.0
2007-05-18,88.0
2007-05-21,137.0
2007-05-22,130.0
2007-05-23,125.0
2007-05-24,66.0
2007-05-25,63.0
2007-05-29,94.0
2007-05-30,100.0
2007-05-31,154.0
2007-06-01,181.0
2007-06-04,137.0
2007-06-05,119.0
2007-06-06,62.0
2007-06-07,55.0
2007-06-08,49.0
2007-06-11,75.0
2007-06-12,66.0
2007-06-13,79.0
2007-06-14,107.0
2007-06-15,154.0
2007-06-18,129.0
2007-06-19,133.0
2007-06-20,129.0
2007-06-21,83.0
2007-06-22,94.0
2007-06-25,77.0
2007-06-26,60.0
2007-06-27,79.0
2007-06-28,129.0
2007-06-29,124.0
2007-07-02,164.0
2007-07-03,174.0
2007-07-05,160.0
2007-07-06,153.0
2007-07-09,192.0
2007-07-10,112.0
2007-07-11,99.0
2007-07-12,186.0
2007-07-13,178.0
2007-07-16,185.0
2007-07-17,163.0
2007-07-18,78.0
2007-07-19,149.0
2007-07-20,80.0
2007-07-23,107.0
2007-07-24,61.0
2007-07-25,58.0
2007-07-26,47.0
2007-07-27,48.0
2007-07-30,49.0
2007-07-31,66.0
2007-08-01,49.0
2007-08-02,63.0
2007-08-03,59.0
2007-08-06,53.0
2007-08-07,87.0
2007-08-08,168.0
2007-08-09,95.0
2007-08-10,38.0
2007-08-13,34.0
2007-08-14,32.0
2007-08-15,25.0
2007-08-16,19.0
2007-08-17,56.0
2007-08-20,36.0
2007-08-21,34.0
2007-08-22,48.0
2007-08-23,40.0
2007-08-24,40.0
2007-08-27,53.0
2007-08-28,27.0
2007-08-29,33.0
2007-08-30,47.0
2007-08-31,58.0
2007-09-04,92.0
2007-09-05,71.0
2007-09-06,69.0
2007-09-07,45.0
2007-09-10,44.0
2007-09-11,48.0
2007-09-12,75.0
2007-09-13,83.0
2007-09-14,65.0
2007-09-17,61.0
2007-09-18,102.0
2007-09-19,163.0
2007-09-20,95.0
2007-09-21,128.0
2007-09-24,110.0
2007-09-25,76.0
2007-09-26,125.0
2007-09-27,119.0
2007-09-28,110.0
2007-10-01,161.0
2007-10-02,177.0
2007-10-03,124.0
2007-10-04,108.0
2007-10-05,189.0
2007-10-08,160.0
2007-10-09,189.0
2007-10-10,168.0
2007-10-11,190.0
2007-10-12,87.0
2007-10-15,104.0
2007-10-16,74.0
2007-10-17,112.0
2007-10-18,91.0
2007-10-19,53.0
2007-10-22,50.0
2007-10-23,104.0
2007-10-24,80.0
2007-10-25,112.0
2007-10-26,128.0
2007-10-29,157.0
2007-10-30,107.0
2007-10-31,116.0
2007-11-01,90.0
2007-11-02,74.0
2007-11-05,73.0
2007-11-06,103.0
2007-11-07,72.0
2007-11-08,54.0
2007-11-09,37.0
2007-11-12,47.0
2007-11-13,48.0
2007-11-14,57.0
2007-11-15,47.0
2007-11-16,39.0
2007-11-19,34.0
2007-11-20,29.0
2007-11-21,24.0
2007-11-23,39.0
2007-11-26,35.0
2007-11-27,30.0
2007-11-28,43.0
2007-11-29,64.0
2007-11-30,61.0
2007-12-03,55.0
2007-12-04,47.0
2007-12-05,61.0
2007-12-06,76.0
2007-12-07,82.0
2007-12-10,82.0
2007-12-11,77.0
2007-12-12,44.0
2007-12-13,42.0
2007-12-14,36.0
2007-12-17,29.0
2007-12-18,32.0
2007-12-19,39.0
2007-12-20,61.0
2007-12-21,104.0
2007-12-24,102.0
2007-12-26,108.0
2007-12-27,60.0
2007-12-28,38.0
2007-12-31,44.0
2008-01-02,37.0
2008-01-03,49.0
2008-01-04,26.0
2008-01-07,40.0
2008-01-08,47.0
2008-01-09,34.0
2008-01-10,46.0
2008-01-11,37.0
2008-01-14,34.0
2008-01-15,25.0
2008-01-16,38.0
2008-01-17,29.0
2008-01-18,23.0
2008-01-22,22.0
2008-01-23,25.0
2008-01-24,25.0
2008-01-25,29.0
2008-01-28,26.0
2008-01-29,32.0
2008-01-30,31.0
2008-01-31,35.0
2008-02-01,46.0
2008-02-04,45.0
2008-02-05,27.0
2008-02-06,29.0
2008-02-07,24.0
2008-02-08,32.0
2008-02-11,35.0
2008-02-12,40.0
2008-02-13,38.0
2008-02-14,45.0
2008-02-15,33.0
2008-02-19,29.0
2008-02-20,34.0
2008-02-21,45.0
2008-02-22,22.0
2008-02-25,35.0
2008-02-26,41.0
2008-02-27,45.0
2008-02-28,43.0
2008-02-29,16.0
2008-03-03,19.0
2008-03-04,27.0
2008-03-05,37.0
2008-03-06,34.0
2008-03-07,32.0
2008-03-10,22.0
2008-03-11,22.0
2008-03-12,35.0
2008-03-13,39.0
2008-03-14,38.0
2008-03-17,25.0
2008-03-18,35.0
2008-03-19,34.0
2008-03-20,37.0
2008-03-24,43.0
2008-03-25,36.0
2008-03-26,35.0
2008-03-27,39.0
2008-03-28,26.0
2008-03-31,34.0
2008-04-01,42.0
2008-04-02,49.0
2008-04-03,35.0
2008-04-04,58.0
2008-04-07,56.0
2008-04-08,29.0
2008-04-09,45.0
2008-04-10,36.0
2008-04-11,39.0
2008-04-14,35.0
2008-04-15,36.0
2008-04-16,53.0
2008-04-17,51.0
2008-04-18,70.0
2008-04-21,53.0
2008-04-22,45.0
2008-04-23,30.0
2008-04-24,50.0
2008-04-25,51.0
2008-04-28,63.0
2008-04-29,53.0
2008-04-30,49.0
2008-05-01,71.0
2008-05-02,85.0
2008-05-05,52.0
2008-05-06,57.0
2008-05-07,55.0
2008-05-08,44.0
2008-05-09,44.0
2008-05-12,61.0
2008-05-13,68.0
2008-05-14,72.0
2008-05-15,60.0
2008-05-16,74.0
2008-05-19,72.0
2008-05-20,45.0
2008-05-21,55.0
2008-05-22,48.0
2008-05-23,40.0
2008-05-27,57.0
2008-05-28,56.0
2008-05-29,85.0
2008-05-30,66.0
2008-06-02,59.0
2008-06-03,66.0
2008-06-04,66.0
2008-06-05,91.0
2008-06-06,56.0
2008-06-09,42.0
2008-06-10,38.0
2008-06-11,34.0
2008-06-12,40.0
2008-06-13,53.0
2008-06-16,64.0
2008-06-17,68.0
2008-06-18,56.0
2008-06-19,58.0
2008-06-20,42.0
2008-06-23,56.0
2008-06-24,39.0
2008-06-25,40.0
2008-06-26,25.0
2008-06-27,35.0
2008-06-30,38.0
2008-07-01,29.0
2008-07-02,37.0
2008-07-03,37.0
2008-07-07,30.0
2008-07-08,41.0
2008-07-09,40.0
2008-07-10,36.0
2008-07-11,31.0
2008-07-14,48.0
2008-07-15,40.0
2008-07-16,40.0
2008-07-17,49.0
2008-07-18,48.0
2008-07-21,49.0
2008-07-22,62.0
2008-07-23,65.0
2008-07-24,45.0
2008-07-25,54.0
2008-07-28,48.0
2008-07-29,45.0
2008-07-30,70.0
2008-07-31,59.0
2008-08-01,51.0
2008-08-04,47.0
2008-08-05,54.0
2008-08-06,54.0
2008-08-07,56.0
2008-08-08,68.0
2008-08-11,116.0
2008-08-12,62.0
2008-08-13,66.0
2008-08-14,63.0
2008-08-15,81.0
2008-08-18,42.0
2008-08-19,30.0
2008-08-20,34.0
2008-08-21,40.0
2008-08-22,37.0
2008-08-25,37.0
2008-08-26,33.0
2008-08-27,39.0
2008-08-28,57.0
2008-08-29,45.0
2008-09-02,77.0
2008-09-03,77.0
2008-09-04,35.0
2008-09-05,31.0
2008-09-08,71.0
2008-09-09,62.0
2008-09-10,49.0
2008-09-11,43.0
2008-09-12,49.0
2008-09-15,36.0
2008-09-16,48.0
2008-09-17,20.0
2008-09-18,101.0
2008-09-19,197.0
2008-09-22,39.0
2008-09-23,27.0
2008-09-24,31.0
2008-09-25,28.0
2008-09-26,24.0
2008-09-29,28.0
2008-09-30,30.0
2008-10-01,29.0
2008-10-02,31.0
2008-10-03,30.0
2008-10-06,15.0
2008-10-07,23.0
2008-10-08,18.0
2008-10-09,13.0
2008-10-10,17.0
2008-10-13,15.0
2008-10-14,21.0
2008-10-15,29.0
2008-10-16,24.0
2008-10-17,29.0
2008-10-20,20.0
2008-10-21,19.0
2008-10-22,22.0
2008-10-23,20.0
2008-10-24,22.0
2008-10-27,18.0
2008-10-28,11.0
2008-10-29,21.0
2008-10-30,23.0
2008-10-31,25.0
2008-11-03,30.0
2008-11-04,35.0
2008-11-05,31.0
2008-11-06,25.0
2008-11-07,25.0
2008-11-10,30.0
2008-11-11,26.0
2008-11-12,24.0
2008-11-13,21.0
2008-11-14,31.0
2008-11-17,20.0
2008-11-18,23.0
2008-11-19,18.0
2008-11-20,11.0
2008-11-21,13.0
2008-11-24,15.0
2008-11-25,23.0
2008-11-26,30.0
2008-11-28,45.0
2008-12-01,25.0
2008-12-02,30.0
2008-12-03,28.0
2008-12-04,25.0
2008-12-05,38.0
2008-12-08,33.0
2008-12-09,29.0
2008-12-10,28.0
2008-12-11,28.0
2008-12-12,24.0
2008-12-15,31.0
2008-12-16,19.0
2008-12-17,25.0
2008-12-18,32.0
2008-12-19,22.0
2008-12-22,24.0
2008-12-23,31.0
2008-12-24,38.0
2008-12-26,38.0
2008-12-29,24.0
2008-12-30,22.0
2008-12-31,27.0
2009-01-02,34.0
2009-01-05,42.0
2009-01-06,31.0
2009-01-07,34.0
2009-01-08,41.0
2009-01-09,44.0
2009-01-12,36.0
2009-01-13,31.0
2009-01-14,28.0
2009-01-15,25.0
2009-01-16,38.0
2009-01-20,32.0
2009-01-21,28.0
2009-01-22,29.0
2009-01-23,29.0
2009-01-26,30.0
2009-01-27,33.0
2009-01-28,34.0
2009-01-29,34.0
2009-01-30,34.0
2009-02-02,35.0
2009-02-03,41.0
2009-02-04,36.0
2009-02-05,38.0
2009-02-06,28.0
2009-02-09,34.0
2009-02-10,38.0
2009-02-11,38.0
2009-02-12,34.0
2009-02-13,27.0
2009-02-17,31.0
2009-02-18,39.0
2009-02-19,32.0
2009-02-20,33.0
2009-02-23,30.0
2009-02-24,22.0
2009-02-25,38.0
2009-02-26,29.0
2009-02-27,24.0
2009-03-02,19.0
2009-03-03,25.0
2009-03-04,26.0
2009-03-05,23.0
2009-03-06,19.0
2009-03-09,27.0
2009-03-10,24.0
2009-03-11,29.0
2009-03-12,35.0
2009-03-13,39.0
2009-03-16,37.0
2009-03-17,34.0
2009-03-18,40.0
2009-03-19,42.0
2009-03-20,30.0
2009-03-23,34.0
2009-03-24,40.0
2009-03-25,38.0
2009-03-26,43.0
2009-03-27,37.0
2009-03-30,29.0
2009-03-31,29.0
2009-04-01,38.0
2009-04-02,54.0
2009-04-03,29.0
2009-04-06,45.0
2009-04-07,31.0
2009-04-08,38.0
2009-04-09,41.0
2009-04-13,45.0
2009-04-14,40.0
2009-04-15,38.0
2009-04-16,46.0
2009-04-17,47.0
2009-04-20,35.0
2009-04-21,27.0
2009-04-22,47.0
2009-04-23,40.0
2009-04-24,40.0
2009-04-27,43.0
2009-04-28,50.0
2009-04-29,61.0
2009-04-30,49.0
2009-05-01,32.0
2009-05-04,48.0
2009-05-05,36.0
2009-05-06,43.0
2009-05-07,54.0
2009-05-08,42.0
2009-05-11,39.0
2009-05-12,48.0
2009-05-13,33.0
2009-05-14,35.0
2009-05-15,38.0
2009-05-18,47.0
2009-05-19,51.0
2009-05-20,52.0
2009-05-21,43.0
2009-05-22,48.0
2009-05-26,47.0
2009-05-27,58.0
2009-05-28,47.0
2009-05-29,47.0
2009-06-01,82.0
2009-06-02,68.0
2009-06-03,52.0
2009-06-04,63.0
2009-06-05,77.0
2009-06-08,54.0
2009-06-09,65.0
2009-06-10,67.0
2009-06-11,64.0
2009-06-12,54.0
2009-06-15,40.0
2009-06-16,39.0
2009-06-17,42.0
2009-06-18,48.0
2009-06-19,58.0
2009-06-22,37.0
2009-06-23,37.0
2009-06-24,49.0
2009-06-25,56.0
2009-06-26,114.0
2009-06-29,81.0
2009-06-30,48.0
2009-07-01,72.0
2009-07-02,44.0
2009-07-06,47.0
2009-07-07,52.0
2009-07-08,37.0
2009-07-09,41.0
2009-07-10,48.0
2009-07-13,48.0
2009-07-14,48.0
2009-07-15,56.0
2009-07-16,75.0
2009-07-17,86.0
2009-07-20,100.0
2009-07-21,84.0
2009-07-22,102.0
2009-07-23,147.0
2009-07-24,107.0
2009-07-27,120.0
2009-07-28,99.0
2009-07-29,87.0
2009-07-30,135.0
2009-07-31,81.0
2009-08-03,119.0
2009-08-04,101.0
2009-08-05,88.0
2009-08-06,64.0
2009-08-07,78.0
2009-08-10,74.0
2009-08-11,63.0
2009-08-12,74.0
2009-08-13,82.0
2009-08-14,49.0
2009-08-17,38.0
2009-08-18,39.0
2009-08-19,44.0
2009-08-20,65.0
2009-08-21,81.0
2009-08-24,93.0
2009-08-25,103.0
2009-08-26,88.0
2009-08-27,77.0
2009-08-28,93.0
2009-08-31,59.0
2009-09-01,66.0
2009-09-02,48.0
2009-09-03,47.0
2009-09-04,59.0
2009-09-08,91.0
2009-09-09,119.0
2009-09-10,123.0
2009-09-11,101.0
2009-09-14,79.0
2009-09-15,111.0
2009-09-16,131.0
2009-09-17,137.0
2009-09-18,113.0
2009-09-21,103.0
2009-09-22,146.0
2009-09-23,131.0
2009-09-24,56.0
2009-09-25,55.0
2009-09-28,93.0
2009-09-29,93.0
2009-09-30,77.0
2009-10-01,54.0
2009-10-02,54.0
2009-10-05,78.0
2009-10-06,108.0
2009-10-07,101.0
2009-10-08,123.0
2009-10-09,114.0
2009-10-12,170.0
2009-10-13,95.0
2009-10-14,169.0
2009-10-15,124.0
2009-10-16,89.0
2009-10-19,130.0
2009-10-20,108.0
2009-10-21,124.0
2009-10-22,73.0
2009-10-23,99.0
2009-10-26,85.0
2009-10-27,50.0
2009-10-28,28.0
2009-10-29,32.0
2009-10-30,45.0
2009-11-02,39.0
2009-11-03,53.0
2009-11-04,72.0
2009-11-05,65.0
2009-11-06,82.0
2009-11-09,107.0
2009-11-10,103.0
2009-11-11,127.0
2009-11-12,95.0
2009-11-13,74.0
2009-11-16,163.0
2009-11-17,146.0
2009-11-18,98.0
2009-11-19,64.0
2009-11-20,61.0
2009-11-23,131.0
2009-11-24,60.0
2009-11-25,100.0
2009-11-27,81.0
2009-11-30,58.0
2009-12-01,101.0
2009-12-02,127.0
2009-12-03,122.0
2009-12-04,130.0
2009-12-07,124.0
2009-12-08,98.0
2009-12-09,77.0
2009-12-10,121.0
2009-12-11,89.0
2009-12-14,126.0
2009-12-15,143.0
2009-12-16,165.0
2009-12-17,78.0
2009-12-18,114.0
2009-12-21,158.0
2009-12-22,191.0
2009-12-23,211.0
2009-12-24,216.0
2009-12-28,219.0
2009-12-29,155.0
2009-12-30,118.0
2009-12-31,136.0
2010-01-04,234.0
2010-01-05,213.0
2010-01-06,198.0
2010-01-07,129.0
2010-01-08,168.0
2010-01-11,205.0
2010-01-12,101.0
2010-01-13,116.0
2010-01-14,145.0
2010-01-15,109.0
2010-01-19,152.0
2010-01-20,95.0
2010-01-21,107.0
2010-01-22,65.0
2010-01-25,51.0
2010-01-26,63.0
2010-01-27,73.0
2010-01-28,72.0
2010-01-29,67.0
2010-02-01,59.0
2010-02-02,79.0
2010-02-03,75.0
2010-02-04,42.0
2010-02-05,38.0
2010-02-08,57.0
2010-02-09,71.0
2010-02-10,52.0
2010-02-11,86.0
2010-02-12,85.0
2010-02-16,107.0
2010-02-17,124.0
2010-02-18,121.0
2010-02-19,161.0
2010-02-22,148.0
2010-02-23,99.0
2010-02-24,126.0
2010-02-25,118.0
2010-02-26,115.0
2010-03-01,195.0
2010-03-02,234.0
2010-03-03,213.0
2010-03-04,150.0
2010-03-05,263.0
2010-03-08,263.0
2010-03-09,214.0
2010-03-10,236.0
2010-03-11,221.0
2010-03-12,227.0
2010-03-15,177.0
2010-03-16,212.0
2010-03-17,281.0
2010-03-18,187.0
2010-03-19,190.0
2010-03-22,186.0
2010-03-23,257.0
2010-03-24,160.0
2010-03-25,220.0
2010-03-26,103.0
2010-03-29,113.0
2010-03-30,133.0
2010-03-31,125.0
2010-04-01,156.0
2010-04-05,230.0
2010-04-06,229.0
2010-04-07,194.0
2010-04-08,151.0
2010-04-09,195.0
2010-04-12,238.0
2010-04-13,191.0
2010-04-14,355.0
2010-04-15,369.0
2010-04-16,207.0
2010-04-19,128.0
2010-04-20,209.0
2010-04-21,282.0
2010-04-22,301.0
2010-04-23,353.0
2010-04-26,391.0
2010-04-27,173.0
2010-04-28,119.0
2010-04-29,223.0
2010-04-30,190.0
2010-05-03,129.0
2010-05-04,69.0
2010-05-05,57.0
2010-05-06,56.0
2010-05-07,26.0
2010-05-10,40.0
2010-05-11,78.0
2010-05-12,145.0
2010-05-13,131.0
2010-05-14,40.0
2010-05-17,53.0
2010-05-18,75.0
2010-05-19,32.0
2010-05-20,27.0
2010-05-21,22.0
2010-05-24,28.0
2010-05-25,20.0
2010-05-26,41.0
2010-05-27,53.0
2010-05-28,60.0
2010-06-01,49.0
2010-06-02,42.0
2010-06-03,70.0
2010-06-04,32.0
2010-06-07,23.0
2010-06-08,33.0
2010-06-09,36.0
2010-06-10,36.0
2010-06-11,56.0
2010-06-14,75.0
2010-06-15,63.0
2010-06-16,84.0
2010-06-17,69.0
2010-06-18,76.0
2010-06-21,94.0
2010-06-22,53.0
2010-06-23,33.0
2010-06-24,39.0
2010-06-25,62.0
2010-06-28,47.0
2010-06-29,22.0
2010-06-30,34.0
2010-07-01,28.0
2010-07-02,31.0
2010-07-06,28.0
2010-07-07,23.0
2010-07-08,25.0
2010-07-09,41.0
2010-07-12,45.0
2010-07-13,52.0
2010-07-14,77.0
2010-07-15,55.0
2010-07-16,32.0
2010-07-19,35.0
2010-07-20,38.0
2010-07-21,48.0
2010-07-22,63.0
2010-07-23,100.0
2010-07-26,149.0
2010-07-27,114.0
2010-07-28,46.0
2010-07-29,61.0
2010-07-30,56.0
2010-08-02,98.0
2010-08-03,84.0
2010-08-04,73.0
2010-08-05,72.0
2010-08-06,62.0
2010-08-09,85.0
2010-08-10,52.0
2010-08-11,25.0
2010-08-12,26.0
2010-08-13,36.0
2010-08-16,43.0
2010-08-17,51.0
2010-08-18,60.0
2010-08-19,37.0
2010-08-20,44.0
2010-08-23,54.0
2010-08-24,29.0
2010-08-25,26.0
2010-08-26,37.0
2010-08-27,43.0
2010-08-30,56.0
2010-08-31,43.0
2010-09-01,70.0
2010-09-02,77.0
2010-09-03,104.0
2010-09-07,55.0
2010-09-08,92.0
2010-09-09,95.0
2010-09-10,62.0
2010-09-13,113.0
2010-09-14,108.0
2010-09-15,102.0
2010-09-16,93.0
2010-09-17,106.0
2010-09-20,164.0
2010-09-21,142.0
2010-09-22,83.0
2010-09-23,73.0
2010-09-24,138.0
2010-09-27,127.0
2010-09-28,151.0
2010-09-29,142.0
2010-09-30,138.0
2010-10-01,113.0
2010-10-04,64.0
2010-10-05,177.0
2010-10-06,129.0
2010-10-07,117.0
2010-10-08,137.0
2010-10-11,152.0
2010-10-12,115.0
2010-10-13,224.0
2010-10-14,156.0
2010-10-15,191.0
2010-10-18,145.0
2010-10-19,81.0
2010-10-20,104.0
2010-10-21,137.0
2010-10-22,112.0
2010-10-25,188.0
2010-10-26,119.0
2010-10-27,103.0
2010-10-28,124.0
2010-10-29,128.0
2010-11-01,166.0
2010-11-02,165.0
2010-11-03,166.0
2010-11-04,323.0
2010-11-05,249.0
2010-11-08,213.0
2010-11-09,179.0
2010-11-10,131.0
2010-11-11,123.0
2010-11-12,74.0
2010-11-15,95.0
2010-11-16,45.0
2010-11-17,58.0
2010-11-18,110.0
2010-11-19,105.0
2010-11-22,127.0
2010-11-23,65.0
2010-11-24,197.0
2010-11-26,142.0
2010-11-29,105.0
2010-11-30,95.0
2010-12-01,239.0
2010-12-02,227.0
2010-12-03,226.0
2010-12-06,237.0
2010-12-07,348.0
2010-12-08,182.0
2010-12-09,205.0
2010-12-10,259.0
2010-12-13,275.0
2010-12-14,164.0
2010-12-15,178.0
2010-12-16,191.0
2010-12-17,218.0
2010-12-20,237.0
2010-12-21,222.0
2010-12-22,217.0
2010-12-23,138.0
2010-12-27,155.0
2010-12-28,146.0
2010-12-29,149.0
2010-12-30,141.0
2010-12-31,96.0
2011-01-03,290.0
2011-01-04,147.0
2011-01-05,150.0
2011-01-06,187.0
2011-01-07,138.0
2011-01-10,157.0
2011-01-11,231.0
2011-01-12,224.0
2011-01-13,200.0
2011-01-14,225.0
2011-01-18,258.0
2011-01-19,142.0
2011-01-20,37.0
2011-01-21,65.0
2011-01-24,80.0
2011-01-25,72.0
2011-01-26,141.0
2011-01-27,148.0
2011-01-28,108.0
2011-01-31,75.0
2011-02-01,176.0
2011-02-02,162.0
2011-02-03,144.0
2011-02-04,168.0
2011-02-07,234.0
2011-02-08,168.0
2011-02-09,157.0
2011-02-10,179.0
2011-02-11,223.0
2011-02-14,267.0
2011-02-15,151.0
2011-02-16,192.0
2011-02-17,198.0
2011-02-18,244.0
2011-02-22,99.0
2011-02-23,48.0
2011-02-24,58.0
2011-02-25,101.0
2011-02-28,146.0
2011-03-01,99.0
2011-03-02,60.0
2011-03-03,155.0
2011-03-04,101.0
2011-03-07,111.0
2011-03-08,99.0
2011-03-09,93.0
2011-03-10,3700.0
2011-03-11,35.0
2011-03-14,35.0
2011-03-15,26.0
2011-03-16,35.0
2011-03-17,38.0
2011-03-18,52.0
2011-03-21,95.0
2011-03-22,76.0
2011-03-23,79.0
2011-03-24,116.0
2011-03-25,154.0
2011-03-28,111.0
2011-03-29,103.0
2011-03-30,194.0
2011-03-31,191.0
2011-04-01,242.0
2011-04-04,224.0
2011-04-05,187.0
2011-04-06,197.0
2011-04-07,120.0
2011-04-08,74.0
2011-04-11,61.0
2011-04-12,29.0
2011-04-13,48.0
2011-04-14,51.0
2011-04-15,80.0
2011-04-18,44.0
2011-04-19,68.0
2011-04-20,128.0
2011-04-21,130.0
2011-04-25,113.0
2011-04-26,145.0
2011-04-27,135.0
2011-04-28,160.0
2011-04-29,190.0
2011-05-02,161.0
2011-05-03,61.0
2011-05-04,57.0
2011-05-05,53.0
2011-05-06,69.0
2011-05-09,83.0
2011-05-10,138.0
2011-05-11,94.0
2011-05-12,120.0
2011-05-13,95.0
2011-05-16,40.0
2011-05-17,31.0
2011-05-18,53.0
2011-05-19,85.0
2011-05-20,58.0
2011-05-23,44.0
2011-05-24,48.0
2011-05-25,45.0
2011-05-26,74.0
2011-05-27,94.0
2011-05-31,137.0
2011-06-01,82.0
2011-06-02,30.0
2011-06-03,30.0
2011-06-06,33.0
2011-06-07,25.0
2011-06-08,24.0
2011-06-09,32.0
2011-06-10,25.0
2011-06-13,37.0
2011-06-14,36.0
2011-06-15,16.0
2011-06-16,18.0
2011-06-17,34.0
2011-06-20,33.0
2011-06-21,65.0
2011-06-22,67.0
2011-06-23,43.0
2011-06-24,65.0
2011-06-27,73.0
2011-06-28,107.0
2011-06-29,96.0
2011-06-30,106.0
2011-07-01,157.0
2011-07-05,154.0
2011-07-06,145.0
2011-07-07,230.0
2011-07-08,81.0
2011-07-11,51.0
2011-07-12,55.0
2011-07-13,89.0
2011-07-14,60.0
2011-07-15,40.0
2011-07-18,37.0
2011-07-19,79.0
2011-07-20,76.0
2011-07-21,100.0
2011-07-22,82.0
2011-07-25,42.0
2011-07-26,35.0
2011-07-27,20.0
2011-07-28,22.0
2011-07-29,26.0
2011-08-01,41.0
2011-08-02,32.0
2011-08-03,27.0
2011-08-04,13.0
2011-08-05,5.0
2011-08-08,4.0
2011-08-09,10.0
2011-08-10,4.0
2011-08-11,7.0
2011-08-12,8.0
2011-08-15,13.0
2011-08-16,5.0
2011-08-17,6.0
2011-08-18,2.0
2011-08-19,6.0
2011-08-22,9.0
2011-08-23,7.0
2011-08-24,11.0
2011-08-25,10.0
2011-08-26,10.0
2011-08-29,26.0
2011-08-30,22.0
2011-08-31,24.0
2011-09-01,15.0
2011-09-02,8.0
2011-09-06,15.0
2011-09-07,18.0
2011-09-08,23.0
2011-09-09,7.0
2011-09-12,9.0
2011-09-13,8.0
2011-09-14,29.0
2011-09-15,23.0
2011-09-16,33.0
2011-09-19,23.0
2011-09-20,34.0
2011-09-21,10.0
2011-09-23,3.0
2011-09-26,6.0
2011-09-27,18.0
2011-09-28,9.0
2011-09-29,6.0
2011-09-30,3.0
2011-10-03,4.0
2011-10-04,6.0
2011-10-05,5.0
2011-10-06,5.0
2011-10-07,10.0
2011-10-10,16.0
2011-10-11,19.0
2011-10-12,23.0
2011-10-13,13.0
2011-10-14,29.0
2011-10-17,20.0
2011-10-18,27.0
2011-10-19,35.0
2011-10-20,17.0
2011-10-21,37.0
2011-10-24,63.0
2011-10-25,30.0
2011-10-26,33.0
2011-10-27,116.0
2011-10-28,59.0
2011-10-31,23.0
2011-11-01,11.0
2011-11-02,22.0
2011-11-03,42.0
2011-11-04,37.0
2011-11-07,37.0
2011-11-08,53.0
2011-11-09,11.0
2011-11-10,12.0
2011-11-11,30.0
2011-11-14,37.0
2011-11-15,43.0
2011-11-16,37.0
2011-11-17,21.0
2011-11-18,15.0
2011-11-21,15.0
2011-11-22,12.0
2011-11-23,6.0
2011-11-25,5.0
2011-11-28,14.0
2011-11-29,22.0
2011-11-30,59.0
2011-12-01,41.0
2011-12-02,43.0
2011-12-05,64.0
2011-12-06,38.0
2011-12-07,30.0
2011-12-08,19.0
2011-12-09,48.0
2011-12-12,18.0
2011-12-13,40.0
2011-12-14,9.0
2011-12-15,18.0
2011-12-16,35.0
2011-12-19,33.0
2011-12-20,51.0
2011-12-21,51.0
2011-12-22,59.0
2011-12-23,36.0
2011-12-27,61.0
2011-12-28,28.0
2011-12-29,33.0
2011-12-30,36.0
2012-01-03,77.0
2012-01-04,17.0
2012-01-05,37.0
2012-01-06,40.0
2012-01-09,56.0
2012-01-10,89.0
2012-01-11,51.0
2012-01-12,58.0
2012-01-13,43.0
2012-01-17,72.0
2012-01-18,69.0
2012-01-19,72.0
2012-01-20,59.0
2012-01-23,51.0
2012-01-24,54.0
2012-01-25,79.0
2012-01-26,89.0
2012-01-27,66.0
2012-01-30,56.0
2012-01-31,79.0
2012-02-01,129.0
2012-02-02,158.0
2012-02-03,237.0
2012-02-06,96.0
2012-02-07,78.0
2012-02-08,100.0
2012-02-09,97.0
2012-02-10,42.0
2012-02-13,94.0
2012-02-14,75.0
2012-02-15,97.0
2012-02-16,108.0
2012-02-17,116.0
2012-02-21,87.0
2012-02-22,55.0
2012-02-23,86.0
2012-02-24,97.0
2012-02-27,82.0
2012-02-28,76.0
2012-02-29,61.0
2012-03-01,76.0
2012-03-02,59.0
2012-03-05,47.0
2012-03-06,25.0
2012-03-07,34.0
2012-03-08,70.0
2012-03-09,116.0
2012-03-12,83.0
2012-03-13,153.0
2012-03-14,136.0
2012-03-15,116.0
2012-03-16,132.0
2012-03-19,149.0
2012-03-20,64.0
2012-03-21,91.0
2012-03-22,57.0
2012-03-23,68.0
2012-03-26,198.0
2012-03-27,173.0
2012-03-28,83.0
2012-03-29,70.0
2012-03-30,107.0
2012-04-02,112.0
2012-04-03,106.0
2012-04-04,37.0
2012-04-05,58.0
2012-04-09,28.0
2012-04-10,27.0
2012-04-11,32.0
2012-04-12,47.0
2012-04-13,57.0
2012-04-16,58.0
2012-04-17,76.0
2012-04-18,53.0
2012-04-19,71.0
2012-04-20,63.0
2012-04-23,42.0
2012-04-24,49.0
2012-04-25,87.0
2012-04-26,97.0
2012-04-27,143.0
2012-04-30,99.0
2012-05-01,123.0
2012-05-02,91.0
2012-05-03,88.0
2012-05-04,45.0
2012-05-07,45.0
2012-05-08,50.0
2012-05-09,43.0
2012-05-10,62.0
2012-05-11,50.0
2012-05-14,34.0
2012-05-15,39.0
2012-05-16,37.0
2012-05-17,20.0
2012-05-18,8.0
2012-05-21,17.0
2012-05-22,26.0
2012-05-23,22.0
2012-05-24,21.0
2012-05-25,23.0
2012-05-29,47.0
2012-05-30,24.0
2012-05-31,28.0
2012-06-01,12.0
2012-06-04,13.0
2012-06-05,20.0
2012-06-06,34.0
2012-06-07,43.0
2012-06-08,41.0
2012-06-11,66.0
2012-06-12,31.0
2012-06-13,30.0
2012-06-14,36.0
2012-06-15,60.0
2012-06-18,86.0
2012-06-19,106.0
2012-06-20,76.0
2012-06-21,46.0
2012-06-22,66.0
2012-06-25,38.0
2012-06-26,55.0
2012-06-27,75.0
2012-06-28,44.0
2012-06-29,135.0
2012-07-02,165.0
2012-07-03,176.0
2012-07-05,132.0
2012-07-06,54.0
2012-07-09,77.0
2012-07-10,91.0
2012-07-11,67.0
2012-07-12,49.0
2012-07-13,104.0
2012-07-16,65.0
2012-07-17,92.0
2012-07-18,99.0
2012-07-19,82.0
2012-07-20,39.0
2012-07-23,12.0
2012-07-24,13.0
2012-07-25,20.0
2012-07-26,42.0
2012-07-27,86.0
2012-07-30,67.0
2012-07-31,49.0
2012-08-01,38.0
2012-08-02,26.0
2012-08-03,56.0
2012-08-06,62.0
2012-08-07,70.0
2012-08-08,63.0
2012-08-09,54.0
2012-08-10,31.0
2012-08-13,35.0
2012-08-14,56.0
2012-08-15,49.0
2012-08-16,78.0
2012-08-17,92.0
2012-08-20,89.0
2012-08-21,105.0
2012-08-22,33.0
2012-08-23,37.0
2012-08-24,51.0
2012-08-27,59.0
2012-08-28,53.0
2012-08-29,65.0
2012-08-30,32.0
2012-08-31,56.0
2012-09-04,98.0
2012-09-05,100.0
2012-09-06,171.0
2012-09-07,139.0
2012-09-10,96.0
2012-09-11,92.0
2012-09-12,94.0
2012-09-13,188.0
2012-09-14,222.0
2012-09-17,89.0
2012-09-18,89.0
2012-09-19,117.0
2012-09-20,97.0
2012-09-21,187.0
2012-09-24,128.0
2012-09-25,140.0
2012-09-26,45.0
2012-09-27,103.0
2012-09-28,81.0
2012-10-01,126.0
2012-10-02,94.0
2012-10-03,121.0
2012-10-04,122.0
2012-10-05,156.0
2012-10-08,58.0
2012-10-09,45.0
2012-10-10,43.0
2012-10-11,60.0
2012-10-12,31.0
2012-10-15,47.0
2012-10-16,90.0
2012-10-17,95.0
2012-10-18,95.0
2012-10-19,45.0
2012-10-22,37.0
2012-10-23,23.0
2012-10-24,34.0
2012-10-25,44.0
2012-10-26,45.0
2012-10-31,74.0
2012-11-01,85.0
2012-11-02,71.0
2012-11-05,39.0
2012-11-06,60.0
2012-11-07,25.0
2012-11-08,31.0
2012-11-09,17.0
2012-11-12,22.0
2012-11-13,22.0
2012-11-14,17.0
2012-11-15,12.0
2012-11-16,15.0
2012-11-19,23.0
2012-11-20,26.0
2012-11-21,27.0
2012-11-23,33.0
2012-11-26,52.0
2012-11-27,56.0
2012-11-28,37.0
2012-11-29,70.0
2012-11-30,54.0
2012-12-03,60.0
2012-12-04,27.0
2012-12-05,44.0
2012-12-06,38.0
2012-12-07,44.0
2012-12-10,50.0
2012-12-11,78.0
2012-12-12,65.0
2012-12-13,32.0
2012-12-14,30.0
2012-12-17,43.0
2012-12-18,83.0
2012-12-19,95.0
2012-12-20,85.0
2012-12-21,43.0
2012-12-24,39.0
2012-12-26,34.0
2012-12-27,35.0
2012-12-28,33.0
2012-12-31,65.0
2013-01-02,214.0
2013-01-03,135.0
2013-01-04,125.0
2013-01-07,103.0
2013-01-08,93.0
2013-01-09,133.0
2013-01-10,154.0
2013-01-11,125.0
2013-01-14,127.0
2013-01-15,105.0
2013-01-16,95.0
2013-01-17,138.0
2013-01-18,133.0
2013-01-22,197.0
2013-01-23,154.0
2013-01-24,194.0
2013-01-25,188.0
2013-01-28,196.0
2013-01-29,158.0
2013-01-30,125.0
2013-01-31,138.0
2013-02-01,245.0
2013-02-04,121.0
2013-02-05,138.0
2013-02-06,141.0
2013-02-07,139.0
2013-02-08,175.0
2013-02-11,135.0
2013-02-12,169.0
2013-02-13,193.0
2013-02-14,183.0
2013-02-15,181.0
2013-02-19,226.0
2013-02-20,178.0
2013-02-21,52.0
2013-02-22,100.0
2013-02-25,108.0
2013-02-26,49.0
2013-02-27,101.0
2013-02-28,113.0
2013-03-01,100.0
2013-03-04,149.0
2013-03-05,239.0
2013-03-06,192.0
2013-03-07,178.0
2013-03-08,240.0
2013-03-11,189.0
2013-03-12,146.0
2013-03-13,144.0
2013-03-14,215.0
2013-03-15,207.0
2013-03-18,106.0
2013-03-19,117.0
2013-03-20,171.0
2013-03-21,108.0
2013-03-22,123.0
2013-03-25,180.0
2013-03-26,160.0
2013-03-27,119.0
2013-03-28,205.0
2013-04-01,132.0
2013-04-02,127.0
2013-04-03,54.0
2013-04-04,33.0
2013-04-05,39.0
2013-04-08,69.0
2013-04-09,83.0
2013-04-10,145.0
2013-04-11,165.0
2013-04-12,86.0
2013-04-15,49.0
2013-04-16,52.0
2013-04-17,31.0
2013-04-18,27.0
2013-04-19,52.0
2013-04-22,64.0
2013-04-23,109.0
2013-04-24,98.0
2013-04-25,139.0
2013-04-26,89.0
2013-04-29,124.0
2013-04-30,130.0
2013-05-01,101.0
2013-05-02,92.0
2013-05-03,211.0
2013-05-06,146.0
2013-05-07,191.0
2013-05-08,180.0
2013-05-09,150.0
2013-05-10,174.0
2013-05-13,156.0
2013-05-14,238.0
2013-05-15,264.0
2013-05-16,199.0
2013-05-17,224.0
2013-05-20,246.0
2013-05-21,191.0
2013-05-22,221.0
2013-05-23,43.0
2013-05-24,69.0
2013-05-28,225.0
2013-05-29,91.0
2013-05-30,141.0
2013-05-31,125.0
2013-06-03,143.0
2013-06-04,143.0
2013-06-05,45.0
2013-06-06,71.0
2013-06-07,128.0
2013-06-10,159.0
2013-06-11,91.0
2013-06-12,103.0
2013-06-13,84.0
2013-06-14,82.0
2013-06-17,116.0
2013-06-18,167.0
2013-06-19,124.0
2013-06-20,40.0
2013-06-21,57.0
2013-06-24,53.0
2013-06-25,73.0
2013-06-26,96.0
2013-06-27,122.0
2013-06-28,151.0
2013-07-01,235.0
2013-07-02,183.0
2013-07-03,111.0
2013-07-05,304.0
2013-07-08,362.0
2013-07-09,306.0
2013-07-10,233.0
2013-07-11,385.0
2013-07-12,298.0
2013-07-15,340.0
2013-07-16,259.0
2013-07-17,269.0
2013-07-18,334.0
2013-07-19,217.0
2013-07-22,275.0
2013-07-23,264.0
2013-07-24,239.0
2013-07-25,219.0
2013-07-26,152.0
2013-07-29,104.0
2013-07-30,123.0
2013-07-31,174.0
2013-08-01,287.0
2013-08-02,225.0
2013-08-05,220.0
2013-08-06,145.0
2013-08-07,97.0
2013-08-08,131.0
2013-08-09,110.0
2013-08-12,104.0
2013-08-13,122.0
2013-08-14,115.0
2013-08-15,35.0
2013-08-16,45.0
2013-08-19,49.0
2013-08-20,53.0
2013-08-21,59.0
2013-08-22,85.0
2013-08-23,94.0
2013-08-26,113.0
2013-08-27,32.0
2013-08-28,32.0
2013-08-29,60.0
2013-08-30,40.0
2013-09-03,88.0
2013-09-04,83.0
2013-09-05,115.0
2013-09-06,97.0
2013-09-09,132.0
2013-09-10,190.0
2013-09-11,155.0
2013-09-12,121.0
2013-09-13,95.0
2013-09-16,181.0
2013-09-17,137.0
2013-09-18,214.0
2013-09-19,216.0
2013-09-20,179.0
2013-09-23,127.0
2013-09-24,161.0
2013-09-25,154.0
2013-09-26,135.0
2013-09-27,90.0
2013-09-30,104.0
2013-10-01,198.0
2013-10-02,170.0
2013-10-03,115.0
2013-10-04,124.0
2013-10-07,76.0
2013-10-08,54.0
2013-10-09,29.0
2013-10-10,93.0
2013-10-11,152.0
2013-10-14,193.0
2013-10-15,145.0
2013-10-16,206.0
2013-10-17,237.0
2013-10-18,358.0
2013-10-21,328.0
2013-10-22,274.0
2013-10-23,165.0
2013-10-24,228.0
2013-10-25,231.0
2013-10-28,170.0
2013-10-29,210.0
2013-10-30,166.0
2013-10-31,107.0
2013-11-01,95.0
2013-11-04,111.0
2013-11-05,117.0
2013-11-06,136.0
2013-11-07,79.0
2013-11-08,136.0
2013-11-11,115.0
2013-11-12,114.0
2013-11-13,140.0
2013-11-14,174.0
2013-11-15,156.0
2013-11-18,193.0
2013-11-19,94.0
2013-11-20,92.0
2013-11-21,182.0
2013-11-22,230.0
2013-11-25,262.0
2013-11-26,240.0
2013-11-27,301.0
2013-11-29,314.0
2013-12-02,172.0
2013-12-03,99.0
2013-12-04,86.0
2013-12-05,82.0
2013-12-06,161.0
2013-12-09,149.0
2013-12-10,87.0
2013-12-11,58.0
2013-12-12,51.0
2013-12-13,58.0
2013-12-16,115.0
2013-12-17,87.0
2013-12-18,132.0
2013-12-19,138.0
2013-12-20,255.0
2013-12-23,318.0
2013-12-24,289.0
2013-12-26,284.0
2013-12-27,187.0
2013-12-30,149.0
2013-12-31,196.0
2014-01-02,95.0
2014-01-03,113.0
2014-01-06,135.0
2014-01-07,163.0
2014-01-08,178.0
2014-01-09,191.0
2014-01-10,169.0
2014-01-13,170.0
2014-01-14,148.0
2014-01-15,225.0
2014-01-16,185.0
2014-01-17,152.0
2014-01-21,215.0
2014-01-22,219.0
2014-01-23,112.0
2014-01-24,46.0
2014-01-27,45.0
2014-01-28,37.0
2014-01-29,44.0
2014-01-30,79.0
2014-01-31,78.0
2014-02-03,50.0
2014-02-04,33.0
2014-02-05,27.0
2014-02-06,40.0
2014-02-07,52.0
2014-02-10,64.0
2014-02-11,95.0
2014-02-12,112.0
2014-02-13,119.0
2014-02-14,112.0
2014-02-18,164.0
2014-02-19,125.0
2014-02-20,119.0
2014-02-21,180.0
2014-02-24,185.0
2014-02-25,126.0
2014-02-26,157.0
2014-02-27,128.0
2014-02-28,168.0
2014-03-03,60.0
2014-03-04,239.0
2014-03-05,170.0
2014-03-06,182.0
2014-03-07,146.0
2014-03-10,112.0
2014-03-11,130.0
2014-03-12,52.0
2014-03-13,76.0
2014-03-14,71.0
2014-03-17,118.0
2014-03-18,121.0
2014-03-19,133.0
2014-03-20,122.0
2014-03-21,156.0
2014-03-24,53.0
2014-03-25,45.0
2014-03-26,52.0
2014-03-27,19.0
2014-03-28,29.0
2014-03-31,62.0
2014-04-01,106.0
2014-04-02,106.0
2014-04-03,88.0
2014-04-04,59.0
2014-04-07,17.0
2014-04-08,21.0
2014-04-09,33.0
2014-04-10,20.0
2014-04-11,12.0
2014-04-14,27.0
2014-04-15,23.0
2014-04-16,34.0
2014-04-17,48.0
2014-04-21,62.0
2014-04-22,68.0
2014-04-23,46.0
2014-04-24,59.0
2014-04-25,23.0
2014-04-28,27.0
2014-04-29,29.0
2014-04-30,44.0
2014-05-01,50.0
2014-05-02,42.0
2014-05-05,30.0
2014-05-06,36.0
2014-05-07,33.0
2014-05-08,43.0
2014-05-09,14.0
2014-05-12,53.0
2014-05-13,44.0
2014-05-14,22.0
2014-05-15,8.0
2014-05-16,10.0
2014-05-19,28.0
2014-05-20,25.0
2014-05-21,23.0
2014-05-22,43.0
2014-05-23,41.0
2014-05-27,78.0
2014-05-28,56.0
2014-05-29,53.0
2014-05-30,55.0
2014-06-02,52.0
2014-06-03,51.0
2014-06-04,54.0
2014-06-05,83.0
2014-06-06,112.0
2014-06-09,154.0
2014-06-10,84.0
2014-06-11,70.0
2014-06-12,60.0
2014-06-13,59.0
2014-06-16,70.0
2014-06-17,84.0
2014-06-18,86.0
2014-06-19,89.0
2014-06-20,106.0
2014-06-23,90.0
2014-06-24,64.0
2014-06-25,46.0
2014-06-26,39.0
2014-06-27,79.0
2014-06-30,90.0
2014-07-01,170.0
2014-07-02,98.0
2014-07-03,94.0
2014-07-07,64.0
2014-07-08,25.0
2014-07-09,31.0
2014-07-10,20.0
2014-07-11,28.0
2014-07-14,48.0
2014-07-15,37.0
2014-07-16,48.0
2014-07-17,28.0
2014-07-18,33.0
2014-07-21,47.0
2014-07-22,63.0
2014-07-23,58.0
2014-07-24,53.0
2014-07-25,43.0
2014-07-28,36.0
2014-07-29,53.0
2014-07-30,52.0
2014-07-31,23.0
2014-08-01,18.0
2014-08-04,23.0
2014-08-05,29.0
2014-08-06,18.0
2014-08-07,17.0
2014-08-08,29.0
2014-08-11,53.0
2014-08-12,37.0
2014-08-13,48.0
2014-08-14,36.0
2014-08-15,52.0
2014-08-18,68.0
2014-08-19,78.0
2014-08-20,52.0
2014-08-21,49.0
2014-08-22,68.0
2014-08-25,87.0
2014-08-26,81.0
2014-08-27,70.0
2014-08-28,35.0
2014-08-29,66.0
2014-09-02,106.0
2014-09-03,93.0
2014-09-04,74.0
2014-09-05,49.0
2014-09-08,70.0
2014-09-09,52.0
2014-09-10,53.0
2014-09-11,69.0
2014-09-12,61.0
2014-09-15,34.0
2014-09-16,30.0
2014-09-17,60.0
2014-09-18,82.0
2014-09-19,78.0
2014-09-22,28.0
2014-09-23,21.0
2014-09-24,24.0
2014-09-25,18.0
2014-09-26,32.0
2014-09-29,38.0
2014-09-30,41.0
2014-10-01,15.0
2014-10-02,24.0
2014-10-03,31.0
2014-10-06,29.0
2014-10-07,14.0
2014-10-08,23.0
2014-10-09,24.0
2014-10-10,19.0
2014-10-13,21.0
2014-10-14,24.0
2014-10-15,16.0
2014-10-16,21.0
2014-10-17,29.0
2014-10-20,19.0
2014-10-21,40.0
2014-10-22,54.0
2014-10-23,53.0
2014-10-24,42.0
2014-10-27,40.0
2014-10-28,124.0
2014-10-29,108.0
2014-10-30,117.0
2014-10-31,213.0
2014-11-03,125.0
2014-11-04,91.0
2014-11-05,120.0
2014-11-06,108.0
2014-11-07,106.0
2014-11-10,130.0
2014-11-11,108.0
2014-11-12,121.0
2014-11-13,139.0
2014-11-14,72.0
2014-11-17,76.0
2014-11-18,92.0
2014-11-19,55.0
2014-11-20,61.0
2014-11-21,107.0
2014-11-24,102.0
2014-11-25,118.0
2014-11-26,103.0
2014-11-28,165.0
2014-12-01,51.0
2014-12-02,66.0
2014-12-03,113.0
2014-12-04,115.0
2014-12-05,145.0
2014-12-08,135.0
2014-12-09,90.0
2014-12-10,88.0
2014-12-11,87.0
2014-12-12,52.0
2014-12-15,42.0
2014-12-16,31.0
2014-12-17,54.0
2014-12-18,130.0
2014-12-19,130.0
2014-12-22,137.0
2014-12-23,169.0
2014-12-24,94.0
2014-12-26,132.0
2014-12-29,142.0
2014-12-30,113.0
2014-12-31,119.0
2015-01-02,64.0
2015-01-05,48.0
2015-01-06,34.0
2015-01-07,54.0
2015-01-08,90.0
2015-01-09,70.0
2015-01-12,73.0
2015-01-13,113.0
2015-01-14,38.0
2015-01-15,36.0
2015-01-16,36.0
2015-01-20,62.0
2015-01-21,41.0
2015-01-22,59.0
2015-01-23,84.0
2015-01-26,84.0
2015-01-27,61.0
2015-01-28,73.0
2015-01-29,33.0
2015-01-30,37.0
2015-02-02,24.0
2015-02-03,61.0
2015-02-04,72.0
2015-02-05,88.0
2015-02-06,104.0
2015-02-09,44.0
2015-02-10,55.0
2015-02-11,77.0
2015-02-12,114.0
2015-02-13,111.0
2015-02-17,106.0
2015-02-18,78.0
2015-02-19,106.0
2015-02-20,101.0
2015-02-23,109.0
2015-02-24,134.0
2015-02-25,119.0
2015-02-26,135.0
2015-02-27,96.0
2015-03-02,135.0
2015-03-03,74.0
2015-03-04,70.0
2015-03-05,87.0
2015-03-06,70.0
2015-03-09,68.0
2015-03-10,52.0
2015-03-11,57.0
2015-03-12,117.0
2015-03-13,94.0
2015-03-16,162.0
2015-03-17,106.0
2015-03-18,151.0
2015-03-19,141.0
2015-03-20,215.0
2015-03-23,148.0
2015-03-24,102.0
2015-03-25,66.0
2015-03-26,17.0
2015-03-27,32.0
2015-03-30,96.0
2015-03-31,75.0
2015-04-01,74.0
2015-04-02,100.0
2015-04-06,77.0
2015-04-07,66.0
2015-04-08,75.0
2015-04-09,80.0
2015-04-10,94.0
2015-04-13,103.0
2015-04-14,80.0
2015-04-15,107.0
2015-04-16,100.0
2015-04-17,37.0
2015-04-20,59.0
2015-04-21,90.0
2015-04-22,88.0
2015-04-23,117.0
2015-04-24,101.0
2015-04-27,102.0
2015-04-28,65.0
2015-04-29,59.0
2015-04-30,43.0
2015-05-01,29.0
2015-05-04,48.0
2015-05-05,38.0
2015-05-06,29.0
2015-05-07,41.0
2015-05-08,65.0
2015-05-11,60.0
2015-05-12,54.0
2015-05-13,67.0
2015-05-14,98.0
2015-05-15,93.0
2015-05-18,129.0
2015-05-19,120.0
2015-05-20,99.0
2015-05-21,83.0
2015-05-22,67.0
2015-05-26,40.0
2015-05-27,80.0
2015-05-28,83.0
2015-05-29,82.0
2015-06-01,101.0
2015-06-02,90.0
2015-06-03,142.0
2015-06-04,80.0
2015-06-05,115.0
2015-06-08,135.0
2015-06-09,93.0
2015-06-10,166.0
2015-06-11,121.0
2015-06-12,76.0
2015-06-15,106.0
2015-06-16,131.0
2015-06-17,148.0
2015-06-18,156.0
2015-06-19,145.0
2015-06-22,205.0
2015-06-23,177.0
2015-06-24,120.0
2015-06-25,113.0
2015-06-26,135.0
2015-06-29,50.0
2015-06-30,41.0
2015-07-01,76.0
2015-07-02,47.0
2015-07-06,38.0
2015-07-07,43.0
2015-07-08,32.0
2015-07-09,30.0
2015-07-10,70.0
2015-07-13,136.0
2015-07-14,126.0
2015-07-15,144.0
2015-07-16,178.0
2015-07-17,116.0
2015-07-20,112.0
2015-07-21,94.0
2015-07-22,97.0
2015-07-23,105.0
2015-07-24,45.0
2015-07-27,14.0
2015-07-28,37.0
2015-07-29,55.0
2015-07-30,63.0
2015-07-31,90.0
2015-08-03,80.0
2015-08-04,91.0
2015-08-05,132.0
2015-08-06,64.0
2015-08-07,21.0
2015-08-10,57.0
2015-08-11,40.0
2015-08-12,33.0
2015-08-13,47.0
2015-08-14,54.0
2015-08-17,88.0
2015-08-18,77.0
2015-08-19,33.0
2015-08-20,14.0
2015-08-21,12.0
2015-08-24,13.0
2015-08-25,7.0
2015-08-26,6.0
2015-08-27,17.0
2015-08-28,22.0
2015-08-31,23.0
2015-09-01,13.0
2015-09-02,21.0
2015-09-03,28.0
2015-09-04,11.0
2015-09-08,47.0
2015-09-09,44.0
2015-09-10,26.0
2015-09-11,32.0
2015-09-14,39.0
2015-09-15,40.0
2015-09-16,37.0
2015-09-17,60.0
2015-09-18,49.0
2015-09-21,36.0
2015-09-22,16.0
2015-09-23,27.0
2015-09-24,26.0
2015-09-25,42.0
2015-09-28,12.0
2015-09-29,16.0
2015-09-30,18.0
2015-10-01,16.0
2015-10-02,14.0
2015-10-05,45.0
2015-10-06,36.0
2015-10-07,44.0
2015-10-08,65.0
2015-10-09,67.0
2015-10-12,69.0
2015-10-13,63.0
2015-10-14,21.0
2015-10-15,46.0
2015-10-16,61.0
2015-10-19,52.0
2015-10-20,59.0
2015-10-21,66.0
2015-10-22,85.0
2015-10-23,141.0
2015-10-26,108.0
2015-10-27,58.0
2015-10-28,140.0
2015-10-29,106.0
2015-10-30,54.0
2015-11-02,79.0
2015-11-03,85.0
2015-11-04,71.0
2015-11-05,95.0
2015-11-06,147.0
2015-11-09,107.0
2015-11-10,77.0
2015-11-11,95.0
2015-11-12,32.0
2015-11-13,23.0
2015-11-16,23.0
2015-11-17,46.0
2015-11-18,61.0
2015-11-19,61.0
2015-11-20,70.0
2015-11-23,73.0
2015-11-24,62.0
2015-11-25,88.0
2015-11-27,90.0
2015-11-30,126.0
2015-12-01,116.0
2015-12-02,91.0
2015-12-03,59.0
2015-12-04,59.0
2015-12-07,59.0
2015-12-08,26.0
2015-12-09,32.0
2015-12-10,25.0
2015-12-11,18.0
2015-12-14,21.0
2015-12-15,30.0
2015-12-16,51.0
2015-12-17,47.0
2015-12-18,31.0
2015-12-21,35.0
2015-12-22,33.0
2015-12-23,39.0
2015-12-24,51.0
2015-12-28,40.0
2015-12-29,74.0
2015-12-30,52.0
2015-12-31,31.0
2016-01-04,9.0
2016-01-05,21.0
2016-01-06,24.0
2016-01-07,13.0
2016-01-08,16.0
2016-01-11,11.0
2016-01-12,11.0
2016-01-13,11.0
2016-01-14,6.0
2016-01-15,4.0
2016-01-19,7.0
2016-01-20,4.0
2016-01-21,4.0
2016-01-22,13.0
2016-01-25,9.0
2016-01-26,7.0
2016-01-27,9.0
2016-01-28,13.0
2016-01-29,29.0
2016-02-01,22.0
2016-02-02,20.0
2016-02-03,16.0
2016-02-04,10.0
2016-02-05,4.0
2016-02-08,5.0
2016-02-09,4.0
2016-02-10,6.0
2016-02-11,5.0
2016-02-12,8.0
2016-02-16,17.0
2016-02-17,16.0
2016-02-18,16.0
2016-02-19,20.0
2016-02-22,33.0
2016-02-23,21.0
2016-02-24,20.0
2016-02-25,28.0
2016-02-26,38.0
2016-02-29,34.0
2016-03-01,34.0
2016-03-02,28.0
2016-03-03,41.0
2016-03-04,35.0
2016-03-07,31.0
2016-03-08,17.0
2016-03-09,29.0
2016-03-10,24.0
2016-03-11,36.0
2016-03-14,31.0
2016-03-15,30.0
2016-03-16,33.0
2016-03-17,53.0
2016-03-18,69.0
2016-03-21,40.0
2016-03-22,34.0
2016-03-23,28.0
2016-03-24,22.0
2016-03-28,29.0
2016-03-29,60.0
2016-03-30,72.0
2016-03-31,52.0
2016-04-01,58.0
2016-04-04,61.0
2016-04-05,22.0
2016-04-06,32.0
2016-04-07,21.0
2016-04-08,28.0
2016-04-11,33.0
2016-04-12,30.0
2016-04-13,44.0
2016-04-14,49.0
2016-04-15,49.0
2016-04-18,63.0
2016-04-19,68.0
2016-04-20,56.0
2016-04-21,47.0
2016-04-22,44.0
2016-04-25,38.0
2016-04-26,49.0
2016-04-27,66.0
2016-04-28,58.0
2016-04-29,43.0
2016-05-02,49.0
2016-05-03,34.0
2016-05-04,33.0
2016-05-05,31.0
2016-05-06,28.0
2016-05-09,40.0
2016-05-10,46.0
2016-05-11,42.0
2016-05-12,29.0
2016-05-13,28.0
2016-05-16,46.0
2016-05-17,27.0
2016-05-18,24.0
2016-05-19,19.0
2016-05-20,33.0
2016-05-23,40.0
2016-05-24,77.0
2016-05-25,93.0
2016-05-26,52.0
2016-05-27,67.0
2016-05-31,78.0
2016-06-01,69.0
2016-06-02,80.0
2016-06-03,54.0
2016-06-06,89.0
2016-06-07,79.0
2016-06-08,96.0
2016-06-09,81.0
2016-06-10,30.0
2016-06-13,37.0
2016-06-14,18.0
2016-06-15,35.0
2016-06-16,28.0
2016-06-17,32.0
2016-06-20,61.0
2016-06-21,43.0
2016-06-22,56.0
2016-06-23,82.0
2016-06-24,28.0
2016-06-27,12.0
2016-06-28,24.0
2016-06-29,42.0
2016-06-30,79.0
2016-07-01,98.0
2016-07-05,76.0
2016-07-06,60.0
2016-07-07,60.0
2016-07-08,116.0
2016-07-11,150.0
2016-07-12,162.0
2016-07-13,120.0
2016-07-14,122.0
2016-07-15,73.0
2016-07-18,89.0
2016-07-19,55.0
2016-07-20,94.0
2016-07-21,74.0
2016-07-22,91.0
2016-07-25,89.0
2016-07-26,119.0
2016-07-27,129.0
2016-07-28,106.0
2016-07-29,101.0
2016-08-01,95.0
2016-08-02,54.0
2016-08-03,59.0
2016-08-04,75.0
2016-08-05,107.0
2016-08-08,97.0
2016-08-09,110.0
2016-08-10,83.0
2016-08-11,91.0
2016-08-12,74.0
2016-08-15,126.0
2016-08-16,68.0
2016-08-17,54.0
2016-08-18,75.0
2016-08-19,94.0
2016-08-22,86.0
2016-08-23,136.0
2016-08-24,96.0
2016-08-25,79.0
2016-08-26,123.0
2016-08-29,119.0
2016-08-30,135.0
2016-08-31,108.0
2016-09-01,104.0
2016-09-02,148.0
2016-09-06,173.0
2016-09-07,163.0
2016-09-08,115.0
2016-09-09,47.0
2016-09-12,35.0
2016-09-13,33.0
2016-09-14,43.0
2016-09-15,68.0
2016-09-16,78.0
2016-09-19,93.0
2016-09-20,65.0
2016-09-21,75.0
2016-09-22,152.0
2016-09-23,94.0
2016-09-26,55.0
2016-09-27,81.0
2016-09-28,102.0
2016-09-29,87.0
2016-09-30,95.0
2016-10-03,75.0
2016-10-04,78.0
2016-10-05,106.0
2016-10-06,74.0
2016-10-07,57.0
2016-10-10,128.0
2016-10-11,44.0
2016-10-12,34.0
2016-10-13,21.0
2016-10-14,29.0
2016-10-17,21.0
2016-10-18,38.0
2016-10-19,56.0
2016-10-20,58.0
2016-10-21,54.0
2016-10-24,99.0
2016-10-25,67.0
2016-10-26,51.0
2016-10-27,63.0
2016-10-28,49.0
2016-10-31,36.0
2016-11-01,39.0
2016-11-02,22.0
2016-11-03,32.0
2016-11-04,40.0
2016-11-07,65.0
2016-11-08,58.0
2016-11-09,194.0
2016-11-10,319.0
2016-11-11,336.0
2016-11-14,397.0
2016-11-15,169.0
2016-11-16,193.0
2016-11-17,250.0
2016-11-18,250.0
2016-11-21,252.0
2016-11-22,311.0
2016-11-23,312.0
2016-11-25,269.0
2016-11-28,200.0
2016-11-29,199.0
2016-11-30,195.0
2016-12-01,195.0
2016-12-02,113.0
2016-12-05,217.0
2016-12-06,294.0
2016-12-07,349.0
2016-12-08,468.0
2016-12-09,363.0
2016-12-12,228.0
2016-12-13,191.0
2016-12-14,112.0
2016-12-15,158.0
2016-12-16,166.0
2016-12-19,151.0
2016-12-20,226.0
2016-12-21,183.0
2016-12-22,134.0
2016-12-23,91.0
2016-12-27,186.0
2016-12-28,124.0
2016-12-29,96.0
2016-12-30,62.0
2017-01-03,129.0
2017-01-04,165.0
2017-01-05,97.0
2017-01-06,77.0
2017-01-09,65.0
2017-01-10,91.0
2017-01-11,108.0
2017-01-12,65.0
2017-01-13,121.0
2017-01-17,64.0
2017-01-18,77.0
2017-01-19,76.0
2017-01-20,78.0
2017-01-23,92.0
2017-01-24,133.0
2017-01-25,207.0
2017-01-26,155.0
2017-01-27,114.0
2017-01-30,52.0
2017-01-31,80.0
2017-02-01,133.0
2017-02-02,84.0
2017-02-03,144.0
2017-02-06,111.0
2017-02-07,105.0
2017-02-08,96.0
2017-02-09,147.0
2017-02-10,148.0
2017-02-13,195.0
2017-02-14,127.0
2017-02-15,159.0
2017-02-16,157.0
2017-02-17,131.0
2017-02-21,211.0
2017-02-22,138.0
2017-02-23,139.0
2017-02-24,95.0
2017-02-27,124.0
2017-02-28,99.0
2017-03-01,216.0
2017-03-02,125.0
2017-03-03,60.0
2017-03-06,60.0
2017-03-07,59.0
2017-03-08,75.0
2017-03-09,64.0
2017-03-10,84.0
2017-03-13,101.0
2017-03-14,53.0
2017-03-15,107.0
2017-03-16,122.0
2017-03-17,136.0
2017-03-20,98.0
2017-03-21,89.0
2017-03-22,26.0
2017-03-23,56.0
2017-03-24,67.0
2017-03-27,58.0
2017-03-28,88.0
2017-03-29,87.0
2017-03-30,85.0
2017-03-31,99.0
2017-04-03,89.0
2017-04-04,44.0
2017-04-05,65.0
2017-04-06,31.0
2017-04-07,54.0
2017-04-10,63.0
2017-04-11,62.0
2017-04-12,58.0
2017-04-13,39.0
2017-04-17,33.0
2017-04-18,43.0
2017-04-19,79.0
2017-04-20,110.0
2017-04-21,91.0
2017-04-24,183.0
2017-04-25,217.0
2017-04-26,207.0
2017-04-27,194.0
2017-04-28,115.0
2017-05-01,135.0
2017-05-02,148.0
2017-05-03,84.0
2017-05-04,111.0
2017-05-05,116.0
2017-05-08,125.0
2017-05-09,119.0
2017-05-10,131.0
2017-05-11,97.0
2017-05-12,85.0
2017-05-15,130.0
2017-05-16,142.0
2017-05-17,30.0
2017-05-18,46.0
2017-05-19,71.0
2017-05-22,96.0
2017-05-23,83.0
2017-05-24,86.0
2017-05-25,127.0
2017-05-26,88.0
2017-05-30,92.0
2017-05-31,95.0
2017-06-01,143.0
2017-06-02,207.0
2017-06-05,139.0
2017-06-06,96.0
2017-06-07,92.0
2017-06-08,139.0
2017-06-09,188.0
2017-06-12,85.0
2017-06-13,87.0
2017-06-14,75.0
2017-06-15,49.0
2017-06-16,58.0
2017-06-19,96.0
2017-06-20,64.0
2017-06-21,66.0
2017-06-22,81.0
2017-06-23,97.0
2017-06-26,122.0
2017-06-27,57.0
2017-06-28,69.0
2017-06-29,58.0
2017-06-30,58.0
2017-07-03,60.0
2017-07-05,58.0
2017-07-06,39.0
2017-07-07,34.0
2017-07-10,45.0
2017-07-11,49.0
2017-07-12,87.0
2017-07-13,62.0
2017-07-14,66.0
2017-07-17,71.0
2017-07-18,69.0
2017-07-19,101.0
2017-07-20,89.0
2017-07-21,91.0
2017-07-24,71.0
2017-07-25,129.0
2017-07-26,121.0
2017-07-27,120.0
2017-07-28,47.0
2017-07-31,64.0
2017-08-01,71.0
2017-08-02,56.0
2017-08-03,60.0
2017-08-04,63.0
2017-08-07,72.0
2017-08-08,85.0
2017-08-09,30.0
2017-08-10,28.0
2017-08-11,27.0
2017-08-14,54.0
2017-08-15,48.0
2017-08-16,47.0
2017-08-17,24.0
2017-08-18,21.0
2017-08-21,23.0
2017-08-22,36.0
2017-08-23,41.0
2017-08-24,36.0
2017-08-25,46.0
2017-08-28,53.0
2017-08-29,62.0
2017-08-30,85.0
2017-08-31,119.0
2017-09-01,121.0
2017-09-05,96.0
2017-09-06,80.0
2017-09-07,86.0
2017-09-08,86.0
2017-09-11,119.0
2017-09-12,108.0
2017-09-13,94.0
2017-09-14,89.0
2017-09-15,87.0
2017-09-18,151.0
2017-09-19,127.0
2017-09-20,123.0
2017-09-21,96.0
2017-09-22,99.0
2017-09-25,97.0
2017-09-26,122.0
2017-09-27,237.0
2017-09-28,185.0
2017-09-29,207.0
2017-10-02,255.0
2017-10-03,263.0
2017-10-04,197.0
2017-10-05,185.0
2017-10-06,150.0
2017-10-09,151.0
2017-10-10,159.0
2017-10-11,154.0
2017-10-12,147.0
2017-10-13,125.0
2017-10-16,126.0
2017-10-17,80.0
2017-10-18,97.0
2017-10-19,60.0
2017-10-20,181.0
2017-10-23,109.0
2017-10-24,97.0
2017-10-25,87.0
2017-10-26,118.0
2017-10-27,155.0
2017-10-30,86.0
2017-10-31,129.0
2017-11-01,113.0
2017-11-02,103.0
2017-11-03,117.0
2017-11-06,117.0
2017-11-07,96.0
2017-11-08,79.0
2017-11-09,63.0
2017-11-10,68.0
2017-11-13,62.0
2017-11-14,61.0
2017-11-15,45.0
2017-11-16,108.0
2017-11-17,93.0
2017-11-20,115.0
2017-11-21,170.0
2017-11-22,135.0
2017-11-24,102.0
2017-11-27,112.0
2017-11-28,128.0
2017-11-29,210.0
2017-11-30,187.0
2017-12-01,79.0
2017-12-04,180.0
2017-12-05,62.0
2017-12-06,38.0
2017-12-07,57.0
2017-12-08,68.0
2017-12-11,63.0
2017-12-12,60.0
2017-12-13,66.0
2017-12-14,58.0
2017-12-15,80.0
2017-12-18,150.0
2017-12-19,93.0
2017-12-20,73.0
2017-12-21,79.0
2017-12-22,53.0
2017-12-26,81.0
2017-12-27,70.0
2017-12-28,65.0
2017-12-29,75.0
2018-01-02,92.0
2018-01-03,110.0
2018-01-04,117.0
2018-01-05,116.0
2018-01-08,130.0
2018-01-09,129.0
2018-01-10,91.0
2018-01-11,176.0
2018-01-12,215.0
2018-01-16,238.0
2018-01-17,112.0
2018-01-18,125.0
2018-01-19,170.0
2018-01-22,204.0
2018-01-23,224.0
2018-01-24,193.0
2018-01-25,120.0
2018-01-26,159.0
2018-01-29,151.0
2018-01-30,43.0
2018-01-31,87.0
2018-02-01,77.0
2018-02-02,51.0
2018-02-05,19.0
2018-02-06,22.0
2018-02-07,27.0
2018-02-08,24.0
2018-02-09,16.0
2018-02-12,24.0
2018-02-13,23.0
2018-02-14,43.0
2018-02-15,71.0
2018-02-16,75.0
2018-02-20,80.0
2018-02-21,94.0
2018-02-22,61.0
2018-02-23,70.0
2018-02-26,104.0
2018-02-27,89.0
2018-02-28,58.0
2018-03-01,37.0
2018-03-02,63.0
2018-03-05,104.0
2018-03-06,119.0
2018-03-07,136.0
2018-03-08,146.0
2018-03-09,193.0
2018-03-12,209.0
2018-03-13,169.0
2018-03-14,61.0
2018-03-15,72.0
2018-03-16,104.0
2018-03-19,62.0
2018-03-20,67.0
2018-03-21,87.0
2018-03-22,34.0
2018-03-23,20.0
2018-03-26,38.0
2018-03-27,44.0
2018-03-28,23.0
2018-03-29,38.0
2018-04-02,16.0
2018-04-03,24.0
2018-04-04,34.0
2018-04-05,56.0
2018-04-06,37.0
2018-04-09,24.0
2018-04-10,44.0
2018-04-11,44.0
2018-04-12,65.0
2018-04-13,47.0
2018-04-16,64.0
2018-04-17,103.0
2018-04-18,104.0
2018-04-19,68.0
2018-04-20,45.0
2018-04-23,64.0
2018-04-24,67.0
2018-04-25,45.0
2018-04-26,62.0
2018-04-27,53.0
2018-04-30,56.0
2018-05-01,43.0
2018-05-02,78.0
2018-05-03,52.0
2018-05-04,88.0
2018-05-07,109.0
2018-05-08,109.0
2018-05-09,154.0
2018-05-10,159.0
2018-05-11,127.0
2018-05-14,116.0
2018-05-15,80.0
2018-05-16,118.0
2018-05-17,142.0
2018-05-18,135.0
2018-05-21,172.0
2018-05-22,146.0
2018-05-23,79.0
2018-05-24,102.0
2018-05-25,104.0
2018-05-29,93.0
2018-05-30,183.0
2018-05-31,133.0
2018-06-01,171.0
2018-06-04,209.0
2018-06-05,220.0
2018-06-06,265.0
2018-06-07,226.0
2018-06-08,136.0
2018-06-11,152.0
2018-06-12,147.0
2018-06-13,159.0
2018-06-14,155.0
2018-06-15,143.0
2018-06-18,156.0
2018-06-19,127.0
2018-06-20,199.0
2018-06-21,132.0
2018-06-22,125.0
2018-06-25,67.0
2018-06-26,71.0
2018-06-27,56.0
2018-06-28,46.0
2018-06-29,50.0
2018-07-02,50.0
2018-07-03,76.0
2018-07-05,82.0
2018-07-06,129.0
2018-07-09,133.0
2018-07-10,108.0
2018-07-11,66.0
2018-07-12,95.0
2018-07-13,87.0
2018-07-16,63.0
2018-07-17,86.0
2018-07-18,99.0
2018-07-19,93.0
2018-07-20,108.0
2018-07-23,104.0
2018-07-24,118.0
2018-07-25,69.0
2018-07-26,106.0
2018-07-27,64.0
2018-07-30,25.0
2018-07-31,38.0
2018-08-01,61.0
2018-08-02,91.0
2018-08-03,77.0
2018-08-06,75.0
2018-08-07,104.0
2018-08-08,76.0
2018-08-09,96.0
2018-08-10,75.0
2018-08-13,56.0
2018-08-14,80.0
2018-08-15,58.0
2018-08-16,78.0
2018-08-17,79.0
2018-08-20,112.0
2018-08-21,148.0
2018-08-22,104.0
2018-08-23,123.0
2018-08-24,138.0
2018-08-27,150.0
2018-08-28,101.0
2018-08-29,111.0
2018-08-30,92.0
2018-08-31,118.0
2018-09-04,146.0
2018-09-05,98.0
2018-09-06,86.0
2018-09-07,97.0
2018-09-10,104.0
2018-09-11,102.0
2018-09-12,74.0
2018-09-13,115.0
2018-09-14,116.0
2018-09-17,54.0
2018-09-18,61.0
2018-09-19,54.0
2018-09-20,55.0
2018-09-21,66.0
2018-09-24,38.0
2018-09-25,64.0
2018-09-26,57.0
2018-09-27,54.0
2018-09-28,71.0
2018-10-01,93.0
2018-10-02,33.0
2018-10-03,29.0
2018-10-04,21.0
2018-10-05,22.0
2018-10-08,15.0
2018-10-09,18.0
2018-10-10,11.0
2018-10-11,4.0
2018-10-12,8.0
2018-10-15,13.0
2018-10-16,17.0
2018-10-17,11.0
2018-10-18,12.0
2018-10-19,10.0
2018-10-22,11.0
2018-10-23,9.0
2018-10-24,14.0
2018-10-25,15.0
2018-10-26,12.0
2018-10-29,19.0
2018-10-30,18.0
2018-10-31,37.0
2018-11-01,28.0
2018-11-02,37.0
2018-11-05,31.0
2018-11-06,36.0
2018-11-07,53.0
2018-11-08,68.0
2018-11-09,37.0
2018-11-12,22.0
2018-11-13,18.0
2018-11-14,20.0
2018-11-15,19.0
2018-11-16,27.0
2018-11-19,17.0
2018-11-20,8.0
2018-11-21,10.0
2018-11-23,17.0
2018-11-26,15.0
2018-11-27,13.0
2018-11-28,31.0
2018-11-29,30.0
2018-11-30,42.0
2018-12-03,60.0
2018-12-04,34.0
2018-12-05,4.0
2018-12-06,8.0
2018-12-07,10.0
2018-12-10,13.0
2018-12-11,18.0
2018-12-12,17.0
2018-12-13,14.0
2018-12-14,11.0
2018-12-17,9.0
2018-12-18,9.0
2018-12-19,8.0
2018-12-20,5.0
2018-12-21,5.0
2018-12-24,4.0
2018-12-26,5.0
2018-12-27,5.0
2018-12-28,7.0
2018-12-31,10.0
2019-01-02,8.0
2019-01-03,7.0
2019-01-04,8.0
2019-01-07,20.0
2019-01-08,22.0
2019-01-09,18.0
2019-01-10,14.0
2019-01-11,20.0
2019-01-14,14.0
2019-01-15,25.0
2019-01-16,25.0
2019-01-17,25.0
2019-01-18,28.0
2019-01-22,19.0
2019-01-23,18.0
2019-01-24,25.0
2019-01-25,38.0
2019-01-28,31.0
2019-01-29,28.0
2019-01-30,26.0
2019-01-31,46.0
2019-02-01,46.0
2019-02-04,50.0
2019-02-05,58.0
2019-02-06,43.0
2019-02-07,33.0
2019-02-08,41.0
2019-02-11,56.0
2019-02-12,68.0
2019-02-13,61.0
2019-02-14,58.0
2019-02-15,79.0
2019-02-19,80.0
2019-02-20,89.0
2019-02-21,65.0
2019-02-22,98.0
2019-02-25,114.0
2019-02-26,41.0
2019-02-27,61.0
2019-02-28,63.0
2019-03-01,86.0
2019-03-04,73.0
2019-03-05,28.0
2019-03-06,21.0
2019-03-07,19.0
2019-03-08,27.0
2019-03-11,52.0
2019-03-12,56.0
2019-03-13,57.0
2019-03-14,53.0
2019-03-15,66.0
2019-03-18,57.0
2019-03-19,58.0
2019-03-20,46.0
2019-03-21,78.0
2019-03-22,21.0
2019-03-25,17.0
2019-03-26,32.0
2019-03-27,25.0
2019-03-28,38.0
2019-03-29,51.0
2019-04-01,69.0
2019-04-02,51.0
2019-04-03,73.0
2019-04-04,46.0
2019-04-05,63.0
2019-04-08,59.0
2019-04-09,43.0
2019-04-10,62.0
2019-04-11,65.0
2019-04-12,84.0
2019-04-15,77.0
2019-04-16,90.0
2019-04-17,64.0
2019-04-18,41.0
2019-04-22,32.0
2019-04-23,75.0
2019-04-24,95.0
2019-04-25,59.0
2019-04-26,73.0
2019-04-29,78.0
2019-04-30,80.0
2019-05-01,79.0
2019-05-02,48.0
2019-05-03,81.0
2019-05-06,57.0
2019-05-07,43.0
2019-05-08,47.0
2019-05-09,39.0
2019-05-10,48.0
2019-05-13,25.0
2019-05-14,41.0
2019-05-15,53.0
2019-05-16,89.0
2019-05-17,53.0
2019-05-20,34.0
2019-05-21,55.0
2019-05-22,43.0
2019-05-23,21.0
2019-05-24,35.0
2019-05-28,40.0
2019-05-29,16.0
2019-05-30,17.0
2019-05-31,10.0
2019-06-03,22.0
2019-06-04,38.0
2019-06-05,68.0
2019-06-06,65.0
2019-06-07,101.0
2019-06-10,88.0
2019-06-11,55.0
2019-06-12,39.0
2019-06-13,42.0
2019-06-14,41.0
2019-06-17,56.0
2019-06-18,72.0
2019-06-19,51.0
2019-06-20,113.0
2019-06-21,61.0
2019-06-24,34.0
2019-06-25,24.0
2019-06-26,20.0
2019-06-27,28.0
2019-06-28,67.0
2019-07-01,118.0
2019-07-02,60.0
2019-07-03,84.0
2019-07-05,59.0
2019-07-08,46.0
2019-07-09,48.0
2019-07-10,90.0
2019-07-11,73.0
2019-07-12,75.0
2019-07-15,79.0
2019-07-16,74.0
2019-07-17,51.0
2019-07-18,58.0
2019-07-19,70.0
2019-07-22,39.0
2019-07-23,43.0
2019-07-24,74.0
2019-07-25,75.0
2019-07-26,102.0
2019-07-29,66.0
2019-07-30,75.0
2019-07-31,102.0
2019-08-01,68.0
2019-08-02,17.0
2019-08-05,13.0
2019-08-06,20.0
2019-08-07,32.0
2019-08-08,69.0
2019-08-09,55.0
2019-08-12,33.0
2019-08-13,49.0
2019-08-14,24.0
2019-08-15,21.0
2019-08-16,40.0
2019-08-19,60.0
2019-08-20,45.0
2019-08-21,53.0
2019-08-22,51.0
2019-08-23,41.0
2019-08-26,12.0
2019-08-27,33.0
2019-08-28,24.0
2019-08-29,37.0
2019-08-30,30.0
2019-09-03,36.0
2019-09-04,50.0
2019-09-05,66.0
2019-09-06,55.0
2019-09-09,52.0
2019-09-10,35.0
2019-09-11,52.0
2019-09-12,79.0
2019-09-13,69.0
2019-09-16,43.0
2019-09-17,43.0
2019-09-18,44.0
2019-09-19,62.0
2019-09-20,44.0
2019-09-23,39.0
2019-09-24,38.0
2019-09-25,34.0
2019-09-26,31.0
2019-09-27,24.0
2019-09-30,29.0
2019-10-01,29.0
2019-10-02,10.0
2019-10-03,9.0
2019-10-04,20.0
2019-10-07,24.0
2019-10-08,9.0
2019-10-09,13.0
2019-10-10,16.0
2019-10-11,40.0
2019-10-14,19.0
2019-10-15,41.0
2019-10-16,33.0
2019-10-17,49.0
2019-10-18,44.0
2019-10-21,73.0
2019-10-22,63.0
2019-10-23,45.0
2019-10-24,53.0
2019-10-25,68.0
2019-10-28,92.0
2019-10-29,83.0
2019-10-30,62.0
2019-10-31,74.0
2019-11-01,98.0
2019-11-04,113.0
2019-11-05,129.0
2019-11-06,64.0
2019-11-07,101.0
2019-11-08,67.0
2019-11-11,61.0
2019-11-12,102.0
2019-11-13,75.0
2019-11-14,66.0
2019-11-15,94.0
2019-11-18,89.0
2019-11-19,94.0
2019-11-20,82.0
2019-11-21,51.0
2019-11-22,57.0
2019-11-25,112.0
2019-11-26,114.0
2019-11-27,108.0
2019-11-29,72.0
2019-12-02,58.0
2019-12-03,35.0
2019-12-04,62.0
2019-12-05,57.0
2019-12-06,111.0
2019-12-09,76.0
2019-12-10,69.0
2019-12-11,80.0
2019-12-12,158.0
2019-12-13,128.0
2019-12-16,193.0
2019-12-17,148.0
2019-12-18,143.0
2019-12-19,116.0
2019-12-20,162.0
2019-12-23,119.0
2019-12-24,87.0
2019-12-26,98.0
2019-12-27,83.0
2019-12-30,72.0
2019-12-31,88.0
2020-01-02,110.0
2020-01-03,59.0
2020-01-06,65.0
2020-01-07,96.0
2020-01-08,113.0
2020-01-09,140.0
2020-01-10,91.0
2020-01-13,132.0
2020-01-14,143.0
2020-01-15,144.0
2020-01-16,182.0
2020-01-17,188.0
2020-01-21,127.0
2020-01-22,156.0
2020-01-23,87.0
2020-01-24,110.0
2020-01-27,29.0
2020-01-28,60.0
2020-01-29,64.0
2020-01-30,52.0
2020-01-31,50.0
2020-02-03,53.0
2020-02-04,106.0
2020-02-05,114.0
2020-02-06,112.0
2020-02-07,71.0
2020-02-10,98.0
2020-02-11,134.0
2020-02-12,139.0
2020-02-13,137.0
2020-02-14,127.0
2020-02-18,115.0
2020-02-19,161.0
2020-02-20,128.0
2020-02-21,77.0
2020-02-24,18.0
2020-02-25,24.0
2020-02-26,17.0
2020-02-27,19.0
2020-02-28,15.0
2020-03-02,20.0
2020-03-03,19.0
2020-03-04,30.0
2020-03-05,22.0
2020-03-06,14.0
2020-03-09,3.0
2020-03-10,5.0
2020-03-11,3.0
2020-03-12,1.0
2020-03-13,0.01
2020-03-16,1.0
2020-03-17,5.0
2020-03-18,5.0
2020-03-19,9.0
2020-03-20,2.0
2020-03-23,1.0
2020-03-24,4.0
2020-03-25,2.0
2020-03-26,3.0
2020-03-27,5.0
2020-03-30,5.0
2020-03-31,14.0
2020-04-01,9.0
2020-04-02,5.0
2020-04-03,4.0
2020-04-06,11.0
2020-04-07,9.0
2020-04-08,7.0
2020-04-09,10.0
2020-04-13,14.0
2020-04-14,26.0
2020-04-15,26.0
2020-04-16,41.0
2020-04-17,33.0
2020-04-20,34.0
2020-04-21,21.0
2020-04-22,28.0
2020-04-23,38.0
2020-04-24,37.0
2020-04-27,51.0
2020-04-28,41.0
2020-04-29,37.0
2020-04-30,22.0
2020-05-01,10.0
2020-05-04,14.0
2020-05-05,36.0
2020-05-06,44.0
2020-05-07,44.0
2020-05-08,59.0
2020-05-11,89.0
2020-05-12,83.0
2020-05-13,28.0
2020-05-14,20.0
2020-05-15,37.0
2020-05-18,80.0
2020-05-19,49.0
2020-05-20,62.0
2020-05-21,50.0
2020-05-22,56.0
2020-05-26,85.0
2020-05-27,33.0
2020-05-28,58.0
2020-05-29,53.0
2020-06-01,84.0
2020-06-02,70.0
2020-06-03,80.0
2020-06-04,36.0
2020-06-05,75.0
2020-06-08,68.0
2020-06-09,37.0
2020-06-10,69.0
2020-06-11,13.0
2020-06-12,12.0
2020-06-15,35.0
2020-06-16,71.0
2020-06-17,85.0
2020-06-18,62.0
2020-06-19,105.0
2020-06-22,97.0
2020-06-23,126.0
2020-06-24,35.0
2020-06-25,57.0
2020-06-26,52.0
2020-06-29,38.0
2020-06-30,63.0
2020-07-01,74.0
2020-07-02,109.0
2020-07-06,134.0
2020-07-07,77.0
2020-07-08,87.0
2020-07-09,104.0
2020-07-10,69.0
2020-07-13,107.0
2020-07-14,30.0
2020-07-15,65.0
2020-07-16,47.0
2020-07-17,80.0
2020-07-20,112.0
2020-07-21,115.0
2020-07-22,74.0
2020-07-23,97.0
2020-07-24,24.0
2020-07-27,54.0
2020-07-28,50.0
2020-07-29,72.0
2020-07-30,86.0
2020-07-31,97.0
2020-08-03,145.0
2020-08-04,119.0
2020-08-05,154.0
2020-08-06,130.0
2020-08-07,99.0
2020-08-10,90.0
2020-08-11,78.0
2020-08-12,64.0
2020-08-13,56.0
2020-08-14,41.0
2020-08-17,69.0
2020-08-18,60.0
2020-08-19,60.0
2020-08-20,53.0
2020-08-21,45.0
2020-08-24,71.0
2020-08-25,46.0
2020-08-26,76.0
2020-08-27,53.0
2020-08-28,73.0
2020-08-31,73.0
2020-09-01,99.0
2020-09-02,131.0
2020-09-03,25.0
2020-09-04,18.0
2020-09-08,27.0
2020-09-09,27.0
2020-09-10,35.0
2020-09-11,19.0
2020-09-14,37.0
2020-09-15,54.0
2020-09-16,68.0
2020-09-17,31.0
2020-09-18,60.0
2020-09-21,17.0
2020-09-22,21.0
2020-09-23,26.0
2020-09-24,6.0
2020-09-25,15.0
2020-09-28,37.0
2020-09-29,48.0
2020-09-30,50.0
2020-10-01,56.0
2020-10-02,49.0
2020-10-05,95.0
2020-10-06,101.0
2020-10-07,114.0
2020-10-08,116.0
2020-10-09,127.0
2020-10-12,142.0
2020-10-13,106.0
2020-10-14,101.0
2020-10-15,42.0
2020-10-16,88.0
2020-10-19,88.0
2020-10-20,61.0
2020-10-21,42.0
2020-10-22,47.0
2020-10-23,46.0
2020-10-26,22.0
2020-10-27,28.0
2020-10-28,11.0
2020-10-29,23.0
2020-10-30,18.0
2020-11-02,21.0
2020-11-03,40.0
2020-11-04,99.0
2020-11-05,136.0
2020-11-06,114.0
2020-11-09,220.0
2020-11-10,63.0
2020-11-11,64.0
2020-11-12,65.0
2020-11-13,73.0
2020-11-16,136.0
2020-11-17,85.0
2020-11-18,121.0
2020-11-19,71.0
2020-11-20,103.0
2020-11-23,145.0
2020-11-24,164.0
2020-11-25,97.0
2020-11-27,131.0
2020-11-30,136.0
2020-12-01,153.0
2020-12-02,70.0
2020-12-03,149.0
2020-12-04,183.0
2020-12-07,191.0
2020-12-08,195.0
2020-12-09,192.0
2020-12-10,113.0
2020-12-11,130.0
2020-12-14,173.0
2020-12-15,155.0
2020-12-16,150.0
2020-12-17,209.0
2020-12-18,248.0
2020-12-21,154.0
2020-12-22,258.0
2020-12-23,215.0
2020-12-24,99.0
2020-12-28,185.0
2020-12-29,68.0
2020-12-30,88.0
2020-12-31,99.0
2021-01-04,126.0
2021-01-05,93.0
2021-01-06,275.0
2021-01-07,307.0
2021-01-08,275.0
2021-01-11,150.0
2021-01-12,247.0
2021-01-13,196.0
2021-01-14,291.0
2021-01-15,138.0
2021-01-19,257.0
2021-01-20,301.0
2021-01-21,189.0
2021-01-22,147.0
2021-01-25,260.0
2021-01-26,161.0
2021-01-27,129.0
2021-01-28,72.0
2021-01-29,47.0
2021-02-01,76.0
2021-02-02,131.0
2021-02-03,134.0
2021-02-04,191.0
2021-02-05,238.0
2021-02-08,370.0
2021-02-09,353.0
2021-02-10,342.0
2021-02-11,239.0
2021-02-12,204.0
2021-02-16,333.0
2021-02-17,151.0
2021-02-18,79.0
2021-02-19,178.0
2021-02-22,197.0
2021-02-23,131.0
2021-02-24,229.0
2021-02-25,164.0
2021-02-26,47.0
2021-03-01,150.0
2021-03-02,119.0
2021-03-03,196.0
2021-03-04,125.0
2021-03-05,153.0
2021-03-08,302.0
2021-03-09,211.0
2021-03-10,252.0
2021-03-11,265.0
2021-03-12,326.0
2021-03-15,230.0
2021-03-16,125.0
2021-03-17,101.0
2021-03-18,183.0
2021-03-19,97.0
2021-03-22,88.0
2021-03-23,41.0
2021-03-24,35.0
2021-03-25,25.0
2021-03-26,65.0
2021-03-29,70.0
2021-03-30,40.0
2021-03-31,61.0
2021-04-01,68.0
2021-04-05,130.0
2021-04-06,107.0
2021-04-07,59.0
2021-04-08,67.0
2021-04-09,68.0
2021-04-12,81.0
2021-04-13,58.0
2021-04-14,76.0
2021-04-15,81.0
2021-04-16,112.0
2021-04-19,76.0
2021-04-20,50.0
2021-04-21,68.0
2021-04-22,83.0
2021-04-23,100.0
2021-04-26,134.0
2021-04-27,112.0
2021-04-28,98.0
2021-04-29,141.0
2021-04-30,84.0
2021-05-03,125.0
2021-05-04,106.0
2021-05-05,102.0
2021-05-06,101.0
2021-05-07,143.0
2021-05-10,196.0
2021-05-11,27.0
2021-05-12,38.0
2021-05-13,40.0
2021-05-14,86.0
2021-05-17,87.0
2021-05-18,93.0
2021-05-19,25.0
2021-05-20,54.0
2021-05-21,92.0
2021-05-24,89.0
2021-05-25,66.0
2021-05-26,45.0
2021-05-27,106.0
2021-05-28,93.0
2021-06-01,144.0
2021-06-02,105.0
2021-06-03,86.0
2021-06-04,105.0
2021-06-07,152.0
2021-06-08,156.0
2021-06-09,119.0
2021-06-10,96.0
2021-06-11,83.0
2021-06-14,105.0
2021-06-15,84.0
2021-06-16,83.0
2021-06-17,65.0
2021-06-18,36.0
2021-06-21,59.0
2021-06-22,60.0
2021-06-23,78.0
2021-06-24,93.0
2021-06-25,126.0
2021-06-28,85.0
2021-06-29,72.0
2021-06-30,57.0
2021-07-01,70.0
2021-07-02,67.0
2021-07-06,56.0
2021-07-07,73.0
2021-07-08,34.0
2021-07-09,54.0
2021-07-12,82.0
2021-07-13,54.0
2021-07-14,45.0
2021-07-15,31.0
2021-07-16,39.0
2021-07-19,19.0
2021-07-20,47.0
2021-07-21,61.0
2021-07-22,60.0
2021-07-23,66.0
2021-07-26,67.0
2021-07-27,36.0
2021-07-28,42.0
2021-07-29,90.0
2021-07-30,68.0
2021-08-02,79.0
2021-08-03,76.0
2021-08-04,77.0
2021-08-05,98.0
2021-08-06,92.0
2021-08-09,66.0
2021-08-10,68.0
2021-08-11,69.0
2021-08-12,73.0
2021-08-13,72.0
2021-08-16,54.0
2021-08-17,29.0
2021-08-18,35.0
2021-08-19,26.0
2021-08-20,46.0
2021-08-23,85.0
2021-08-24,78.0
2021-08-25,93.0
2021-08-26,71.0
2021-08-27,111.0
2021-08-30,134.0
2021-08-31,95.0
2021-09-01,117.0
2021-09-02,131.0
2021-09-03,100.0
2021-09-07,97.0
2021-09-08,56.0
2021-09-09,58.0
2021-09-10,45.0
2021-09-13,43.0
2021-09-14,45.0
2021-09-15,47.0
2021-09-16,63.0
2021-09-17,48.0
2021-09-20,17.0
2021-09-21,30.0
2021-09-22,44.0
2021-09-23,81.0
2021-09-24,68.0
2021-09-27,98.0
2021-09-28,52.0
2021-09-29,30.0
2021-09-30,40.0
2021-10-01,56.0
2021-10-04,66.0
2021-10-05,66.0
2021-10-06,30.0
2021-10-07,82.0
2021-10-08,74.0
2021-10-11,71.0
2021-10-12,34.0
2021-10-13,41.0
2021-10-14,69.0
2021-10-15,114.0
2021-10-18,60.0
2021-10-19,64.0
2021-10-20,83.0
2021-10-21,93.0
2021-10-22,118.0
2021-10-25,130.0
2021-10-26,113.0
2021-10-27,63.0
2021-10-28,98.0
2021-10-29,114.0
2021-11-01,170.0
2021-11-02,163.0
2021-11-03,206.0
2021-11-04,199.0
2021-11-05,275.0
2021-11-08,199.0
2021-11-09,103.0
2021-11-10,82.0
2021-11-11,100.0
2021-11-12,108.0
2021-11-15,101.0
2021-11-16,126.0
2021-11-17,97.0
2021-11-18,82.0
2021-11-19,82.0
2021-11-22,132.0
2021-11-23,65.0
2021-11-24,38.0
2021-11-26,11.0
2021-11-29,24.0
2021-11-30,16.0
2021-12-01,37.0
2021-12-02,13.0
2021-12-03,13.0
2021-12-06,19.0
2021-12-07,46.0
2021-12-08,35.0
2021-12-09,32.0
2021-12-10,28.0
2021-12-13,27.0
2021-12-14,13.0
2021-12-15,29.0
2021-12-16,44.0
2021-12-17,27.0
2021-12-20,10.0
2021-12-21,24.0
2021-12-22,32.0
2021-12-23,55.0
2021-12-27,86.0
2021-12-28,104.0
2021-12-29,72.0
2021-12-30,63.0
2021-12-31,41.0
2022-01-03,62.0
2022-01-04,93.0
2022-01-05,64.0
2022-01-06,66.0
2022-01-07,68.0
2022-01-10,64.0
2022-01-11,30.0
2022-01-12,51.0
2022-01-13,71.0
2022-01-14,58.0
2022-01-18,66.0
2022-01-19,25.0
2022-01-20,18.0
2022-01-21,9.0
2022-01-24,6.0
2022-01-25,11.0
2022-01-26,21.0
2022-01-27,15.0
2022-01-28,11.0
2022-01-31,20.0
2022-02-01,33.0
2022-02-02,33.0
2022-02-03,22.0
2022-02-04,24.0
2022-02-07,25.0
2022-02-08,49.0
2022-02-09,43.0
2022-02-10,37.0
2022-02-11,30.0
2022-02-14,23.0
2022-02-15,38.0
2022-02-16,48.0
2022-02-17,22.0
2022-02-18,17.0
2022-02-22,22.0
2022-02-23,20.0
2022-02-24,16.0
2022-02-25,35.0
2022-02-28,49.0
2022-03-01,42.0
2022-03-02,54.0
2022-03-03,47.0
2022-03-04,50.0
2022-03-07,57.0
2022-03-08,37.0
2022-03-09,30.0
2022-03-10,26.0
2022-03-11,34.0
2022-03-14,28.0
2022-03-15,28.0
2022-03-16,25.0
2022-03-17,30.0
2022-03-18,41.0
2022-03-21,58.0
2022-03-22,60.0
2022-03-23,48.0
2022-03-24,55.0
2022-03-25,59.0
2022-03-28,36.0
2022-03-29,55.0
2022-03-30,48.0
2022-03-31,57.0
2022-04-01,52.0
2022-04-04,38.0
2022-04-05,47.0
2022-04-06,37.0
2022-04-07,44.0
2022-04-08,45.0
2022-04-11,32.0
2022-04-12,36.0
2022-04-13,50.0
2022-04-14,58.0
2022-04-18,56.0
2022-04-19,61.0
2022-04-20,81.0
2022-04-21,77.0
2022-04-22,42.0
2022-04-25,24.0
2022-04-26,29.0
2022-04-27,25.0
2022-04-28,32.0
2022-04-29,24.0
2022-05-02,15.0
2022-05-03,28.0
2022-05-04,36.0
2022-05-05,26.0
2022-05-06,17.0
2022-05-09,13.0
2022-05-10,10.0
2022-05-11,6.0
2022-05-12,6.0
2022-05-13,9.0
2022-05-16,19.0
2022-05-17,22.0
2022-05-18,12.0
2022-05-19,11.0
2022-05-20,19.0
2022-05-23,26.0
2022-05-24,21.0
2022-05-25,29.0
2022-05-26,33.0
2022-05-27,45.0
2022-05-31,48.0
2022-06-01,35.0
2022-06-02,32.0
2022-06-03,38.0
2022-06-06,59.0
2022-06-07,49.0
2022-06-08,38.0
2022-06-09,24.0
2022-06-10,16.0
2022-06-13,17.0
2022-06-14,13.0
2022-06-15,22.0
2022-06-16,11.0
2022-06-17,10.0
2022-06-21,24.0
2022-06-22,10.0
2022-06-23,23.0
2022-06-24,33.0
2022-06-27,22.0
2022-06-28,26.0
2022-06-29,12.0
2022-06-30,12.0
2022-07-01,11.0
2022-07-05,14.0
2022-07-06,21.0
2022-07-07,24.0
2022-07-08,25.0
2022-07-11,18.0
2022-07-12,17.0
2022-07-13,23.0
2022-07-14,30.0
2022-07-15,37.0
2022-07-18,35.0
2022-07-19,40.0
2022-07-20,43.0
2022-07-21,33.0
2022-07-22,45.0
2022-07-25,64.0
2022-07-26,65.0
2022-07-27,69.0
2022-07-28,87.0
2022-07-29,73.0
2022-08-01,74.0
2022-08-02,55.0
2022-08-03,59.0
2022-08-04,74.0
2022-08-05,80.0
2022-08-08,103.0
2022-08-09,57.0
2022-08-10,76.0
2022-08-11,87.0
2022-08-12,99.0
2022-08-15,66.0
2022-08-16,63.0
2022-08-17,30.0
2022-08-18,53.0
2022-08-19,30.0
2022-08-22,15.0
2022-08-23,22.0
2022-08-24,31.0
2022-08-25,39.0
2022-08-26,26.0
2022-08-29,15.0
2022-08-30,11.0
2022-08-31,13.0
2022-09-01,15.0
2022-09-02,22.0
2022-09-06,10.0
2022-09-07,17.0
2022-09-08,22.0
2022-09-09,29.0
2022-09-12,32.0
2022-09-13,13.0
2022-09-14,13.0
2022-09-15,9.0
2022-09-16,11.0
2022-09-19,12.0
2022-09-20,16.0
2022-09-21,16.0
2022-09-22,9.0
2022-09-23,5.0
2022-09-26,5.0
2022-09-27,7.0
2022-09-28,13.0
2022-09-29,7.0
2022-09-30,9.0
2022-10-03,17.0
2022-10-04,24.0
2022-10-05,22.0
2022-10-06,21.0
2022-10-07,11.0
2022-10-10,8.0
2022-10-11,11.0
2022-10-12,9.0
2022-10-13,21.0
2022-10-14,21.0
2022-10-17,24.0
2022-10-18,33.0
2022-10-19,21.0
2022-10-20,19.0
2022-10-21,21.0
2022-10-24,36.0
2022-10-25,40.0
2022-10-26,61.0
2022-10-27,32.0
2022-10-28,37.0
2022-10-31,81.0
2022-11-01,75.0
2022-11-02,58.0
2022-11-03,33.0
2022-11-04,52.0
2022-11-07,53.0
2022-11-08,59.0
2022-11-09,32.0
2022-11-10,76.0
2022-11-11,60.0
2022-11-14,40.0
2022-11-15,45.0
2022-11-16,24.0
2022-11-17,20.0
2022-11-18,30.0
2022-11-21,43.0
2022-11-22,59.0
2022-11-23,52.0
2022-11-25,46.0
2022-11-28,43.0
2022-11-29,24.0
2022-11-30,57.0
2022-12-01,64.0
2022-12-02,48.0
2022-12-05,30.0
2022-12-06,19.0
2022-12-07,29.0
2022-12-08,43.0
2022-12-09,21.0
2022-12-12,24.0
2022-12-13,45.0
2022-12-14,29.0
2022-12-15,22.0
2022-12-16,26.0
2022-12-19,27.0
2022-12-20,29.0
2022-12-21,32.0
2022-12-22,34.0
2022-12-23,28.0
2022-12-27,32.0
2022-12-28,21.0
2022-12-29,29.0
2022-12-30,33.0
2023-01-03,28.0
2023-01-04,28.0
2023-01-05,32.0
2023-01-06,52.0
2023-01-09,49.0
2023-01-10,40.0
2023-01-11,48.0
2023-01-12,65.0
2023-01-13,60.0
2023-01-17,46.0
2023-01-18,45.0
2023-01-19,20.0
2023-01-20,37.0
2023-01-23,50.0
2023-01-24,44.0
2023-01-25,38.0
2023-01-26,64.0
2023-01-27,54.0
2023-01-30,23.0
2023-01-31,54.0
2023-02-01,94.0
2023-02-02,112.0
2023-02-03,90.0
2023-02-06,54.0
2023-02-07,60.0
2023-02-08,53.0
2023-02-09,55.0
2023-02-10,24.0
2023-02-13,37.0
2023-02-14,49.0
2023-02-15,48.0
2023-02-16,59.0
2023-02-17,58.0
2023-02-21,21.0
2023-02-22,18.0
2023-02-23,30.0
2023-02-24,22.0
2023-02-27,39.0
2023-02-28,60.0
2023-03-01,52.0
2023-03-02,43.0
2023-03-03,62.0
2023-03-06,54.0
2023-03-07,36.0
2023-03-08,34.0
2023-03-09,36.0
2023-03-10,11.0
2023-03-13,8.0
2023-03-14,11.0
2023-03-15,8.0
2023-03-16,24.0
2023-03-17,14.0
2023-03-20,13.0
2023-03-21,35.0
2023-03-22,29.0
2023-03-23,36.0
2023-03-24,20.0
2023-03-27,33.0
2023-03-28,23.0
2023-03-29,43.0
2023-03-30,39.0
2023-03-31,62.0
2023-04-03,63.0
2023-04-04,45.0
2023-04-05,28.0
2023-04-06,24.0
2023-04-10,29.0
2023-04-11,44.0
2023-04-12,47.0
2023-04-13,47.0
2023-04-14,33.0
2023-04-17,39.0
2023-04-18,48.0
2023-04-19,39.0
2023-04-20,39.0
2023-04-21,41.0
2023-04-24,41.0
2023-04-25,28.0
2023-04-26,17.0
2023-04-27,30.0
2023-04-28,37.0
2023-05-01,58.0
2023-05-02,36.0
2023-05-03,55.0
2023-05-04,42.0
2023-05-05,64.0
2023-05-08,49.0
2023-05-09,54.0
2023-05-10,67.0
2023-05-11,51.0
2023-05-12,39.0
2023-05-15,41.0
2023-05-16,36.0
2023-05-17,54.0
2023-05-18,77.0
2023-05-19,71.0
2023-05-22,77.0
2023-05-23,72.0
2023-05-24,25.0
2023-05-25,43.0
2023-05-26,66.0
2023-05-30,76.0
2023-05-31,34.0
2023-06-01,51.0
2023-06-02,72.0
2023-06-05,76.0
2023-06-06,92.0
2023-06-07,109.0
2023-06-08,60.0
2023-06-09,67.0
2023-06-12,90.0
2023-06-13,120.0
2023-06-14,72.0
2023-06-15,70.0
2023-06-16,96.0
2023-06-20,53.0
2023-06-21,58.0
2023-06-22,44.0
2023-06-23,33.0
2023-06-26,37.0
2023-06-27,52.0
2023-06-28,60.0
2023-06-29,74.0
2023-06-30,99.0
2023-07-03,44.0
2023-07-05,29.0
2023-07-06,15.0
2023-07-07,36.0
2023-07-10,47.0
2023-07-11,81.0
2023-07-12,107.0
2023-07-13,114.0
2023-07-14,78.0
2023-07-17,128.0
2023-07-18,138.0
2023-07-19,133.0
2023-07-20,62.0
2023-07-21,71.0
2023-07-24,45.0
2023-07-25,59.0
2023-07-26,59.0
2023-07-27,83.0
2023-07-28,65.0
2023-07-31,76.0
2023-08-01,66.0
2023-08-02,40.0
2023-08-03,45.0
2023-08-04,45.0
2023-08-07,52.0
2023-08-08,39.0
2023-08-09,58.0
2023-08-10,51.0
2023-08-11,34.0
2023-08-14,39.0
2023-08-15,35.0
2023-08-16,20.0
2023-08-17,7.0
2023-08-18,9.0
2023-08-21,26.0
2023-08-22,27.0
2023-08-23,35.0
2023-08-24,28.0
2023-08-25,14.0
2023-08-28,45.0
2023-08-29,41.0
2023-08-30,52.0
2023-08-31,55.0
2023-09-01,65.0
2023-09-05,38.0
2023-09-06,27.0
2023-09-07,18.0
2023-09-08,23.0
2023-09-11,31.0
2023-09-12,38.0
2023-09-13,14.0
2023-09-14,28.0
2023-09-15,28.0
2023-09-18,25.0
2023-09-19,24.0
2023-09-20,30.0
2023-09-21,14.0
2023-09-22,22.0
2023-09-25,24.0
2023-09-26,19.0
2023-09-27,21.0
2023-09-28,20.0
2023-09-29,21.0
2023-10-02,13.0
2023-10-03,11.0
2023-10-04,13.0
2023-10-05,20.0
2023-10-06,24.0
2023-10-09,25.0
2023-10-10,41.0
2023-10-11,37.0
2023-10-12,30.0
2023-10-13,22.0
2023-10-16,24.0
2023-10-17,35.0
2023-10-18,17.0
2023-10-19,11.0
2023-10-20,2.0
2023-10-23,7.0
2023-10-24,13.0
2023-10-25,14.0
2023-10-26,10.0
2023-10-27,10.0
2023-10-30,6.0
2023-10-31,11.0
2023-11-01,19.0
2023-11-02,31.0
2023-11-03,45.0
2023-11-06,28.0
2023-11-07,36.0
2023-11-08,34.0
2023-11-09,31.0
2023-11-10,42.0
2023-11-13,44.0
2023-11-14,99.0
2023-11-15,98.0
2023-11-16,28.0
2023-11-17,55.0
2023-11-20,69.0
2023-11-21,44.0
2023-11-22,79.0
2023-11-24,67.0
2023-11-27,71.0
2023-11-28,55.0
2023-11-29,73.0
2023-11-30,63.0
2023-12-01,89.0
2023-12-04,112.0
2023-12-05,77.0
2023-12-06,84.0
2023-12-07,69.0
2023-12-08,90.0
2023-12-11,101.0
2023-12-12,104.0
2023-12-13,174.0
2023-12-14,228.0
2023-12-15,154.0
2023-12-18,113.0
2023-12-19,167.0
2023-12-20,187.0
2023-12-21,70.0
2023-12-22,160.0
2023-12-26,200.0
2023-12-27,207.0
2023-12-28,131.0
2023-12-29,71.0
2024-01-02,66.0
2024-01-03,40.0
2024-01-04,55.0
2024-01-05,36.0
2024-01-08,65.0
2024-01-09,57.0
2024-01-10,61.0
2024-01-11,45.0
2024-01-12,57.0
2024-01-16,55.0
2024-01-17,39.0
2024-01-18,47.0
2024-01-19,80.0
2024-01-22,148.0
2024-01-23,94.0
2024-01-24,123.0
2024-01-25,92.0
2024-01-26,83.0
2024-01-29,115.0
2024-01-30,115.0
2024-01-31,69.0
2024-02-01,65.0
2024-02-02,66.0
2024-02-05,53.0
2024-02-06,67.0
2024-02-07,101.0
2024-02-08,113.0
2024-02-09,150.0
2024-02-12,160.0
2024-02-13,25.0
2024-02-14,75.0
2024-02-15,125.0
2024-02-16,123.0
2024-02-20,58.0
2024-02-21,41.0
2024-02-22,93.0
2024-02-23,99.0
2024-02-26,124.0
2024-02-27,135.0
2024-02-28,106.0
2024-02-29,117.0
2024-03-01,150.0
2024-03-04,166.0
2024-03-05,80.0
2024-03-06,100.0
2024-03-07,104.0
2024-03-08,108.0
2024-03-11,45.0
2024-03-12,43.0
2024-03-13,79.0
2024-03-14,49.0
2024-03-15,47.0
2024-03-18,52.0
2024-03-19,48.0
2024-03-20,72.0
2024-03-21,126.0
2024-03-22,76.0
2024-03-25,77.0
2024-03-26,65.0
2024-03-27,86.0
2024-03-28,114.0
2024-04-01,81.0
2024-04-02,39.0
2024-04-03,73.0
2024-04-04,92.0
2024-04-05,50.0
2024-04-08,60.0
2024-04-09,45.0
2024-04-10,23.0
2024-04-11,35.0
2024-04-12,25.0
2024-04-15,16.0
2024-04-16,13.0
2024-04-17,11.0
2024-04-18,10.0
2024-04-19,11.0
2024-04-22,26.0
2024-04-23,35.0
2024-04-24,33.0
2024-04-25,17.0
2024-04-26,39.0
2024-04-29,49.0
2024-04-30,33.0
2024-05-01,49.0
2024-05-02,51.0
2024-05-03,87.0
2024-05-06,93.0
2024-05-07,100.0
2024-05-08,64.0
2024-05-09,90.0
2024-05-10,92.0
2024-05-13,84.0
2024-05-14,85.0
2024-05-15,109.0
2024-05-16,80.0
2024-05-17,66.0
2024-05-20,102.0
2024-05-21,75.0
2024-05-22,76.0
2024-05-23,61.0
2024-05-24,59.0
2024-05-28,75.0
2024-05-29,35.0
2024-05-30,47.0
2024-05-31,40.0
2024-06-03,65.0
2024-06-04,31.0
2024-06-05,52.0
2024-06-06,54.0
2024-06-07,27.0
2024-06-10,39.0
2024-06-11,39.0
2024-06-12,90.0
2024-06-13,41.0
2024-06-14,22.0
2024-06-17,50.0
2024-06-18,57.0
2024-06-20,34.0
2024-06-21,21.0
2024-06-24,35.0
2024-06-25,34.0
2024-06-26,29.0
2024-06-27,37.0
2024-06-28,53.0
2024-07-01,37.0
2024-07-02,35.0
2024-07-03,47.0
2024-07-05,38.0
2024-07-08,66.0
2024-07-09,56.0
2024-07-10,55.0
2024-07-11,127.0
2024-07-12,150.0
2024-07-15,190.0
2024-07-16,281.0
2024-07-17,236.0
2024-07-18,159.0
2024-07-19,39.0
2024-07-22,86.0
2024-07-23,207.0
2024-07-24,140.0
2024-07-25,173.0
2024-07-26,177.0
2024-07-29,109.0
2024-07-30,105.0
2024-07-31,145.0
2024-08-01,61.0
2024-08-02,26.0
2024-08-05,5.0
2024-08-06,16.0
2024-08-07,22.0
2024-08-08,26.0
2024-08-09,38.0
2024-08-12,36.0
2024-08-13,40.0
2024-08-14,46.0
2024-08-15,65.0
2024-08-16,56.0
2024-08-19,82.0
2024-08-20,53.0
2024-08-21,74.0
2024-08-22,75.0
2024-08-23,127.0
2024-08-26,129.0
2024-08-27,53.0
2024-08-28,61.0
2024-08-29,76.0
2024-08-30,77.0
2024-09-03,53.0
2024-09-04,33.0
2024-09-05,39.0
2024-09-06,18.0
2024-09-09,36.0
2024-09-10,40.0
2024-09-11,42.0
2024-09-12,64.0
2024-09-13,102.0
2024-09-16,122.0
2024-09-17,134.0
2024-09-18,158.0
2024-09-19,151.0
2024-09-20,107.0
2024-09-23,71.0
2024-09-24,94.0
2024-09-25,68.0
2024-09-26,86.0
2024-09-27,65.0
2024-09-30,75.0
2024-10-01,63.0
2024-10-02,70.0
2024-10-03,52.0
2024-10-04,89.0
2024-10-07,70.0
2024-10-08,60.0
2024-10-09,87.0
2024-10-10,49.0
2024-10-11,124.0
2024-10-14,139.0
2024-10-15,167.0
2024-10-16,181.0
2024-10-17,148.0
2024-10-18,122.0
2024-10-21,77.0
2024-10-22,61.0
2024-10-23,54.0
2024-10-24,65.0
2024-10-25,63.0
2024-10-28,82.0
2024-10-29,80.0
2024-10-30,121.0
2024-10-31,50.0
2024-11-01,55.0
2024-11-04,50.0
2024-11-05,95.0
2024-11-06,424.0
2024-11-07,175.0
2024-11-08,191.0
2024-11-11,327.0
2024-11-12,190.0
2024-11-13,187.0
2024-11-14,74.0
2024-11-15,38.0
2024-11-18,58.0
2024-11-19,52.0
2024-11-20,84.0
2024-11-21,124.0
2024-11-22,166.0
2024-11-25,332.0
2024-11-26,113.0
2024-11-27,126.0
2024-11-29,114.0
2024-12-02,115.0
2024-12-03,115.0
2024-12-04,133.0
2024-12-05,116.0
2024-12-06,90.0
2024-12-09,108.0
2024-12-10,76.0
2024-12-11,104.0
2024-12-12,71.0
2024-12-13,61.0
2024-12-16,92.0
2024-12-17,71.0
2024-12-18,63.0
2024-12-19,17.0
2024-12-20,34.0
2024-12-23,29.0
2024-12-24,25.0
2024-12-26,47.0
2024-12-27,42.0
2024-12-30,42.0
2024-12-31,30.0
2025-01-02,48.0
2025-01-03,55.0
2025-01-06,84.0
2025-01-07,50.0
2025-01-08,29.0
2025-01-10,31.0
2025-01-13,13.0
2025-01-14,24.0
2025-01-15,50.0
2025-01-16,52.0
2025-01-17,56.0
2025-01-21,101.0
2025-01-22,91.0
2025-01-23,60.0
2025-01-24,64.0
2025-01-27,50.0
2025-01-28,73.0
2025-01-29,65.0
2025-01-30,92.0
2025-01-31,65.0
2025-02-03,27.0
2025-02-04,70.0
2025-02-05,98.0
2025-02-06,112.0
2025-02-07,86.0
2025-02-10,85.0
2025-02-11,52.0
2025-02-12,63.0
2025-02-13,105.0
2025-02-14,107.0
2025-02-18,105.0
2025-02-19,82.0
2025-02-20,50.0
2025-02-21,66.0
2025-02-24,25.0
2025-02-25,32.0
2025-02-26,33.0
2025-02-27,33.0
2025-02-28,31.0
2025-03-03,46.0
2025-03-04,25.0
2025-03-05,27.0
2025-03-06,16.0
2025-03-07,15.0
2025-03-10,22.0
2025-03-11,17.0
2025-03-12,15.0
2025-03-13,13.0
2025-03-14,19.0
2025-03-17,32.0
2025-03-18,25.0
2025-03-19,26.0
2025-03-20,21.0
2025-03-21,20.0
2025-03-24,30.0
2025-03-25,26.0
2025-03-26,26.0
2025-03-27,22.0
2025-03-28,17.0
2025-03-31,25.0
2025-04-01,23.0
2025-04-02,19.0
2025-04-03,21.0
2025-04-04,7.0
2025-04-07,2.0
2025-04-08,5.0
2025-04-09,8.0
2025-04-10,10.0
2025-04-11,14.0
2025-04-14,17.0
2025-04-15,13.0
2025-04-16,17.0
2025-04-17,13.0
2025-04-21,20.0
2025-04-22,25.0
2025-04-23,25.0
2025-04-24,22.0
2025-04-25,15.0
2025-04-28,22.0
2025-04-29,22.0
2025-04-30,19.0
2025-05-01,23.0
2025-05-02,30.0
2025-05-05,37.0
2025-05-06,18.0
2025-05-07,40.0
2025-05-08,43.0
2025-05-09,34.0
2025-05-12,62.0
2025-05-13,47.0
2025-05-14,42.0
2025-05-15,45.0
2025-05-16,54.0
2025-05-19,41.0
2025-05-20,40.0
2025-05-21,37.0
2025-05-22,29.0
2025-05-23,26.0
2025-05-27,65.0
2025-05-28,51.0
2025-05-29,45.0
2025-05-30,40.0
2025-06-02,63.0
2025-06-03,68.0
2025-06-04,51.0
2025-06-05,40.0
2025-06-06,59.0
2025-06-09,61.0
2025-06-10,56.0
2025-06-11,53.0
2025-06-12,38.0
2025-06-13,23.0
2025-06-16,59.0
2025-06-17,46.0
2025-06-18,56.0
2025-06-20,57.0
2025-06-23,62.0
2025-06-24,88.0
2025-06-25,63.0
2025-06-26,62.0
2025-06-27,81.0
2025-06-30,85.0
2025-07-01,81.0
2025-07-02,74.0
2025-07-03,110.0
2025-07-07,90.0
2025-07-08,70.0
2025-07-09,57.0
2025-07-10,86.0
2025-07-11,50.0
2025-07-14,69.0
2025-07-15,73.0
2025-07-16,47.0
2025-07-17,77.0
2025-07-18,86.0
2025-07-21,78.0
2025-07-22,53.0
2025-07-23,77.0
2025-07-24,68.0
2025-07-25,58.0
2025-07-28,65.0
2025-07-29,68.0
2025-07-30,64.0
2025-07-31,57.0
2025-08-01,24.0
2025-08-04,63.0
2025-08-05,63.0
2025-08-06,52.0
2025-08-07,69.0
2025-08-08,73.0
2025-08-11,62.0
2025-08-12,99.0
2025-08-13,130.0
2025-08-14,66.0
2025-08-15,69.0
2025-08-18,70.0
2025-08-19,48.0
2025-08-20,29.0
2025-08-21,54.0
2025-08-22,146.0
2025-08-25,107.0
2025-08-26,103.0
2025-08-27,112.0
2025-08-28,108.0
2025-08-29,69.0
2025-09-02,77.0
2025-09-03,83.0
2025-09-04,84.0
2025-09-05,129.0
2025-09-08,126.0
2025-09-09,87.0
2025-09-10,96.0
2025-09-11,128.0
2025-09-12,90.0
2025-09-15,96.0
2025-09-16,84.0
2025-09-17,112.0
2025-09-18,139.0
2025-09-19,144.0
2025-09-22,129.0
2025-09-23,137.0
2025-09-24,68.0
2025-09-25,39.0
2025-09-26,57.0
2025-09-29,100.0
2025-09-30,94.0
2025-10-01,97.0
2025-10-02,121.0
2025-10-03,141.0
2025-10-06,164.0
2025-10-07,98.0
2025-10-08,101.0
2025-10-09,108.0
2025-10-10,82.0
2025-10-13,65.0
2025-10-14,87.0
2025-10-15,129.0
2025-10-16,102.0
2025-10-17,27.0
2025-10-20,67.0
2025-10-21,44.0
2025-10-22,33.0
2025-10-23,61.0
2025-10-24,106.0
2025-10-27,111.0
2025-10-28,76.0
2025-10-29,90.0
2025-10-30,73.0
2025-10-31,59.0
2025-11-03,70.0
2025-11-04,35.0
2025-11-05,57.0
2025-11-06,58.0
2025-11-07,34.0
2025-11-10,95.0
2025-11-11,80.0
2025-11-12,92.0
2025-11-13,46.0
2025-11-14,41.0
2025-11-17,53.0
2025-11-18,37.0
2025-11-19,40.0
2025-11-20,61.0
2025-11-21,36.0
2025-11-24,92.0
2025-11-25,130.0
2025-11-26,133.0
2025-11-28,71.0
2025-12-01,56.0
2025-12-02,59.0
2025-12-03,89.0
2025-12-04,105.0
2025-12-05,99.0
2025-12-08,130.0
2025-12-09,84.0
2025-12-10,149.0
2025-12-11,165.0
2025-12-12,123.0
2025-12-15,116.0
2025-12-16,70.0
2025-12-17,61.0
2025-12-18,80.0
2025-12-19,77.0
2025-12-22,106.0
2025-12-23,66.0
2025-12-24,53.0
2025-12-26,40.0
2025-12-29,34.0
2025-12-30,29.0
2025-12-31,20.0
2026-01-02,47.0
2026-01-05,90.0
2026-01-06,108.0
2026-01-07,91.0
2026-01-08,115.0
2026-01-09,118.0
2026-01-12,118.0
2026-01-13,123.0
2026-01-14,100.0
2026-01-15,156.0
2026-01-16,119.0
2026-01-20,78.0
2026-01-21,179.0
2026-01-22,250.0
2026-01-23,71.0
2026-01-26,70.0
2026-01-27,89.0
2026-01-28,91.0
2026-01-29,78.0
2026-01-30,67.0
2026-02-02,131.0
2026-02-03,178.0
2026-02-04,189.0
2026-02-05,108.0
2026-02-06,193.0
2026-02-09,149.0
2026-02-10,92.0
2026-02-11,113.0
2026-02-12,111.0
2026-02-13,49.0
2026-02-17,65.0
2026-02-18,84.0
2026-02-19,50.0
2026-02-20,70.0
2026-02-23,64.0
2026-02-24,84.0
2026-02-25,108.0
2026-02-26,81.0
2026-02-27,62.0
2026-03-02,81.0
2026-03-03,34.0
2026-03-04,58.0
2026-03-05,32.0
2026-03-06,35.0
2026-03-09,44.0
2026-03-10,55.0
2026-03-11,37.0
2026-03-12,31.0
2026-03-13,35.0
2026-03-16,46.0
2026-03-17,43.0
2026-03-18,30.0
2026-03-19,23.0
2026-03-20,36.0
2026-03-23,25.0
2026-03-24,36.0
2026-03-25,65.0
2026-03-26,43.0
2026-03-27,22.0
2026-03-30,21.0
2026-03-31,31.0
2026-04-01,31.0
2026-04-02,44.0
2026-04-06,59.0
2026-04-07,50.0
2026-04-08,126.0
2026-04-09,136.0
2026-04-10,104.0
2026-04-13,88.0
2026-04-14,120.0
2026-04-15,88.0
2026-04-16,100.0
2026-04-17,213.0
2026-04-20,155.0
2026-04-21,137.0
2026-04-22,107.0
2026-04-23,113.0
2026-04-24,111.0
2026-04-27,105.0
2026-04-28,83.0
2026-04-29,65.0
2026-04-30,92.0
2026-05-01,122.0
2026-05-04,114.0
2026-05-05,147.0
2026-05-06,164.0
2026-05-07,120.0
2026-05-08,127.0
2026-05-11,144.0
2026-05-12,58.0
2026-05-13,103.0
2026-05-14,99.0
2026-05-15,38.0
2026-05-18,58.0
2026-05-19,40.0
2026-05-20,65.0
2026-05-21,75.0
2026-05-22,114.0
2026-05-26,167.0
2026-05-27,150.0
2026-05-28,103.0
2026-05-29,97.0
2026-06-01,95.0
2026-06-02,116.0
2026-06-03,80.0
2026-06-04,86.0
2026-06-05,76.0
2026-06-08,88.0
2026-06-09,138.0
2026-06-10,123.0
2026-06-11,141.0
2026-06-12,177.0
2026-06-15,177.0
2026-06-16,71.0
2026-06-17,71.0
2026-06-18,114.0
2026-06-22,128.0
2026-06-23,109.0
2026-06-24,170.0
2026-06-25,192.0
2026-06-26,233.0
2026-06-29,164.0
2026-06-30,176.0
2026-07-01,233.0
2026-07-02,187.0
2026-07-06,109.0
2026-07-07,109.0
2026-07-08,37.0
2026-07-09,70.0
2026-07-10,49.0
2026-07-13,46.0
2026-07-14,43.0
2026-07-15,72.0
2026-07-16,167.0
2026-07-17,85.0
2026-07-20,41.0
2026-07-21,45.0
2026-07-22,39.0
2026-07-23,36.0
2026-07-24,69.0
2026-07-27,81.0
2026-07-28,138.0
2026-07-29,100.0
2026-07-30,62.0
2026-07-31,49.0
2026-08-03,102.0
2026-08-04,107.0
2026-08-05,90.0
2026-08-06,98.0
2026-08-07,94.0
2026-08-10,80.0
2026-08-11,83.0
2026-08-12,90.0
2026-08-13,123.0
2026-08-14,80.0
2026-08-17,78.0
2026-08-18,62.0
2026-08-19,93.0
2026-08-20,49.0
