date,close
2001-06-05,42.0
2001-06-06,38.0
2001-06-07,31.0
2001-06-08,36.0
2001-06-11,30.0
2001-06-12,31.0
2001-06-13,39.0
2001-06-14,45.0
2001-06-15,47.0
2001-06-18,46.0
2001-06-19,41.0
2001-06-20,54.0
2001-06-21,45.0
2001-06-22,37.0
2001-06-25,44.0
2001-06-26,40.0
2001-06-27,48.0
2001-06-28,34.0
2001-06-29,33.0
2001-07-02,35.0
2001-07-03,46.0
2001-07-05,42.0
2001-07-06,47.0
2001-07-09,27.0
2001-07-10,46.0
2001-07-11,50.0
2001-07-12,32.0
2001-07-13,29.0
2001-07-16,40.0
2001-07-17,29.0
2001-07-18,38.0
2001-07-19,45.0
2001-07-20,48.0
2001-07-23,43.0
2001-07-24,48.0
2001-07-25,54.0
2001-07-26,46.0
2001-07-27,40.0
2001-07-30,33.0
2001-07-31,32.0
2001-08-01,36.0
2001-08-02,39.0
2001-08-03,30.0
2001-08-06,37.0
2001-08-07,40.0
2001-08-08,45.0
2001-08-09,48.0
2001-08-10,40.0
2001-08-13,41.0
2001-08-14,35.0
2001-08-15,43.0
2001-08-16,61.0
2001-08-17,57.0
2001-08-20,47.0
2001-08-21,49.0
2001-08-22,55.0
2001-08-23,46.0
2001-08-24,37.0
2001-08-27,38.0
2001-08-28,43.0
2001-08-29,52.0
2001-08-30,66.0
2001-08-31,54.0
2001-09-04,61.0
2001-09-05,77.0
2001-09-06,91.0
2001-09-07,93.0
2001-09-10,91.0
2001-09-17,165.0
2001-09-18,126.0
2001-09-19,198.0
2001-09-20,131.0
2001-09-21,219.0
2001-09-24,68.0
2001-09-25,59.0
2001-09-26,72.0
2001-09-27,128.0
2001-09-28,61.0
2001-10-01,68.0
2001-10-02,84.0
2001-10-03,68.0
2001-10-04,41.0
2001-10-05,48.0
2001-10-08,45.0
2001-10-09,57.0
2001-10-10,46.0
2001-10-11,36.0
2001-10-12,35.0
2001-10-15,34.0
2001-10-16,31.0
2001-10-17,32.0
2001-10-18,42.0
2001-10-19,52.0
2001-10-22,46.0
2001-10-23,38.0
2001-10-24,49.0
2001-10-25,43.0
2001-10-26,29.0
2001-10-29,29.0
2001-10-30,33.0
2001-10-31,33.0
2001-11-01,34.0
2001-11-02,37.0
2001-11-05,37.0
2001-11-06,42.0
2001-11-07,39.0
2001-11-08,35.0
2001-11-09,36.0
2001-11-12,38.0
2001-11-13,32.0
2001-11-14,35.0
2001-11-15,30.0
2001-11-16,31.0
2001-11-19,26.0
2001-11-20,39.0
2001-11-21,36.0
2001-11-23,56.0
2001-11-26,20.0
2001-11-27,25.0
2001-11-28,35.0
2001-11-29,38.0
2001-11-30,35.0
2001-12-03,33.0
2001-12-04,39.0
2001-12-05,26.0
2001-12-06,29.0
2001-12-07,35.0
2001-12-10,29.0
2001-12-11,37.0
2001-12-12,34.0
2001-12-13,41.0
2001-12-14,32.0
2001-12-17,35.0
2001-12-18,32.0
2001-12-19,29.0
2001-12-20,26.0
2001-12-21,31.0
2001-12-24,39.0
2001-12-26,35.0
2001-12-27,37.0
2001-12-28,34.0
2001-12-31,27.0
2002-01-02,28.0
2002-01-03,26.0
2002-01-04,22.0
2002-01-07,30.0
2002-01-08,34.0
2002-01-09,31.0
2002-01-10,22.0
2002-01-11,32.0
2002-01-14,29.0
2002-01-15,22.0
2002-01-16,39.0
2002-01-17,44.0
2002-01-18,28.0
2002-01-22,34.0
2002-01-23,33.0
2002-01-24,37.0
2002-01-25,31.0
2002-01-28,39.0
2002-01-29,32.0
2002-01-30,37.0
2002-01-31,33.0
2002-02-01,41.0
2002-02-04,39.0
2002-02-05,54.0
2002-02-06,47.0
2002-02-07,45.0
2002-02-08,38.0
2002-02-11,34.0
2002-02-12,40.0
2002-02-13,39.0
2002-02-14,39.0
2002-02-15,42.0
2002-02-19,59.0
2002-02-20,59.0
2002-02-21,54.0
2002-02-22,66.0
2002-02-25,39.0
2002-02-26,36.0
2002-02-27,41.0
2002-02-28,50.0
2002-03-01,38.0
2002-03-04,33.0
2002-03-05,31.0
2002-03-06,38.0
2002-03-07,39.0
2002-03-08,40.0
2002-03-11,31.0
2002-03-12,30.0
2002-03-13,40.0
2002-03-14,30.0
2002-03-15,41.0
2002-03-18,32.0
2002-03-19,38.0
2002-03-20,32.0
2002-03-21,31.0
2002-03-22,40.0
2002-03-25,33.0
2002-03-26,36.0
2002-03-27,39.0
2002-03-28,32.0
2002-04-01,32.0
2002-04-02,39.0
2002-04-03,48.0
2002-04-04,44.0
2002-04-05,48.0
2002-04-08,41.0
2002-04-09,36.0
2002-04-10,31.0
2002-04-11,38.0
2002-04-12,35.0
2002-04-15,34.0
2002-04-16,25.0
2002-04-17,35.0
2002-04-18,32.0
2002-04-19,26.0
2002-04-22,36.0
2002-04-23,43.0
2002-04-24,48.0
2002-04-25,62.0
2002-04-26,62.0
2002-04-29,69.0
2002-04-30,49.0
2002-05-01,49.0
2002-05-02,46.0
2002-05-03,56.0
2002-05-06,61.0
2002-05-07,74.0
2002-05-08,43.0
2002-05-09,48.0
2002-05-10,55.0
2002-05-13,53.0
2002-05-14,37.0
2002-05-15,40.0
2002-05-16,43.0
2002-05-17,47.0
2002-05-20,40.0
2002-05-21,43.0
2002-05-22,58.0
2002-05-23,49.0
2002-05-24,38.0
2002-05-28,46.0
2002-05-29,51.0
2002-05-30,52.0
2002-05-31,46.0
2002-06-03,69.0
2002-06-04,90.0
2002-06-05,63.0
2002-06-06,77.0
2002-06-07,107.0
2002-06-10,62.0
2002-06-11,92.0
2002-06-12,105.0
2002-06-13,69.0
2002-06-14,105.0
2002-06-17,51.0
2002-06-18,54.0
2002-06-19,69.0
2002-06-20,87.0
2002-06-21,103.0
2002-06-24,96.0
2002-06-25,85.0
2002-06-26,140.0
2002-06-27,68.0
2002-06-28,59.0
2002-07-01,76.0
2002-07-02,122.0
2002-07-03,111.0
2002-07-05,70.0
2002-07-08,53.0
2002-07-09,60.0
2002-07-10,106.0
2002-07-11,110.0
2002-07-12,73.0
2002-07-15,86.0
2002-07-16,71.0
2002-07-17,72.0
2002-07-18,89.0
2002-07-19,117.0
2002-07-22,133.0
2002-07-23,164.0
2002-07-24,201.0
2002-07-25,102.0
2002-07-26,91.0
2002-07-29,64.0
2002-07-30,49.0
2002-07-31,62.0
2002-08-01,62.0
2002-08-02,103.0
2002-08-05,133.0
2002-08-06,62.0
2002-08-07,63.0
2002-08-08,61.0
2002-08-09,62.0
2002-08-12,62.0
2002-08-13,84.0
2002-08-14,90.0
2002-08-15,64.0
2002-08-16,70.0
2002-08-19,57.0
2002-08-20,54.0
2002-08-21,55.0
2002-08-22,47.0
2002-08-23,47.0
2002-08-26,42.0
2002-08-27,51.0
2002-08-28,64.0
2002-08-29,66.0
2002-08-30,60.0
2002-09-03,92.0
2002-09-04,88.0
2002-09-05,91.0
2002-09-06,57.0
2002-09-09,68.0
2002-09-10,43.0
2002-09-11,61.0
2002-09-12,67.0
2002-09-13,78.0
2002-09-16,76.0
2002-09-17,85.0
2002-09-18,112.0
2002-09-19,135.0
2002-09-20,124.0
2002-09-23,145.0
2002-09-24,159.0
2002-09-25,90.0
2002-09-26,83.0
2002-09-27,97.0
2002-09-30,128.0
2002-10-01,110.0
2002-10-02,84.0
2002-10-03,133.0
2002-10-04,156.0
2002-10-07,174.0
2002-10-08,173.0
2002-10-09,153.0
2002-10-10,151.0
2002-10-11,74.0
2002-10-14,77.0
2002-10-15,48.0
2002-10-16,50.0
2002-10-17,50.0
2002-10-18,55.0
2002-10-21,43.0
2002-10-22,52.0
2002-10-23,49.0
2002-10-24,55.0
2002-10-25,313.0
2002-10-28,49.0
2002-10-29,57.0
2002-10-30,54.0
2002-10-31,317.0
2002-11-01,54.0
2002-11-04,44.0
2002-11-05,41.0
2002-11-06,42.0
2002-11-07,38.0
2002-11-08,45.0
2002-11-11,71.0
2002-11-12,48.0
2002-11-13,52.0
2002-11-14,42.0
2002-11-15,44.0
2002-11-18,48.0
2002-11-19,53.0
2002-11-20,46.0
2002-11-21,44.0
2002-11-22,47.0
2002-11-25,41.0
2002-11-26,38.0
2002-11-27,50.0
2002-11-29,59.0
2002-12-02,34.0
2002-12-03,48.0
2002-12-04,50.0
2002-12-05,47.0
2002-12-06,49.0
2002-12-09,36.0
2002-12-10,52.0
2002-12-11,52.0
2002-12-12,54.0
2002-12-13,44.0
2002-12-16,41.0
2002-12-17,37.0
2002-12-18,50.0
2002-12-19,57.0
2002-12-20,48.0
2002-12-23,40.0
2002-12-24,59.0
2002-12-26,53.0
2002-12-27,43.0
2002-12-30,56.0
2002-12-31,38.0
2003-01-02,44.0
2003-01-03,45.0
2003-01-06,35.0
2003-01-07,36.0
2003-01-08,50.0
2003-01-09,28.0
2003-01-10,42.0
2003-01-13,34.0
2003-01-14,45.0
2003-01-15,41.0
2003-01-16,33.0
2003-01-17,42.0
2003-01-21,42.0
2003-01-22,50.0
2003-01-23,47.0
2003-01-24,49.0
2003-01-27,55.0
2003-01-28,54.0
2003-01-29,64.0
2003-01-30,56.0
2003-01-31,61.0
2003-02-03,50.0
2003-02-04,68.0
2003-02-05,63.0
2003-02-06,70.0
2003-02-07,78.0
2003-02-10,77.0
2003-02-11,72.0
2003-02-12,86.0
2003-02-13,91.0
2003-02-14,64.0
2003-02-18,68.0
2003-02-19,67.0
2003-02-20,63.0
2003-02-21,63.0
2003-02-24,55.0
2003-02-25,72.0
2003-02-26,56.0
2003-02-27,55.0
2003-02-28,40.0
2003-03-03,44.0
2003-03-04,55.0
2003-03-05,60.0
2003-03-06,69.0
2003-03-07,76.0
2003-03-10,69.0
2003-03-11,82.0
2003-03-12,75.0
2003-03-13,45.0
2003-03-14,42.0
2003-03-17,49.0
2003-03-18,42.0
2003-03-19,37.0
2003-03-20,39.0
2003-03-21,39.0
2003-03-24,42.0
2003-03-25,48.0
2003-03-26,49.0
2003-03-27,42.0
2003-03-28,43.0
2003-03-31,52.0
2003-04-01,50.0
2003-04-02,30.0
2003-04-03,36.0
2003-04-04,44.0
2003-04-07,33.0
2003-04-08,44.0
2003-04-09,42.0
2003-04-10,42.0
2003-04-11,54.0
2003-04-14,42.0
2003-04-15,34.0
2003-04-16,41.0
2003-04-17,42.0
2003-04-21,36.0
2003-04-22,35.0
2003-04-23,34.0
2003-04-24,41.0
2003-04-25,36.0
2003-04-28,34.0
2003-04-29,35.0
2003-04-30,27.0
2003-05-01,30.0
2003-05-02,30.0
2003-05-05,26.0
2003-05-06,30.0
2003-05-07,35.0
2003-05-08,37.0
2003-05-09,30.0
2003-05-12,26.0
2003-05-13,31.0
2003-05-14,29.0
2003-05-15,32.0
2003-05-16,34.0
2003-05-19,27.0
2003-05-20,34.0
2003-05-21,28.0
2003-05-22,38.0
2003-05-23,29.0
2003-05-27,30.0
2003-05-28,32.0
2003-05-29,29.0
2003-05-30,29.0
2003-06-02,26.0
2003-06-03,26.0
2003-06-04,29.0
2003-06-05,21.0
2003-06-06,31.0
2003-06-09,27.0
2003-06-10,37.0
2003-06-11,33.0
2003-06-12,38.0
2003-06-13,29.0
2003-06-16,41.0
2003-06-17,24.0
2003-06-18,33.0
2003-06-19,28.0
2003-06-20,28.0
2003-06-23,28.0
2003-06-24,33.0
2003-06-25,28.0
2003-06-26,34.0
2003-06-27,27.0
2003-06-30,26.0
2003-07-01,33.0
2003-07-02,27.0
2003-07-03,45.0
2003-07-07,33.0
2003-07-08,30.0
2003-07-09,25.0
2003-07-10,32.0
2003-07-11,35.0
2003-07-14,31.0
2003-07-15,31.0
2003-07-16,30.0
2003-07-17,343.0
2003-07-18,31.0
2003-07-21,42.0
2003-07-22,37.0
2003-07-23,39.0
2003-07-24,31.0
2003-07-25,35.0
2003-07-28,31.0
2003-07-29,35.0
2003-07-30,31.0
2003-07-31,28.0
2003-08-01,33.0
2003-08-04,34.0
2003-08-05,32.0
2003-08-06,38.0
2003-08-07,33.0
2003-08-08,33.0
2003-08-11,39.0
2003-08-12,40.0
2003-08-13,42.0
2003-08-14,33.0
2003-08-15,50.0
2003-08-18,30.0
2003-08-19,34.0
2003-08-20,35.0
2003-08-21,32.0
2003-08-22,41.0
2003-08-25,30.0
2003-08-26,38.0
2003-08-27,41.0
2003-08-28,35.0
2003-08-29,40.0
2003-09-02,29.0
2003-09-03,24.0
2003-09-04,38.0
2003-09-05,43.0
2003-09-08,32.0
2003-09-09,37.0
2003-09-10,30.0
2003-09-11,41.0
2003-09-12,37.0
2003-09-15,31.0
2003-09-16,26.0
2003-09-17,43.0
2003-09-18,40.0
2003-09-19,33.0
2003-09-22,35.0
2003-09-23,30.0
2003-09-24,30.0
2003-09-25,32.0
2003-09-26,41.0
2003-09-29,32.0
2003-09-30,34.0
2003-10-01,36.0
2003-10-02,28.0
2003-10-03,33.0
2003-10-06,33.0
2003-10-07,31.0
2003-10-08,32.0
2003-10-09,29.0
2003-10-10,28.0
2003-10-13,38.0
2003-10-14,31.0
2003-10-15,27.0
2003-10-16,38.0
2003-10-17,34.0
2003-10-20,37.0
2003-10-21,34.0
2003-10-22,39.0
2003-10-23,38.0
2003-10-24,36.0
2003-10-27,32.0
2003-10-28,22.0
2003-10-29,28.0
2003-10-30,33.0
2003-10-31,29.0
2003-11-03,24.0
2003-11-04,29.0
2003-11-05,27.0
2003-11-06,27.0
2003-11-07,32.0
2003-11-10,29.0
2003-11-11,36.0
2003-11-12,40.0
2003-11-13,36.0
2003-11-14,34.0
2003-11-17,31.0
2003-11-18,39.0
2003-11-19,41.0
2003-11-20,38.0
2003-11-21,33.0
2003-11-24,35.0
2003-11-25,32.0
2003-11-26,30.0
2003-11-28,59.0
2003-12-01,29.0
2003-12-02,33.0
2003-12-03,25.0
2003-12-04,26.0
2003-12-05,35.0
2003-12-08,35.0
2003-12-09,24.0
2003-12-10,31.0
2003-12-11,34.0
2003-12-12,32.0
2003-12-15,35.0
2003-12-16,32.0
2003-12-17,35.0
2003-12-18,40.0
2003-12-19,29.0
2003-12-22,36.0
2003-12-23,33.0
2003-12-24,54.0
2003-12-26,53.0
2003-12-29,29.0
2003-12-30,28.0
2003-12-31,29.0
2004-01-02,31.0
2004-01-05,26.0
2004-01-06,36.0
2004-01-07,29.0
2004-01-08,25.0
2004-01-09,33.0
2004-01-12,30.0
2004-01-13,21.0
2004-01-14,34.0
2004-01-15,26.0
2004-01-16,33.0
2004-01-20,28.0
2004-01-21,27.0
2004-01-22,26.0
2004-01-23,30.0
2004-01-26,33.0
2004-01-27,24.0
2004-01-28,30.0
2004-01-29,30.0
2004-01-30,30.0
2004-02-02,29.0
2004-02-03,36.0
2004-02-04,31.0
2004-02-05,29.0
2004-02-06,27.0
2004-02-09,26.0
2004-02-10,28.0
2004-02-11,31.0
2004-02-12,32.0
2004-02-13,39.0
2004-02-17,33.0
2004-02-18,31.0
2004-02-19,39.0
2004-02-20,37.0
2004-02-23,34.0
2004-02-24,30.0
2004-02-25,40.0
2004-02-26,37.0
2004-02-27,34.0
2004-03-01,31.0
2004-03-02,39.0
2004-03-03,48.0
2004-03-04,40.0
2004-03-05,37.0
2004-03-08,36.0
2004-03-09,38.0
2004-03-10,36.0
2004-03-11,35.0
2004-03-12,37.0
2004-03-15,35.0
2004-03-16,48.0
2004-03-17,39.0
2004-03-18,42.0
2004-03-19,48.0
2004-03-22,40.0
2004-03-23,43.0
2004-03-24,48.0
2004-03-25,54.0
2004-03-26,43.0
2004-03-29,43.0
2004-03-30,43.0
2004-03-31,34.0
2004-04-01,38.0
2004-04-02,30.0
2004-04-05,28.0
2004-04-06,42.0
2004-04-07,45.0
2004-04-08,44.0
2004-04-12,34.0
2004-04-13,42.0
2004-04-14,42.0
2004-04-15,35.0
2004-04-16,47.0
2004-04-19,42.0
2004-04-20,50.0
2004-04-21,52.0
2004-04-22,41.0
2004-04-23,46.0
2004-04-26,46.0
2004-04-27,44.0
2004-04-28,47.0
2004-04-29,50.0
2004-04-30,57.0
2004-05-03,61.0
2004-05-04,45.0
2004-05-05,45.0
2004-05-06,71.0
2004-05-07,60.0
2004-05-10,75.0
2004-05-11,45.0
2004-05-12,56.0
2004-05-13,49.0
2004-05-14,70.0
2004-05-17,459.0
2004-05-18,67.0
2004-05-19,63.0
2004-05-20,73.0
2004-05-21,59.0
2004-05-24,58.0
2004-05-25,50.0
2004-05-26,48.0
2004-05-27,53.0
2004-05-28,49.0
2004-06-01,53.0
2004-06-02,49.0
2004-06-03,53.0
2004-06-04,54.0
2004-06-07,40.0
2004-06-08,49.0
2004-06-09,43.0
2004-06-10,46.0
2004-06-14,50.0
2004-06-15,51.0
2004-06-16,57.0
2004-06-17,63.0
2004-06-18,491.0
2004-06-21,52.0
2004-06-22,60.0
2004-06-23,44.0
2004-06-24,54.0
2004-06-25,70.0
2004-06-28,49.0
2004-06-29,44.0
2004-06-30,48.0
2004-07-01,61.0
2004-07-02,64.0
2004-07-06,71.0
2004-07-07,71.0
2004-07-08,82.0
2004-07-09,79.0
2004-07-12,85.0
2004-07-13,77.0
2004-07-14,91.0
2004-07-15,84.0
2004-07-16,104.0
2004-07-19,107.0
2004-07-20,77.0
2004-07-21,92.0
2004-07-22,120.0
2004-07-23,105.0
2004-07-26,134.0
2004-07-27,93.0
2004-07-28,117.0
2004-07-29,73.0
2004-07-30,68.0
2004-08-02,73.0
2004-08-03,79.0
2004-08-04,97.0
2004-08-05,96.0
2004-08-06,154.0
2004-08-09,147.0
2004-08-10,117.0
2004-08-11,165.0
2004-08-12,150.0
2004-08-13,146.0
2004-08-16,80.0
2004-08-17,69.0
2004-08-18,63.0
2004-08-19,60.0
2004-08-20,65.0
2004-08-23,55.0
2004-08-24,57.0
2004-08-25,71.0
2004-08-26,56.0
2004-08-27,53.0
2004-08-30,57.0
2004-08-31,69.0
2004-09-01,55.0
2004-09-02,56.0
2004-09-03,81.0
2004-09-07,49.0
2004-09-08,59.0
2004-09-09,51.0
2004-09-10,51.0
2004-09-13,47.0
2004-09-14,63.0
2004-09-15,53.0
2004-09-16,61.0
2004-09-17,57.0
2004-09-20,58.0
2004-09-21,50.0
2004-09-22,64.0
2004-09-23,51.0
2004-09-24,66.0
2004-09-27,71.0
2004-09-28,77.0
2004-09-29,66.0
2004-09-30,71.0
2004-10-01,65.0
2004-10-04,49.0
2004-10-05,53.0
2004-10-06,63.0
2004-10-07,65.0
2004-10-08,56.0
2004-10-11,80.0
2004-10-12,70.0
2004-10-13,66.0
2004-10-14,71.0
2004-10-15,78.0
2004-10-18,72.0
2004-10-19,67.0
2004-10-20,79.0
2004-10-21,74.0
2004-10-22,72.0
2004-10-25,79.0
2004-10-26,58.0
2004-10-27,57.0
2004-10-28,59.0
2004-10-29,61.0
2004-11-01,45.0
2004-11-02,42.0
2004-11-03,54.0
2004-11-04,53.0
2004-11-05,40.0
2004-11-08,38.0
2004-11-09,48.0
2004-11-10,51.0
2004-11-11,47.0
2004-11-12,42.0
2004-11-15,44.0
2004-11-16,45.0
2004-11-17,41.0
2004-11-18,47.0
2004-11-19,44.0
2004-11-22,50.0
2004-11-23,50.0
2004-11-24,54.0
2004-11-26,89.0
2004-11-29,43.0
2004-11-30,43.0
2004-12-01,41.0
2004-12-02,52.0
2004-12-03,45.0
2004-12-06,39.0
2004-12-07,45.0
2004-12-08,48.0
2004-12-09,49.0
2004-12-10,46.0
2004-12-13,47.0
2004-12-14,51.0
2004-12-15,48.0
2004-12-16,39.0
2004-12-17,48.0
2004-12-20,42.0
2004-12-21,50.0
2004-12-22,47.0
2004-12-23,47.0
2004-12-27,52.0
2004-12-28,49.0
2004-12-29,41.0
2004-12-30,54.0
2004-12-31,51.0
2005-01-03,31.0
2005-01-04,44.0
2005-01-05,44.0
2005-01-06,51.0
2005-01-07,53.0
2005-01-10,51.0
2005-01-11,64.0
2005-01-12,61.0
2005-01-13,55.0
2005-01-14,58.0
2005-01-18,50.0
2005-01-19,53.0
2005-01-20,58.0
2005-01-21,63.0
2005-01-24,74.0
2005-01-25,54.0
2005-01-26,54.0
2005-01-27,65.0
2005-01-28,71.0
2005-01-31,48.0
2005-02-01,52.0
2005-02-02,55.0
2005-02-03,62.0
2005-02-04,52.0
2005-02-07,46.0
2005-02-08,39.0
2005-02-09,51.0
2005-02-10,70.0
2005-02-11,57.0
2005-02-14,56.0
2005-02-15,47.0
2005-02-16,46.0
2005-02-17,55.0
2005-02-18,63.0
2005-02-22,51.0
2005-02-23,68.0
2005-02-24,75.0
2005-02-25,48.0
2005-02-28,47.0
2005-03-01,52.0
2005-03-02,62.0
2005-03-03,44.0
2005-03-04,49.0
2005-03-07,47.0
2005-03-08,70.0
2005-03-09,76.0
2005-03-10,71.0
2005-03-11,79.0
2005-03-14,64.0
2005-03-15,58.0
2005-03-16,77.0
2005-03-17,83.0
2005-03-18,88.0
2005-03-21,70.0
2005-03-22,74.0
2005-03-23,78.0
2005-03-24,79.0
2005-03-28,61.0
2005-03-29,79.0
2005-03-30,64.0
2005-03-31,78.0
2005-04-01,87.0
2005-04-04,96.0
2005-04-05,89.0
2005-04-06,77.0
2005-04-07,86.0
2005-04-08,87.0
2005-04-11,91.0
2005-04-12,102.0
2005-04-13,80.0
2005-04-14,116.0
2005-04-15,166.0
2005-04-18,142.0
2005-04-19,101.0
2005-04-20,122.0
2005-04-21,95.0
2005-04-22,107.0
2005-04-25,86.0
2005-04-26,112.0
2005-04-27,133.0
2005-04-28,141.0
2005-04-29,138.0
2005-05-02,95.0
2005-05-03,91.0
2005-05-04,84.0
2005-05-05,98.0
2005-05-06,90.0
2005-05-09,87.0
2005-05-10,98.0
2005-05-11,93.0
2005-05-12,89.0
2005-05-13,83.0
2005-05-16,70.0
2005-05-17,75.0
2005-05-18,62.0
2005-05-19,58.0
2005-05-20,71.0
2005-05-23,52.0
2005-05-24,54.0
2005-05-25,75.0
2005-05-26,76.0
2005-05-27,69.0
2005-05-31,62.0
2005-06-01,54.0
2005-06-02,63.0
2005-06-03,66.0
2005-06-06,78.0
2005-06-07,70.0
2005-06-08,67.0
2005-06-09,73.0
2005-06-10,58.0
2005-06-13,64.0
2005-06-14,64.0
2005-06-15,59.0
2005-06-16,51.0
2005-06-17,49.0
2005-06-20,67.0
2005-06-21,45.0
2005-06-22,62.0
2005-06-23,55.0
2005-06-24,79.0
2005-06-27,59.0
2005-06-28,63.0
2005-06-29,54.0
2005-06-30,57.0
2005-07-01,71.0
2005-07-05,61.0
2005-07-06,62.0
2005-07-07,65.0
2005-07-08,52.0
2005-07-11,50.0
2005-07-12,44.0
2005-07-13,55.0
2005-07-14,50.0
2005-07-15,60.0
2005-07-18,51.0
2005-07-19,45.0
2005-07-20,53.0
2005-07-21,59.0
2005-07-22,58.0
2005-07-25,45.0
2005-07-26,41.0
2005-07-27,41.0
2005-07-28,42.0
2005-07-29,52.0
2005-08-01,45.0
2005-08-02,44.0
2005-08-03,44.0
2005-08-04,40.0
2005-08-05,51.0
2005-08-08,55.0
2005-08-09,58.0
2005-08-10,66.0
2005-08-11,62.0
2005-08-12,58.0
2005-08-15,63.0
2005-08-16,67.0
2005-08-17,66.0
2005-08-18,65.0
2005-08-19,52.0
2005-08-22,55.0
2005-08-23,62.0
2005-08-24,65.0
2005-08-25,55.0
2005-08-26,64.0
2005-08-29,59.0
2005-08-30,61.0
2005-08-31,50.0
2005-09-01,44.0
2005-09-02,56.0
2005-09-06,50.0
2005-09-07,59.0
2005-09-08,66.0
2005-09-09,62.0
2005-09-12,58.0
2005-09-13,59.0
2005-09-14,71.0
2005-09-15,67.0
2005-09-16,63.0
2005-09-19,68.0
2005-09-20,80.0
2005-09-21,96.0
2005-09-22,98.0
2005-09-23,75.0
2005-09-26,65.0
2005-09-27,70.0
2005-09-28,88.0
2005-09-29,76.0
2005-09-30,77.0
2005-10-03,51.0
2005-10-04,71.0
2005-10-05,89.0
2005-10-06,86.0
2005-10-07,75.0
2005-10-10,95.0
2005-10-11,114.0
2005-10-12,155.0
2005-10-13,117.0
2005-10-14,89.0
2005-10-17,88.0
2005-10-18,89.0
2005-10-19,109.0
2005-10-20,84.0
2005-10-21,84.0
2005-10-24,69.0
2005-10-25,73.0
2005-10-26,86.0
2005-10-27,118.0
2005-10-28,103.0
2005-10-31,43.0
2005-11-01,66.0
2005-11-02,66.0
2005-11-03,58.0
2005-11-04,63.0
2005-11-07,57.0
2005-11-08,65.0
2005-11-09,63.0
2005-11-10,77.0
2005-11-11,64.0
2005-11-14,65.0
2005-11-15,70.0
2005-11-16,82.0
2005-11-17,76.0
2005-11-18,60.0
2005-11-21,56.0
2005-11-22,51.0
2005-11-23,56.0
2005-11-25,102.0
2005-11-28,57.0
2005-11-29,65.0
2005-11-30,41.0
2005-12-01,33.0
2005-12-02,44.0
2005-12-05,45.0
2005-12-06,56.0
2005-12-07,56.0
2005-12-08,60.0
2005-12-09,50.0
2005-12-12,46.0
2005-12-13,62.0
2005-12-14,55.0
2005-12-15,68.0
2005-12-16,60.0
2005-12-19,68.0
2005-12-20,70.0
2005-12-21,60.0
2005-12-22,57.0
2005-12-23,60.0
2005-12-27,61.0
2005-12-28,51.0
2005-12-29,53.0
2005-12-30,53.0
2006-01-03,49.0
2006-01-04,48.0
2006-01-05,52.0
2006-01-06,53.0
2006-01-09,55.0
2006-01-10,43.0
2006-01-11,56.0
2006-01-12,53.0
2006-01-13,51.0
2006-01-17,51.0
2006-01-18,59.0
2006-01-19,45.0
2006-01-20,60.0
2006-01-23,61.0
2006-01-24,53.0
2006-01-25,50.0
2006-01-26,45.0
2006-01-27,47.0
2006-01-30,32.0
2006-01-31,38.0
2006-02-01,49.0
2006-02-02,45.0
2006-02-03,61.0
2006-02-06,48.0
2006-02-07,53.0
2006-02-08,49.0
2006-02-09,50.0
2006-02-10,64.0
2006-02-13,50.0
2006-02-14,50.0
2006-02-15,47.0
2006-02-16,48.0
2006-02-17,45.0
2006-02-21,49.0
2006-02-22,41.0
2006-02-23,59.0
2006-02-24,47.0
2006-02-27,35.0
2006-02-28,54.0
2006-03-01,47.0
2006-03-02,54.0
2006-03-03,42.0
2006-03-06,54.0
2006-03-07,63.0
2006-03-08,66.0
2006-03-09,59.0
2006-03-10,72.0
2006-03-13,57.0
2006-03-14,61.0
2006-03-15,47.0
2006-03-16,49.0
2006-03-17,59.0
2006-03-20,48.0
2006-03-21,51.0
2006-03-22,58.0
2006-03-23,43.0
2006-03-24,52.0
2006-03-27,32.0
2006-03-28,42.0
2006-03-29,39.0
2006-03-30,44.0
2006-03-31,35.0
2006-04-03,38.0
2006-04-04,45.0
2006-04-05,52.0
2006-04-06,50.0
2006-04-07,58.0
2006-04-10,59.0
2006-04-11,59.0
2006-04-12,66.0
2006-04-13,53.0
2006-04-17,52.0
2006-04-18,51.0
2006-04-19,50.0
2006-04-20,46.0
2006-04-21,42.0
2006-04-24,53.0
2006-04-25,56.0
2006-04-26,48.0
2006-04-27,52.0
2006-04-28,53.0
2006-05-01,53.0
2006-05-02,54.0
2006-05-03,48.0
2006-05-04,44.0
2006-05-05,36.0
2006-05-08,32.0
2006-05-09,36.0
2006-05-10,50.0
2006-05-11,68.0
2006-05-12,84.0
2006-05-15,75.0
2006-05-16,65.0
2006-05-17,89.0
2006-05-18,84.0
2006-05-19,88.0
2006-05-22,91.0
2006-05-23,78.0
2006-05-24,96.0
2006-05-25,58.0
2006-05-26,62.0
2006-05-30,61.0
2006-05-31,67.0
2006-06-01,54.0
2006-06-02,58.0
2006-06-05,77.0
2006-06-06,89.0
2006-06-07,74.0
2006-06-08,118.0
2006-06-09,69.0
2006-06-12,105.0
2006-06-13,153.0
2006-06-14,138.0
2006-06-15,58.0
2006-06-16,78.0
2006-06-19,96.0
2006-06-20,118.0
2006-06-21,102.0
2006-06-22,99.0
2006-06-23,86.0
2006-06-26,76.0
2006-06-27,110.0
2006-06-28,146.0
2006-06-29,73.0
2006-06-30,63.0
2006-07-03,87.0
2006-07-05,77.0
2006-07-06,78.0
2006-07-07,90.0
2006-07-10,85.0
2006-07-11,113.0
2006-07-12,90.0
2006-07-13,152.0
2006-07-14,171.0
2006-07-17,136.0
2006-07-18,160.0
2006-07-19,89.0
2006-07-20,113.0
2006-07-21,177.0
2006-07-24,83.0
2006-07-25,82.0
2006-07-26,95.0
2006-07-27,88.0
2006-07-28,87.0
2006-07-31,67.0
2006-08-01,111.0
2006-08-02,88.0
2006-08-03,99.0
2006-08-04,81.0
2006-08-07,82.0
2006-08-08,102.0
2006-08-09,121.0
2006-08-10,142.0
2006-08-11,114.0
2006-08-14,85.0
2006-08-15,87.0
2006-08-16,67.0
2006-08-17,56.0
2006-08-18,65.0
2006-08-21,56.0
2006-08-22,69.0
2006-08-23,82.0
2006-08-24,90.0
2006-08-25,72.0
2006-08-28,59.0
2006-08-29,57.0
2006-08-30,55.0
2006-08-31,61.0
2006-09-01,42.0
2006-09-05,41.0
2006-09-06,51.0
2006-09-07,73.0
2006-09-08,69.0
2006-09-11,68.0
2006-09-12,54.0
2006-09-13,51.0
2006-09-14,53.0
2006-09-15,68.0
2006-09-18,54.0
2006-09-19,63.0
2006-09-20,55.0
2006-09-21,76.0
2006-09-22,74.0
2006-09-25,71.0
2006-09-26,63.0
2006-09-27,59.0
2006-09-28,55.0
2006-09-29,49.0
2006-10-02,53.0
2006-10-03,73.0
2006-10-04,66.0
2006-10-05,54.0
2006-10-06,56.0
2006-10-09,51.0
2006-10-10,57.0
2006-10-11,45.0
2006-10-12,58.0
2006-10-13,48.0
2006-10-16,37.0
2006-10-17,41.0
2006-10-18,38.0
2006-10-19,38.0
2006-10-20,54.0
2006-10-23,40.0
2006-10-24,48.0
2006-10-25,43.0
2006-10-26,52.0
2006-10-27,55.0
2006-10-30,39.0
2006-10-31,42.0
2006-11-01,50.0
2006-11-02,55.0
2006-11-03,54.0
2006-11-06,47.0
2006-11-07,52.0
2006-11-08,49.0
2006-11-09,59.0
2006-11-10,47.0
2006-11-13,43.0
2006-11-14,61.0
2006-11-15,46.0
2006-11-16,44.0
2006-11-17,57.0
2006-11-20,55.0
2006-11-21,50.0
2006-11-22,53.0
2006-11-24,84.0
2006-11-27,54.0
2006-11-28,43.0
2006-11-29,49.0
2006-11-30,51.0
2006-12-01,55.0
2006-12-04,34.0
2006-12-05,32.0
2006-12-06,49.0
2006-12-07,48.0
2006-12-08,44.0
2006-12-11,31.0
2006-12-12,49.0
2006-12-13,50.0
2006-12-14,46.0
2006-12-15,41.0
2006-12-18,43.0
2006-12-19,45.0
2006-12-20,48.0
2006-12-21,52.0
2006-12-22,55.0
2006-12-26,62.0
2006-12-27,45.0
2006-12-28,31.0
2006-12-29,28.0
2007-01-03,37.0
2007-01-04,50.0
2007-01-05,54.0
2007-01-08,57.0
2007-01-09,59.0
2007-01-10,61.0
2007-01-11,44.0
2007-01-12,43.0
2007-01-16,41.0
2007-01-17,45.0
2007-01-18,57.0
2007-01-19,59.0
2007-01-22,51.0
2007-01-23,44.0
2007-01-24,46.0
2007-01-25,53.0
2007-01-26,53.0
2007-01-29,45.0
2007-01-30,30.0
2007-01-31,44.0
2007-02-01,46.0
2007-02-02,47.0
2007-02-05,52.0
2007-02-06,63.0
2007-02-07,42.0
2007-02-08,56.0
2007-02-09,58.0
2007-02-12,50.0
2007-02-13,51.0
2007-02-14,38.0
2007-02-15,44.0
2007-02-16,59.0
2007-02-20,37.0
2007-02-21,45.0
2007-02-22,54.0
2007-02-23,34.0
2007-02-26,46.0
2007-02-27,66.0
2007-02-28,52.0
2007-03-01,66.0
2007-03-02,81.0
2007-03-05,112.0
2007-03-06,69.0
2007-03-07,71.0
2007-03-08,82.0
2007-03-09,82.0
2007-03-12,62.0
2007-03-13,96.0
2007-03-14,113.0
2007-03-15,61.0
2007-03-16,88.0
2007-03-19,60.0
2007-03-20,71.0
2007-03-21,49.0
2007-03-22,52.0
2007-03-23,47.0
2007-03-26,39.0
2007-03-27,67.0
2007-03-28,72.0
2007-03-29,71.0
2007-03-30,71.0
2007-04-02,73.0
2007-04-03,63.0
2007-04-04,64.0
2007-04-05,56.0
2007-04-09,52.0
2007-04-10,58.0
2007-04-11,63.0
2007-04-12,71.0
2007-04-13,55.0
2007-04-16,40.0
2007-04-17,53.0
2007-04-18,54.0
2007-04-19,61.0
2007-04-20,56.0
2007-04-23,57.0
2007-04-24,59.0
2007-04-25,20.0
2007-04-26,55.0
2007-04-27,74.0
2007-04-30,72.0
2007-05-01,65.0
2007-05-02,53.0
2007-05-03,59.0
2007-05-04,50.0
2007-05-07,44.0
2007-05-08,60.0
2007-05-09,61.0
2007-05-10,70.0
2007-05-11,73.0
2007-05-14,73.0
2007-05-15,95.0
2007-05-16,80.0
2007-05-17,78.0
2007-05-18,72.0
2007-05-21,50.0
2007-05-22,49.0
2007-05-23,47.0
2007-05-24,65.0
2007-05-25,65.0
2007-05-29,51.0
2007-05-30,53.0
2007-05-31,53.0
2007-06-01,45.0
2007-06-04,45.0
2007-06-05,63.0
2007-06-06,73.0
2007-06-07,94.0
2007-06-08,79.0
2007-06-11,67.0
2007-06-12,79.0
2007-06-13,78.0
2007-06-14,60.0
2007-06-15,65.0
2007-06-18,47.0
2007-06-19,62.0
2007-06-20,65.0
2007-06-21,79.0
2007-06-22,82.0
2007-06-25,75.0
2007-06-26,82.0
2007-06-27,80.0
2007-06-28,66.0
2007-06-29,60.0
2007-07-02,73.0
2007-07-03,88.0
2007-07-05,75.0
2007-07-06,65.0
2007-07-09,60.0
2007-07-10,102.0
2007-07-11,86.0
2007-07-12,63.0
2007-07-13,72.0
2007-07-16,77.0
2007-07-17,74.0
2007-07-18,121.0
2007-07-19,93.0
2007-07-20,159.0
2007-07-23,111.0
2007-07-24,187.0
2007-07-25,172.0
2007-07-26,231.0
2007-07-27,181.0
2007-07-30,178.0
2007-07-31,135.0
2007-08-01,212.0
2007-08-02,145.0
2007-08-03,245.0
2007-08-06,300.0
2007-08-07,144.0
2007-08-08,107.0
2007-08-09,152.0
2007-08-10,138.0
2007-08-13,70.0
2007-08-14,107.0
2007-08-15,124.0
2007-08-16,195.0
2007-08-17,72.0
2007-08-20,62.0
2007-08-21,69.0
2007-08-22,61.0
2007-08-23,58.0
2007-08-24,59.0
2007-08-27,45.0
2007-08-28,61.0
2007-08-29,66.0
2007-08-30,64.0
2007-08-31,53.0
2007-09-04,50.0
2007-09-05,65.0
2007-09-06,60.0
2007-09-07,80.0
2007-09-10,90.0
2007-09-11,60.0
2007-09-12,79.0
2007-09-13,85.0
2007-09-14,103.0
2007-09-17,98.0
2007-09-18,71.0
2007-09-19,42.0
2007-09-20,53.0
2007-09-21,52.0
2007-09-24,68.0
2007-09-25,102.0
2007-09-26,80.0
2007-09-27,76.0
2007-09-28,78.0
2007-10-01,60.0
2007-10-02,54.0
2007-10-03,63.0
2007-10-04,64.0
2007-10-05,57.0
2007-10-08,72.0
2007-10-09,56.0
2007-10-10,64.0
2007-10-11,67.0
2007-10-12,61.0
2007-10-15,83.0
2007-10-16,91.0
2007-10-17,102.0
2007-10-18,110.0
2007-10-19,143.0
2007-10-22,158.0
2007-10-23,96.0
2007-10-24,123.0
2007-10-25,133.0
2007-10-26,115.0
2007-10-29,97.0
2007-10-30,105.0
2007-10-31,89.0
2007-11-01,153.0
2007-11-02,191.0
2007-11-05,207.0
2007-11-06,183.0
2007-11-07,236.0
2007-11-08,273.0
2007-11-09,207.0
2007-11-12,152.0
2007-11-13,117.0
2007-11-14,104.0
2007-11-15,128.0
2007-11-16,160.0
2007-11-19,205.0
2007-11-20,258.0
2007-11-21,217.0
2007-11-23,133.0
2007-11-26,195.0
2007-11-27,187.0
2007-11-28,85.0
2007-11-29,85.0
2007-11-30,83.0
2007-12-03,115.0
2007-12-04,171.0
2007-12-05,115.0
2007-12-06,98.0
2007-12-07,81.0
2007-12-10,71.0
2007-12-11,98.0
2007-12-12,105.0
2007-12-13,121.0
2007-12-14,150.0
2007-12-17,184.0
2007-12-18,208.0
2007-12-19,155.0
2007-12-20,156.0
2007-12-21,108.0
2007-12-24,94.0
2007-12-26,90.0
2007-12-27,96.0
2007-12-28,95.0
2007-12-31,123.0
2008-01-02,153.0
2008-01-03,196.0
2008-01-04,330.0
2008-01-07,265.0
2008-01-08,301.0
2008-01-09,435.0
2008-01-10,196.0
2008-01-11,214.0
2008-01-14,152.0
2008-01-15,295.0
2008-01-16,223.0
2008-01-17,255.0
2008-01-18,384.0
2008-01-22,622.0
2008-01-23,303.0
2008-01-24,77.0
2008-01-25,75.0
2008-01-28,81.0
2008-01-29,76.0
2008-01-30,75.0
2008-01-31,102.0
2008-02-01,72.0
2008-02-04,56.0
2008-02-05,87.0
2008-02-06,100.0
2008-02-07,143.0
2008-02-08,100.0
2008-02-11,103.0
2008-02-12,68.0
2008-02-13,60.0
2008-02-14,100.0
2008-02-15,111.0
2008-02-19,91.0
2008-02-20,99.0
2008-02-21,123.0
2008-02-22,144.0
2008-02-25,80.0
2008-02-26,80.0
2008-02-27,90.0
2008-02-28,108.0
2008-02-29,144.0
2008-03-03,184.0
2008-03-04,218.0
2008-03-05,149.0
2008-03-06,238.0
2008-03-07,302.0
2008-03-10,302.0
2008-03-11,194.0
2008-03-12,130.0
2008-03-13,185.0
2008-03-14,180.0
2008-03-17,341.0
2008-03-18,151.0
2008-03-19,132.0
2008-03-20,172.0
2008-03-24,78.0
2008-03-25,70.0
2008-03-26,73.0
2008-03-27,79.0
2008-03-28,77.0
2008-03-31,107.0
2008-04-01,74.0
2008-04-02,83.0
2008-04-03,93.0
2008-04-04,76.0
2008-04-07,65.0
2008-04-08,71.0
2008-04-09,78.0
2008-04-10,92.0
2008-04-11,110.0
2008-04-14,122.0
2008-04-15,136.0
2008-04-16,82.0
2008-04-17,82.0
2008-04-18,59.0
2008-04-21,74.0
2008-04-22,107.0
2008-04-23,102.0
2008-04-24,87.0
2008-04-25,78.0
2008-04-28,83.0
2008-04-29,73.0
2008-04-30,85.0
2008-05-01,69.0
2008-05-02,77.0
2008-05-05,77.0
2008-05-06,62.0
2008-05-07,83.0
2008-05-08,103.0
2008-05-09,124.0
2008-05-12,78.0
2008-05-13,67.0
2008-05-14,75.0
2008-05-15,85.0
2008-05-16,77.0
2008-05-19,70.0
2008-05-20,87.0
2008-05-21,95.0
2008-05-22,86.0
2008-05-23,112.0
2008-05-27,68.0
2008-05-28,85.0
2008-05-29,86.0
2008-05-30,71.0
2008-06-02,97.0
2008-06-03,95.0
2008-06-04,91.0
2008-06-05,72.0
2008-06-06,106.0
2008-06-09,135.0
2008-06-10,142.0
2008-06-11,163.0
2008-06-12,128.0
2008-06-13,118.0
2008-06-16,93.0
2008-06-17,105.0
2008-06-18,183.0
2008-06-19,157.0
2008-06-20,173.0
2008-06-23,188.0
2008-06-24,227.0
2008-06-25,136.0
2008-06-26,210.0
2008-06-27,247.0
2008-06-30,282.0
2008-07-01,338.0
2008-07-02,303.0
2008-07-03,313.0
2008-07-07,343.0
2008-07-08,229.0
2008-07-09,164.0
2008-07-10,245.0
2008-07-11,295.0
2008-07-14,243.0
2008-07-15,361.0
2008-07-16,161.0
2008-07-17,73.0
2008-07-18,80.0
2008-07-21,73.0
2008-07-22,74.0
2008-07-23,55.0
2008-07-24,74.0
2008-07-25,77.0
2008-07-28,97.0
2008-07-29,82.0
2008-07-30,77.0
2008-07-31,84.0
2008-08-01,100.0
2008-08-04,101.0
2008-08-05,65.0
2008-08-06,72.0
2008-08-07,74.0
2008-08-08,61.0
2008-08-11,64.0
2008-08-12,71.0
2008-08-13,68.0
2008-08-14,61.0
2008-08-15,50.0
2008-08-18,54.0
2008-08-19,83.0
2008-08-20,78.0
2008-08-21,77.0
2008-08-22,73.0
2008-08-25,77.0
2008-08-26,70.0
2008-08-27,66.0
2008-08-28,52.0
2008-08-29,52.0
2008-09-02,68.0
2008-09-03,80.0
2008-09-04,105.0
2008-09-05,121.0
2008-09-08,89.0
2008-09-09,125.0
2008-09-10,132.0
2008-09-11,167.0
2008-09-12,109.0
2008-09-15,193.0
2008-09-16,249.0
2008-09-17,226.0
2008-09-18,219.0
2008-09-19,65.0
2008-09-22,53.0
2008-09-23,83.0
2008-09-24,94.0
2008-09-25,93.0
2008-09-26,133.0
2008-09-29,365.0
2008-09-30,150.0
2008-10-01,133.0
2008-10-02,266.0
2008-10-03,322.0
2008-10-06,707.0
2008-10-07,466.0
2008-10-08,761.0
2008-10-09,694.0
2008-10-10,1092.0
2008-10-13,86.0
2008-10-14,81.0
2008-10-15,182.0
2008-10-16,309.0
2008-10-17,103.0
2008-10-20,76.0
2008-10-21,78.0
2008-10-22,234.0
2008-10-23,426.0
2008-10-24,621.0
2008-10-27,428.0
2008-10-28,434.0
2008-10-29,133.0
2008-10-30,94.0
2008-10-31,73.0
2008-11-03,45.0
2008-11-04,61.0
2008-11-05,70.0
2008-11-06,144.0
2008-11-07,131.0
2008-11-10,150.0
2008-11-11,236.0
2008-11-12,368.0
2008-11-13,497.0
2008-11-14,132.0
2008-11-17,244.0
2008-11-18,369.0
2008-11-19,514.0
2008-11-20,781.0
2008-11-21,780.0
2008-11-24,128.0
2008-11-25,98.0
2008-11-26,70.0
2008-11-28,68.0
2008-12-01,87.0
2008-12-02,85.0
2008-12-03,60.0
2008-12-04,69.0
2008-12-05,108.0
2008-12-08,61.0
2008-12-09,59.0
2008-12-10,55.0
2008-12-11,55.0
2008-12-12,74.0
2008-12-15,69.0
2008-12-16,58.0
2008-12-17,42.0
2008-12-18,38.0
2008-12-19,53.0
2008-12-22,71.0
2008-12-23,57.0
2008-12-24,50.0
2008-12-26,50.0
2008-12-29,61.0
2008-12-30,72.0
2008-12-31,33.0
2009-01-02,26.0
2009-01-05,19.0
2009-01-06,20.0
2009-01-07,28.0
2009-01-08,30.0
2009-01-09,29.0
2009-01-12,45.0
2009-01-13,44.0
2009-01-14,66.0
2009-01-15,88.0
2009-01-16,60.0
2009-01-20,125.0
2009-01-21,126.0
2009-01-22,99.0
2009-01-23,110.0
2009-01-26,72.0
2009-01-27,59.0
2009-01-28,42.0
2009-01-29,65.0
2009-01-30,100.0
2009-02-02,111.0
2009-02-03,86.0
2009-02-04,69.0
2009-02-05,90.0
2009-02-06,49.0
2009-02-09,44.0
2009-02-10,75.0
2009-02-11,80.0
2009-02-12,98.0
2009-02-13,65.0
2009-02-17,141.0
2009-02-18,153.0
2009-02-19,167.0
2009-02-20,252.0
2009-02-23,238.0
2009-02-24,200.0
2009-02-25,156.0
2009-02-26,142.0
2009-02-27,197.0
2009-03-02,357.0
2009-03-03,355.0
2009-03-04,240.0
2009-03-05,395.0
2009-03-06,419.0
2009-03-09,335.0
2009-03-10,106.0
2009-03-11,67.0
2009-03-12,68.0
2009-03-13,23.0
2009-03-16,29.0
2009-03-17,30.0
2009-03-18,25.0
2009-03-19,32.0
2009-03-20,25.0
2009-03-23,18.0
2009-03-24,22.0
2009-03-25,21.0
2009-03-26,14.0
2009-03-27,15.0
2009-03-30,29.0
2009-03-31,16.0
2009-04-01,19.0
2009-04-02,15.0
2009-04-03,13.0
2009-04-06,16.0
2009-04-07,15.0
2009-04-08,19.0
2009-04-09,14.0
2009-04-13,15.0
2009-04-14,14.0
2009-04-15,21.0
2009-04-16,23.0
2009-04-17,14.0
2009-04-20,20.0
2009-04-21,21.0
2009-04-22,15.0
2009-04-23,21.0
2009-04-24,13.0
2009-04-27,12.0
2009-04-28,15.0
2009-04-29,19.0
2009-04-30,15.0
2009-05-01,14.0
2009-05-04,18.0
2009-05-05,13.0
2009-05-06,16.0
2009-05-07,15.0
2009-05-08,10.0
2009-05-11,12.0
2009-05-12,17.0
2009-05-13,19.0
2009-05-14,18.0
2009-05-15,16.0
2009-05-18,12.0
2009-05-19,11.0
2009-05-20,11.0
2009-05-21,21.0
2009-05-22,13.0
2009-05-26,15.0
2009-05-27,14.0
2009-05-28,15.0
2009-05-29,11.0
2009-06-01,11.0
2009-06-02,12.0
2009-06-03,12.0
2009-06-04,13.0
2009-06-05,11.0
2009-06-08,17.0
2009-06-09,10.0
2009-06-10,17.0
2009-06-11,11.0
2009-06-12,11.0
2009-06-15,19.0
2009-06-16,21.0
2009-06-17,20.0
2009-06-18,12.0
2009-06-19,14.0
2009-06-22,25.0
2009-06-23,24.0
2009-06-24,18.0
2009-06-25,18.0
2009-06-26,19.0
2009-06-29,13.0
2009-06-30,17.0
2009-07-01,14.0
2009-07-02,19.0
2009-07-06,20.0
2009-07-07,15.0
2009-07-08,29.0
2009-07-09,27.0
2009-07-10,29.0
2009-07-13,15.0
2009-07-14,11.0
2009-07-15,9.0
2009-07-16,12.0
2009-07-17,10.0
2009-07-20,14.0
2009-07-21,19.0
2009-07-22,19.0
2009-07-23,10.0
2009-07-24,12.0
2009-07-27,14.0
2009-07-28,5.0
2009-07-29,9.0
2009-07-30,11.0
2009-07-31,11.0
2009-08-03,11.0
2009-08-04,8.0
2009-08-05,10.0
2009-08-06,9.0
2009-08-07,9.0
2009-08-10,11.0
2009-08-11,9.0
2009-08-12,8.0
2009-08-13,12.0
2009-08-14,9.0
2009-08-17,16.0
2009-08-18,11.0
2009-08-19,14.0
2009-08-20,13.0
2009-08-21,8.0
2009-08-24,12.0
2009-08-25,8.0
2009-08-26,11.0
2009-08-27,12.0
2009-08-28,13.0
2009-08-31,9.0
2009-09-01,19.0
2009-09-02,16.0
2009-09-03,12.0
2009-09-04,10.0
2009-09-08,13.0
2009-09-09,11.0
2009-09-10,8.0
2009-09-11,13.0
2009-09-14,12.0
2009-09-15,10.0
2009-09-16,10.0
2009-09-17,15.0
2009-09-18,8.0
2009-09-21,9.0
2009-09-22,9.0
2009-09-23,7.0
2009-09-24,12.0
2009-09-25,11.0
2009-09-28,13.0
2009-09-29,7.0
2009-09-30,12.0
2009-10-01,9.0
2009-10-02,13.0
2009-10-05,13.0
2009-10-06,13.0
2009-10-07,11.0
2009-10-08,14.0
2009-10-09,12.0
2009-10-12,13.0
2009-10-13,17.0
2009-10-14,14.0
2009-10-15,12.0
2009-10-16,11.0
2009-10-19,11.0
2009-10-20,12.0
2009-10-21,12.0
2009-10-22,11.0
2009-10-23,12.0
2009-10-26,13.0
2009-10-27,15.0
2009-10-28,27.0
2009-10-29,22.0
2009-10-30,24.0
2009-11-02,33.0
2009-11-03,20.0
2009-11-04,23.0
2009-11-05,16.0
2009-11-06,14.0
2009-11-09,14.0
2009-11-10,20.0
2009-11-11,15.0
2009-11-12,23.0
2009-11-13,23.0
2009-11-16,13.0
2009-11-17,11.0
2009-11-18,11.0
2009-11-19,12.0
2009-11-20,16.0
2009-11-23,10.0
2009-11-24,11.0
2009-11-25,11.0
2009-11-27,28.0
2009-11-30,22.0
2009-12-01,7.0
2009-12-02,16.0
2009-12-03,17.0
2009-12-04,17.0
2009-12-07,11.0
2009-12-08,16.0
2009-12-09,13.0
2009-12-10,15.0
2009-12-11,16.0
2009-12-14,12.0
2009-12-15,14.0
2009-12-16,16.0
2009-12-17,15.0
2009-12-18,19.0
2009-12-21,11.0
2009-12-22,10.0
2009-12-23,7.0
2009-12-24,6.0
2009-12-28,3.0
2009-12-29,8.0
2009-12-30,8.0
2009-12-31,7.0
2010-01-04,6.0
2010-01-05,5.0
2010-01-06,10.0
2010-01-07,9.0
2010-01-08,10.0
2010-01-11,6.0
2010-01-12,11.0
2010-01-13,8.0
2010-01-14,7.0
2010-01-15,9.0
2010-01-19,7.0
2010-01-20,12.0
2010-01-21,12.0
2010-01-22,18.0
2010-01-25,12.0
2010-01-26,15.0
2010-01-27,18.0
2010-01-28,15.0
2010-01-29,19.0
2010-02-01,13.0
2010-02-02,12.0
2010-02-03,19.0
2010-02-04,29.0
2010-02-05,47.0
2010-02-08,23.0
2010-02-09,21.0
2010-02-10,28.0
2010-02-11,21.0
2010-02-12,18.0
2010-02-16,7.0
2010-02-17,9.0
2010-02-18,12.0
2010-02-19,13.0
2010-02-22,11.0
2010-02-23,9.0
2010-02-24,13.0
2010-02-25,16.0
2010-02-26,10.0
2010-03-01,15.0
2010-03-02,9.0
2010-03-03,10.0
2010-03-04,4.0
2010-03-05,7.0
2010-03-08,10.0
2010-03-09,5.0
2010-03-10,5.0
2010-03-11,7.0
2010-03-12,3.0
2010-03-15,10.0
2010-03-16,11.0
2010-03-17,7.0
2010-03-18,14.0
2010-03-19,10.0
2010-03-22,12.0
2010-03-23,8.0
2010-03-24,9.0
2010-03-25,9.0
2010-03-26,13.0
2010-03-29,12.0
2010-03-30,16.0
2010-03-31,18.0
2010-04-01,10.0
2010-04-05,10.0
2010-04-06,9.0
2010-04-07,7.0
2010-04-08,8.0
2010-04-09,11.0
2010-04-12,9.0
2010-04-13,12.0
2010-04-14,6.0
2010-04-15,16.0
2010-04-16,13.0
2010-04-19,18.0
2010-04-20,11.0
2010-04-21,13.0
2010-04-22,14.0
2010-04-23,10.0
2010-04-26,8.0
2010-04-27,12.0
2010-04-28,17.0
2010-04-29,12.0
2010-04-30,17.0
2010-05-03,20.0
2010-05-04,34.0
2010-05-05,37.0
2010-05-06,85.0
2010-05-07,49.0
2010-05-10,13.0
2010-05-11,26.0
2010-05-12,14.0
2010-05-13,14.0
2010-05-14,26.0
2010-05-17,36.0
2010-05-18,27.0
2010-05-19,48.0
2010-05-20,91.0
2010-05-21,86.0
2010-05-24,49.0
2010-05-25,108.0
2010-05-26,41.0
2010-05-27,18.0
2010-05-28,32.0
2010-06-01,45.0
2010-06-02,46.0
2010-06-03,20.0
2010-06-04,68.0
2010-06-07,94.0
2010-06-08,120.0
2010-06-09,82.0
2010-06-10,52.0
2010-06-11,30.0
2010-06-14,21.0
2010-06-15,23.0
2010-06-16,18.0
2010-06-17,19.0
2010-06-18,13.0
2010-06-21,27.0
2010-06-22,34.0
2010-06-23,44.0
2010-06-24,66.0
2010-06-25,72.0
2010-06-28,49.0
2010-06-29,114.0
2010-06-30,103.0
2010-07-01,153.0
2010-07-02,93.0
2010-07-06,126.0
2010-07-07,92.0
2010-07-08,38.0
2010-07-09,30.0
2010-07-12,34.0
2010-07-13,19.0
2010-07-14,20.0
2010-07-15,29.0
2010-07-16,59.0
2010-07-19,61.0
2010-07-20,54.0
2010-07-21,43.0
2010-07-22,27.0
2010-07-23,27.0
2010-07-26,17.0
2010-07-27,15.0
2010-07-28,19.0
2010-07-29,27.0
2010-07-30,30.0
2010-08-02,14.0
2010-08-03,23.0
2010-08-04,21.0
2010-08-05,26.0
2010-08-06,39.0
2010-08-09,21.0
2010-08-10,45.0
2010-08-11,95.0
2010-08-12,110.0
2010-08-13,88.0
2010-08-16,95.0
2010-08-17,37.0
2010-08-18,35.0
2010-08-19,97.0
2010-08-20,94.0
2010-08-23,89.0
2010-08-24,165.0
2010-08-25,137.0
2010-08-26,56.0
2010-08-27,67.0
2010-08-30,74.0
2010-08-31,117.0
2010-09-01,31.0
2010-09-02,23.0
2010-09-03,14.0
2010-09-07,20.0
2010-09-08,31.0
2010-09-09,28.0
2010-09-10,33.0
2010-09-13,18.0
2010-09-14,20.0
2010-09-15,19.0
2010-09-16,21.0
2010-09-17,26.0
2010-09-20,15.0
2010-09-21,16.0
2010-09-22,21.0
2010-09-23,30.0
2010-09-24,15.0
2010-09-27,14.0
2010-09-28,16.0
2010-09-29,18.0
2010-09-30,25.0
2010-10-01,18.0
2010-10-04,22.0
2010-10-05,10.0
2010-10-06,11.0
2010-10-07,15.0
2010-10-08,15.0
2010-10-11,12.0
2010-10-12,15.0
2010-10-13,8.0
2010-10-14,17.0
2010-10-15,14.0
2010-10-18,15.0
2010-10-19,8.0
2010-10-20,14.0
2010-10-21,19.0
2010-10-22,22.0
2010-10-25,15.0
2010-10-26,23.0
2010-10-27,21.0
2010-10-28,24.0
2010-10-29,24.0
2010-11-01,26.0
2010-11-02,20.0
2010-11-03,15.0
2010-11-04,22.0
2010-11-05,15.0
2010-11-08,10.0
2010-11-09,9.0
2010-11-10,15.0
2010-11-11,18.0
2010-11-12,24.0
2010-11-15,24.0
2010-11-16,32.0
2010-11-17,29.0
2010-11-18,20.0
2010-11-19,23.0
2010-11-22,26.0
2010-11-23,33.0
2010-11-24,22.0
2010-11-26,26.0
2010-11-29,38.0
2010-11-30,45.0
2010-12-01,31.0
2010-12-02,29.0
2010-12-03,19.0
2010-12-06,15.0
2010-12-07,20.0
2010-12-08,13.0
2010-12-09,14.0
2010-12-10,17.0
2010-12-13,12.0
2010-12-14,14.0
2010-12-15,18.0
2010-12-16,19.0
2010-12-17,21.0
2010-12-20,14.0
2010-12-21,8.0
2010-12-22,12.0
2010-12-23,7.0
2010-12-27,4.0
2010-12-28,7.0
2010-12-29,7.0
2010-12-30,10.0
2010-12-31,6.0
2011-01-03,5.0
2011-01-04,2.0
2011-01-05,3.0
2011-01-06,3.0
2011-01-07,5.0
2011-01-10,6.0
2011-01-11,6.0
2011-01-12,4.0
2011-01-13,5.0
2011-01-14,8.0
2011-01-18,6.0
2011-01-19,7.0
2011-01-20,11.0
2011-01-21,17.0
2011-01-24,13.0
2011-01-25,14.0
2011-01-26,11.0
2011-01-27,7.0
2011-01-28,24.0
2011-01-31,29.0
2011-02-01,16.0
2011-02-02,15.0
2011-02-03,11.0
2011-02-04,16.0
2011-02-07,11.0
2011-02-08,8.0
2011-02-09,14.0
2011-02-10,21.0
2011-02-11,19.0
2011-02-14,11.0
2011-02-15,19.0
2011-02-16,24.0
2011-02-17,12.0
2011-02-18,12.0
2011-02-22,24.0
2011-02-23,30.0
2011-02-24,27.0
2011-02-25,14.0
2011-02-28,12.0
2011-03-01,20.0
2011-03-02,26.0
2011-03-03,14.0
2011-03-04,16.0
2011-03-07,24.0
2011-03-08,22.0
2011-03-09,25.0
2011-03-10,3800.0
2011-03-11,44.0
2011-03-14,48.0
2011-03-15,90.0
2011-03-16,47.0
2011-03-17,39.0
2011-03-18,31.0
2011-03-21,22.0
2011-03-22,27.0
2011-03-23,31.0
2011-03-24,21.0
2011-03-25,14.0
2011-03-28,21.0
2011-03-29,18.0
2011-03-30,12.0
2011-03-31,19.0
2011-04-01,19.0
2011-04-04,24.0
2011-04-05,25.0
2011-04-06,12.0
2011-04-07,13.0
2011-04-08,13.0
2011-04-11,22.0
2011-04-12,30.0
2011-04-13,31.0
2011-04-14,31.0
2011-04-15,17.0
2011-04-18,27.0
2011-04-19,18.0
2011-04-20,16.0
2011-04-21,17.0
2011-04-25,10.0
2011-04-26,14.0
2011-04-27,13.0
2011-04-28,18.0
2011-04-29,14.0
2011-05-02,15.0
2011-05-03,29.0
2011-05-04,37.0
2011-05-05,31.0
2011-05-06,27.0
2011-05-09,27.0
2011-05-10,17.0
2011-05-11,23.0
2011-05-12,31.0
2011-05-13,27.0
2011-05-16,43.0
2011-05-17,56.0
2011-05-18,34.0
2011-05-19,26.0
2011-05-20,38.0
2011-05-23,58.0
2011-05-24,56.0
2011-05-25,48.0
2011-05-26,40.0
2011-05-27,30.0
2011-05-31,33.0
2011-06-01,54.0
2011-06-02,51.0
2011-06-03,68.0
2011-06-06,95.0
2011-06-07,87.0
2011-06-08,108.0
2011-06-09,83.0
2011-06-10,109.0
2011-06-13,87.0
2011-06-14,42.0
2011-06-15,68.0
2011-06-16,67.0
2011-06-17,69.0
2011-06-20,62.0
2011-06-21,15.0
2011-06-22,17.0
2011-06-23,45.0
2011-06-24,32.0
2011-06-27,29.0
2011-06-28,11.0
2011-06-29,17.0
2011-06-30,24.0
2011-07-01,12.0
2011-07-05,10.0
2011-07-06,16.0
2011-07-07,9.0
2011-07-08,14.0
2011-07-11,15.0
2011-07-12,12.0
2011-07-13,10.0
2011-07-14,17.0
2011-07-15,20.0
2011-07-18,46.0
2011-07-19,15.0
2011-07-20,21.0
2011-07-21,14.0
2011-07-22,8.0
2011-07-25,15.0
2011-07-26,24.0
2011-07-27,53.0
2011-07-28,59.0
2011-07-29,74.0
2011-08-01,71.0
2011-08-02,98.0
2011-08-03,136.0
2011-08-04,202.0
2011-08-05,274.0
2011-08-08,450.0
2011-08-09,367.0
2011-08-10,163.0
2011-08-11,108.0
2011-08-12,45.0
2011-08-15,28.0
2011-08-16,39.0
2011-08-17,43.0
2011-08-18,190.0
2011-08-19,242.0
2011-08-22,183.0
2011-08-23,99.0
2011-08-24,38.0
2011-08-25,35.0
2011-08-26,78.0
2011-08-29,14.0
2011-08-30,14.0
2011-08-31,5.0
2011-09-01,18.0
2011-09-02,72.0
2011-09-06,174.0
2011-09-07,20.0
2011-09-08,35.0
2011-09-09,137.0
2011-09-12,157.0
2011-09-13,45.0
2011-09-14,36.0
2011-09-15,33.0
2011-09-16,25.0
2011-09-19,52.0
2011-09-20,68.0
2011-09-21,186.0
2011-09-22,370.0
2011-09-23,117.0
2011-09-26,99.0
2011-09-27,26.0
2011-09-28,71.0
2011-09-29,122.0
2011-09-30,148.0
2011-10-03,389.0
2011-10-04,474.0
2011-10-05,41.0
2011-10-06,29.0
2011-10-07,42.0
2011-10-10,34.0
2011-10-11,25.0
2011-10-12,17.0
2011-10-13,14.0
2011-10-14,12.0
2011-10-17,25.0
2011-10-18,28.0
2011-10-19,21.0
2011-10-20,36.0
2011-10-21,16.0
2011-10-24,9.0
2011-10-25,15.0
2011-10-26,30.0
2011-10-27,18.0
2011-10-28,16.0
2011-10-31,16.0
2011-11-01,31.0
2011-11-02,18.0
2011-11-03,38.0
2011-11-04,22.0
2011-11-07,37.0
2011-11-08,28.0
2011-11-09,51.0
2011-11-10,52.0
2011-11-11,22.0
2011-11-14,36.0
2011-11-15,37.0
2011-11-16,41.0
2011-11-17,63.0
2011-11-18,47.0
2011-11-21,100.0
2011-11-22,87.0
2011-11-23,134.0
2011-11-25,122.0
2011-11-28,36.0
2011-11-29,48.0
2011-11-30,27.0
2011-12-01,28.0
2011-12-02,21.0
2011-12-05,12.0
2011-12-06,26.0
2011-12-07,28.0
2011-12-08,37.0
2011-12-09,35.0
2011-12-12,43.0
2011-12-13,53.0
2011-12-14,89.0
2011-12-15,70.0
2011-12-16,62.0
2011-12-19,92.0
2011-12-20,34.0
2011-12-21,37.0
2011-12-22,22.0
2011-12-23,13.0
2011-12-27,25.0
2011-12-28,36.0
2011-12-29,36.0
2011-12-30,28.0
2012-01-03,17.0
2012-01-04,14.0
2012-01-05,16.0
2012-01-06,18.0
2012-01-09,29.0
2012-01-10,20.0
2012-01-11,14.0
2012-01-12,11.0
2012-01-13,20.0
2012-01-17,14.0
2012-01-18,11.0
2012-01-19,4.0
2012-01-20,8.0
2012-01-23,3.0
2012-01-24,9.0
2012-01-25,7.0
2012-01-26,10.0
2012-01-27,7.0
2012-01-30,8.0
2012-01-31,9.0
2012-02-01,6.0
2012-02-02,4.0
2012-02-03,2.0
2012-02-06,1.0
2012-02-07,2.0
2012-02-08,4.0
2012-02-09,3.0
2012-02-10,5.0
2012-02-13,3.0
2012-02-14,7.0
2012-02-15,11.0
2012-02-16,7.0
2012-02-17,6.0
2012-02-21,6.0
2012-02-22,10.0
2012-02-23,12.0
2012-02-24,2.0
2012-02-27,11.0
2012-02-28,13.0
2012-02-29,16.0
2012-03-01,18.0
2012-03-02,18.0
2012-03-05,22.0
2012-03-06,36.0
2012-03-07,16.0
2012-03-08,13.0
2012-03-09,6.0
2012-03-12,14.0
2012-03-13,10.0
2012-03-14,8.0
2012-03-15,11.0
2012-03-16,6.0
2012-03-19,5.0
2012-03-20,9.0
2012-03-21,8.0
2012-03-22,13.0
2012-03-23,15.0
2012-03-26,6.0
2012-03-27,6.0
2012-03-28,11.0
2012-03-29,14.0
2012-03-30,10.0
2012-04-02,13.0
2012-04-03,16.0
2012-04-04,31.0
2012-04-05,34.0
2012-04-09,48.0
2012-04-10,58.0
2012-04-11,24.0
2012-04-12,11.0
2012-04-13,26.0
2012-04-16,40.0
2012-04-17,15.0
2012-04-18,41.0
2012-04-19,43.0
2012-04-20,29.0
2012-04-23,49.0
2012-04-24,29.0
2012-04-25,20.0
2012-04-26,20.0
2012-04-27,22.0
2012-04-30,17.0
2012-05-01,20.0
2012-05-02,36.0
2012-05-03,57.0
2012-05-04,62.0
2012-05-07,60.0
2012-05-08,88.0
2012-05-09,56.0
2012-05-10,42.0
2012-05-11,67.0
2012-05-14,79.0
2012-05-15,67.0
2012-05-16,76.0
2012-05-17,101.0
2012-05-18,124.0
2012-05-21,79.0
2012-05-22,59.0
2012-05-23,103.0
2012-05-24,47.0
2012-05-25,31.0
2012-05-29,22.0
2012-05-30,47.0
2012-05-31,65.0
2012-06-01,107.0
2012-06-04,97.0
2012-06-05,40.0
2012-06-06,8.0
2012-06-07,15.0
2012-06-08,14.0
2012-06-11,33.0
2012-06-12,41.0
2012-06-13,46.0
2012-06-14,53.0
2012-06-15,26.0
2012-06-18,22.0
2012-06-19,11.0
2012-06-20,7.0
2012-06-21,35.0
2012-06-22,30.0
2012-06-25,54.0
2012-06-26,44.0
2012-06-27,35.0
2012-06-28,40.0
2012-06-29,12.0
2012-07-02,12.0
2012-07-03,4.0
2012-07-05,9.0
2012-07-06,17.0
2012-07-09,21.0
2012-07-10,28.0
2012-07-11,36.0
2012-07-12,57.0
2012-07-13,22.0
2012-07-16,27.0
2012-07-17,50.0
2012-07-18,22.0
2012-07-19,21.0
2012-07-20,36.0
2012-07-23,77.0
2012-07-24,82.0
2012-07-25,62.0
2012-07-26,63.0
2012-07-27,40.0
2012-07-30,27.0
2012-07-31,35.0
2012-08-01,54.0
2012-08-02,71.0
2012-08-03,37.0
2012-08-06,23.0
2012-08-07,16.0
2012-08-08,15.0
2012-08-09,15.0
2012-08-10,16.0
2012-08-13,21.0
2012-08-14,26.0
2012-08-15,29.0
2012-08-16,17.0
2012-08-17,19.0
2012-08-20,17.0
2012-08-21,15.0
2012-08-22,16.0
2012-08-23,22.0
2012-08-24,18.0
2012-08-27,21.0
2012-08-28,22.0
2012-08-29,14.0
2012-08-30,15.0
2012-08-31,14.0
2012-09-04,18.0
2012-09-05,13.0
2012-09-06,15.0
2012-09-07,14.0
2012-09-10,9.0
2012-09-11,12.0
2012-09-12,9.0
2012-09-13,11.0
2012-09-14,10.0
2012-09-17,11.0
2012-09-18,7.0
2012-09-19,12.0
2012-09-20,11.0
2012-09-21,20.0
2012-09-24,14.0
2012-09-25,15.0
2012-09-26,19.0
2012-09-27,13.0
2012-09-28,8.0
2012-10-01,19.0
2012-10-02,21.0
2012-10-03,25.0
2012-10-04,27.0
2012-10-05,25.0
2012-10-08,27.0
2012-10-09,31.0
2012-10-10,36.0
2012-10-11,23.0
2012-10-12,31.0
2012-10-15,26.0
2012-10-16,12.0
2012-10-17,17.0
2012-10-18,20.0
2012-10-19,55.0
2012-10-22,40.0
2012-10-23,57.0
2012-10-24,40.0
2012-10-25,34.0
2012-10-26,49.0
2012-10-31,58.0
2012-11-01,35.0
2012-11-02,41.0
2012-11-05,35.0
2012-11-06,35.0
2012-11-07,71.0
2012-11-08,87.0
2012-11-09,90.0
2012-11-12,67.0
2012-11-13,95.0
2012-11-14,104.0
2012-11-15,139.0
2012-11-16,129.0
2012-11-19,32.0
2012-11-20,38.0
2012-11-21,25.0
2012-11-23,9.0
2012-11-26,19.0
2012-11-27,14.0
2012-11-28,20.0
2012-11-29,8.0
2012-11-30,14.0
2012-12-03,16.0
2012-12-04,21.0
2012-12-05,22.0
2012-12-06,28.0
2012-12-07,18.0
2012-12-10,20.0
2012-12-11,17.0
2012-12-12,16.0
2012-12-13,24.0
2012-12-14,27.0
2012-12-17,22.0
2012-12-18,11.0
2012-12-19,11.0
2012-12-20,10.0
2012-12-21,18.0
2012-12-24,9.0
2012-12-26,8.0
2012-12-27,15.0
2012-12-28,17.0
2012-12-31,19.0
2013-01-02,12.0
2013-01-03,6.0
2013-01-04,6.0
2013-01-07,6.0
2013-01-08,8.0
2013-01-09,3.0
2013-01-10,4.0
2013-01-11,7.0
2013-01-14,6.0
2013-01-15,9.0
2013-01-16,2.0
2013-01-17,2.0
2013-01-18,4.0
2013-01-22,4.0
2013-01-23,2.0
2013-01-24,7.0
2013-01-25,9.0
2013-01-28,5.0
2013-01-29,5.0
2013-01-30,8.0
2013-01-31,10.0
2013-02-01,10.0
2013-02-04,6.0
2013-02-05,6.0
2013-02-06,7.0
2013-02-07,8.0
2013-02-08,11.0
2013-02-11,9.0
2013-02-12,10.0
2013-02-13,12.0
2013-02-14,11.0
2013-02-15,10.0
2013-02-19,11.0
2013-02-20,12.0
2013-02-21,29.0
2013-02-22,19.0
2013-02-25,23.0
2013-02-26,15.0
2013-02-27,20.0
2013-02-28,14.0
2013-03-01,36.0
2013-03-04,28.0
2013-03-05,16.0
2013-03-06,14.0
2013-03-07,8.0
2013-03-08,2.0
2013-03-11,7.0
2013-03-12,7.0
2013-03-13,11.0
2013-03-14,7.0
2013-03-15,14.0
2013-03-18,13.0
2013-03-19,12.0
2013-03-20,12.0
2013-03-21,8.0
2013-03-22,11.0
2013-03-25,14.0
2013-03-26,17.0
2013-03-27,22.0
2013-03-28,15.0
2013-04-01,25.0
2013-04-02,22.0
2013-04-03,35.0
2013-04-04,22.0
2013-04-05,37.0
2013-04-08,20.0
2013-04-09,18.0
2013-04-10,9.0
2013-04-11,8.0
2013-04-12,19.0
2013-04-15,42.0
2013-04-16,34.0
2013-04-17,64.0
2013-04-18,53.0
2013-04-19,33.0
2013-04-22,35.0
2013-04-23,21.0
2013-04-24,21.0
2013-04-25,13.0
2013-04-26,24.0
2013-04-29,12.0
2013-04-30,13.0
2013-05-01,25.0
2013-05-02,18.0
2013-05-03,11.0
2013-05-06,7.0
2013-05-07,6.0
2013-05-08,10.0
2013-05-09,13.0
2013-05-10,9.0
2013-05-13,12.0
2013-05-14,4.0
2013-05-15,12.0
2013-05-16,14.0
2013-05-17,9.0
2013-05-20,6.0
2013-05-21,2.0
2013-05-22,7.0
2013-05-23,14.0
2013-05-24,10.0
2013-05-28,9.0
2013-05-29,11.0
2013-05-30,7.0
2013-05-31,11.0
2013-06-03,4.0
2013-06-04,3.0
2013-06-05,9.0
2013-06-06,10.0
2013-06-07,12.0
2013-06-10,10.0
2013-06-11,16.0
2013-06-12,19.0
2013-06-13,19.0
2013-06-14,13.0
2013-06-17,19.0
2013-06-18,12.0
2013-06-19,11.0
2013-06-20,31.0
2013-06-21,33.0
2013-06-24,52.0
2013-06-25,28.0
2013-06-26,24.0
2013-06-27,16.0
2013-06-28,20.0
2013-07-01,7.0
2013-07-02,11.0
2013-07-03,13.0
2013-07-05,12.0
2013-07-08,5.0
2013-07-09,9.0
2013-07-10,7.0
2013-07-11,5.0
2013-07-12,4.0
2013-07-15,10.0
2013-07-16,6.0
2013-07-17,8.0
2013-07-18,7.0
2013-07-19,6.0
2013-07-22,3.0
2013-07-23,3.0
2013-07-24,5.0
2013-07-25,8.0
2013-07-26,6.0
2013-07-29,7.0
2013-07-30,8.0
2013-07-31,10.0
2013-08-01,7.0
2013-08-02,11.0
2013-08-05,3.0
2013-08-06,6.0
2013-08-07,16.0
2013-08-08,19.0
2013-08-09,16.0
2013-08-12,18.0
2013-08-13,18.0
2013-08-14,16.0
2013-08-15,31.0
2013-08-16,23.0
2013-08-19,27.0
2013-08-20,28.0
2013-08-21,21.0
2013-08-22,12.0
2013-08-23,14.0
2013-08-26,12.0
2013-08-27,22.0
2013-08-28,25.0
2013-08-29,18.0
2013-08-30,22.0
2013-09-03,18.0
2013-09-04,19.0
2013-09-05,10.0
2013-09-06,13.0
2013-09-09,10.0
2013-09-10,6.0
2013-09-11,8.0
2013-09-12,8.0
2013-09-13,9.0
2013-09-16,12.0
2013-09-17,13.0
2013-09-18,13.0
2013-09-19,10.0
2013-09-20,12.0
2013-09-23,15.0
2013-09-24,13.0
2013-09-25,7.0
2013-09-26,11.0
2013-09-27,12.0
2013-09-30,15.0
2013-10-01,13.0
2013-10-02,12.0
2013-10-03,15.0
2013-10-04,14.0
2013-10-07,15.0
2013-10-08,26.0
2013-10-09,39.0
2013-10-10,10.0
2013-10-11,11.0
2013-10-14,13.0
2013-10-15,8.0
2013-10-16,8.0
2013-10-17,14.0
2013-10-18,10.0
2013-10-21,7.0
2013-10-22,18.0
2013-10-23,24.0
2013-10-24,15.0
2013-10-25,16.0
2013-10-28,13.0
2013-10-29,15.0
2013-10-30,18.0
2013-10-31,38.0
2013-11-01,41.0
2013-11-04,26.0
2013-11-05,32.0
2013-11-06,34.0
2013-11-07,50.0
2013-11-08,31.0
2013-11-11,21.0
2013-11-12,33.0
2013-11-13,29.0
2013-11-14,29.0
2013-11-15,23.0
2013-11-18,18.0
2013-11-19,27.0
2013-11-20,16.0
2013-11-21,18.0
2013-11-22,13.0
2013-11-25,21.0
2013-11-26,21.0
2013-11-27,14.0
2013-11-29,6.0
2013-12-02,14.0
2013-12-03,18.0
2013-12-04,17.0
2013-12-05,19.0
2013-12-06,20.0
2013-12-09,25.0
2013-12-10,21.0
2013-12-11,32.0
2013-12-12,34.0
2013-12-13,17.0
2013-12-16,17.0
2013-12-17,19.0
2013-12-18,14.0
2013-12-19,11.0
2013-12-20,9.0
2013-12-23,5.0
2013-12-24,3.0
2013-12-26,6.0
2013-12-27,2.0
2013-12-30,4.0
2013-12-31,6.0
2014-01-02,5.0
2014-01-03,3.0
2014-01-06,8.0
2014-01-07,6.0
2014-01-08,8.0
2014-01-09,13.0
2014-01-10,10.0
2014-01-13,12.0
2014-01-14,10.0
2014-01-15,6.0
2014-01-16,9.0
2014-01-17,13.0
2014-01-21,10.0
2014-01-22,11.0
2014-01-23,12.0
2014-01-24,22.0
2014-01-27,26.0
2014-01-28,17.0
2014-01-29,18.0
2014-01-30,13.0
2014-01-31,24.0
2014-02-03,51.0
2014-02-04,36.0
2014-02-05,57.0
2014-02-06,23.0
2014-02-07,24.0
2014-02-10,9.0
2014-02-11,9.0
2014-02-12,11.0
2014-02-13,9.0
2014-02-14,5.0
2014-02-18,8.0
2014-02-19,7.0
2014-02-20,14.0
2014-02-21,11.0
2014-02-24,6.0
2014-02-25,14.0
2014-02-26,12.0
2014-02-27,4.0
2014-02-28,12.0
2014-03-03,13.0
2014-03-04,6.0
2014-03-05,6.0
2014-03-06,8.0
2014-03-07,6.0
2014-03-10,3.0
2014-03-11,9.0
2014-03-12,11.0
2014-03-13,20.0
2014-03-14,12.0
2014-03-17,10.0
2014-03-18,10.0
2014-03-19,10.0
2014-03-20,16.0
2014-03-21,17.0
2014-03-24,19.0
2014-03-25,17.0
2014-03-26,22.0
2014-03-27,42.0
2014-03-28,31.0
2014-03-31,21.0
2014-04-01,18.0
2014-04-02,12.0
2014-04-03,16.0
2014-04-04,36.0
2014-04-07,57.0
2014-04-08,29.0
2014-04-09,19.0
2014-04-10,38.0
2014-04-11,71.0
2014-04-14,66.0
2014-04-15,93.0
2014-04-16,22.0
2014-04-17,24.0
2014-04-21,29.0
2014-04-22,7.0
2014-04-23,13.0
2014-04-24,22.0
2014-04-25,41.0
2014-04-28,78.0
2014-04-29,41.0
2014-04-30,52.0
2014-05-01,46.0
2014-05-02,42.0
2014-05-05,51.0
2014-05-06,69.0
2014-05-07,130.0
2014-05-08,92.0
2014-05-09,104.0
2014-05-12,31.0
2014-05-13,21.0
2014-05-14,53.0
2014-05-15,86.0
2014-05-16,53.0
2014-05-19,29.0
2014-05-20,51.0
2014-05-21,44.0
2014-05-22,28.0
2014-05-23,24.0
2014-05-27,16.0
2014-05-28,11.0
2014-05-29,12.0
2014-05-30,18.0
2014-06-02,19.0
2014-06-03,54.0
2014-06-04,42.0
2014-06-05,31.0
2014-06-06,15.0
2014-06-09,11.0
2014-06-10,10.0
2014-06-11,10.0
2014-06-12,12.0
2014-06-13,20.0
2014-06-16,19.0
2014-06-17,14.0
2014-06-18,14.0
2014-06-19,16.0
2014-06-20,25.0
2014-06-23,18.0
2014-06-24,20.0
2014-06-25,25.0
2014-06-26,18.0
2014-06-27,21.0
2014-06-30,10.0
2014-07-01,8.0
2014-07-02,9.0
2014-07-03,5.0
2014-07-07,8.0
2014-07-08,24.0
2014-07-09,24.0
2014-07-10,46.0
2014-07-11,26.0
2014-07-14,26.0
2014-07-15,40.0
2014-07-16,38.0
2014-07-17,65.0
2014-07-18,46.0
2014-07-21,38.0
2014-07-22,27.0
2014-07-23,29.0
2014-07-24,27.0
2014-07-25,46.0
2014-07-28,62.0
2014-07-29,51.0
2014-07-30,50.0
2014-07-31,87.0
2014-08-01,100.0
2014-08-04,72.0
2014-08-05,59.0
2014-08-06,56.0
2014-08-07,62.0
2014-08-08,55.0
2014-08-11,25.0
2014-08-12,37.0
2014-08-13,38.0
2014-08-14,32.0
2014-08-15,44.0
2014-08-18,23.0
2014-08-19,16.0
2014-08-20,24.0
2014-08-21,33.0
2014-08-22,29.0
2014-08-25,19.0
2014-08-26,24.0
2014-08-27,9.0
2014-08-28,30.0
2014-08-29,23.0
2014-09-02,20.0
2014-09-03,26.0
2014-09-04,32.0
2014-09-05,42.0
2014-09-08,26.0
2014-09-09,49.0
2014-09-10,48.0
2014-09-11,40.0
2014-09-12,30.0
2014-09-15,69.0
2014-09-16,70.0
2014-09-17,41.0
2014-09-18,47.0
2014-09-19,84.0
2014-09-22,111.0
2014-09-23,103.0
2014-09-24,100.0
2014-09-25,119.0
2014-09-26,78.0
2014-09-29,115.0
2014-09-30,119.0
2014-10-01,195.0
2014-10-02,140.0
2014-10-03,36.0
2014-10-06,83.0
2014-10-07,139.0
2014-10-08,200.0
2014-10-09,146.0
2014-10-10,250.0
2014-10-13,223.0
2014-10-14,125.0
2014-10-15,212.0
2014-10-16,85.0
2014-10-17,25.0
2014-10-20,23.0
2014-10-21,19.0
2014-10-22,28.0
2014-10-23,34.0
2014-10-24,38.0
2014-10-27,49.0
2014-10-28,26.0
2014-10-29,26.0
2014-10-30,37.0
2014-10-31,23.0
2014-11-03,29.0
2014-11-04,32.0
2014-11-05,34.0
2014-11-06,42.0
2014-11-07,39.0
2014-11-10,31.0
2014-11-11,39.0
2014-11-12,39.0
2014-11-13,38.0
2014-11-14,32.0
2014-11-17,37.0
2014-11-18,39.0
2014-11-19,49.0
2014-11-20,41.0
2014-11-21,27.0
2014-11-24,29.0
2014-11-25,30.0
2014-11-26,28.0
2014-11-28,51.0
2014-12-01,105.0
2014-12-02,65.0
2014-12-03,43.0
2014-12-04,61.0
2014-12-05,68.0
2014-12-08,110.0
2014-12-09,122.0
2014-12-10,78.0
2014-12-11,62.0
2014-12-12,120.0
2014-12-15,132.0
2014-12-16,145.0
2014-12-17,60.0
2014-12-18,26.0
2014-12-19,36.0
2014-12-22,19.0
2014-12-23,29.0
2014-12-24,14.0
2014-12-26,14.0
2014-12-29,22.0
2014-12-30,15.0
2014-12-31,22.0
2015-01-02,10.0
2015-01-05,28.0
2015-01-06,51.0
2015-01-07,43.0
2015-01-08,24.0
2015-01-09,37.0
2015-01-12,74.0
2015-01-13,87.0
2015-01-14,113.0
2015-01-15,117.0
2015-01-16,89.0
2015-01-20,86.0
2015-01-21,77.0
2015-01-22,53.0
2015-01-23,32.0
2015-01-26,39.0
2015-01-27,45.0
2015-01-28,67.0
2015-01-29,85.0
2015-01-30,71.0
2015-02-02,76.0
2015-02-03,27.0
2015-02-04,21.0
2015-02-05,27.0
2015-02-06,21.0
2015-02-09,17.0
2015-02-10,30.0
2015-02-11,39.0
2015-02-12,13.0
2015-02-13,20.0
2015-02-17,13.0
2015-02-18,19.0
2015-02-19,17.0
2015-02-20,20.0
2015-02-23,29.0
2015-02-24,16.0
2015-02-25,11.0
2015-02-26,18.0
2015-02-27,22.0
2015-03-02,23.0
2015-03-03,29.0
2015-03-04,41.0
2015-03-05,34.0
2015-03-06,39.0
2015-03-09,52.0
2015-03-10,70.0
2015-03-11,63.0
2015-03-12,39.0
2015-03-13,38.0
2015-03-16,41.0
2015-03-17,40.0
2015-03-18,32.0
2015-03-19,23.0
2015-03-20,21.0
2015-03-23,23.0
2015-03-24,15.0
2015-03-25,30.0
2015-03-26,37.0
2015-03-27,35.0
2015-03-30,33.0
2015-03-31,33.0
2015-04-01,39.0
2015-04-02,26.0
2015-04-06,16.0
2015-04-07,21.0
2015-04-08,16.0
2015-04-09,19.0
2015-04-10,13.0
2015-04-13,18.0
2015-04-14,21.0
2015-04-15,14.0
2015-04-16,11.0
2015-04-17,31.0
2015-04-20,22.0
2015-04-21,19.0
2015-04-22,29.0
2015-04-23,24.0
2015-04-24,21.0
2015-04-27,32.0
2015-04-28,37.0
2015-04-29,44.0
2015-04-30,73.0
2015-05-01,53.0
2015-05-04,22.0
2015-05-05,58.0
2015-05-06,65.0
2015-05-07,45.0
2015-05-08,29.0
2015-05-11,30.0
2015-05-12,40.0
2015-05-13,25.0
2015-05-14,24.0
2015-05-15,23.0
2015-05-18,33.0
2015-05-19,37.0
2015-05-20,36.0
2015-05-21,30.0
2015-05-22,33.0
2015-05-26,58.0
2015-05-27,41.0
2015-05-28,36.0
2015-05-29,31.0
2015-06-01,49.0
2015-06-02,29.0
2015-06-03,14.0
2015-06-04,24.0
2015-06-05,34.0
2015-06-08,21.0
2015-06-09,28.0
2015-06-10,20.0
2015-06-11,20.0
2015-06-12,21.0
2015-06-15,44.0
2015-06-16,27.0
2015-06-17,26.0
2015-06-18,18.0
2015-06-19,29.0
2015-06-22,21.0
2015-06-23,18.0
2015-06-24,19.0
2015-06-25,33.0
2015-06-26,45.0
2015-06-29,92.0
2015-06-30,85.0
2015-07-01,80.0
2015-07-02,66.0
2015-07-06,104.0
2015-07-07,128.0
2015-07-08,114.0
2015-07-09,69.0
2015-07-10,41.0
2015-07-13,26.0
2015-07-14,17.0
2015-07-15,50.0
2015-07-16,49.0
2015-07-17,63.0
2015-07-20,101.0
2015-07-21,95.0
2015-07-22,114.0
2015-07-23,107.0
2015-07-24,167.0
2015-07-27,205.0
2015-07-28,137.0
2015-07-29,50.0
2015-07-30,62.0
2015-07-31,57.0
2015-08-03,116.0
2015-08-04,89.0
2015-08-05,89.0
2015-08-06,129.0
2015-08-07,113.0
2015-08-10,62.0
2015-08-11,89.0
2015-08-12,98.0
2015-08-13,61.0
2015-08-14,73.0
2015-08-17,53.0
2015-08-18,67.0
2015-08-19,100.0
2015-08-20,166.0
2015-08-21,215.0
2015-08-24,480.0
2015-08-25,103.0
2015-08-26,108.0
2015-08-27,27.0
2015-08-28,14.0
2015-08-31,14.0
2015-09-01,42.0
2015-09-02,35.0
2015-09-03,25.0
2015-09-04,50.0
2015-09-08,25.0
2015-09-09,42.0
2015-09-10,50.0
2015-09-11,72.0
2015-09-14,52.0
2015-09-15,49.0
2015-09-16,30.0
2015-09-17,26.0
2015-09-18,59.0
2015-09-21,53.0
2015-09-22,96.0
2015-09-23,112.0
2015-09-24,141.0
2015-09-25,133.0
2015-09-28,280.0
2015-09-29,258.0
2015-09-30,152.0
2015-10-01,160.0
2015-10-02,171.0
2015-10-05,25.0
2015-10-06,35.0
2015-10-07,27.0
2015-10-08,22.0
2015-10-09,22.0
2015-10-12,19.0
2015-10-13,32.0
2015-10-14,36.0
2015-10-15,36.0
2015-10-16,17.0
2015-10-19,25.0
2015-10-20,38.0
2015-10-21,61.0
2015-10-22,66.0
2015-10-23,40.0
2015-10-26,46.0
2015-10-27,89.0
2015-10-28,57.0
2015-10-29,49.0
2015-10-30,48.0
2015-11-02,28.0
2015-11-03,17.0
2015-11-04,25.0
2015-11-05,45.0
2015-11-06,49.0
2015-11-09,51.0
2015-11-10,68.0
2015-11-11,68.0
2015-11-12,100.0
2015-11-13,130.0
2015-11-16,109.0
2015-11-17,93.0
2015-11-18,77.0
2015-11-19,55.0
2015-11-20,45.0
2015-11-23,46.0
2015-11-24,52.0
2015-11-25,25.0
2015-11-27,22.0
2015-11-30,29.0
2015-12-01,35.0
2015-12-02,45.0
2015-12-03,58.0
2015-12-04,72.0
2015-12-07,106.0
2015-12-08,118.0
2015-12-09,93.0
2015-12-10,70.0
2015-12-11,130.0
2015-12-14,176.0
2015-12-15,89.0
2015-12-16,66.0
2015-12-17,74.0
2015-12-18,104.0
2015-12-21,68.0
2015-12-22,64.0
2015-12-23,26.0
2015-12-24,20.0
2015-12-28,32.0
2015-12-29,26.0
2015-12-30,33.0
2015-12-31,44.0
2016-01-04,84.0
2016-01-05,54.0
2016-01-06,108.0
2016-01-07,237.0
2016-01-08,248.0
2016-01-11,332.0
2016-01-12,260.0
2016-01-13,382.0
2016-01-14,373.0
2016-01-15,422.0
2016-01-19,309.0
2016-01-20,581.0
2016-01-21,71.0
2016-01-22,41.0
2016-01-25,79.0
2016-01-26,57.0
2016-01-27,78.0
2016-01-28,142.0
2016-01-29,86.0
2016-02-01,77.0
2016-02-02,109.0
2016-02-03,192.0
2016-02-04,66.0
2016-02-05,162.0
2016-02-08,390.0
2016-02-09,334.0
2016-02-10,162.0
2016-02-11,347.0
2016-02-12,101.0
2016-02-16,40.0
2016-02-17,31.0
2016-02-18,43.0
2016-02-19,36.0
2016-02-22,24.0
2016-02-23,33.0
2016-02-24,68.0
2016-02-25,33.0
2016-02-26,28.0
2016-02-29,25.0
2016-03-01,30.0
2016-03-02,14.0
2016-03-03,11.0
2016-03-04,12.0
2016-03-07,13.0
2016-03-08,13.0
2016-03-09,23.0
2016-03-10,26.0
2016-03-11,10.0
2016-03-14,8.0
2016-03-15,28.0
2016-03-16,43.0
2016-03-17,52.0
2016-03-18,21.0
2016-03-21,8.0
2016-03-22,18.0
2016-03-23,30.0
2016-03-24,42.0
2016-03-28,30.0
2016-03-29,37.0
2016-03-30,13.0
2016-03-31,11.0
2016-04-01,9.0
2016-04-04,9.0
2016-04-05,21.0
2016-04-06,12.0
2016-04-07,20.0
2016-04-08,18.0
2016-04-11,16.0
2016-04-12,13.0
2016-04-13,5.0
2016-04-14,4.0
2016-04-15,5.0
2016-04-18,13.0
2016-04-19,7.0
2016-04-20,7.0
2016-04-21,11.0
2016-04-22,12.0
2016-04-25,13.0
2016-04-26,17.0
2016-04-27,14.0
2016-04-28,13.0
2016-04-29,21.0
2016-05-02,22.0
2016-05-03,29.0
2016-05-04,50.0
2016-05-05,42.0
2016-05-06,58.0
2016-05-09,39.0
2016-05-10,43.0
2016-05-11,35.0
2016-05-12,75.0
2016-05-13,61.0
2016-05-16,39.0
2016-05-17,53.0
2016-05-18,43.0
2016-05-19,55.0
2016-05-20,21.0
2016-05-23,19.0
2016-05-24,17.0
2016-05-25,14.0
2016-05-26,13.0
2016-05-27,9.0
2016-05-31,11.0
2016-06-01,13.0
2016-06-02,12.0
2016-06-03,14.0
2016-06-06,14.0
2016-06-07,12.0
2016-06-08,14.0
2016-06-09,15.0
2016-06-10,25.0
2016-06-13,34.0
2016-06-14,55.0
2016-06-15,25.0
2016-06-16,40.0
2016-06-17,32.0
2016-06-20,27.0
2016-06-21,40.0
2016-06-22,31.0
2016-06-23,18.0
2016-06-24,86.0
2016-06-27,142.0
2016-06-28,36.0
2016-06-29,25.0
2016-06-30,16.0
2016-07-01,6.0
2016-07-05,15.0
2016-07-06,40.0
2016-07-07,18.0
2016-07-08,7.0
2016-07-11,9.0
2016-07-12,6.0
2016-07-13,9.0
2016-07-14,16.0
2016-07-15,10.0
2016-07-18,11.0
2016-07-19,17.0
2016-07-20,13.0
2016-07-21,13.0
2016-07-22,9.0
2016-07-25,12.0
2016-07-26,16.0
2016-07-27,13.0
2016-07-28,16.0
2016-07-29,19.0
2016-08-01,12.0
2016-08-02,24.0
2016-08-03,23.0
2016-08-04,20.0
2016-08-05,13.0
2016-08-08,11.0
2016-08-09,16.0
2016-08-10,29.0
2016-08-11,22.0
2016-08-12,19.0
2016-08-15,9.0
2016-08-16,12.0
2016-08-17,20.0
2016-08-18,24.0
2016-08-19,17.0
2016-08-22,18.0
2016-08-23,11.0
2016-08-24,17.0
2016-08-25,14.0
2016-08-26,12.0
2016-08-29,14.0
2016-08-30,14.0
2016-08-31,17.0
2016-09-01,23.0
2016-09-02,14.0
2016-09-06,17.0
2016-09-07,9.0
2016-09-08,15.0
2016-09-09,30.0
2016-09-12,36.0
2016-09-13,30.0
2016-09-14,33.0
2016-09-15,26.0
2016-09-16,28.0
2016-09-19,20.0
2016-09-20,20.0
2016-09-21,22.0
2016-09-22,8.0
2016-09-23,7.0
2016-09-26,20.0
2016-09-27,23.0
2016-09-28,25.0
2016-09-29,28.0
2016-09-30,27.0
2016-10-03,19.0
2016-10-04,17.0
2016-10-05,12.0
2016-10-06,14.0
2016-10-07,24.0
2016-10-10,17.0
2016-10-11,34.0
2016-10-12,35.0
2016-10-13,54.0
2016-10-14,45.0
2016-10-17,45.0
2016-10-18,35.0
2016-10-19,33.0
2016-10-20,42.0
2016-10-21,34.0
2016-10-24,28.0
2016-10-25,61.0
2016-10-26,53.0
2016-10-27,74.0
2016-10-28,80.0
2016-10-31,66.0
2016-11-01,87.0
2016-11-02,95.0
2016-11-03,137.0
2016-11-04,104.0
2016-11-07,45.0
2016-11-08,48.0
2016-11-09,67.0
2016-11-10,27.0
2016-11-11,27.0
2016-11-14,25.0
2016-11-15,16.0
2016-11-16,20.0
2016-11-17,20.0
2016-11-18,18.0
2016-11-21,15.0
2016-11-22,11.0
2016-11-23,17.0
2016-11-25,3.0
2016-11-28,8.0
2016-11-29,14.0
2016-11-30,21.0
2016-12-01,36.0
2016-12-02,31.0
2016-12-05,16.0
2016-12-06,16.0
2016-12-07,23.0
2016-12-08,18.0
2016-12-09,13.0
2016-12-12,16.0
2016-12-13,26.0
2016-12-14,32.0
2016-12-15,33.0
2016-12-16,20.0
2016-12-19,23.0
2016-12-20,17.0
2016-12-21,28.0
2016-12-22,27.0
2016-12-23,13.0
2016-12-27,14.0
2016-12-28,24.0
2016-12-29,24.0
2016-12-30,28.0
2017-01-03,17.0
2017-01-04,13.0
2017-01-05,10.0
2017-01-06,8.0
2017-01-09,13.0
2017-01-10,14.0
2017-01-11,16.0
2017-01-12,18.0
2017-01-13,11.0
2017-01-17,18.0
2017-01-18,24.0
2017-01-19,20.0
2017-01-20,22.0
2017-01-23,32.0
2017-01-24,27.0
2017-01-25,13.0
2017-01-26,19.0
2017-01-27,24.0
2017-01-30,31.0
2017-01-31,32.0
2017-02-01,16.0
2017-02-02,13.0
2017-02-03,23.0
2017-02-06,15.0
2017-02-07,24.0
2017-02-08,30.0
2017-02-09,15.0
2017-02-10,11.0
2017-02-13,14.0
2017-02-14,10.0
2017-02-15,10.0
2017-02-16,14.0
2017-02-17,13.0
2017-02-21,18.0
2017-02-22,20.0
2017-02-23,26.0
2017-02-24,37.0
2017-02-27,17.0
2017-02-28,32.0
2017-03-01,25.0
2017-03-02,22.0
2017-03-03,21.0
2017-03-06,29.0
2017-03-07,40.0
2017-03-08,28.0
2017-03-09,33.0
2017-03-10,18.0
2017-03-13,30.0
2017-03-14,32.0
2017-03-15,16.0
2017-03-16,18.0
2017-03-17,17.0
2017-03-20,27.0
2017-03-21,43.0
2017-03-22,53.0
2017-03-23,23.0
2017-03-24,23.0
2017-03-27,33.0
2017-03-28,11.0
2017-03-29,6.0
2017-03-30,13.0
2017-03-31,10.0
2017-04-03,18.0
2017-04-04,25.0
2017-04-05,35.0
2017-04-06,37.0
2017-04-07,24.0
2017-04-10,22.0
2017-04-11,23.0
2017-04-12,27.0
2017-04-13,27.0
2017-04-17,33.0
2017-04-18,36.0
2017-04-19,21.0
2017-04-20,21.0
2017-04-21,24.0
2017-04-24,20.0
2017-04-25,23.0
2017-04-26,10.0
2017-04-27,19.0
2017-04-28,23.0
2017-05-01,20.0
2017-05-02,19.0
2017-05-03,33.0
2017-05-04,41.0
2017-05-05,35.0
2017-05-08,31.0
2017-05-09,31.0
2017-05-10,34.0
2017-05-11,36.0
2017-05-12,43.0
2017-05-15,31.0
2017-05-16,37.0
2017-05-17,57.0
2017-05-18,66.0
2017-05-19,47.0
2017-05-22,36.0
2017-05-23,40.0
2017-05-24,42.0
2017-05-25,36.0
2017-05-26,36.0
2017-05-30,52.0
2017-05-31,63.0
2017-06-01,21.0
2017-06-02,19.0
2017-06-05,32.0
2017-06-06,47.0
2017-06-07,39.0
2017-06-08,32.0
2017-06-09,20.0
2017-06-12,22.0
2017-06-13,17.0
2017-06-14,27.0
2017-06-15,33.0
2017-06-16,38.0
2017-06-19,24.0
2017-06-20,28.0
2017-06-21,27.0
2017-06-22,21.0
2017-06-23,19.0
2017-06-26,14.0
2017-06-27,20.0
2017-06-28,18.0
2017-06-29,17.0
2017-06-30,18.0
2017-07-03,12.0
2017-07-05,17.0
2017-07-06,21.0
2017-07-07,33.0
2017-07-10,39.0
2017-07-11,37.0
2017-07-12,30.0
2017-07-13,23.0
2017-07-14,22.0
2017-07-17,15.0
2017-07-18,15.0
2017-07-19,14.0
2017-07-20,18.0
2017-07-21,26.0
2017-07-24,30.0
2017-07-25,19.0
2017-07-26,15.0
2017-07-27,22.0
2017-07-28,29.0
2017-07-31,31.0
2017-08-01,38.0
2017-08-02,47.0
2017-08-03,48.0
2017-08-04,45.0
2017-08-07,46.0
2017-08-08,49.0
2017-08-09,77.0
2017-08-10,90.0
2017-08-11,80.0
2017-08-14,39.0
2017-08-15,68.0
2017-08-16,50.0
2017-08-17,84.0
2017-08-18,88.0
2017-08-21,83.0
2017-08-22,40.0
2017-08-23,56.0
2017-08-24,32.0
2017-08-25,24.0
2017-08-28,30.0
2017-08-29,40.0
2017-08-30,32.0
2017-08-31,12.0
2017-09-01,16.0
2017-09-05,37.0
2017-09-06,33.0
2017-09-07,40.0
2017-09-08,37.0
2017-09-11,15.0
2017-09-12,16.0
2017-09-13,11.0
2017-09-14,14.0
2017-09-15,15.0
2017-09-18,13.0
2017-09-19,20.0
2017-09-20,13.0
2017-09-21,15.0
2017-09-22,13.0
2017-09-25,15.0
2017-09-26,17.0
2017-09-27,18.0
2017-09-28,14.0
2017-09-29,13.0
2017-10-02,12.0
2017-10-03,10.0
2017-10-04,13.0
2017-10-05,10.0
2017-10-06,9.0
2017-10-09,15.0
2017-10-10,14.0
2017-10-11,21.0
2017-10-12,25.0
2017-10-13,32.0
2017-10-16,23.0
2017-10-17,25.0
2017-10-18,18.0
2017-10-19,20.0
2017-10-20,13.0
2017-10-23,22.0
2017-10-24,31.0
2017-10-25,45.0
2017-10-26,40.0
2017-10-27,56.0
2017-10-30,39.0
2017-10-31,34.0
2017-11-01,40.0
2017-11-02,56.0
2017-11-03,55.0
2017-11-06,43.0
2017-11-07,60.0
2017-11-08,69.0
2017-11-09,64.0
2017-11-10,39.0
2017-11-13,52.0
2017-11-14,59.0
2017-11-15,54.0
2017-11-16,24.0
2017-11-17,14.0
2017-11-20,17.0
2017-11-21,18.0
2017-11-22,12.0
2017-11-24,16.0
2017-11-27,12.0
2017-11-28,15.0
2017-11-29,14.0
2017-11-30,13.0
2017-12-01,20.0
2017-12-04,18.0
2017-12-05,32.0
2017-12-06,50.0
2017-12-07,33.0
2017-12-08,23.0
2017-12-11,22.0
2017-12-12,24.0
2017-12-13,17.0
2017-12-14,28.0
2017-12-15,28.0
2017-12-18,14.0
2017-12-19,21.0
2017-12-20,18.0
2017-12-21,8.0
2017-12-22,15.0
2017-12-26,9.0
2017-12-27,10.0
2017-12-28,16.0
2017-12-29,21.0
2018-01-02,13.0
2018-01-03,9.0
2018-01-04,12.0
2018-01-05,9.0
2018-01-08,20.0
2018-01-09,21.0
2018-01-10,27.0
2018-01-11,13.0
2018-01-12,10.0
2018-01-16,21.0
2018-01-17,24.0
2018-01-18,20.0
2018-01-19,23.0
2018-01-22,12.0
2018-01-23,10.0
2018-01-24,13.0
2018-01-25,10.0
2018-01-26,15.0
2018-01-29,21.0
2018-01-30,34.0
2018-01-31,40.0
2018-02-01,54.0
2018-02-02,82.0
2018-02-05,125.0
2018-02-06,155.0
2018-02-07,35.0
2018-02-08,72.0
2018-02-09,137.0
2018-02-12,25.0
2018-02-13,35.0
2018-02-14,34.0
2018-02-15,25.0
2018-02-16,13.0
2018-02-20,16.0
2018-02-21,21.0
2018-02-22,33.0
2018-02-23,43.0
2018-02-26,19.0
2018-02-27,34.0
2018-02-28,62.0
2018-03-01,69.0
2018-03-02,51.0
2018-03-05,25.0
2018-03-06,15.0
2018-03-07,16.0
2018-03-08,13.0
2018-03-09,7.0
2018-03-12,11.0
2018-03-13,11.0
2018-03-14,19.0
2018-03-15,40.0
2018-03-16,29.0
2018-03-19,38.0
2018-03-20,46.0
2018-03-21,26.0
2018-03-22,38.0
2018-03-23,62.0
2018-03-26,64.0
2018-03-27,54.0
2018-03-28,59.0
2018-03-29,45.0
2018-04-02,88.0
2018-04-03,49.0
2018-04-04,54.0
2018-04-05,23.0
2018-04-06,36.0
2018-04-09,32.0
2018-04-10,22.0
2018-04-11,15.0
2018-04-12,14.0
2018-04-13,21.0
2018-04-16,17.0
2018-04-17,14.0
2018-04-18,13.0
2018-04-19,23.0
2018-04-20,28.0
2018-04-23,41.0
2018-04-24,50.0
2018-04-25,55.0
2018-04-26,27.0
2018-04-27,37.0
2018-04-30,28.0
2018-05-01,50.0
2018-05-02,31.0
2018-05-03,57.0
2018-05-04,29.0
2018-05-07,15.0
2018-05-08,33.0
2018-05-09,38.0
2018-05-10,23.0
2018-05-11,28.0
2018-05-14,17.0
2018-05-15,21.0
2018-05-16,27.0
2018-05-17,21.0
2018-05-18,21.0
2018-05-21,17.0
2018-05-22,19.0
2018-05-23,24.0
2018-05-24,21.0
2018-05-25,14.0
2018-05-29,30.0
2018-05-30,28.0
2018-05-31,32.0
2018-06-01,21.0
2018-06-04,19.0
2018-06-05,21.0
2018-06-06,9.0
2018-06-07,12.0
2018-06-08,7.0
2018-06-11,14.0
2018-06-12,13.0
2018-06-13,16.0
2018-06-14,19.0
2018-06-15,29.0
2018-06-18,26.0
2018-06-19,24.0
2018-06-20,17.0
2018-06-21,25.0
2018-06-22,25.0
2018-06-25,35.0
2018-06-26,32.0
2018-06-27,47.0
2018-06-28,66.0
2018-06-29,36.0
2018-07-02,35.0
2018-07-03,21.0
2018-07-05,11.0
2018-07-06,9.0
2018-07-09,10.0
2018-07-10,12.0
2018-07-11,24.0
2018-07-12,21.0
2018-07-13,16.0
2018-07-16,22.0
2018-07-17,19.0
2018-07-18,21.0
2018-07-19,25.0
2018-07-20,24.0
2018-07-23,37.0
2018-07-24,36.0
2018-07-25,56.0
2018-07-26,39.0
2018-07-27,54.0
2018-07-30,55.0
2018-07-31,50.0
2018-08-01,53.0
2018-08-02,62.0
2018-08-03,42.0
2018-08-06,34.0
2018-08-07,37.0
2018-08-08,47.0
2018-08-09,38.0
2018-08-10,67.0
2018-08-13,56.0
2018-08-14,42.0
2018-08-15,77.0
2018-08-16,41.0
2018-08-17,46.0
2018-08-20,32.0
2018-08-21,17.0
2018-08-22,9.0
2018-08-23,20.0
2018-08-24,16.0
2018-08-27,22.0
2018-08-28,18.0
2018-08-29,14.0
2018-08-30,27.0
2018-08-31,19.0
2018-09-04,30.0
2018-09-05,34.0
2018-09-06,46.0
2018-09-07,43.0
2018-09-10,43.0
2018-09-11,70.0
2018-09-12,55.0
2018-09-13,29.0
2018-09-14,36.0
2018-09-17,46.0
2018-09-18,44.0
2018-09-19,22.0
2018-09-20,14.0
2018-09-21,19.0
2018-09-24,24.0
2018-09-25,31.0
2018-09-26,50.0
2018-09-27,41.0
2018-09-28,53.0
2018-10-01,50.0
2018-10-02,64.0
2018-10-03,42.0
2018-10-04,54.0
2018-10-05,81.0
2018-10-08,83.0
2018-10-09,75.0
2018-10-10,141.0
2018-10-11,201.0
2018-10-12,171.0
2018-10-15,95.0
2018-10-16,51.0
2018-10-17,40.0
2018-10-18,79.0
2018-10-19,155.0
2018-10-22,201.0
2018-10-23,308.0
2018-10-24,343.0
2018-10-25,194.0
2018-10-26,253.0
2018-10-29,183.0
2018-10-30,142.0
2018-10-31,76.0
2018-11-01,40.0
2018-11-02,31.0
2018-11-05,33.0
2018-11-06,44.0
2018-11-07,41.0
2018-11-08,47.0
2018-11-09,77.0
2018-11-12,100.0
2018-11-13,87.0
2018-11-14,118.0
2018-11-15,102.0
2018-11-16,75.0
2018-11-19,106.0
2018-11-20,192.0
2018-11-21,56.0
2018-11-23,41.0
2018-11-26,55.0
2018-11-27,80.0
2018-11-28,71.0
2018-11-29,32.0
2018-11-30,42.0
2018-12-03,40.0
2018-12-04,139.0
2018-12-05,4.0
2018-12-06,255.0
2018-12-07,150.0
2018-12-10,248.0
2018-12-11,164.0
2018-12-12,106.0
2018-12-13,202.0
2018-12-14,295.0
2018-12-17,379.0
2018-12-18,348.0
2018-12-19,462.0
2018-12-20,623.0
2018-12-21,598.0
2018-12-24,641.0
2018-12-26,409.0
2018-12-27,167.0
2018-12-28,56.0
2018-12-31,53.0
2019-01-02,46.0
2019-01-03,28.0
2019-01-04,11.0
2019-01-07,11.0
2019-01-08,9.0
2019-01-09,2.0
2019-01-10,2.0
2019-01-11,2.0
2019-01-14,10.0
2019-01-15,7.0
2019-01-16,7.0
2019-01-17,12.0
2019-01-18,14.0
2019-01-22,21.0
2019-01-23,28.0
2019-01-24,17.0
2019-01-25,13.0
2019-01-28,20.0
2019-01-29,18.0
2019-01-30,21.0
2019-01-31,14.0
2019-02-01,11.0
2019-02-04,10.0
2019-02-05,4.0
2019-02-06,9.0
2019-02-07,16.0
2019-02-08,19.0
2019-02-11,11.0
2019-02-12,5.0
2019-02-13,11.0
2019-02-14,11.0
2019-02-15,5.0
2019-02-19,11.0
2019-02-20,8.0
2019-02-21,7.0
2019-02-22,13.0
2019-02-25,4.0
2019-02-26,10.0
2019-02-27,17.0
2019-02-28,14.0
2019-03-01,12.0
2019-03-04,12.0
2019-03-05,12.0
2019-03-06,19.0
2019-03-07,34.0
2019-03-08,35.0
2019-03-11,16.0
2019-03-12,12.0
2019-03-13,20.0
2019-03-14,23.0
2019-03-15,22.0
2019-03-18,19.0
2019-03-19,16.0
2019-03-20,29.0
2019-03-21,23.0
2019-03-22,64.0
2019-03-25,68.0
2019-03-26,21.0
2019-03-27,29.0
2019-03-28,18.0
2019-03-29,13.0
2019-04-01,9.0
2019-04-02,20.0
2019-04-03,21.0
2019-04-04,16.0
2019-04-05,10.0
2019-04-08,16.0
2019-04-09,16.0
2019-04-10,25.0
2019-04-11,19.0
2019-04-12,25.0
2019-04-15,28.0
2019-04-16,22.0
2019-04-17,38.0
2019-04-18,41.0
2019-04-22,39.0
2019-04-23,25.0
2019-04-24,23.0
2019-04-25,32.0
2019-04-26,18.0
2019-04-29,10.0
2019-04-30,25.0
2019-05-01,30.0
2019-05-02,37.0
2019-05-03,20.0
2019-05-06,15.0
2019-05-07,38.0
2019-05-08,45.0
2019-05-09,66.0
2019-05-10,61.0
2019-05-13,89.0
2019-05-14,54.0
2019-05-15,45.0
2019-05-16,37.0
2019-05-17,58.0
2019-05-20,98.0
2019-05-21,48.0
2019-05-22,84.0
2019-05-23,126.0
2019-05-24,76.0
2019-05-28,94.0
2019-05-29,153.0
2019-05-30,97.0
2019-05-31,172.0
2019-06-03,118.0
2019-06-04,47.0
2019-06-05,64.0
2019-06-06,94.0
2019-06-07,59.0
2019-06-10,26.0
2019-06-11,48.0
2019-06-12,53.0
2019-06-13,30.0
2019-06-14,44.0
2019-06-17,47.0
2019-06-18,25.0
2019-06-19,32.0
2019-06-20,23.0
2019-06-21,38.0
2019-06-24,43.0
2019-06-25,57.0
2019-06-26,49.0
2019-06-27,36.0
2019-06-28,24.0
2019-07-01,14.0
2019-07-02,30.0
2019-07-03,27.0
2019-07-05,26.0
2019-07-08,30.0
2019-07-09,33.0
2019-07-10,29.0
2019-07-11,39.0
2019-07-12,37.0
2019-07-15,40.0
2019-07-16,42.0
2019-07-17,56.0
2019-07-18,64.0
2019-07-19,51.0
2019-07-22,67.0
2019-07-23,69.0
2019-07-24,50.0
2019-07-25,61.0
2019-07-26,51.0
2019-07-29,56.0
2019-07-30,51.0
2019-07-31,49.0
2019-08-01,92.0
2019-08-02,125.0
2019-08-05,187.0
2019-08-06,132.0
2019-08-07,146.0
2019-08-08,53.0
2019-08-09,86.0
2019-08-12,121.0
2019-08-13,81.0
2019-08-14,178.0
2019-08-15,196.0
2019-08-16,53.0
2019-08-19,33.0
2019-08-20,52.0
2019-08-21,43.0
2019-08-22,48.0
2019-08-23,143.0
2019-08-26,95.0
2019-08-27,149.0
2019-08-28,121.0
2019-08-29,36.0
2019-08-30,36.0
2019-09-03,90.0
2019-09-04,44.0
2019-09-05,25.0
2019-09-06,22.0
2019-09-09,30.0
2019-09-10,23.0
2019-09-11,5.0
2019-09-12,11.0
2019-09-13,10.0
2019-09-16,10.0
2019-09-17,14.0
2019-09-18,19.0
2019-09-19,28.0
2019-09-20,25.0
2019-09-23,23.0
2019-09-24,54.0
2019-09-25,45.0
2019-09-26,52.0
2019-09-27,51.0
2019-09-30,56.0
2019-10-01,71.0
2019-10-02,102.0
2019-10-03,75.0
2019-10-04,40.0
2019-10-07,47.0
2019-10-08,87.0
2019-10-09,69.0
2019-10-10,69.0
2019-10-11,15.0
2019-10-14,47.0
2019-10-15,24.0
2019-10-16,22.0
2019-10-17,24.0
2019-10-18,25.0
2019-10-21,21.0
2019-10-22,21.0
2019-10-23,21.0
2019-10-24,21.0
2019-10-25,22.0
2019-10-28,21.0
2019-10-29,36.0
2019-10-30,39.0
2019-10-31,39.0
2019-11-01,28.0
2019-11-04,17.0
2019-11-05,21.0
2019-11-06,38.0
2019-11-07,43.0
2019-11-08,39.0
2019-11-11,41.0
2019-11-12,50.0
2019-11-13,53.0
2019-11-14,45.0
2019-11-15,41.0
2019-11-18,58.0
2019-11-19,49.0
2019-11-20,36.0
2019-11-21,45.0
2019-11-22,37.0
2019-11-25,28.0
2019-11-26,33.0
2019-11-27,20.0
2019-11-29,16.0
2019-12-02,27.0
2019-12-03,43.0
2019-12-04,28.0
2019-12-05,36.0
2019-12-06,24.0
2019-12-09,23.0
2019-12-10,32.0
2019-12-11,22.0
2019-12-12,19.0
2019-12-13,17.0
2019-12-16,24.0
2019-12-17,21.0
2019-12-18,28.0
2019-12-19,19.0
2019-12-20,15.0
2019-12-23,17.0
2019-12-24,10.0
2019-12-26,10.0
2019-12-27,10.0
2019-12-30,11.0
2019-12-31,9.0
2020-01-02,10.0
2020-01-03,9.0
2020-01-06,15.0
2020-01-07,10.0
2020-01-08,9.0
2020-01-09,9.0
2020-01-10,15.0
2020-01-13,12.0
2020-01-14,16.0
2020-01-15,17.0
2020-01-16,6.0
2020-01-17,9.0
2020-01-21,18.0
2020-01-22,19.0
2020-01-23,24.0
2020-01-24,34.0
2020-01-27,58.0
2020-01-28,26.0
2020-01-29,39.0
2020-01-30,63.0
2020-01-31,80.0
2020-02-03,55.0
2020-02-04,31.0
2020-02-05,20.0
2020-02-06,24.0
2020-02-07,46.0
2020-02-10,59.0
2020-02-11,22.0
2020-02-12,27.0
2020-02-13,27.0
2020-02-14,27.0
2020-02-18,34.0
2020-02-19,27.0
2020-02-20,34.0
2020-02-21,45.0
2020-02-24,110.0
2020-02-25,160.0
2020-02-26,165.0
2020-02-27,344.0
2020-02-28,399.0
2020-03-02,104.0
2020-03-03,138.0
2020-03-04,111.0
2020-03-05,300.0
2020-03-06,438.0
2020-03-09,805.0
2020-03-10,492.0
2020-03-11,670.0
2020-03-12,1177.0
2020-03-13,531.0
2020-03-16,1105.0
2020-03-17,707.0
2020-03-18,888.0
2020-03-19,471.0
2020-03-20,196.0
2020-03-23,430.0
2020-03-24,54.0
2020-03-25,39.0
2020-03-26,10.0
2020-03-27,21.0
2020-03-30,12.0
2020-03-31,14.0
2020-04-01,48.0
2020-04-02,84.0
2020-04-03,116.0
2020-04-06,18.0
2020-04-07,11.0
2020-04-08,4.0
2020-04-09,2.0
2020-04-13,6.0
2020-04-14,7.0
2020-04-15,13.0
2020-04-16,50.0
2020-04-17,4.0
2020-04-20,11.0
2020-04-21,23.0
2020-04-22,9.0
2020-04-23,12.0
2020-04-24,9.0
2020-04-27,5.0
2020-04-28,3.0
2020-04-29,3.0
2020-04-30,8.0
2020-05-01,15.0
2020-05-04,10.0
2020-05-05,10.0
2020-05-06,18.0
2020-05-07,7.0
2020-05-08,1.0
2020-05-11,10.0
2020-05-12,32.0
2020-05-13,76.0
2020-05-14,99.0
2020-05-15,12.0
2020-05-18,5.0
2020-05-19,4.0
2020-05-20,6.0
2020-05-21,4.0
2020-05-22,5.0
2020-05-26,6.0
2020-05-27,5.0
2020-05-28,4.0
2020-05-29,5.0
2020-06-01,1.0
2020-06-02,2.0
2020-06-03,3.0
2020-06-04,5.0
2020-06-05,1.0
2020-06-08,0.01
2020-06-09,0.01
2020-06-10,1.0
2020-06-11,4.0
2020-06-12,6.0
2020-06-15,8.0
2020-06-16,2.0
2020-06-17,3.0
2020-06-18,0.01
2020-06-19,1.0
2020-06-22,5.0
2020-06-23,2.0
2020-06-24,5.0
2020-06-25,8.0
2020-06-26,15.0
2020-06-29,11.0
2020-06-30,2.0
2020-07-01,2.0
2020-07-02,2.0
2020-07-06,4.0
2020-07-07,9.0
2020-07-08,9.0
2020-07-09,21.0
2020-07-10,10.0
2020-07-13,6.0
2020-07-14,13.0
2020-07-15,1.0
2020-07-16,3.0
2020-07-17,1.0
2020-07-20,6.0
2020-07-21,5.0
2020-07-22,7.0
2020-07-23,7.0
2020-07-24,9.0
2020-07-27,16.0
2020-07-28,14.0
2020-07-29,10.0
2020-07-30,19.0
2020-07-31,16.0
2020-08-03,9.0
2020-08-04,8.0
2020-08-05,5.0
2020-08-06,1.0
2020-08-07,1.0
2020-08-10,1.0
2020-08-11,2.0
2020-08-12,6.0
2020-08-13,4.0
2020-08-14,3.0
2020-08-17,4.0
2020-08-18,6.0
2020-08-19,7.0
2020-08-20,8.0
2020-08-21,14.0
2020-08-24,18.0
2020-08-25,8.0
2020-08-26,6.0
2020-08-27,10.0
2020-08-28,7.0
2020-08-31,10.0
2020-09-01,13.0
2020-09-02,15.0
2020-09-03,23.0
2020-09-04,35.0
2020-09-08,17.0
2020-09-09,12.0
2020-09-10,11.0
2020-09-11,17.0
2020-09-14,7.0
2020-09-15,6.0
2020-09-16,8.0
2020-09-17,6.0
2020-09-18,10.0
2020-09-21,23.0
2020-09-22,35.0
2020-09-23,54.0
2020-09-24,70.0
2020-09-25,24.0
2020-09-28,11.0
2020-09-29,19.0
2020-09-30,18.0
2020-10-01,20.0
2020-10-02,15.0
2020-10-05,4.0
2020-10-06,5.0
2020-10-07,4.0
2020-10-08,2.0
2020-10-09,4.0
2020-10-12,7.0
2020-10-13,10.0
2020-10-14,6.0
2020-10-15,9.0
2020-10-16,11.0
2020-10-19,14.0
2020-10-20,15.0
2020-10-21,14.0
2020-10-22,12.0
2020-10-23,6.0
2020-10-26,21.0
2020-10-27,25.0
2020-10-28,45.0
2020-10-29,38.0
2020-10-30,36.0
2020-11-02,15.0
2020-11-03,14.0
2020-11-04,11.0
2020-11-05,10.0
2020-11-06,15.0
2020-11-09,6.0
2020-11-10,7.0
2020-11-11,3.0
2020-11-12,1.0
2020-11-13,6.0
2020-11-16,2.0
2020-11-17,2.0
2020-11-18,1.0
2020-11-19,3.0
2020-11-20,1.0
2020-11-23,2.0
2020-11-24,3.0
2020-11-25,1.0
2020-11-27,2.0
2020-11-30,2.0
2020-12-01,2.0
2020-12-02,2.0
2020-12-03,0.01
2020-12-04,1.0
2020-12-07,2.0
2020-12-08,7.0
2020-12-09,6.0
2020-12-10,6.0
2020-12-11,7.0
2020-12-14,5.0
2020-12-15,6.0
2020-12-16,6.0
2020-12-17,6.0
2020-12-18,2.0
2020-12-21,5.0
2020-12-22,2.0
2020-12-23,0.01
2020-12-24,2.0
2020-12-28,8.0
2020-12-29,8.0
2020-12-30,4.0
2020-12-31,2.0
2021-01-04,4.0
2021-01-05,0.01
2021-01-06,1.0
2021-01-07,1.0
2021-01-08,0.01
2021-01-11,1.0
2021-01-12,1.0
2021-01-13,0.01
2021-01-14,1.0
2021-01-15,1.0
2021-01-19,2.0
2021-01-20,2.0
2021-01-21,0.01
2021-01-22,2.0
2021-01-25,0.01
2021-01-26,1.0
2021-01-27,4.0
2021-01-28,2.0
2021-01-29,3.0
2021-02-01,3.0
2021-02-02,2.0
2021-02-03,0.01
2021-02-04,0.01
2021-02-05,1.0
2021-02-08,1.0
2021-02-09,1.0
2021-02-10,1.0
2021-02-11,2.0
2021-02-12,2.0
2021-02-16,2.0
2021-02-17,1.0
2021-02-18,2.0
2021-02-19,0.01
2021-02-22,1.0
2021-02-23,8.0
2021-02-24,0.01
2021-02-25,5.0
2021-02-26,10.0
2021-03-01,3.0
2021-03-02,2.0
2021-03-03,10.0
2021-03-04,29.0
2021-03-05,30.0
2021-03-08,4.0
2021-03-09,1.0
2021-03-10,2.0
2021-03-11,0.01
2021-03-12,1.0
2021-03-15,1.0
2021-03-16,1.0
2021-03-17,2.0
2021-03-18,4.0
2021-03-19,4.0
2021-03-22,5.0
2021-03-23,10.0
2021-03-24,21.0
2021-03-25,31.0
2021-03-26,14.0
2021-03-29,15.0
2021-03-30,18.0
2021-03-31,5.0
2021-04-01,3.0
2021-04-05,4.0
2021-04-06,2.0
2021-04-07,5.0
2021-04-08,7.0
2021-04-09,8.0
2021-04-12,17.0
2021-04-13,23.0
2021-04-14,5.0
2021-04-15,13.0
2021-04-16,22.0
2021-04-19,25.0
2021-04-20,37.0
2021-04-21,16.0
2021-04-22,8.0
2021-04-23,9.0
2021-04-26,6.0
2021-04-27,1.0
2021-04-28,4.0
2021-04-29,10.0
2021-04-30,16.0
2021-05-03,17.0
2021-05-04,37.0
2021-05-05,38.0
2021-05-06,65.0
2021-05-07,21.0
2021-05-10,50.0
2021-05-11,69.0
2021-05-12,21.0
2021-05-13,56.0
2021-05-14,12.0
2021-05-17,15.0
2021-05-18,8.0
2021-05-19,14.0
2021-05-20,8.0
2021-05-21,6.0
2021-05-24,21.0
2021-05-25,23.0
2021-05-26,18.0
2021-05-27,6.0
2021-05-28,7.0
2021-06-01,7.0
2021-06-02,12.0
2021-06-03,10.0
2021-06-04,8.0
2021-06-07,4.0
2021-06-08,1.0
2021-06-09,1.0
2021-06-10,4.0
2021-06-11,1.0
2021-06-14,3.0
2021-06-15,1.0
2021-06-16,10.0
2021-06-17,16.0
2021-06-18,22.0
2021-06-21,21.0
2021-06-22,20.0
2021-06-23,14.0
2021-06-24,11.0
2021-06-25,5.0
2021-06-28,10.0
2021-06-29,14.0
2021-06-30,11.0
2021-07-01,9.0
2021-07-02,19.0
2021-07-06,30.0
2021-07-07,57.0
2021-07-08,65.0
2021-07-09,16.0
2021-07-12,14.0
2021-07-13,34.0
2021-07-14,67.0
2021-07-15,92.0
2021-07-16,53.0
2021-07-19,113.0
2021-07-20,36.0
2021-07-21,16.0
2021-07-22,23.0
2021-07-23,70.0
2021-07-26,71.0
2021-07-27,107.0
2021-07-28,24.0
2021-07-29,23.0
2021-07-30,45.0
2021-08-02,28.0
2021-08-03,64.0
2021-08-04,57.0
2021-08-05,48.0
2021-08-06,39.0
2021-08-09,39.0
2021-08-10,50.0
2021-08-11,61.0
2021-08-12,72.0
2021-08-13,70.0
2021-08-16,117.0
2021-08-17,147.0
2021-08-18,75.0
2021-08-19,131.0
2021-08-20,117.0
2021-08-23,23.0
2021-08-24,17.0
2021-08-25,17.0
2021-08-26,21.0
2021-08-27,18.0
2021-08-30,8.0
2021-08-31,8.0
2021-09-01,4.0
2021-09-02,4.0
2021-09-03,8.0
2021-09-07,10.0
2021-09-08,23.0
2021-09-09,21.0
2021-09-10,24.0
2021-09-13,39.0
2021-09-14,47.0
2021-09-15,51.0
2021-09-16,45.0
2021-09-17,37.0
2021-09-20,78.0
2021-09-21,38.0
2021-09-22,30.0
2021-09-23,20.0
2021-09-24,38.0
2021-09-27,39.0
2021-09-28,54.0
2021-09-29,74.0
2021-09-30,76.0
2021-10-01,79.0
2021-10-04,107.0
2021-10-05,99.0
2021-10-06,119.0
2021-10-07,44.0
2021-10-08,58.0
2021-10-11,73.0
2021-10-12,54.0
2021-10-13,24.0
2021-10-14,20.0
2021-10-15,18.0
2021-10-18,47.0
2021-10-19,23.0
2021-10-20,29.0
2021-10-21,19.0
2021-10-22,73.0
2021-10-25,50.0
2021-10-26,40.0
2021-10-27,76.0
2021-10-28,61.0
2021-10-29,42.0
2021-11-01,18.0
2021-11-02,24.0
2021-11-03,20.0
2021-11-04,16.0
2021-11-05,43.0
2021-11-08,27.0
2021-11-09,33.0
2021-11-10,50.0
2021-11-11,55.0
2021-11-12,51.0
2021-11-15,56.0
2021-11-16,80.0
2021-11-17,117.0
2021-11-18,178.0
2021-11-19,139.0
2021-11-22,227.0
2021-11-23,232.0
2021-11-24,105.0
2021-11-26,163.0
2021-11-29,174.0
2021-11-30,280.0
2021-12-01,249.0
2021-12-02,255.0
2021-12-03,321.0
2021-12-06,280.0
2021-12-07,13.0
2021-12-08,19.0
2021-12-09,35.0
2021-12-10,70.0
2021-12-13,145.0
2021-12-14,206.0
2021-12-15,290.0
2021-12-16,84.0
2021-12-17,187.0
2021-12-20,170.0
2021-12-21,46.0
2021-12-22,41.0
2021-12-23,30.0
2021-12-27,55.0
2021-12-28,102.0
2021-12-29,153.0
2021-12-30,56.0
2021-12-31,57.0
2022-01-03,30.0
2022-01-04,59.0
2022-01-05,162.0
2022-01-06,267.0
2022-01-07,130.0
2022-01-10,301.0
2022-01-11,54.0
2022-01-12,67.0
2022-01-13,191.0
2022-01-14,293.0
2022-01-18,332.0
2022-01-19,338.0
2022-01-20,296.0
2022-01-21,528.0
2022-01-24,680.0
2022-01-25,76.0
2022-01-26,143.0
2022-01-27,346.0
2022-01-28,460.0
2022-01-31,23.0
2022-02-01,6.0
2022-02-02,26.0
2022-02-03,78.0
2022-02-04,124.0
2022-02-07,52.0
2022-02-08,55.0
2022-02-09,27.0
2022-02-10,66.0
2022-02-11,110.0
2022-02-14,126.0
2022-02-15,33.0
2022-02-16,66.0
2022-02-17,145.0
2022-02-18,219.0
2022-02-22,281.0
2022-02-23,319.0
2022-02-24,562.0
2022-02-25,39.0
2022-02-28,46.0
2022-03-01,91.0
2022-03-02,68.0
2022-03-03,115.0
2022-03-04,224.0
2022-03-07,312.0
2022-03-08,306.0
2022-03-09,33.0
2022-03-10,97.0
2022-03-11,172.0
2022-03-14,348.0
2022-03-15,212.0
2022-03-16,44.0
2022-03-17,13.0
2022-03-18,17.0
2022-03-21,16.0
2022-03-22,12.0
2022-03-23,29.0
2022-03-24,31.0
2022-03-25,41.0
2022-03-28,49.0
2022-03-29,12.0
2022-03-30,16.0
2022-03-31,54.0
2022-04-01,45.0
2022-04-04,32.0
2022-04-05,48.0
2022-04-06,125.0
2022-04-07,139.0
2022-04-08,102.0
2022-04-11,173.0
2022-04-12,133.0
2022-04-13,111.0
2022-04-14,131.0
2022-04-18,228.0
2022-04-19,99.0
2022-04-20,90.0
2022-04-21,204.0
2022-04-22,298.0
2022-04-25,311.0
2022-04-26,385.0
2022-04-27,440.0
2022-04-28,421.0
2022-04-29,241.0
2022-05-02,313.0
2022-05-03,121.0
2022-05-04,220.0
2022-05-05,273.0
2022-05-06,488.0
2022-05-09,691.0
2022-05-10,581.0
2022-05-11,618.0
2022-05-12,704.0
2022-05-13,73.0
2022-05-16,113.0
2022-05-17,42.0
2022-05-18,133.0
2022-05-19,157.0
2022-05-20,222.0
2022-05-23,68.0
2022-05-24,246.0
2022-05-25,117.0
2022-05-26,57.0
2022-05-27,44.0
2022-05-31,30.0
2022-06-01,63.0
2022-06-02,52.0
2022-06-03,30.0
2022-06-06,49.0
2022-06-07,55.0
2022-06-08,34.0
2022-06-09,64.0
2022-06-10,201.0
2022-06-13,464.0
2022-06-14,437.0
2022-06-15,158.0
2022-06-16,564.0
2022-06-17,173.0
2022-06-21,70.0
2022-06-22,137.0
2022-06-23,124.0
2022-06-24,46.0
2022-06-27,44.0
2022-06-28,62.0
2022-06-29,149.0
2022-06-30,212.0
2022-07-01,144.0
2022-07-05,215.0
2022-07-06,72.0
2022-07-07,31.0
2022-07-08,32.0
2022-07-11,91.0
2022-07-12,97.0
2022-07-13,156.0
2022-07-14,196.0
2022-07-15,54.0
2022-07-18,23.0
2022-07-19,17.0
2022-07-20,13.0
2022-07-21,17.0
2022-07-22,22.0
2022-07-25,27.0
2022-07-26,48.0
2022-07-27,32.0
2022-07-28,35.0
2022-07-29,32.0
2022-08-01,34.0
2022-08-02,24.0
2022-08-03,18.0
2022-08-04,17.0
2022-08-05,27.0
2022-08-08,12.0
2022-08-09,42.0
2022-08-10,32.0
2022-08-11,14.0
2022-08-12,14.0
2022-08-15,12.0
2022-08-16,14.0
2022-08-17,23.0
2022-08-18,28.0
2022-08-19,43.0
2022-08-22,81.0
2022-08-23,71.0
2022-08-24,47.0
2022-08-25,22.0
2022-08-26,79.0
2022-08-29,112.0
2022-08-30,128.0
2022-08-31,124.0
2022-09-01,222.0
2022-09-02,116.0
2022-09-06,206.0
2022-09-07,138.0
2022-09-08,90.0
2022-09-09,34.0
2022-09-12,25.0
2022-09-13,92.0
2022-09-14,153.0
2022-09-15,137.0
2022-09-16,240.0
2022-09-19,181.0
2022-09-20,212.0
2022-09-21,218.0
2022-09-22,365.0
2022-09-23,485.0
2022-09-26,360.0
2022-09-27,327.0
2022-09-28,138.0
2022-09-29,317.0
2022-09-30,217.0
2022-10-03,154.0
2022-10-04,24.0
2022-10-05,52.0
2022-10-06,62.0
2022-10-07,194.0
2022-10-10,252.0
2022-10-11,339.0
2022-10-12,237.0
2022-10-13,375.0
2022-10-14,102.0
2022-10-17,49.0
2022-10-18,35.0
2022-10-19,104.0
2022-10-20,120.0
2022-10-21,151.0
2022-10-24,131.0
2022-10-25,45.0
2022-10-26,30.0
2022-10-27,20.0
2022-10-28,20.0
2022-10-31,47.0
2022-11-01,46.0
2022-11-02,93.0
2022-11-03,164.0
2022-11-04,144.0
2022-11-07,97.0
2022-11-08,97.0
2022-11-09,174.0
2022-11-10,40.0
2022-11-11,29.0
2022-11-14,30.0
2022-11-15,26.0
2022-11-16,49.0
2022-11-17,65.0
2022-11-18,46.0
2022-11-21,64.0
2022-11-22,76.0
2022-11-23,29.0
2022-11-25,24.0
2022-11-28,49.0
2022-11-29,55.0
2022-11-30,59.0
2022-12-01,24.0
2022-12-02,30.0
2022-12-05,44.0
2022-12-06,90.0
2022-12-07,92.0
2022-12-08,75.0
2022-12-09,67.0
2022-12-12,90.0
2022-12-13,77.0
2022-12-14,80.0
2022-12-15,135.0
2022-12-16,163.0
2022-12-19,172.0
2022-12-20,157.0
2022-12-21,93.0
2022-12-22,179.0
2022-12-23,84.0
2022-12-27,171.0
2022-12-28,163.0
2022-12-29,44.0
2022-12-30,49.0
2023-01-03,34.0
2023-01-04,28.0
2023-01-05,47.0
2023-01-06,42.0
2023-01-09,16.0
2023-01-10,17.0
2023-01-11,11.0
2023-01-12,11.0
2023-01-13,3.0
2023-01-17,4.0
2023-01-18,7.0
2023-01-19,15.0
2023-01-20,7.0
2023-01-23,9.0
2023-01-24,14.0
2023-01-25,17.0
2023-01-26,19.0
2023-01-27,16.0
2023-01-30,4.0
2023-01-31,7.0
2023-02-01,9.0
2023-02-02,7.0
2023-02-03,9.0
2023-02-06,9.0
2023-02-07,12.0
2023-02-08,10.0
2023-02-09,27.0
2023-02-10,28.0
2023-02-13,22.0
2023-02-14,32.0
2023-02-15,27.0
2023-02-16,23.0
2023-02-17,35.0
2023-02-21,42.0
2023-02-22,51.0
2023-02-23,58.0
2023-02-24,87.0
2023-02-27,46.0
2023-02-28,52.0
2023-03-01,68.0
2023-03-02,86.0
2023-03-03,28.0
2023-03-06,52.0
2023-03-07,78.0
2023-03-08,88.0
2023-03-09,173.0
2023-03-10,295.0
2023-03-13,351.0
2023-03-14,97.0
2023-03-15,215.0
2023-03-16,138.0
2023-03-17,146.0
2023-03-20,111.0
2023-03-21,49.0
2023-03-22,95.0
2023-03-23,184.0
2023-03-24,187.0
2023-03-27,56.0
2023-03-28,63.0
2023-03-29,52.0
2023-03-30,69.0
2023-03-31,49.0
2023-04-03,51.0
2023-04-04,123.0
2023-04-05,138.0
2023-04-06,92.0
2023-04-10,77.0
2023-04-11,47.0
2023-04-12,105.0
2023-04-13,105.0
2023-04-14,128.0
2023-04-17,112.0
2023-04-18,100.0
2023-04-19,72.0
2023-04-20,67.0
2023-04-21,101.0
2023-04-24,98.0
2023-04-25,233.0
2023-04-26,247.0
2023-04-27,110.0
2023-04-28,76.0
2023-05-01,101.0
2023-05-02,288.0
2023-05-03,179.0
2023-05-04,316.0
2023-05-05,56.0
2023-05-08,47.0
2023-05-09,122.0
2023-05-10,109.0
2023-05-11,142.0
2023-05-12,143.0
2023-05-15,68.0
2023-05-16,92.0
2023-05-17,61.0
2023-05-18,33.0
2023-05-19,37.0
2023-05-22,41.0
2023-05-23,25.0
2023-05-24,57.0
2023-05-25,81.0
2023-05-26,53.0
2023-05-30,63.0
2023-05-31,98.0
2023-06-01,62.0
2023-06-02,15.0
2023-06-05,27.0
2023-06-06,28.0
2023-06-07,11.0
2023-06-08,16.0
2023-06-09,19.0
2023-06-12,20.0
2023-06-13,13.0
2023-06-14,28.0
2023-06-15,31.0
2023-06-16,24.0
2023-06-20,32.0
2023-06-21,46.0
2023-06-22,50.0
2023-06-23,58.0
2023-06-26,55.0
2023-06-27,57.0
2023-06-28,51.0
2023-06-29,32.0
2023-06-30,24.0
2023-07-03,17.0
2023-07-05,27.0
2023-07-06,48.0
2023-07-07,28.0
2023-07-10,20.0
2023-07-11,15.0
2023-07-12,15.0
2023-07-13,16.0
2023-07-14,27.0
2023-07-17,25.0
2023-07-18,24.0
2023-07-19,18.0
2023-07-20,22.0
2023-07-21,20.0
2023-07-24,32.0
2023-07-25,37.0
2023-07-26,35.0
2023-07-27,40.0
2023-07-28,30.0
2023-07-31,21.0
2023-08-01,27.0
2023-08-02,50.0
2023-08-03,40.0
2023-08-04,35.0
2023-08-07,66.0
2023-08-08,80.0
2023-08-09,74.0
2023-08-10,68.0
2023-08-11,59.0
2023-08-14,66.0
2023-08-15,71.0
2023-08-16,92.0
2023-08-17,98.0
2023-08-18,83.0
2023-08-21,77.0
2023-08-22,77.0
2023-08-23,56.0
2023-08-24,84.0
2023-08-25,79.0
2023-08-28,48.0
2023-08-29,31.0
2023-08-30,30.0
2023-08-31,40.0
2023-09-01,39.0
2023-09-05,77.0
2023-09-06,81.0
2023-09-07,118.0
2023-09-08,95.0
2023-09-11,74.0
2023-09-12,77.0
2023-09-13,84.0
2023-09-14,68.0
2023-09-15,87.0
2023-09-18,109.0
2023-09-19,115.0
2023-09-20,110.0
2023-09-21,184.0
2023-09-22,157.0
2023-09-25,178.0
2023-09-26,164.0
2023-09-27,134.0
2023-09-28,129.0
2023-09-29,69.0
2023-10-02,175.0
2023-10-03,238.0
2023-10-04,205.0
2023-10-05,151.0
2023-10-06,139.0
2023-10-09,129.0
2023-10-10,67.0
2023-10-11,92.0
2023-10-12,175.0
2023-10-13,181.0
2023-10-16,88.0
2023-10-17,65.0
2023-10-18,133.0
2023-10-19,188.0
2023-10-20,222.0
2023-10-23,264.0
2023-10-24,162.0
2023-10-25,267.0
2023-10-26,201.0
2023-10-27,249.0
2023-10-30,192.0
2023-10-31,108.0
2023-11-01,139.0
2023-11-02,71.0
2023-11-03,26.0
2023-11-06,26.0
2023-11-07,42.0
2023-11-08,82.0
2023-11-09,115.0
2023-11-10,122.0
2023-11-13,74.0
2023-11-14,27.0
2023-11-15,21.0
2023-11-16,32.0
2023-11-17,28.0
2023-11-20,20.0
2023-11-21,28.0
2023-11-22,30.0
2023-11-24,18.0
2023-11-27,23.0
2023-11-28,41.0
2023-11-29,31.0
2023-11-30,34.0
2023-12-01,20.0
2023-12-04,10.0
2023-12-05,15.0
2023-12-06,18.0
2023-12-07,22.0
2023-12-08,22.0
2023-12-11,23.0
2023-12-12,32.0
2023-12-13,38.0
2023-12-14,16.0
2023-12-15,34.0
2023-12-18,27.0
2023-12-19,21.0
2023-12-20,18.0
2023-12-21,17.0
2023-12-22,13.0
2023-12-26,10.0
2023-12-27,8.0
2023-12-28,7.0
2023-12-29,10.0
2024-01-02,13.0
2024-01-03,18.0
2024-01-04,15.0
2024-01-05,19.0
2024-01-08,22.0
2024-01-09,27.0
2024-01-10,33.0
2024-01-11,40.0
2024-01-12,27.0
2024-01-16,58.0
2024-01-17,70.0
2024-01-18,53.0
2024-01-19,65.0
2024-01-22,43.0
2024-01-23,23.0
2024-01-24,25.0
2024-01-25,24.0
2024-01-26,16.0
2024-01-29,24.0
2024-01-30,16.0
2024-01-31,34.0
2024-02-01,48.0
2024-02-02,61.0
2024-02-05,78.0
2024-02-06,45.0
2024-02-07,48.0
2024-02-08,37.0
2024-02-09,29.0
2024-02-12,14.0
2024-02-13,54.0
2024-02-14,34.0
2024-02-15,21.0
2024-02-16,27.0
2024-02-20,37.0
2024-02-21,42.0
2024-02-22,49.0
2024-02-23,56.0
2024-02-26,40.0
2024-02-27,26.0
2024-02-28,44.0
2024-02-29,30.0
2024-03-01,40.0
2024-03-04,56.0
2024-03-05,58.0
2024-03-06,60.0
2024-03-07,36.0
2024-03-08,23.0
2024-03-11,27.0
2024-03-12,50.0
2024-03-13,44.0
2024-03-14,89.0
2024-03-15,69.0
2024-03-18,58.0
2024-03-19,50.0
2024-03-20,43.0
2024-03-21,17.0
2024-03-22,39.0
2024-03-25,51.0
2024-03-26,51.0
2024-03-27,20.0
2024-03-28,9.0
2024-04-01,28.0
2024-04-02,55.0
2024-04-03,63.0
2024-04-04,41.0
2024-04-05,60.0
2024-04-08,29.0
2024-04-09,32.0
2024-04-10,103.0
2024-04-11,66.0
2024-04-12,112.0
2024-04-15,154.0
2024-04-16,174.0
2024-04-17,121.0
2024-04-18,127.0
2024-04-19,104.0
2024-04-22,80.0
2024-04-23,25.0
2024-04-24,47.0
2024-04-25,101.0
2024-04-26,45.0
2024-04-29,30.0
2024-04-30,63.0
2024-05-01,57.0
2024-05-02,41.0
2024-05-03,21.0
2024-05-06,20.0
2024-05-07,27.0
2024-05-08,46.0
2024-05-09,38.0
2024-05-10,40.0
2024-05-13,27.0
2024-05-14,25.0
2024-05-15,23.0
2024-05-16,25.0
2024-05-17,31.0
2024-05-20,49.0
2024-05-21,49.0
2024-05-22,50.0
2024-05-23,77.0
2024-05-24,48.0
2024-05-28,48.0
2024-05-29,73.0
2024-05-30,35.0
2024-05-31,34.0
2024-06-03,40.0
2024-06-04,58.0
2024-06-05,44.0
2024-06-06,40.0
2024-06-07,58.0
2024-06-10,90.0
2024-06-11,63.0
2024-06-12,33.0
2024-06-13,74.0
2024-06-14,111.0
2024-06-17,103.0
2024-06-18,89.0
2024-06-20,98.0
2024-06-21,78.0
2024-06-24,58.0
2024-06-25,95.0
2024-06-26,87.0
2024-06-27,60.0
2024-06-28,50.0
2024-07-01,65.0
2024-07-02,75.0
2024-07-03,43.0
2024-07-05,81.0
2024-07-08,50.0
2024-07-09,79.0
2024-07-10,61.0
2024-07-11,19.0
2024-07-12,10.0
2024-07-15,9.0
2024-07-16,11.0
2024-07-17,7.0
2024-07-18,21.0
2024-07-19,33.0
2024-07-22,23.0
2024-07-23,17.0
2024-07-24,35.0
2024-07-25,30.0
2024-07-26,19.0
2024-07-29,20.0
2024-07-30,27.0
2024-07-31,12.0
2024-08-01,67.0
2024-08-02,116.0
2024-08-05,221.0
2024-08-06,56.0
2024-08-07,83.0
2024-08-08,86.0
2024-08-09,72.0
2024-08-12,82.0
2024-08-13,51.0
2024-08-14,51.0
2024-08-15,14.0
2024-08-16,18.0
2024-08-19,12.0
2024-08-20,16.0
2024-08-21,19.0
2024-08-22,26.0
2024-08-23,13.0
2024-08-26,13.0
2024-08-27,23.0
2024-08-28,38.0
2024-08-29,21.0
2024-08-30,16.0
2024-09-03,60.0
2024-09-04,64.0
2024-09-05,55.0
2024-09-06,77.0
2024-09-09,71.0
2024-09-10,74.0
2024-09-11,68.0
2024-09-12,24.0
2024-09-13,10.0
2024-09-16,26.0
2024-09-17,20.0
2024-09-18,18.0
2024-09-19,21.0
2024-09-20,34.0
2024-09-23,33.0
2024-09-24,38.0
2024-09-25,49.0
2024-09-26,36.0
2024-09-27,17.0
2024-09-30,18.0
2024-10-01,44.0
2024-10-02,51.0
2024-10-03,54.0
2024-10-04,33.0
2024-10-07,41.0
2024-10-08,44.0
2024-10-09,53.0
2024-10-10,67.0
2024-10-11,25.0
2024-10-14,19.0
2024-10-15,17.0
2024-10-16,11.0
2024-10-17,20.0
2024-10-18,16.0
2024-10-21,27.0
2024-10-22,32.0
2024-10-23,45.0
2024-10-24,36.0
2024-10-25,32.0
2024-10-28,14.0
2024-10-29,19.0
2024-10-30,40.0
2024-10-31,65.0
2024-11-01,64.0
2024-11-04,51.0
2024-11-05,46.0
2024-11-06,36.0
2024-11-07,27.0
2024-11-08,40.0
2024-11-11,41.0
2024-11-12,58.0
2024-11-13,65.0
2024-11-14,76.0
2024-11-15,111.0
2024-11-18,98.0
2024-11-19,88.0
2024-11-20,74.0
2024-11-21,50.0
2024-11-22,28.0
2024-11-25,17.0
2024-11-26,38.0
2024-11-27,22.0
2024-11-29,12.0
2024-12-02,27.0
2024-12-03,37.0
2024-12-04,39.0
2024-12-05,49.0
2024-12-06,40.0
2024-12-09,21.0
2024-12-10,32.0
2024-12-11,51.0
2024-12-12,62.0
2024-12-13,94.0
2024-12-16,83.0
2024-12-17,76.0
2024-12-18,124.0
2024-12-19,130.0
2024-12-20,97.0
2024-12-23,64.0
2024-12-24,37.0
2024-12-26,25.0
2024-12-27,34.0
2024-12-30,67.0
2024-12-31,30.0
2025-01-02,21.0
2025-01-03,24.0
2025-01-06,22.0
2025-01-07,40.0
2025-01-08,73.0
2025-01-10,131.0
2025-01-13,137.0
2025-01-14,65.0
2025-01-15,27.0
2025-01-16,48.0
2025-01-17,29.0
2025-01-21,20.0
2025-01-22,27.0
2025-01-23,34.0
2025-01-24,13.0
2025-01-27,30.0
2025-01-28,43.0
2025-01-29,35.0
2025-01-30,31.0
2025-01-31,35.0
2025-02-03,92.0
2025-02-04,46.0
2025-02-05,37.0
2025-02-06,41.0
2025-02-07,70.0
2025-02-10,80.0
2025-02-11,97.0
2025-02-12,105.0
2025-02-13,56.0
2025-02-14,39.0
2025-02-18,47.0
2025-02-19,56.0
2025-02-20,60.0
2025-02-21,80.0
2025-02-24,107.0
2025-02-25,121.0
2025-02-26,95.0
2025-02-27,141.0
2025-02-28,169.0
2025-03-03,206.0
2025-03-04,280.0
2025-03-05,84.0
2025-03-06,75.0
2025-03-07,71.0
2025-03-10,127.0
2025-03-11,166.0
2025-03-12,109.0
2025-03-13,154.0
2025-03-14,68.0
2025-03-17,40.0
2025-03-18,56.0
2025-03-19,44.0
2025-03-20,45.0
2025-03-21,93.0
2025-03-24,37.0
2025-03-25,58.0
2025-03-26,83.0
2025-03-27,83.0
2025-03-28,170.0
2025-03-31,290.0
2025-04-01,199.0
2025-04-02,145.0
2025-04-03,392.0
2025-04-04,618.0
2025-04-07,593.0
2025-04-08,337.0
2025-04-09,386.0
2025-04-10,77.0
2025-04-11,79.0
2025-04-14,49.0
2025-04-15,36.0
2025-04-16,73.0
2025-04-17,52.0
2025-04-21,83.0
2025-04-22,36.0
2025-04-23,11.0
2025-04-24,20.0
2025-04-25,26.0
2025-04-28,27.0
2025-04-29,27.0
2025-04-30,43.0
2025-05-01,32.0
2025-05-02,20.0
2025-05-05,24.0
2025-05-06,54.0
2025-05-07,53.0
2025-05-08,48.0
2025-05-09,39.0
2025-05-12,22.0
2025-05-13,33.0
2025-05-14,50.0
2025-05-15,45.0
2025-05-16,22.0
2025-05-19,19.0
2025-05-20,16.0
2025-05-21,39.0
2025-05-22,43.0
2025-05-23,49.0
2025-05-27,23.0
2025-05-28,27.0
2025-05-29,28.0
2025-05-30,33.0
2025-06-02,37.0
2025-06-03,27.0
2025-06-04,16.0
2025-06-05,16.0
2025-06-06,7.0
2025-06-09,11.0
2025-06-10,14.0
2025-06-11,15.0
2025-06-12,19.0
2025-06-13,42.0
2025-06-16,45.0
2025-06-17,43.0
2025-06-18,36.0
2025-06-20,35.0
2025-06-23,51.0
2025-06-24,16.0
2025-06-25,23.0
2025-06-26,28.0
2025-06-27,16.0
2025-06-30,12.0
2025-07-01,16.0
2025-07-02,5.0
2025-07-03,0.01
2025-07-07,14.0
2025-07-08,10.0
2025-07-09,8.0
2025-07-10,12.0
2025-07-11,12.0
2025-07-14,23.0
2025-07-15,22.0
2025-07-16,23.0
2025-07-17,8.0
2025-07-18,26.0
2025-07-21,23.0
2025-07-22,10.0
2025-07-23,3.0
2025-07-24,17.0
2025-07-25,20.0
2025-07-28,16.0
2025-07-29,31.0
2025-07-30,41.0
2025-07-31,58.0
2025-08-01,88.0
2025-08-04,32.0
2025-08-05,40.0
2025-08-06,54.0
2025-08-07,59.0
2025-08-08,54.0
2025-08-11,57.0
2025-08-12,33.0
2025-08-13,26.0
2025-08-14,23.0
2025-08-15,22.0
2025-08-18,23.0
2025-08-19,28.0
2025-08-20,38.0
2025-08-21,27.0
2025-08-22,8.0
2025-08-25,7.0
2025-08-26,13.0
2025-08-27,7.0
2025-08-28,13.0
2025-08-29,14.0
2025-09-02,37.0
2025-09-03,38.0
2025-09-04,40.0
2025-09-05,28.0
2025-09-08,29.0
2025-09-09,25.0
2025-09-10,34.0
2025-09-11,17.0
2025-09-12,21.0
2025-09-15,38.0
2025-09-16,35.0
2025-09-17,20.0
2025-09-18,21.0
2025-09-19,30.0
2025-09-22,38.0
2025-09-23,33.0
2025-09-24,36.0
2025-09-25,59.0
2025-09-26,39.0
2025-09-29,45.0
2025-09-30,44.0
2025-10-01,42.0
2025-10-02,44.0
2025-10-03,15.0
2025-10-06,41.0
2025-10-07,43.0
2025-10-08,39.0
2025-10-09,43.0
2025-10-10,97.0
2025-10-13,81.0
2025-10-14,56.0
2025-10-15,19.0
2025-10-16,54.0
2025-10-17,45.0
2025-10-20,26.0
2025-10-21,26.0
2025-10-22,43.0
2025-10-23,34.0
2025-10-24,17.0
2025-10-27,27.0
2025-10-28,53.0
2025-10-29,99.0
2025-10-30,114.0
2025-10-31,101.0
2025-11-03,96.0
2025-11-04,121.0
2025-11-05,81.0
2025-11-06,118.0
2025-11-07,144.0
2025-11-10,54.0
2025-11-11,44.0
2025-11-12,33.0
2025-11-13,89.0
2025-11-14,129.0
2025-11-17,152.0
2025-11-18,171.0
2025-11-19,155.0
2025-11-20,146.0
2025-11-21,133.0
2025-11-24,52.0
2025-11-25,23.0
2025-11-26,13.0
2025-11-28,11.0
2025-12-01,24.0
2025-12-02,32.0
2025-12-03,25.0
2025-12-04,11.0
2025-12-05,24.0
2025-12-08,27.0
2025-12-09,23.0
2025-12-10,27.0
2025-12-11,20.0
2025-12-12,28.0
2025-12-15,63.0
2025-12-16,58.0
2025-12-17,48.0
2025-12-18,37.0
2025-12-19,33.0
2025-12-22,30.0
2025-12-23,49.0
2025-12-24,42.0
2025-12-26,44.0
2025-12-29,61.0
2025-12-30,54.0
2025-12-31,48.0
2026-01-02,32.0
2026-01-05,26.0
2026-01-06,23.0
2026-01-07,32.0
2026-01-08,23.0
2026-01-09,26.0
2026-01-12,26.0
2026-01-13,36.0
2026-01-14,36.0
2026-01-15,31.0
2026-01-16,45.0
2026-01-20,62.0
2026-01-21,59.0
2026-01-22,12.0
2026-01-23,15.0
2026-01-26,31.0
2026-01-27,50.0
2026-01-28,52.0
2026-01-29,90.0
2026-01-30,71.0
2026-02-02,82.0
2026-02-03,166.0
2026-02-04,138.0
2026-02-05,145.0
2026-02-06,68.0
2026-02-09,75.0
2026-02-10,32.0
2026-02-11,109.0
2026-02-12,137.0
2026-02-13,53.0
2026-02-17,94.0
2026-02-18,41.0
2026-02-19,57.0
2026-02-20,52.0
2026-02-23,129.0
2026-02-24,87.0
2026-02-25,53.0
2026-02-26,33.0
2026-02-27,47.0
2026-03-02,64.0
2026-03-03,68.0
2026-03-04,26.0
2026-03-05,29.0
2026-03-06,59.0
2026-03-09,100.0
2026-03-10,41.0
2026-03-11,57.0
2026-03-12,97.0
2026-03-13,105.0
2026-03-16,56.0
2026-03-17,53.0
2026-03-18,96.0
2026-03-19,118.0
2026-03-20,127.0
2026-03-23,56.0
2026-03-24,97.0
2026-03-25,82.0
2026-03-26,71.0
2026-03-27,168.0
2026-03-30,119.0
2026-03-31,45.0
2026-04-01,45.0
2026-04-02,50.0
2026-04-06,13.0
2026-04-07,40.0
2026-04-08,21.0
2026-04-09,74.0
2026-04-10,75.0
2026-04-13,37.0
2026-04-14,16.0
2026-04-15,15.0
2026-04-16,11.0
2026-04-17,6.0
2026-04-20,10.0
2026-04-21,20.0
2026-04-22,20.0
2026-04-23,32.0
2026-04-24,24.0
2026-04-27,22.0
2026-04-28,24.0
2026-04-29,44.0
2026-04-30,35.0
2026-05-01,22.0
2026-05-04,30.0
2026-05-05,33.0
2026-05-06,44.0
2026-05-07,28.0
2026-05-08,44.0
2026-05-11,73.0
2026-05-12,79.0
2026-05-13,106.0
2026-05-14,62.0
2026-05-15,63.0
2026-05-18,64.0
2026-05-19,57.0
2026-05-20,49.0
2026-05-21,34.0
2026-05-22,23.0
2026-05-26,22.0
2026-05-27,31.0
2026-05-28,20.0
2026-05-29,12.0
2026-06-01,28.0
2026-06-02,43.0
2026-06-03,68.0
2026-06-04,44.0
2026-06-05,69.0
2026-06-08,64.0
2026-06-09,69.0
2026-06-10,58.0
2026-06-11,71.0
2026-06-12,38.0
2026-06-15,23.0
2026-06-16,36.0
2026-06-17,50.0
2026-06-18,70.0
2026-06-22,95.0
2026-06-23,71.0
2026-06-24,57.0
2026-06-25,90.0
2026-06-26,50.0
2026-06-29,40.0
2026-06-30,46.0
2026-07-01,14.0
2026-07-02,8.0
2026-07-06,30.0
2026-07-07,31.0
2026-07-08,44.0
2026-07-09,25.0
2026-07-10,20.0
2026-07-13,44.0
2026-07-14,44.0
2026-07-15,38.0
2026-07-16,46.0
2026-07-17,67.0
2026-07-20,52.0
2026-07-21,28.0
2026-07-22,31.0
2026-07-23,63.0
2026-07-24,74.0
2026-07-27,46.0
2026-07-28,57.0
2026-07-29,68.0
2026-07-30,37.0
2026-07-31,41.0
2026-08-03,32.0
2026-08-04,21.0
2026-08-05,26.0
2026-08-06,29.0
2026-08-07,25.0
2026-08-10,26.0
2026-08-11,24.0
2026-08-12,36.0
2026-08-13,34.0
2026-08-14,26.0
2026-08-17,38.0
2026-08-18,38.0
2026-08-19,26.0
2026-08-20,41.0
