date,close
1996-04-19,216362000.0
1996-04-22,223330000.0
1996-04-23,272340000.0
1996-04-24,232217000.0
1996-04-25,256229000.0
1996-04-26,193733000.0
1996-04-29,151996000.0
1996-04-30,172703000.0
1996-05-01,227396000.0
1996-05-02,74619300.0
1996-05-03,181070000.0
1996-05-06,154978000.0
1996-05-07,147173000.0
1996-05-08,284148000.0
1996-05-09,207018000.0
1996-05-10,301375000.0
1996-05-13,288558000.0
1996-05-14,277288000.0
1996-05-15,215620000.0
1996-05-17,271329000.0
1996-05-20,271329000.0
1996-05-24,157820000.0
1996-05-28,88360900.0
1996-05-30,213998000.0
1996-05-31,130410000.0
1996-06-03,130410000.0
1996-06-04,233962000.0
1996-06-05,228008000.0
1996-06-06,149358000.0
1996-06-07,156050000.0
1996-06-10,135802000.0
1996-06-11,160747000.0
1996-06-12,186096000.0
1996-06-13,147975000.0
1996-06-14,144904000.0
1996-06-17,114935000.0
1996-06-18,131607000.0
1996-06-19,150692000.0
1996-06-20,171368000.0
1996-06-21,315642000.0
1996-06-24,177507000.0
1996-06-25,151986000.0
1996-06-26,104532500.0
1996-06-27,228923000.0
1996-06-28,281432000.0
1996-07-01,218726000.0
1996-07-02,156213000.0
1996-07-03,122421000.0
1996-07-05,15152600.0
1996-07-08,88454000.0
1996-07-09,196232000.0
1996-07-10,161620000.0
1996-07-11,65826900.0
1996-07-12,184476000.0
1996-07-15,33294600.0
1996-07-16,201644000.0
1996-07-17,324034000.0
1996-07-18,345985000.0
1996-07-19,114829000.0
1996-07-22,61620100.0
1996-07-23,61620100.0
1996-07-24,168096000.0
1996-07-25,255790000.0
1996-07-26,225952000.0
1996-07-29,82175600.0
1996-07-30,191655000.0
1996-07-31,227425000.0
1996-08-01,338194000.0
1996-08-02,355270000.0
1996-08-05,121549000.0
1996-08-06,173299000.0
1996-08-07,213538000.0
1996-08-08,159842000.0
1996-08-09,143906000.0
1996-08-12,166083000.0
1996-08-13,81616700.0
1996-08-14,207422000.0
1996-08-15,157621000.0
1996-08-16,189107000.0
1996-08-19,160402000.0
1996-08-20,161515000.0
1996-08-21,155186000.0
1996-08-22,228949000.0
1996-08-23,107615000.0
1996-08-26,94789100.0
1996-08-27,171027000.0
1996-08-28,134641000.0
1996-08-29,74407200.0
1996-08-30,62870800.0
1996-09-03,145875000.0
1996-09-04,183343000.0
1996-09-05,75775300.0
1996-09-06,240034000.0
1996-09-09,224002000.0
1996-09-11,203448000.0
1996-09-12,238669000.0
1996-09-13,343047000.0
1996-09-16,259775000.0
1996-09-17,198420000.0
1996-09-18,155202000.0
1996-09-19,209557000.0
1996-09-20,305491000.0
1996-09-23,116887000.0
1996-09-24,204796000.0
1996-09-25,230874000.0
1996-09-26,247482000.0
1996-09-27,200422000.0
1996-09-30,204396000.0
1996-10-01,201137000.0
1996-10-02,275898000.0
1996-10-03,154999000.0
1996-10-04,303916000.0
1996-10-07,187455000.0
1996-10-08,175473000.0
1996-10-09,127125000.0
1996-10-10,174914000.0
1996-10-11,236601000.0
1996-10-14,175734000.0
1996-10-15,187709000.0
1996-10-16,212110000.0
1996-10-17,262703000.0
1996-10-18,256532000.0
1996-10-21,182378000.0
1996-10-22,131865000.0
1996-10-23,192642000.0
1996-10-24,142642000.0
1996-10-25,166947000.0
1996-10-28,117023000.0
1996-10-29,236088000.0
1996-10-30,204362000.0
1996-10-31,243475000.0
1996-11-01,188162000.0
1996-11-04,197949000.0
1996-11-05,314627000.0
1996-11-06,364498000.0
1996-11-07,260181000.0
1996-11-08,219754000.0
1996-11-11,184430000.0
1996-11-12,216762000.0
1996-11-13,206017000.0
1996-11-14,293224000.0
1996-11-15,267313000.0
1996-11-18,183338000.0
1996-11-19,253017000.0
1996-11-20,256245000.0
1996-11-21,178425000.0
1996-11-22,325935000.0
1996-11-25,290820000.0
1996-11-26,210418000.0
1996-11-27,188089000.0
1996-11-29,81128800.0
1996-12-02,191750000.0
1996-12-03,184689000.0
1996-12-04,198999000.0
1996-12-05,217880000.0
1996-12-06,142398000.0
1996-12-09,272949000.0
1996-12-10,182644000.0
1996-12-11,99195400.0
1996-12-12,130559000.0
1996-12-13,189030000.0
1996-12-16,120389000.0
1996-12-17,248445000.0
1996-12-18,306736000.0
1996-12-19,358333000.0
1996-12-20,352204000.0
1996-12-23,119082000.0
1996-12-24,88565000.0
1996-12-26,150404000.0
1996-12-27,131429000.0
1996-12-30,155397000.0
1996-12-31,144290000.0
1997-01-02,138007000.0
1997-01-03,313396000.0
1997-01-06,241345000.0
1997-01-07,341582000.0
1997-01-08,226715000.0
1997-01-09,341372000.0
1997-01-10,321562000.0
1997-01-13,200024000.0
1997-01-14,360716000.0
1997-01-15,247692000.0
1997-01-16,282168000.0
1997-01-17,323712000.0
1997-01-20,204847000.0
1997-01-21,317741000.0
1997-01-22,278602000.0
1997-01-23,275660000.0
1997-01-24,158415000.0
1997-01-27,138254000.0
1997-01-28,244784000.0
1997-01-29,271456000.0
1997-01-30,350057000.0
1997-01-31,278505000.0
1997-02-03,202789000.0
1997-02-04,225043000.0
1997-02-05,142303000.0
1997-02-06,256208000.0
1997-02-07,321129000.0
1997-02-10,175798000.0
1997-02-11,257589000.0
1997-02-12,426777000.0
1997-02-13,366511000.0
1997-02-14,219203000.0
1997-02-18,287969000.0
1997-02-19,207303000.0
1997-02-20,123645000.0
1997-02-21,234548000.0
1997-02-24,283048000.0
1997-02-25,285129000.0
1997-02-26,157326000.0
1997-02-27,113765000.0
1997-02-28,199505000.0
1997-03-04,263254000.0
1997-03-05,368728000.0
1997-03-07,322435000.0
1997-03-10,299819000.0
1997-03-11,228556000.0
1997-03-12,161195000.0
1997-03-13,91055200.0
1997-03-14,254874000.0
1997-03-17,188385000.0
1997-03-18,122608000.0
1997-03-19,173606000.0
1997-03-20,200178000.0
1997-03-21,258595000.0
1997-03-24,229892000.0
1997-03-25,223952000.0
1997-03-26,255174000.0
1997-03-27,64753300.0
1997-04-01,243880000.0
1997-04-02,110149000.0
1997-04-03,202350000.0
1997-04-04,321569000.0
1997-04-07,292255000.0
1997-04-08,247512000.0
1997-04-09,171407000.0
1997-04-10,165325000.0
1997-04-11,42745600.0
1997-04-14,195828000.0
1997-04-15,356144000.0
1997-04-16,296895000.0
1997-04-17,209572000.0
1997-04-18,239277000.0
1997-04-21,119656000.0
1997-04-22,311400000.0
1997-04-23,216715000.0
1997-04-24,202322000.0
1997-04-25,109759000.0
1997-04-28,224736000.0
1997-04-29,461742000.0
1997-04-30,400008000.0
1997-05-01,217650000.0
1997-05-02,391881000.0
1997-05-05,455456000.0
1997-05-06,277455000.0
1997-05-07,151803000.0
1997-05-08,307217000.0
1997-05-09,279252000.0
1997-05-12,338734000.0
1997-05-13,199171000.0
1997-05-14,287736000.0
1997-05-15,265819000.0
1997-05-16,132508000.0
1997-05-19,182506000.0
1997-05-20,270708000.0
1997-05-21,237720000.0
1997-05-22,187351000.0
1997-05-23,306532000.0
1997-05-27,237863000.0
1997-05-28,226658000.0
1997-05-29,204658000.0
1997-05-30,304092000.0
1997-06-02,207886000.0
1997-06-03,251051000.0
1997-06-04,177430000.0
1997-06-05,270244000.0
1997-06-06,329100000.0
1997-06-09,283733000.0
1997-06-10,283111000.0
1997-06-11,284301000.0
1997-06-12,431017000.0
1997-06-13,387193000.0
1997-06-16,188292000.0
1997-06-17,283062000.0
1997-06-18,183056000.0
1997-06-19,351563000.0
1997-06-20,282628000.0
1997-06-23,84906500.0
1997-06-24,385082000.0
1997-06-25,226196000.0
1997-06-26,193845000.0
1997-06-27,274134000.0
1997-06-30,277119000.0
1997-07-01,343407000.0
1997-07-02,367313000.0
1997-07-03,287909000.0
1997-07-07,223562000.0
1997-07-08,350431000.0
1997-07-09,177617000.0
1997-07-10,339073000.0
1997-07-11,299516000.0
1997-07-14,230808000.0
1997-07-15,334157000.0
1997-07-16,415451000.0
1997-07-17,250875000.0
1997-07-18,127358000.0
1997-07-21,168795000.0
1997-07-22,479505000.0
1997-07-23,353897000.0
1997-07-24,302531000.0
1997-07-25,239707000.0
1997-07-28,221444000.0
1997-07-29,331984000.0
1997-07-30,432272000.0
1997-07-31,306709000.0
1997-08-01,178803000.0
1997-08-04,249707000.0
1997-08-05,318808000.0
1997-08-06,380148000.0
1997-08-07,222410000.0
1997-08-08,885050000.0
1997-08-11,243596000.0
1997-08-12,165343000.0
1997-08-13,241060000.0
1997-08-14,262496000.0
1997-08-15,86085700.0
1997-08-18,301273000.0
1997-08-19,402782000.0
1997-08-20,388482000.0
1997-08-21,142010000.0
1997-08-22,191388000.0
1997-08-25,207993000.0
1997-08-26,174574000.0
1997-08-27,251199000.0
1997-08-28,137028000.0
1997-08-29,147683000.0
1997-09-02,409030000.0
1997-09-03,302271000.0
1997-09-04,317240000.0
1997-09-05,258342000.0
1997-09-08,254929000.0
1997-09-09,266199000.0
1997-09-10,149157000.0
1997-09-11,187603000.0
1997-09-12,390877000.0
1997-09-15,219511000.0
1997-09-16,478841000.0
1997-09-17,278758000.0
1997-09-18,341392000.0
1997-09-19,348841000.0
1997-09-22,302534000.0
1997-09-23,202302000.0
1997-09-24,283146000.0
1997-09-25,214912000.0
1997-09-26,318176000.0
1997-09-29,299939000.0
1997-09-30,278865000.0
1997-10-01,381335000.0
1997-10-02,263809000.0
1997-10-03,360023000.0
1997-10-06,316385000.0
1997-10-07,325911000.0
1997-10-08,221724000.0
1997-10-09,265176000.0
1997-10-10,247497000.0
1997-10-13,175868000.0
1997-10-14,250618000.0
1997-10-15,216336000.0
1997-10-16,155925000.0
1997-10-17,142760000.0
1997-10-20,338266000.0
1997-10-21,448388000.0
1997-10-22,232641000.0
1997-10-23,70391500.0
1997-10-24,223741000.0
1997-10-27,4038300.0
1997-10-28,1010663000.0
1997-10-29,400591000.0
1997-10-30,127823000.0
1997-10-31,474311000.0
1997-11-03,494157000.0
1997-11-04,309450000.0
1997-11-05,323462000.0
1997-11-06,185778000.0
1997-11-07,75959700.0
1997-11-10,178610000.0
1997-11-11,199319000.0
1997-11-12,95811200.0
1997-11-13,384786000.0
1997-11-14,429304000.0
1997-11-17,477200000.0
1997-11-18,152097000.0
1997-11-19,270522000.0
1997-11-20,466116000.0
1997-11-21,364171000.0
1997-11-24,88412900.0
1997-11-25,304187000.0
1997-11-26,237768000.0
1997-11-28,111073000.0
1997-12-01,403607000.0
1997-12-02,286528000.0
1997-12-03,335399000.0
1997-12-04,280013000.0
1997-12-05,375497000.0
1997-12-08,247022000.0
1997-12-09,165728000.0
1997-12-10,159837000.0
1997-12-11,102517000.0
1997-12-12,228650000.0
1997-12-15,326875000.0
1997-12-16,372895000.0
1997-12-17,333544000.0
1997-12-18,167322000.0
1997-12-19,209904000.0
1997-12-22,295799000.0
1997-12-23,153203000.0
1997-12-24,102254800.0
1997-12-26,83251600.0
1997-12-29,353092000.0
1997-12-30,400160000.0
1997-12-31,300409000.0
1998-01-02,188086000.0
1998-01-05,307488000.0
1998-01-06,149871000.0
1998-01-07,275791000.0
1998-01-08,190182000.0
1998-01-09,42443200.0
1998-01-12,353980000.0
1998-01-13,491754000.0
1998-01-14,378386000.0
1998-01-15,227419000.0
1998-01-16,504584000.0
1998-01-20,469735000.0
1998-01-21,239565000.0
1998-01-22,194393000.0
1998-01-23,204717000.0
1998-01-26,248646000.0
1998-01-27,423130000.0
1998-01-28,441841000.0
1998-01-29,516674000.0
1998-01-30,270797000.0
1998-02-02,579738000.0
1998-02-03,438419000.0
1998-02-04,409636000.0
1998-02-05,311412000.0
1998-02-06,355265000.0
1998-02-09,254232000.0
1998-02-10,444095000.0
1998-02-11,330799000.0
1998-02-12,326113000.0
1998-02-13,237232000.0
1998-02-17,303271000.0
1998-02-18,408110000.0
1998-02-19,223399000.0
1998-02-20,321385000.0
1998-02-23,283843000.0
1998-02-24,184083000.0
1998-02-25,430621000.0
1998-02-26,404878000.0
1998-02-27,308372000.0
1998-03-02,306057000.0
1998-03-03,346433000.0
1998-03-04,271465000.0
1998-03-05,172096000.0
1998-03-06,528621000.0
1998-03-09,25047500.0
1998-03-10,435339000.0
1998-03-11,407696000.0
1998-03-12,318926000.0
1998-03-13,305998000.0
1998-03-16,346923000.0
1998-03-17,321309000.0
1998-03-18,362842000.0
1998-03-19,328768000.0
1998-03-20,437576000.0
1998-03-23,328643000.0
1998-03-24,376902000.0
1998-03-25,293154000.0
1998-03-26,306651000.0
1998-03-27,247823000.0
1998-03-30,196140000.0
1998-03-31,404895000.0
1998-04-01,387685000.0
1998-04-02,420888000.0
1998-04-03,342062000.0
1998-04-06,264406000.0
1998-04-07,179204000.0
1998-04-08,267791000.0
1998-04-09,352003000.0
1998-04-13,243115000.0
1998-04-14,418118000.0
1998-04-15,405764000.0
1998-04-16,179606000.0
1998-04-17,452446000.0
1998-04-20,309424000.0
1998-04-21,361613000.0
1998-04-22,347331000.0
1998-04-23,197167000.0
1998-04-24,168573000.0
1998-04-27,63455000.0
1998-04-28,362264000.0
1998-04-29,422849000.0
1998-04-30,522668000.0
1998-05-01,372408000.0
1998-05-04,311221000.0
1998-05-05,230413000.0
1998-05-06,181485000.0
1998-05-07,200493000.0
1998-05-08,370658000.0
1998-05-11,231726000.0
1998-05-12,333404000.0
1998-05-13,301581000.0
1998-05-14,238894000.0
1998-05-15,177993000.0
1998-05-18,157252000.0
1998-05-19,312698000.0
1998-05-20,311008000.0
1998-05-21,221458000.0
1998-05-22,151177000.0
1998-05-26,86073000.0
1998-05-27,226101000.0
1998-05-28,371647000.0
1998-05-29,234669000.0
1998-06-01,214332000.0
1998-06-02,266806000.0
1998-06-03,220620000.0
1998-06-04,145906000.0
1998-06-05,423031000.0
1998-06-08,285258000.0
1998-06-09,274079000.0
1998-06-10,195961000.0
1998-06-11,102313600.0
1998-06-12,267862000.0
1998-06-15,85146000.0
1998-06-16,408790000.0
1998-06-17,558691000.0
1998-06-18,238954000.0
1998-06-19,256896000.0
1998-06-23,435032000.0
1998-06-24,430071000.0
1998-06-25,296719000.0
1998-06-26,257905000.0
1998-06-29,336664000.0
1998-06-30,382276000.0
1998-07-01,480456000.0
1998-07-02,240727000.0
1998-07-06,321340000.0
1998-07-07,281675000.0
1998-07-08,372117000.0
1998-07-09,249091000.0
1998-07-10,289414000.0
1998-07-13,245467000.0
1998-07-14,455692000.0
1998-07-15,307458000.0
1998-07-16,403559000.0
1998-07-17,297905000.0
1998-07-20,233878000.0
1998-07-21,184337000.0
1998-07-22,271099000.0
1998-07-23,132435000.0
1998-07-24,263958000.0
1998-07-27,273971000.0
1998-07-28,162235000.0
1998-07-29,273209000.0
1998-07-30,164674000.0
1998-07-31,124358000.0
1998-08-03,205753000.0
1998-08-04,75399400.0
1998-08-05,424161000.0
1998-08-06,418670000.0
1998-08-07,465955000.0
1998-08-10,175179000.0
1998-08-11,137100000.0
1998-08-12,550825000.0
1998-08-13,215278000.0
1998-08-14,211873000.0
1998-08-17,381169000.0
1998-08-18,514972000.0
1998-08-19,246702000.0
1998-08-20,226267000.0
1998-08-21,157930000.0
1998-08-24,287922000.0
1998-08-25,315611000.0
1998-08-26,160999000.0
1998-08-27,53278500.0
1998-08-28,249080000.0
1998-08-31,37831300.0
1998-09-01,376177000.0
1998-09-02,488399000.0
1998-09-03,294813000.0
1998-09-04,309272000.0
1998-09-08,733183000.0
1998-09-09,155281000.0
1998-09-10,179936000.0
1998-09-11,650609000.0
1998-09-14,551797000.0
1998-09-15,432684000.0
1998-09-16,512133000.0
1998-09-17,116824000.0
1998-09-18,389662000.0
1998-09-21,272212000.0
1998-09-22,379680000.0
1998-09-23,725484000.0
1998-09-24,165845000.0
1998-09-25,340116000.0
1998-09-28,376232000.0
1998-09-29,294430000.0
1998-09-30,141233000.0
1998-10-01,137088000.0
1998-10-02,573422000.0
1998-10-05,204832000.0
1998-10-06,348805000.0
1998-10-07,308514000.0
1998-10-08,350722000.0
1998-10-09,647182000.0
1998-10-12,484361000.0
1998-10-13,258178000.0
1998-10-14,481717000.0
1998-10-15,816619000.0
1998-10-16,697385000.0
1998-10-19,444047000.0
1998-10-20,612489000.0
1998-10-21,376642000.0
1998-10-22,445559000.0
1998-10-23,258581000.0
1998-10-26,323628000.0
1998-10-27,329807000.0
1998-10-28,338670000.0
1998-10-29,491909000.0
1998-10-30,576295000.0
1998-11-02,553034000.0
1998-11-03,337091000.0
1998-11-04,567297000.0
1998-11-05,507842000.0
1998-11-06,397761000.0
1998-11-09,165366000.0
1998-11-10,242944000.0
1998-11-11,238094000.0
1998-11-12,274561000.0
1998-11-13,349764000.0
1998-11-16,347530000.0
1998-11-17,331533000.0
1998-11-18,331098000.0
1998-11-19,363971000.0
1998-11-20,452843000.0
1998-11-23,489639000.0
1998-11-24,322161000.0
1998-11-25,303343000.0
1998-11-27,154544000.0
1998-11-30,141975000.0
1998-12-01,370076000.0
1998-12-02,296637000.0
1998-12-03,208431000.0
1998-12-04,511523000.0
1998-12-07,386113000.0
1998-12-08,279256000.0
1998-12-09,322736000.0
1998-12-10,138825000.0
1998-12-11,255979000.0
1998-12-14,138156000.0
1998-12-15,451259000.0
1998-12-16,367321000.0
1998-12-17,438306000.0
1998-12-18,394661000.0
1998-12-21,428438000.0
1998-12-22,286788000.0
1998-12-23,488247000.0
1998-12-24,130640000.0
1998-12-28,212635000.0
1998-12-29,347127000.0
1998-12-30,260906000.0
1998-12-31,366159000.0
1999-01-04,365687000.0
1999-01-05,475872000.0
1999-01-06,773799000.0
1999-01-07,397008000.0
1999-01-08,494836000.0
1999-01-11,316400000.0
1999-01-12,185831000.0
1999-01-13,276616000.0
1999-01-14,158107000.0
1999-01-15,639713000.0
1999-01-19,367780000.0
1999-01-20,449360000.0
1999-01-21,253571000.0
1999-01-22,283552000.0
1999-01-25,407253000.0
1999-01-26,447150000.0
1999-01-27,313485000.0
1999-01-28,499355000.0
1999-01-29,537486000.0
1999-02-01,352885000.0
1999-02-02,316208000.0
1999-02-03,550931000.0
1999-02-04,282791000.0
1999-02-05,358978000.0
1999-02-08,327253000.0
1999-02-09,141908000.0
1999-02-10,364008000.0
1999-02-11,523082000.0
1999-02-12,158152000.0
1999-02-16,358827000.0
1999-02-17,196591000.0
1999-02-18,451379000.0
1999-02-19,354062000.0
1999-02-22,565744000.0
1999-02-23,337952000.0
1999-02-24,265644000.0
1999-02-25,234019000.0
1999-02-26,303814000.0
1999-03-01,310840000.0
1999-03-02,319944000.0
1999-03-03,350708000.0
1999-03-04,512810000.0
1999-03-05,642518000.0
1999-03-08,390969000.0
1999-03-09,329817000.0
1999-03-10,492706000.0
1999-03-11,536394000.0
1999-03-12,375332000.0
1999-03-15,401865000.0
1999-03-16,356827000.0
1999-03-17,347812000.0
1999-03-18,543211000.0
1999-03-19,275933000.0
1999-03-22,309858000.0
1999-03-23,110722000.0
1999-03-24,403332000.0
1999-03-25,546014000.0
1999-03-26,294052000.0
1999-03-29,555874000.0
1999-03-30,258403000.0
1999-03-31,344266000.0
1999-04-01,351503000.0
1999-04-05,475393000.0
1999-04-06,339119000.0
1999-04-07,410399000.0
1999-04-08,558884000.0
1999-04-09,429455000.0
1999-04-12,454274000.0
1999-04-13,400758000.0
1999-04-14,510700000.0
1999-04-15,578573000.0
1999-04-16,606286000.0
1999-04-19,585263000.0
1999-04-20,541630000.0
1999-04-21,602108000.0
1999-04-22,539067000.0
1999-04-23,316194000.0
1999-04-26,341969000.0
1999-04-27,548016000.0
1999-04-28,482018000.0
1999-04-29,498282000.0
1999-04-30,369619000.0
1999-05-03,621838000.0
1999-05-04,338933000.0
1999-05-05,534518000.0
1999-05-06,384977000.0
1999-05-07,488683000.0
1999-05-10,393510000.0
1999-05-11,507319000.0
1999-05-12,457252000.0
1999-05-13,485806000.0
1999-05-14,116065000.0
1999-05-17,247437000.0
1999-05-18,309574000.0
1999-05-19,481486000.0
1999-05-20,386868000.0
1999-05-21,313030000.0
1999-05-24,149856000.0
1999-05-25,211141000.0
1999-05-26,544220000.0
1999-05-27,228182000.0
1999-05-28,444989000.0
1999-06-01,297566000.0
1999-06-02,315174000.0
1999-06-03,435617000.0
1999-06-04,474008900.0
1999-06-07,384098300.0
1999-06-08,233170800.0
1999-06-09,301835000.0
1999-06-10,228948000.0
1999-06-11,269581500.0
1999-06-14,282440000.0
1999-06-15,397323000.0
1999-06-16,561423000.0
1999-06-17,426558000.0
1999-06-18,458433000.0
1999-06-21,359844000.0
1999-06-22,258993300.0
1999-06-23,304346000.0
1999-06-24,153620200.0
1999-06-25,279867000.0
1999-06-28,406717500.0
1999-06-29,567952100.0
1999-06-30,741317000.0
1999-07-01,499234300.0
1999-07-02,327498100.0
1999-07-06,351707400.0
1999-07-07,341394100.0
1999-07-08,314437300.0
1999-07-09,423294100.0
1999-07-12,289617500.0
1999-07-13,273414100.0
1999-07-14,378203700.0
1999-07-15,457415600.0
1999-07-16,371458600.0
1999-07-19,199685200.0
1999-07-20,155286600.0
1999-07-21,406545600.0
1999-07-22,260810500.0
1999-07-23,201947200.0
1999-07-26,226532100.0
1999-07-27,440180100.0
1999-07-28,350763100.0
1999-07-29,170277900.0
1999-07-30,242016400.0
1999-08-02,275653200.0
1999-08-03,232322000.0
1999-08-04,211959100.0
1999-08-05,427380900.0
1999-08-06,209570300.0
1999-08-09,331216400.0
1999-08-10,194867600.0
1999-08-11,434497600.0
1999-08-12,386422700.0
1999-08-13,495069900.0
1999-08-16,280325500.0
1999-08-17,429114900.0
1999-08-18,235103300.0
1999-08-19,276061700.0
1999-08-20,418035600.0
1999-08-23,469964600.0
1999-08-24,324656600.0
1999-08-25,468939400.0
1999-08-26,214773400.0
1999-08-27,146502200.0
1999-08-30,111157300.0
1999-08-31,296411900.0
1999-09-01,408088800.0
1999-09-02,173875000.0
1999-09-03,535178500.0
1999-09-07,327058700.0
1999-09-08,300151800.0
1999-09-09,396141700.0
1999-09-10,396849900.0
1999-09-13,248813700.0
1999-09-14,227107500.0
1999-09-15,228224100.0
1999-09-16,286053600.0
1999-09-17,528833900.0
1999-09-20,225406900.0
1999-09-21,132488300.0
1999-09-22,350117400.0
1999-09-23,191415000.0
1999-09-24,340532300.0
1999-09-27,449825300.0
1999-09-28,346299300.0
1999-09-29,376954100.0
1999-09-30,604742700.0
1999-10-01,333046300.0
1999-10-04,531047400.0
1999-10-05,390362600.0
1999-10-06,641051500.0
1999-10-07,314435200.0
1999-10-08,442512700.0
1999-10-11,364535900.0
1999-10-12,176482600.0
1999-10-13,176182400.0
1999-10-14,385551800.0
1999-10-15,181763000.0
1999-10-18,361364100.0
1999-10-19,493941900.0
1999-10-20,590708200.0
1999-10-21,367260500.0
1999-10-22,671311400.0
1999-10-25,291384700.0
1999-10-26,319260400.0
1999-10-27,495841900.0
1999-10-28,931578600.0
1999-10-29,733977800.0
1999-11-01,365237800.0
1999-11-02,424088200.0
1999-11-03,485833000.0
1999-11-04,545466700.0
1999-11-05,523394700.0
1999-11-08,439446300.0
1999-11-09,343375000.0
1999-11-10,597402000.0
1999-11-11,459332200.0
1999-11-12,536584500.0
1999-11-15,436388300.0
1999-11-16,629161000.0
1999-11-17,434002400.0
1999-11-18,614821600.0
1999-11-19,373463800.0
1999-11-22,317378100.0
1999-11-23,263294400.0
1999-11-24,419998400.0
1999-11-26,167240500.0
1999-11-29,325923800.0
1999-11-30,415427600.0
1999-12-01,463564700.0
1999-12-02,455791900.0
1999-12-03,667756300.0
1999-12-06,311487100.0
1999-12-07,302254600.0
1999-12-08,377996700.0
1999-12-09,458197700.0
1999-12-10,551468400.0
1999-12-13,389488700.0
1999-12-14,381600300.0
1999-12-15,499360300.0
1999-12-16,514082300.0
1999-12-17,633265700.0
1999-12-20,360201700.0
1999-12-21,538740400.0
1999-12-22,405477800.0
1999-12-23,525065900.0
1999-12-27,304571800.0
1999-12-28,329596800.0
1999-12-29,369431600.0
1999-12-30,296150300.0
1999-12-31,221854300.0
2000-01-03,285313400.0
2000-01-04,151912000.0
2000-01-05,550414000.0
2000-01-06,663046500.0
2000-01-07,824980200.0
2000-01-10,560816700.0
2000-01-11,336390900.0
2000-01-12,436994600.0
2000-01-13,711396700.0
2000-01-14,617716700.0
2000-01-18,399473000.0
2000-01-19,531459300.0
2000-01-20,417877500.0
2000-01-21,529845600.0
2000-01-24,299790800.0
2000-01-25,438886600.0
2000-01-26,596864500.0
2000-01-27,546993200.0
2000-01-28,221214100.0
2000-01-31,629620100.0
2000-02-01,569869700.0
2000-02-02,541230200.0
2000-02-03,624603500.0
2000-02-04,435177100.0
2000-02-07,349313100.0
2000-02-08,587751300.0
2000-02-09,267263400.0
2000-02-10,473927500.0
2000-02-11,270004300.0
2000-02-14,415528200.0
2000-02-15,656398200.0
2000-02-16,369036400.0
2000-02-17,478508000.0
2000-02-18,144997100.0
2000-02-22,536836800.0
2000-02-23,368324100.0
2000-02-24,419026900.0
2000-02-25,372365300.0
2000-02-28,648183000.0
2000-02-29,708977800.0
2000-03-01,799532800.0
2000-03-02,571920400.0
2000-03-03,762000900.0
2000-03-06,368517600.0
2000-03-07,314299000.0
2000-03-08,632391900.0
2000-03-09,767799900.0
2000-03-10,520449500.0
2000-03-13,408136700.0
2000-03-14,434045000.0
2000-03-15,924153000.0
2000-03-16,1342604000.0
2000-03-17,603522900.0
2000-03-20,427015900.0
2000-03-21,718736500.0
2000-03-22,543116100.0
2000-03-23,691845700.0
2000-03-24,483689700.0
2000-03-27,368833200.0
2000-03-28,393442500.0
2000-03-29,544137500.0
2000-03-30,562243000.0
2000-03-31,729512900.0
2000-04-03,644941400.0
2000-04-04,529859900.0
2000-04-05,612385500.0
2000-04-06,672552500.0
2000-04-07,415426500.0
2000-04-10,406682200.0
2000-04-11,525004300.0
2000-04-12,578421900.0
2000-04-13,325817700.0
2000-04-14,47845000.0
2000-04-17,701948000.0
2000-04-18,799945800.0
2000-04-19,511281100.0
2000-04-20,494110600.0
2000-04-24,431062500.0
2000-04-25,833721200.0
2000-04-26,425167900.0
2000-04-27,520029800.0
2000-04-28,405190400.0
2000-05-01,650484100.0
2000-05-02,427746800.0
2000-05-03,168796600.0
2000-05-04,450635800.0
2000-05-05,510896400.0
2000-05-08,428407500.0
2000-05-09,337969100.0
2000-05-10,277758200.0
2000-05-11,677707900.0
2000-05-12,592578100.0
2000-05-15,627547200.0
2000-05-16,539060400.0
2000-05-17,248255400.0
2000-05-18,369297200.0
2000-05-19,181800100.0
2000-05-22,302677000.0
2000-05-23,355453300.0
2000-05-24,629991200.0
2000-05-25,340582500.0
2000-05-26,343336300.0
2000-05-30,648644900.0
2000-05-31,497759300.0
2000-06-01,652845900.0
2000-06-02,744551700.0
2000-06-05,321863200.0
2000-06-06,407726400.0
2000-06-07,442493500.0
2000-06-08,331833300.0
2000-06-09,247961400.0
2000-06-12,323191300.0
2000-06-13,531548300.0
2000-06-14,529071200.0
2000-06-15,470423300.0
2000-06-16,414312600.0
2000-06-19,520272200.0
2000-06-20,379550600.0
2000-06-21,531840200.0
2000-06-22,284552700.0
2000-06-23,367353100.0
2000-06-26,443553700.0
2000-06-27,543999100.0
2000-06-28,495608900.0
2000-06-29,492033000.0
2000-06-30,580477300.0
2000-07-03,328561500.0
2000-07-05,449289900.0
2000-07-06,500059000.0
2000-07-07,630628900.0
2000-07-10,429330900.0
2000-07-11,558417100.0
2000-07-12,549736000.0
2000-07-13,531735000.0
2000-07-14,534200300.0
2000-07-17,418890700.0
2000-07-18,334354300.0
2000-07-19,390787600.0
2000-07-20,501311900.0
2000-07-21,327652300.0
2000-07-24,315398700.0
2000-07-25,539779500.0
2000-07-26,377106700.0
2000-07-27,536702300.0
2000-07-28,317968900.0
2000-07-31,522502200.0
2000-08-01,605481200.0
2000-08-02,534148600.0
2000-08-03,465875300.0
2000-08-04,587664100.0
2000-08-07,551940400.0
2000-08-08,549300700.0
2000-08-09,449591500.0
2000-08-10,445201200.0
2000-08-11,551235100.0
2000-08-14,554506100.0
2000-08-15,360408100.0
2000-08-16,437592000.0
2000-08-17,595245000.0
2000-08-18,363785100.0
2000-08-21,357826800.0
2000-08-22,428595800.0
2000-08-23,373380600.0
2000-08-24,386978700.0
2000-08-25,336853000.0
2000-08-28,396359800.0
2000-08-29,353023500.0
2000-08-30,361556800.0
2000-08-31,461140900.0
2000-09-01,443130200.0
2000-09-05,399952500.0
2000-09-06,495617100.0
2000-09-07,457767700.0
2000-09-08,419209800.0
2000-09-11,493166200.0
2000-09-12,411649700.0
2000-09-13,509315200.0
2000-09-14,489459200.0
2000-09-15,429231700.0
2000-09-18,231504600.0
2000-09-19,493557200.0
2000-09-20,296369400.0
2000-09-21,435072600.0
2000-09-22,582550400.0
2000-09-25,455516200.0
2000-09-26,415398500.0
2000-09-27,577853300.0
2000-09-28,882432700.0
2000-09-29,489411100.0
2000-10-02,547853900.0
2000-10-03,469389600.0
2000-10-04,590684500.0
2000-10-05,565081300.0
2000-10-06,270771300.0
2000-10-09,311454000.0
2000-10-10,396576800.0
2000-10-11,373842100.0
2000-10-12,336768300.0
2000-10-13,868285900.0
2000-10-16,537927400.0
2000-10-17,243915800.0
2000-10-18,589120100.0
2000-10-19,934870200.0
2000-10-20,706714600.0
2000-10-23,484569300.0
2000-10-24,606493500.0
2000-10-25,371027800.0
2000-10-26,597970700.0
2000-10-27,713452700.0
2000-10-30,823575200.0
2000-10-31,994007200.0
2000-11-01,537395500.0
2000-11-02,598405400.0
2000-11-03,467280400.0
2000-11-06,490072300.0
2000-11-07,437095200.0
2000-11-08,382466000.0
2000-11-09,328113700.0
2000-11-10,253021400.0
2000-11-13,435102500.0
2000-11-14,776363100.0
2000-11-15,599541300.0
2000-11-16,355248700.0
2000-11-17,377891200.0
2000-11-20,258744400.0
2000-11-21,522036200.0
2000-11-22,244685400.0
2000-11-24,287035800.0
2000-11-27,533703300.0
2000-11-28,378616800.0
2000-11-29,517715600.0
2000-11-30,415029000.0
2000-12-01,720508900.0
2000-12-04,640263500.0
2000-12-05,1029263000.0
2000-12-06,445711300.0
2000-12-07,430785700.0
2000-12-08,985205400.0
2000-12-11,761768300.0
2000-12-12,500871100.0
2000-12-13,501331100.0
2000-12-14,356253500.0
2000-12-15,446233200.0
2000-12-18,711171600.0
2000-12-19,652384200.0
2000-12-20,314128900.0
2000-12-21,760399300.0
2000-12-22,803344000.0
2000-12-26,467247000.0
2000-12-27,749007100.0
2000-12-28,637235800.0
2000-12-29,442830800.0
2001-01-02,253838000.0
2001-01-03,1323862000.0
2001-01-04,989898600.0
2001-01-05,423707400.0
2001-01-08,517280300.0
2001-01-09,597156900.0
2001-01-10,810458600.0
2001-01-11,857117000.0
2001-01-12,604228100.0
2001-01-16,722582200.0
2001-01-17,682709300.0
2001-01-18,799368300.0
2001-01-19,576969900.0
2001-01-22,620686100.0
2001-01-23,826074100.0
2001-01-24,712707700.0
2001-01-25,666097600.0
2001-01-26,433667600.0
2001-01-29,666224800.0
2001-01-30,741635400.0
2001-01-31,545390700.0
2001-02-01,614716700.0
2001-02-02,373635900.0
2001-02-05,553373400.0
2001-02-06,550474000.0
2001-02-07,465661100.0
2001-02-08,458578300.0
2001-02-09,393319100.0
2001-02-12,682196200.0
2001-02-13,475610500.0
2001-02-14,452555000.0
2001-02-15,686886500.0
2001-02-16,389290700.0
2001-02-20,360027800.0
2001-02-21,299629400.0
2001-02-22,552604100.0
2001-02-23,419359200.0
2001-02-26,841749600.0
2001-02-27,487248100.0
2001-02-28,414526500.0
2001-03-01,538156500.0
2001-03-02,761586700.0
2001-03-05,576921100.0
2001-03-06,722476200.0
2001-03-07,693095200.0
2001-03-08,629905700.0
2001-03-09,239300100.0
2001-03-12,103293500.0
2001-03-13,693084700.0
2001-03-14,156378700.0
2001-03-15,720563500.0
2001-03-16,261773900.0
2001-03-19,871786200.0
2001-03-20,331747100.0
2001-03-21,300491100.0
2001-03-22,417413100.0
2001-03-23,1050269000.0
2001-03-26,820524900.0
2001-03-27,982424100.0
2001-03-28,283966000.0
2001-03-29,561480200.0
2001-03-30,833825500.0
2001-04-02,337762700.0
2001-04-03,126449000.0
2001-04-04,706830600.0
2001-04-05,1160372000.0
2001-04-06,232644400.0
2001-04-09,653257300.0
2001-04-10,1112994000.0
2001-04-11,507822000.0
2001-04-12,765605900.0
2001-04-16,379205700.0
2001-04-17,703446500.0
2001-04-18,1496834000.0
2001-04-19,878041000.0
2001-04-20,449893000.0
2001-04-23,322278600.0
2001-04-24,517248700.0
2001-04-25,816056700.0
2001-04-26,891591500.0
2001-04-27,829711200.0
2001-04-30,638962000.0
2001-05-01,764145700.0
2001-05-02,684026400.0
2001-05-03,289095900.0
2001-05-04,768965300.0
2001-05-07,424147300.0
2001-05-08,422159700.0
2001-05-09,475399600.0
2001-05-10,615785600.0
2001-05-11,309057000.0
2001-05-14,454066400.0
2001-05-15,571797600.0
2001-05-16,1142118000.0
2001-05-17,868950700.0
2001-05-18,672749900.0
2001-05-21,862015500.0
2001-05-22,565388300.0
2001-05-23,236276800.0
2001-05-24,507920300.0
2001-05-25,256630100.0
2001-05-29,361990600.0
2001-05-30,253086100.0
2001-05-31,785086100.0
2001-06-01,528128900.0
2001-06-04,526906700.0
2001-06-05,779237800.0
2001-06-06,269277700.0
2001-06-07,548602700.0
2001-06-08,250879900.0
2001-06-11,234082700.0
2001-06-12,468601100.0
2001-06-13,313769200.0
2001-06-14,218633700.0
2001-06-15,649005900.0
2001-06-18,406074000.0
2001-06-19,541767000.0
2001-06-20,713147100.0
2001-06-21,905812600.0
2001-06-22,439010600.0
2001-06-25,331054200.0
2001-06-26,574377700.0
2001-06-27,229667000.0
2001-06-28,410145200.0
2001-06-29,307223300.0
2001-07-02,275115800.0
2001-07-03,302422400.0
2001-07-05,302934900.0
2001-07-06,198168800.0
2001-07-09,496015000.0
2001-07-10,390743400.0
2001-07-11,538783900.0
2001-07-12,980103700.0
2001-07-13,698444100.0
2001-07-16,327671300.0
2001-07-17,773344600.0
2001-07-18,573999200.0
2001-07-19,860521300.0
2001-07-20,508154000.0
2001-07-23,264328600.0
2001-07-24,175641600.0
2001-07-25,927076800.0
2001-07-26,818372300.0
2001-07-27,622647300.0
2001-07-30,482781300.0
2001-07-31,678350100.0
2001-08-01,651610300.0
2001-08-02,695175000.0
2001-08-03,421212300.0
2001-08-06,162993900.0
2001-08-07,509680300.0
2001-08-08,192873300.0
2001-08-09,452572000.0
2001-08-10,573247200.0
2001-08-13,407018800.0
2001-08-14,492606200.0
2001-08-15,448046900.0
2001-08-16,539608800.0
2001-08-17,185702400.0
2001-08-20,493200500.0
2001-08-21,358102600.0
2001-08-22,688065500.0
2001-08-23,385981000.0
2001-08-24,761512700.0
2001-08-27,349591800.0
2001-08-28,271375200.0
2001-08-29,278559100.0
2001-08-30,216162400.0
2001-08-31,575434500.0
2001-09-04,581558500.0
2001-09-05,400587700.0
2001-09-06,214524700.0
2001-09-07,327606800.0
2001-09-10,561130200.0
2001-09-17,333327900.0
2001-09-18,596294100.0
2001-09-19,543942500.0
2001-09-20,288175000.0
2001-09-21,732830500.0
2001-09-24,1444706000.0
2001-09-25,942259000.0
2001-09-26,504656300.0
2001-09-27,907645100.0
2001-09-28,1367037000.0
2001-10-01,438830200.0
2001-10-02,867688400.0
2001-10-03,1264476000.0
2001-10-04,809748800.0
2001-10-05,611383100.0
2001-10-08,347669700.0
2001-10-09,485438500.0
2001-10-10,1062557000.0
2001-10-11,1184644000.0
2001-10-12,476744900.0
2001-10-15,442725700.0
2001-10-16,769111700.0
2001-10-17,400167700.0
2001-10-18,360356600.0
2001-10-19,654810000.0
2001-10-22,757282300.0
2001-10-23,571511700.0
2001-10-24,597332400.0
2001-10-25,905774100.0
2001-10-26,734764400.0
2001-10-29,214120600.0
2001-10-30,216318100.0
2001-10-31,680357400.0
2001-11-01,954339100.0
2001-11-02,592279700.0
2001-11-05,857640300.0
2001-11-06,895475400.0
2001-11-07,614666000.0
2001-11-08,761800000.0
2001-11-09,567677700.0
2001-11-12,435421000.0
2001-11-13,1115629000.0
2001-11-14,891251400.0
2001-11-15,725330500.0
2001-11-16,725741600.0
2001-11-19,948531400.0
2001-11-20,468718200.0
2001-11-21,336223000.0
2001-11-23,331611000.0
2001-11-26,648364900.0
2001-11-27,535226600.0
2001-11-28,221594000.0
2001-11-29,771698100.0
2001-11-30,607840000.0
2001-12-03,504318900.0
2001-12-04,1002874000.0
2001-12-05,1471590000.0
2001-12-06,699660600.0
2001-12-07,495339400.0
2001-12-10,260026400.0
2001-12-11,549546800.0
2001-12-12,628314500.0
2001-12-13,452413800.0
2001-12-14,724682900.0
2001-12-17,728389400.0
2001-12-18,823578900.0
2001-12-19,833013400.0
2001-12-20,547249600.0
2001-12-21,1085344000.0
2001-12-24,221397100.0
2001-12-26,505087700.0
2001-12-27,608454000.0
2001-12-28,645066100.0
2001-12-31,320505600.0
2002-01-02,589390400.0
2002-01-03,783581500.0
2002-01-04,1011855000.0
2002-01-07,538186000.0
2002-01-08,433295200.0
2002-01-09,600447500.0
2002-01-10,557060700.0
2002-01-11,352867700.0
2002-01-14,332907000.0
2002-01-15,726875400.0
2002-01-16,273185600.0
2002-01-17,787082600.0
2002-01-18,470259200.0
2002-01-22,480876300.0
2002-01-23,999406700.0
2002-01-24,893615500.0
2002-01-25,726787700.0
2002-01-28,574889300.0
2002-01-29,246556800.0
2002-01-30,1262108000.0
2002-01-31,1153452000.0
2002-02-01,501638800.0
2002-02-04,183976000.0
2002-02-05,499444000.0
2002-02-06,615280400.0
2002-02-07,776191000.0
2002-02-08,1026203000.0
2002-02-11,914125100.0
2002-02-12,442860800.0
2002-02-13,760732100.0
2002-02-14,517276000.0
2002-02-15,463857600.0
2002-02-19,198625400.0
2002-02-20,906372400.0
2002-02-21,413720700.0
2002-02-22,783440800.0
2002-02-25,963242300.0
2002-02-26,729844100.0
2002-02-27,824904700.0
2002-02-28,618536200.0
2002-03-01,1083925000.0
2002-03-04,1297181000.0
2002-03-05,663095600.0
2002-03-06,1242887000.0
2002-03-07,692327300.0
2002-03-08,845668300.0
2002-03-11,732163900.0
2002-03-12,600239300.0
2002-03-13,408407400.0
2002-03-14,492031900.0
2002-03-15,1050612000.0
2002-03-18,612045300.0
2002-03-19,707905700.0
2002-03-20,352592100.0
2002-03-21,686891700.0
2002-03-22,506820600.0
2002-03-25,213047200.0
2002-03-26,670392100.0
2002-03-27,817579200.0
2002-03-28,661218800.0
2002-04-01,438843300.0
2002-04-02,391866800.0
2002-04-03,262537900.0
2002-04-04,594352000.0
2002-04-05,512135600.0
2002-04-08,591025300.0
2002-04-09,571602300.0
2002-04-10,929887200.0
2002-04-11,206169200.0
2002-04-12,793412100.0
2002-04-15,447907500.0
2002-04-16,1166718000.0
2002-04-17,764655800.0
2002-04-18,578943400.0
2002-04-19,599349800.0
2002-04-22,279788100.0
2002-04-23,593778700.0
2002-04-24,542634600.0
2002-04-25,703811000.0
2002-04-26,336073300.0
2002-04-29,301920400.0
2002-04-30,1167673000.0
2002-05-01,1018292000.0
2002-05-02,641959500.0
2002-05-03,498021100.0
2002-05-06,193090900.0
2002-05-07,524117500.0
2002-05-08,1213522000.0
2002-05-09,303063500.0
2002-05-10,196248400.0
2002-05-13,776430600.0
2002-05-14,1131068000.0
2002-05-15,621866100.0
2002-05-16,613736000.0
2002-05-17,727532500.0
2002-05-20,367359000.0
2002-05-21,349400600.0
2002-05-22,579968100.0
2002-05-23,858721400.0
2002-05-24,254927700.0
2002-05-28,297904500.0
2002-05-29,349298500.0
2002-05-30,384429800.0
2002-05-31,741642900.0
2002-06-03,156934700.0
2002-06-04,524319700.0
2002-06-05,736449400.0
2002-06-06,247129500.0
2002-06-07,938243400.0
2002-06-10,664194400.0
2002-06-11,358418400.0
2002-06-12,712705300.0
2002-06-13,464681900.0
2002-06-14,577397500.0
2002-06-17,1083480000.0
2002-06-18,635559600.0
2002-06-19,313298500.0
2002-06-20,355344500.0
2002-06-21,482114100.0
2002-06-24,712162000.0
2002-06-25,386552300.0
2002-06-26,640974000.0
2002-06-27,1187239000.0
2002-06-28,1300443000.0
2002-07-01,288930600.0
2002-07-02,199310700.0
2002-07-03,661285300.0
2002-07-05,660665200.0
2002-07-08,327541200.0
2002-07-09,252362800.0
2002-07-10,233963700.0
2002-07-11,1133066000.0
2002-07-12,689825100.0
2002-07-15,636167200.0
2002-07-16,604797300.0
2002-07-17,972554400.0
2002-07-18,339083800.0
2002-07-19,404170200.0
2002-07-22,278754300.0
2002-07-23,469031500.0
2002-07-24,2261391000.0
2002-07-25,996366100.0
2002-07-26,992474300.0
2002-07-29,1630141000.0
2002-07-30,1074414000.0
2002-07-31,950107200.0
2002-08-01,362610500.0
2002-08-02,305385600.0
2002-08-05,162167700.0
2002-08-06,1213951000.0
2002-08-07,994542100.0
2002-08-08,1248650000.0
2002-08-09,764686700.0
2002-08-12,355852800.0
2002-08-13,224365600.0
2002-08-14,1270467000.0
2002-08-15,1088620000.0
2002-08-16,599665800.0
2002-08-19,1070455000.0
2002-08-20,475431000.0
2002-08-21,967005400.0
2002-08-22,1030334000.0
2002-08-23,154104400.0
2002-08-26,718864700.0
2002-08-27,382083900.0
2002-08-28,185380200.0
2002-08-29,586336000.0
2002-08-30,457804200.0
2002-09-03,102309100.0
2002-09-04,1021901000.0
2002-09-05,337597500.0
2002-09-06,843251100.0
2002-09-09,784832400.0
2002-09-10,669323300.0
2002-09-11,470148900.0
2002-09-12,157537000.0
2002-09-13,572830900.0
2002-09-16,432635500.0
2002-09-17,181787500.0
2002-09-18,473670300.0
2002-09-19,188574500.0
2002-09-20,951030700.0
2002-09-23,293034100.0
2002-09-24,294208800.0
2002-09-25,1310841000.0
2002-09-26,1143917000.0
2002-09-27,195390900.0
2002-09-30,552237500.0
2002-10-01,1353611000.0
2002-10-02,303731900.0
2002-10-03,564712200.0
2002-10-04,259487000.0
2002-10-07,260938200.0
2002-10-08,1093963000.0
2002-10-09,258371500.0
2002-10-10,1627187000.0
2002-10-11,1623778000.0
2002-10-14,652716700.0
2002-10-15,1599967000.0
2002-10-16,246147400.0
2002-10-17,1248291000.0
2002-10-18,742368900.0
2002-10-21,1158303000.0
2002-10-22,471622700.0
2002-10-23,989024400.0
2002-10-24,671060000.0
2002-10-25,958542500.0
2002-10-28,590631200.0
2002-10-29,446594700.0
2002-10-30,958609700.0
2002-10-31,652703300.0
2002-11-01,1076794000.0
2002-11-04,1081624000.0
2002-11-05,729251500.0
2002-11-06,1215128000.0
2002-11-07,270659000.0
2002-11-08,359748300.0
2002-11-11,139061900.0
2002-11-12,893389000.0
2002-11-13,710072200.0
2002-11-14,1257730000.0
2002-11-15,938016800.0
2002-11-18,508346700.0
2002-11-19,515089300.0
2002-11-20,1119129000.0
2002-11-21,1631576000.0
2002-11-22,798359500.0
2002-11-25,925889600.0
2002-11-26,296092000.0
2002-11-27,1158005000.0
2002-11-29,292623400.0
2002-12-02,840721000.0
2002-12-03,317287900.0
2002-12-04,544948100.0
2002-12-05,343264300.0
2002-12-06,723407400.0
2002-12-09,173422400.0
2002-12-10,964416100.0
2002-12-11,607066700.0
2002-12-12,623365500.0
2002-12-13,339043800.0
2002-12-16,1020656000.0
2002-12-17,368608100.0
2002-12-18,286838000.0
2002-12-19,388082200.0
2002-12-20,1319965000.0
2002-12-23,524414500.0
2002-12-24,131563100.0
2002-12-26,388275800.0
2002-12-27,91766160.0
2002-12-30,582693500.0
2002-12-31,642992600.0
2003-01-02,1134146000.0
2003-01-03,525050200.0
2003-01-06,1129149000.0
2003-01-07,639416700.0
2003-01-08,385087500.0
2003-01-09,1277137000.0
2003-01-10,835639200.0
2003-01-13,678387200.0
2003-01-14,905868800.0
2003-01-15,363996800.0
2003-01-16,631848700.0
2003-01-17,319229900.0
2003-01-21,193039300.0
2003-01-22,497026800.0
2003-01-23,1097269000.0
2003-01-24,252040500.0
2003-01-27,156279000.0
2003-01-28,1062795000.0
2003-01-29,922505400.0
2003-01-30,284165400.0
2003-01-31,1107632000.0
2003-02-03,665990100.0
2003-02-04,334885700.0
2003-02-05,456058800.0
2003-02-06,386698200.0
2003-02-07,277962700.0
2003-02-10,804386900.0
2003-02-11,385533700.0
2003-02-12,231964200.0
2003-02-13,509514500.0
2003-02-14,1051832000.0
2003-02-18,1006271000.0
2003-02-19,321177100.0
2003-02-20,384521600.0
2003-02-21,972730800.0
2003-02-24,229524800.0
2003-02-25,892126200.0
2003-02-26,461748600.0
2003-02-27,922470300.0
2003-02-28,809162400.0
2003-03-03,406073900.0
2003-03-04,155495700.0
2003-03-05,804609900.0
2003-03-06,417635800.0
2003-03-07,870947800.0
2003-03-10,65234000.0
2003-03-11,385947400.0
2003-03-12,741135000.0
2003-03-13,1433143000.0
2003-03-14,770145700.0
2003-03-17,1550687000.0
2003-03-18,1039142000.0
2003-03-19,907093300.0
2003-03-20,835262900.0
2003-03-21,1435939000.0
2003-03-24,68853100.0
2003-03-25,1105005000.0
2003-03-26,444021900.0
2003-03-27,557910500.0
2003-03-28,535823500.0
2003-03-31,291974800.0
2003-04-01,1005000000.0
2003-04-02,1360115000.0
2003-04-03,513427800.0
2003-04-04,654264800.0
2003-04-07,913356800.0
2003-04-08,429769700.0
2003-04-09,346894700.0
2003-04-10,735467400.0
2003-04-11,545109900.0
2003-04-14,938892200.0
2003-04-15,939008300.0
2003-04-16,499077100.0
2003-04-17,1155380000.0
2003-04-21,613213600.0
2003-04-22,1388002000.0
2003-04-23,1087555000.0
2003-04-24,466946200.0
2003-04-25,305839200.0
2003-04-28,1088002000.0
2003-04-29,955010100.0
2003-04-30,861503100.0
2003-05-01,644096200.0
2003-05-02,1273010000.0
2003-05-05,769915200.0
2003-05-06,1145528000.0
2003-05-07,597244400.0
2003-05-08,343232100.0
2003-05-09,1008163000.0
2003-05-12,1159965000.0
2003-05-13,663685300.0
2003-05-14,701927900.0
2003-05-15,976612400.0
2003-05-16,807736300.0
2003-05-19,145118300.0
2003-05-20,680032500.0
2003-05-21,946831800.0
2003-05-22,1113194000.0
2003-05-23,746649600.0
2003-05-27,1262572000.0
2003-05-28,777758100.0
2003-05-29,649025600.0
2003-05-30,1284783000.0
2003-06-02,1092229000.0
2003-06-03,671313900.0
2003-06-04,1352066000.0
2003-06-05,1136020000.0
2003-06-06,809618600.0
2003-06-09,228133100.0
2003-06-10,921806300.0
2003-06-11,1125736000.0
2003-06-12,764053900.0
2003-06-13,304878300.0
2003-06-16,1095409000.0
2003-06-17,779238700.0
2003-06-18,634821900.0
2003-06-19,354783700.0
2003-06-20,787620400.0
2003-06-23,164860300.0
2003-06-24,743303200.0
2003-06-25,571304700.0
2003-06-26,957823900.0
2003-06-27,355327100.0
2003-06-30,764724700.0
2003-07-01,894872300.0
2003-07-02,1139993000.0
2003-07-03,173553900.0
2003-07-07,1113716000.0
2003-07-08,891555500.0
2003-07-09,758979100.0
2003-07-10,251053400.0
2003-07-11,815422300.0
2003-07-14,916165000.0
2003-07-15,509278600.0
2003-07-16,482881500.0
2003-07-17,337536800.0
2003-07-18,1087183000.0
2003-07-21,254276100.0
2003-07-22,1046460000.0
2003-07-23,639768500.0
2003-07-24,645863400.0
2003-07-25,1034746000.0
2003-07-28,645052000.0
2003-07-29,444701700.0
2003-07-30,532155900.0
2003-07-31,931270300.0
2003-08-01,349344200.0
2003-08-04,593685900.0
2003-08-05,209134200.0
2003-08-06,814489700.0
2003-08-07,831919200.0
2003-08-08,691145800.0
2003-08-11,626764900.0
2003-08-12,856766100.0
2003-08-13,515146400.0
2003-08-14,767977100.0
2003-08-15,330378600.0
2003-08-18,829793600.0
2003-08-19,877350300.0
2003-08-20,589093000.0
2003-08-21,906578000.0
2003-08-22,331202800.0
2003-08-25,350571300.0
2003-08-26,721476000.0
2003-08-27,646109300.0
2003-08-28,832044700.0
2003-08-29,670569200.0
2003-09-02,1182167000.0
2003-09-03,1020808000.0
2003-09-04,768575000.0
2003-09-05,592678200.0
2003-09-08,1006205000.0
2003-09-09,335348500.0
2003-09-10,278827900.0
2003-09-11,899248300.0
2003-09-12,704859600.0
2003-09-15,394623400.0
2003-09-16,1143575000.0
2003-09-17,610458100.0
2003-09-18,1124172000.0
2003-09-19,660872100.0
2003-09-22,237000300.0
2003-09-23,857208300.0
2003-09-24,273383900.0
2003-09-25,393159400.0
2003-09-26,393884800.0
2003-09-29,940351700.0
2003-09-30,471702400.0
2003-10-01,1271536000.0
2003-10-02,812530200.0
2003-10-03,1156231000.0
2003-10-06,669479000.0
2003-10-07,823249500.0
2003-10-08,473145100.0
2003-10-09,1026582000.0
2003-10-10,546906800.0
2003-10-13,778627700.0
2003-10-14,692752600.0
2003-10-15,515453400.0
2003-10-16,837816500.0
2003-10-17,271016900.0
2003-10-20,666126500.0
2003-10-21,778285600.0
2003-10-22,363573600.0
2003-10-23,803529300.0
2003-10-24,473889600.0
2003-10-27,862410200.0
2003-10-28,1227258000.0
2003-10-29,988805900.0
2003-10-30,799265300.0
2003-10-31,764236600.0
2003-11-03,1017778000.0
2003-11-04,504249700.0
2003-11-05,681624400.0
2003-11-06,909238600.0
2003-11-07,694918700.0
2003-11-10,334464900.0
2003-11-11,424355800.0
2003-11-12,1093939000.0
2003-11-13,689627600.0
2003-11-14,454347400.0
2003-11-17,236993100.0
2003-11-18,393214400.0
2003-11-19,833593000.0
2003-11-20,354575000.0
2003-11-21,720203100.0
2003-11-24,1092623000.0
2003-11-25,918055900.0
2003-11-26,790705100.0
2003-11-28,276214700.0
2003-12-01,1080574000.0
2003-12-02,585300700.0
2003-12-03,607781600.0
2003-12-04,721031900.0
2003-12-05,369874400.0
2003-12-08,738135600.0
2003-12-09,409308700.0
2003-12-10,515512100.0
2003-12-11,1238397000.0
2003-12-12,771708000.0
2003-12-15,515631200.0
2003-12-16,925567500.0
2003-12-17,751845800.0
2003-12-18,1316297000.0
2003-12-19,800867100.0
2003-12-22,824081000.0
2003-12-23,705781700.0
2003-12-24,223049600.0
2003-12-26,239717200.0
2003-12-29,939964300.0
2003-12-30,513062100.0
2003-12-31,520986500.0
2004-01-02,592994300.0
2004-01-05,1177646000.0
2004-01-06,775035400.0
2004-01-07,957333000.0
2004-01-08,1237656000.0
2004-01-09,613377300.0
2004-01-12,913758000.0
2004-01-13,608561300.0
2004-01-14,1108053000.0
2004-01-15,861315800.0
2004-01-16,1240937000.0
2004-01-20,1091733000.0
2004-01-21,1022103000.0
2004-01-22,688673600.0
2004-01-23,722565800.0
2004-01-26,1017743000.0
2004-01-27,619816800.0
2004-01-28,383313900.0
2004-01-29,800911700.0
2004-01-30,866124500.0
2004-02-02,875181500.0
2004-02-03,644927400.0
2004-02-04,415618600.0
2004-02-05,906645600.0
2004-02-06,1249199000.0
2004-02-09,661093700.0
2004-02-10,852027600.0
2004-02-11,1321044000.0
2004-02-12,624405100.0
2004-02-13,417790400.0
2004-02-17,1081693000.0
2004-02-18,444798600.0
2004-02-19,555543600.0
2004-02-20,387221100.0
2004-02-23,429971300.0
2004-02-24,623156000.0
2004-02-25,941593700.0
2004-02-26,884447000.0
2004-02-27,887823300.0
2004-03-01,1175381000.0
2004-03-02,532790100.0
2004-03-03,640621300.0
2004-03-04,788618500.0
2004-03-05,814388600.0
2004-03-08,371940300.0
2004-03-09,260756300.0
2004-03-10,197125400.0
2004-03-11,254305800.0
2004-03-12,1194335000.0
2004-03-15,168518900.0
2004-03-16,940375200.0
2004-03-17,1197224000.0
2004-03-18,573601200.0
2004-03-19,340693600.0
2004-03-22,115424800.0
2004-03-23,735743000.0
2004-03-24,439481100.0
2004-03-25,1242586000.0
2004-03-26,732248600.0
2004-03-29,1174891000.0
2004-03-30,924114400.0
2004-03-31,805521500.0
2004-04-01,1043374000.0
2004-04-02,1094907000.0
2004-04-05,887050500.0
2004-04-06,535857200.0
2004-04-07,490173100.0
2004-04-08,484373200.0
2004-04-12,606221500.0
2004-04-13,153041400.0
2004-04-14,463752500.0
2004-04-15,771490900.0
2004-04-16,960077100.0
2004-04-19,592941100.0
2004-04-20,300154600.0
2004-04-21,1066699000.0
2004-04-22,1450993000.0
2004-04-23,539600400.0
2004-04-26,447444700.0
2004-04-27,764183600.0
2004-04-28,247064700.0
2004-04-29,363244300.0
2004-04-30,467635500.0
2004-05-03,998014000.0
2004-05-04,1026894000.0
2004-05-05,806372100.0
2004-05-06,296840700.0
2004-05-07,181220400.0
2004-05-10,276030600.0
2004-05-11,1196665000.0
2004-05-12,851089100.0
2004-05-13,658211600.0
2004-05-14,623174500.0
2004-05-17,204669000.0
2004-05-18,1012547000.0
2004-05-19,793481600.0
2004-05-20,521974100.0
2004-05-21,834324400.0
2004-05-24,819098600.0
2004-05-25,1342238000.0
2004-05-26,803554600.0
2004-05-27,1036895000.0
2004-05-28,624183400.0
2004-06-01,597936900.0
2004-06-02,710498900.0
2004-06-03,239651900.0
2004-06-04,825587100.0
2004-06-07,1099737000.0
2004-06-08,561430100.0
2004-06-09,274102400.0
2004-06-10,676265400.0
2004-06-14,163351100.0
2004-06-15,1043442000.0
2004-06-16,630913100.0
2004-06-17,702402500.0
2004-06-18,896008100.0
2004-06-21,453456700.0
2004-06-22,871219200.0
2004-06-23,1134526000.0
2004-06-24,599400700.0
2004-06-25,829259000.0
2004-06-28,561437500.0
2004-06-29,758238100.0
2004-06-30,1024282000.0
2004-07-01,312570600.0
2004-07-02,413598600.0
2004-07-06,284763800.0
2004-07-07,775997900.0
2004-07-08,292703200.0
2004-07-09,735009000.0
2004-07-12,524100400.0
2004-07-13,641861300.0
2004-07-14,577162400.0
2004-07-15,557305200.0
2004-07-16,553166800.0
2004-07-19,568136900.0
2004-07-20,974617000.0
2004-07-21,271538400.0
2004-07-22,750458400.0
2004-07-23,288648900.0
2004-07-26,411535100.0
2004-07-27,1075623000.0
2004-07-28,697855900.0
2004-07-29,1073425000.0
2004-07-30,715915700.0
2004-08-02,782534800.0
2004-08-03,442879600.0
2004-08-04,573906400.0
2004-08-05,159301700.0
2004-08-06,243162200.0
2004-08-09,529489800.0
2004-08-10,1051754000.0
2004-08-11,498609800.0
2004-08-12,182688500.0
2004-08-13,615153100.0
2004-08-16,1085872000.0
2004-08-17,774956600.0
2004-08-18,1128062000.0
2004-08-19,530562400.0
2004-08-20,978205800.0
2004-08-23,361396000.0
2004-08-24,534314600.0
2004-08-25,872135100.0
2004-08-26,550775200.0
2004-08-27,551589600.0
2004-08-30,153428600.0
2004-08-31,764483700.0
2004-09-01,705480600.0
2004-09-02,924340500.0
2004-09-03,376967600.0
2004-09-07,887753200.0
2004-09-08,422144700.0
2004-09-09,838472000.0
2004-09-10,834963200.0
2004-09-13,803313400.0
2004-09-14,626711000.0
2004-09-15,333000600.0
2004-09-16,727497600.0
2004-09-17,863007100.0
2004-09-20,464587200.0
2004-09-21,959794300.0
2004-09-22,211349800.0
2004-09-23,427495600.0
2004-09-24,669690000.0
2004-09-27,310143800.0
2004-09-28,939546600.0
2004-09-29,832034600.0
2004-09-30,1052460000.0
2004-10-01,1355556000.0
2004-10-04,1005900000.0
2004-10-05,571723300.0
2004-10-06,1041649000.0
2004-10-07,347742800.0
2004-10-08,361484600.0
2004-10-11,448831400.0
2004-10-12,437270800.0
2004-10-13,387746800.0
2004-10-14,436855500.0
2004-10-15,972177900.0
2004-10-18,727721800.0
2004-10-19,484458900.0
2004-10-20,834904400.0
2004-10-21,1076500000.0
2004-10-22,433424000.0
2004-10-25,663049500.0
2004-10-26,1348679000.0
2004-10-27,1259706000.0
2004-10-28,821987100.0
2004-10-29,879116400.0
2004-11-01,714332800.0
2004-11-02,823501300.0
2004-11-03,1417119000.0
2004-11-04,1438453000.0
2004-11-05,1083944000.0
2004-11-08,588399900.0
2004-11-09,770728800.0
2004-11-10,830645600.0
2004-11-11,1036997000.0
2004-11-12,1163470000.0
2004-11-15,767447000.0
2004-11-16,362866100.0
2004-11-17,1243626000.0
2004-11-18,736242500.0
2004-11-19,364123300.0
2004-11-22,937740400.0
2004-11-23,779398700.0
2004-11-24,807892500.0
2004-11-26,303707500.0
2004-11-29,558974300.0
2004-11-30,647384800.0
2004-12-01,1391695000.0
2004-12-02,712310900.0
2004-12-03,843885100.0
2004-12-06,558961300.0
2004-12-07,258460900.0
2004-12-08,811605700.0
2004-12-09,942359200.0
2004-12-10,664396300.0
2004-12-13,1047959000.0
2004-12-14,977546900.0
2004-12-15,1109222000.0
2004-12-16,777781500.0
2004-12-17,993273400.0
2004-12-20,665597000.0
2004-12-21,1160890000.0
2004-12-22,852261800.0
2004-12-23,550989800.0
2004-12-27,325098600.0
2004-12-28,780617200.0
2004-12-29,515131400.0
2004-12-30,441049300.0
2004-12-31,387022100.0
2005-01-03,325166100.0
2005-01-04,191617800.0
2005-01-05,427767600.0
2005-01-06,948969400.0
2005-01-07,537025200.0
2005-01-10,925536900.0
2005-01-11,357706800.0
2005-01-12,918064700.0
2005-01-13,543408400.0
2005-01-14,941802000.0
2005-01-18,1196095000.0
2005-01-19,360052200.0
2005-01-20,438022400.0
2005-01-21,561679100.0
2005-01-24,500679200.0
2005-01-25,877907300.0
2005-01-26,1095801000.0
2005-01-27,916354600.0
2005-01-28,639772600.0
2005-01-31,1316536000.0
2005-02-01,1171419000.0
2005-02-02,1038460000.0
2005-02-03,621077900.0
2005-02-04,1242755000.0
2005-02-07,612925600.0
2005-02-08,733435000.0
2005-02-09,365219700.0
2005-02-10,841229100.0
2005-02-11,1140756000.0
2005-02-14,685264200.0
2005-02-15,893371900.0
2005-02-16,718942200.0
2005-02-17,455868000.0
2005-02-18,735367500.0
2005-02-22,275903800.0
2005-02-23,1020686000.0
2005-02-24,1074530000.0
2005-02-25,1200085000.0
2005-02-28,550978600.0
2005-03-01,1125766000.0
2005-03-02,735269800.0
2005-03-03,768681400.0
2005-03-04,1200713000.0
2005-03-07,877463200.0
2005-03-08,443196600.0
2005-03-09,374653040.0
2005-03-10,769290900.0
2005-03-11,508939700.0
2005-03-14,982539100.0
2005-03-15,402870200.0
2005-03-16,425137000.0
2005-03-17,899993900.0
2005-03-18,934278500.0
2005-03-21,454980500.0
2005-03-22,453542700.0
2005-03-23,600821400.0
2005-03-24,751356800.0
2005-03-28,614676300.0
2005-03-29,396685000.0
2005-03-30,1399294000.0
2005-03-31,952338600.0
2005-04-01,568657700.0
2005-04-04,798823600.0
2005-04-05,874864100.0
2005-04-06,775801300.0
2005-04-07,1023000000.0
2005-04-08,292360000.0
2005-04-11,514426200.0
2005-04-12,1000167000.0
2005-04-13,292409700.0
2005-04-14,356855300.0
2005-04-15,341278200.0
2005-04-18,1034578000.0
2005-04-19,1231025000.0
2005-04-20,260184600.0
2005-04-21,1528486000.0
2005-04-22,504481200.0
2005-04-25,1097341000.0
2005-04-26,327652800.0
2005-04-27,874724500.0
2005-04-28,301521300.0
2005-04-29,1292979000.0
2005-05-02,1015847000.0
2005-05-03,776121900.0
2005-05-04,1540402000.0
2005-05-05,693887300.0
2005-05-06,648543900.0
2005-05-09,1038458000.0
2005-05-10,259887500.0
2005-05-11,822444500.0
2005-05-12,292579400.0
2005-05-13,460154100.0
2005-05-16,1053633000.0
2005-05-17,1072135000.0
2005-05-18,1445650000.0
2005-05-19,923317800.0
2005-05-20,515199100.0
2005-05-23,857765700.0
2005-05-24,608593700.0
2005-05-25,465329200.0
2005-05-26,979467700.0
2005-05-27,639296700.0
2005-05-31,577981500.0
2005-06-01,1076710000.0
2005-06-02,799523900.0
2005-06-03,427276800.0
2005-06-06,609921900.0
2005-06-07,754885900.0
2005-06-08,593473400.0
2005-06-09,918825600.0
2005-06-10,622689100.0
2005-06-13,843716700.0
2005-06-14,841811800.0
2005-06-15,830862100.0
2005-06-16,953792200.0
2005-06-17,1278042000.0
2005-06-20,558782500.0
2005-06-21,548125000.0
2005-06-22,747944300.0
2005-06-23,447235500.0
2005-06-24,613121400.0
2005-06-27,571800700.0
2005-06-28,1070522000.0
2005-06-29,698963800.0
2005-06-30,508539200.0
2005-07-01,769045700.0
2005-07-05,952673800.0
2005-07-06,458490800.0
2005-07-07,757344000.0
2005-07-08,1152515000.0
2005-07-11,1085094000.0
2005-07-12,867143700.0
2005-07-13,691362000.0
2005-07-14,839236000.0
2005-07-15,642554800.0
2005-07-18,379155400.0
2005-07-19,1032881000.0
2005-07-20,1018991000.0
2005-07-21,395077100.0
2005-07-22,909218600.0
2005-07-25,418012800.0
2005-07-26,823523300.0
2005-07-27,869237700.0
2005-07-28,1122688000.0
2005-07-29,446330500.0
2005-08-01,772724600.0
2005-08-02,1024355000.0
2005-08-03,730102400.0
2005-08-04,413018400.0
2005-08-05,319307200.0
2005-08-08,561399700.0
2005-08-09,987342000.0
2005-08-10,879717800.0
2005-08-11,1060992000.0
2005-08-12,402159000.0
2005-08-15,694195300.0
2005-08-16,221357000.0
2005-08-17,641791400.0
2005-08-18,483381400.0
2005-08-19,614979700.0
2005-08-22,711906100.0
2005-08-23,482854200.0
2005-08-24,528357200.0
2005-08-25,721985600.0
2005-08-26,235011700.0
2005-08-29,815771500.0
2005-08-30,566982100.0
2005-08-31,1468703000.0
2005-09-01,938341300.0
2005-09-02,511831600.0
2005-09-06,1157746000.0
2005-09-07,904614000.0
2005-09-08,499069200.0
2005-09-09,1106844000.0
2005-09-12,665507800.0
2005-09-13,378379900.0
2005-09-14,591989700.0
2005-09-15,754254400.0
2005-09-16,1659375000.0
2005-09-19,486954200.0
2005-09-20,352770400.0
2005-09-21,483555000.0
2005-09-22,942345500.0
2005-09-23,833473800.0
2005-09-26,854501100.0
2005-09-27,632748100.0
2005-09-28,862465400.0
2005-09-29,1202202000.0
2005-09-30,980148300.0
2005-10-03,800014800.0
2005-10-04,460168200.0
2005-10-05,176669800.0
2005-10-06,628452800.0
2005-10-07,1012427000.0
2005-10-10,328917300.0
2005-10-11,604306400.0
2005-10-12,434661900.0
2005-10-13,759598500.0
2005-10-14,1275985000.0
2005-10-17,962757600.0
2005-10-18,309887500.0
2005-10-19,1509752000.0
2005-10-20,306403300.0
2005-10-21,1107830000.0
2005-10-24,1411706000.0
2005-10-25,664835600.0
2005-10-26,628650800.0
2005-10-27,323745700.0
2005-10-28,1449496000.0
2005-10-31,1459509000.0
2005-11-01,730307200.0
2005-11-02,1588204000.0
2005-11-03,1118589000.0
2005-11-04,745720100.0
2005-11-07,809820100.0
2005-11-08,491094900.0
2005-11-09,963177000.0
2005-11-10,1090799000.0
2005-11-11,855223300.0
2005-11-14,594567900.0
2005-11-15,575725100.0
2005-11-16,817928900.0
2005-11-17,1359527000.0
2005-11-18,1168330000.0
2005-11-21,1036870000.0
2005-11-22,1115287000.0
2005-11-23,937487600.0
2005-11-25,329974100.0
2005-11-28,393237600.0
2005-11-29,806251300.0
2005-11-30,652731700.0
2005-12-01,1507837000.0
2005-12-02,710231800.0
2005-12-05,699628600.0
2005-12-06,941146600.0
2005-12-07,540622500.0
2005-12-08,830081100.0
2005-12-09,830240700.0
2005-12-12,801507400.0
2005-12-13,1049969000.0
2005-12-14,1080057000.0
2005-12-15,644138200.0
2005-12-16,1005451000.0
2005-12-19,486287400.0
2005-12-20,660017200.0
2005-12-21,986422500.0
2005-12-22,865808400.0
2005-12-23,523203800.0
2005-12-27,229994100.0
2005-12-28,610843300.0
2005-12-29,442166700.0
2005-12-30,314870000.0
2006-01-03,1535007000.0
2006-01-04,1288465500.0
2006-01-05,888786600.0
2006-01-06,1356004500.0
2006-01-09,1075714100.0
2006-01-10,870751800.0
2006-01-11,1020858600.0
2006-01-12,493357880.0
2006-01-13,746107000.0
2006-01-17,531633600.0
2006-01-18,668872110.0
2006-01-19,1291645300.0
2006-01-20,337963800.0
2006-01-23,1033426300.0
2006-01-24,1215385900.0
2006-01-25,867097100.0
2006-01-26,1422557300.0
2006-01-27,1249243100.0
2006-01-30,857083500.0
2006-01-31,854412600.0
2006-02-01,1118446200.0
2006-02-02,438200690.0
2006-02-03,584320110.0
2006-02-06,916759800.0
2006-02-07,440043210.0
2006-02-08,1140466200.0
2006-02-09,785526400.0
2006-02-10,785327600.0
2006-02-13,447196120.0
2006-02-14,1296343200.0
2006-02-15,1060317300.0
2006-02-16,1294576900.0
2006-02-17,802001600.0
2006-02-21,678843600.0
2006-02-22,1060097600.0
2006-02-23,568427420.0
2006-02-24,800979900.0
2006-02-27,818756200.0
2006-02-28,309477880.0
2006-03-01,1258335500.0
2006-03-02,807498700.0
2006-03-03,684220600.0
2006-03-06,495386030.0
2006-03-07,462857280.0
2006-03-08,891111300.0
2006-03-09,551457100.0
2006-03-10,1192249000.0
2006-03-13,914598100.0
2006-03-14,1251260200.0
2006-03-15,1097008400.0
2006-03-16,969783500.0
2006-03-17,1076960300.0
2006-03-20,563265560.0
2006-03-21,431140630.0
2006-03-22,1060609600.0
2006-03-23,675024400.0
2006-03-24,957672600.0
2006-03-27,606080690.0
2006-03-28,436525820.0
2006-03-29,1213452100.0
2006-03-30,766806400.0
2006-03-31,629450580.0
2006-04-03,999609800.0
2006-04-04,968090000.0
2006-04-05,1049352900.0
2006-04-06,754815400.0
2006-04-07,220780280.0
2006-04-10,587004420.0
2006-04-11,314472880.0
2006-04-12,775866900.0
2006-04-13,659092180.0
2006-04-17,544420900.0
2006-04-18,1662798100.0
2006-04-19,1097354100.0
2006-04-20,977012700.0
2006-04-21,890991600.0
2006-04-24,512326140.0
2006-04-25,641536820.0
2006-04-26,991972100.0
2006-04-27,1029763300.0
2006-04-28,1030450700.0
2006-05-01,736800400.0
2006-05-02,1151569500.0
2006-05-03,654200750.0
2006-05-04,1065422200.0
2006-05-05,1325966500.0
2006-05-08,811626100.0
2006-05-09,780326600.0
2006-05-10,695602400.0
2006-05-11,288584440.0
2006-05-12,298328400.0
2006-05-15,788732500.0
2006-05-16,752572900.0
2006-05-17,203822460.0
2006-05-18,457846320.0
2006-05-19,1363064000.0
2006-05-22,476922650.0
2006-05-23,822646100.0
2006-05-24,880550700.0
2006-05-25,1478043200.0
2006-05-26,1048226000.0
2006-05-30,171482500.0
2006-05-31,1649139500.0
2006-06-01,1408287700.0
2006-06-02,934528500.0
2006-06-05,140243760.0
2006-06-06,621472360.0
2006-06-07,578365380.0
2006-06-08,1033731000.0
2006-06-09,591430960.0
2006-06-12,162230630.0
2006-06-13,370194190.0
2006-06-14,1294471700.0
2006-06-15,1879522300.0
2006-06-16,612024750.0
2006-06-19,294426200.0
2006-06-20,637746860.0
2006-06-21,1340856600.0
2006-06-22,444878990.0
2006-06-23,784219900.0
2006-06-26,911477800.0
2006-06-27,299178600.0
2006-06-28,960868200.0
2006-06-29,1719169000.0
2006-06-30,1388046500.0
2006-07-03,566051200.0
2006-07-05,350922310.0
2006-07-06,819103600.0
2006-07-07,399907930.0
2006-07-10,689009500.0
2006-07-11,863274500.0
2006-07-12,312534050.0
2006-07-13,211697540.0
2006-07-14,487703910.0
2006-07-17,585919840.0
2006-07-18,889081400.0
2006-07-19,1727111300.0
2006-07-20,409448300.0
2006-07-21,408857330.0
2006-07-24,1401216200.0
2006-07-25,1252688400.0
2006-07-26,957074800.0
2006-07-27,666318950.0
2006-07-28,1352838300.0
2006-07-31,736302300.0
2006-08-01,590092780.0
2006-08-02,1188364400.0
2006-08-03,967997600.0
2006-08-04,800595700.0
2006-08-07,495631350.0
2006-08-08,524480720.0
2006-08-09,608410100.0
2006-08-10,922810300.0
2006-08-11,373001110.0
2006-08-14,723411800.0
2006-08-15,275682.104
2006-08-16,1254824900.0
2006-08-17,841937700.0
2006-08-18,818662100.0
2006-08-21,379581200.0
2006-08-22,682954700.0
2006-08-23,333695430.0
2006-08-24,592986710.0
2006-08-25,504936800.0
2006-08-28,813018200.0
2006-08-29,932855100.0
2006-08-30,721898600.0
2006-08-31,723002200.0
2006-09-01,817609500.0
2006-09-05,828226000.0
2006-09-06,237993860.0
2006-09-07,491631280.0
2006-09-08,746100650.0
2006-09-11,721248320.0
2006-09-12,1373468660.0
2006-09-13,1127291800.0
2006-09-14,541878190.0
2006-09-15,1185558570.0
2006-09-18,829187050.0
2006-09-19,531623190.0
2006-09-20,992601280.0
2006-09-21,614178970.0
2006-09-22,514248600.0
2006-09-25,1224252040.0
2006-09-26,1228605820.0
2006-09-27,954627800.0
2006-09-28,756568430.0
2006-09-29,643758240.0
2006-10-02,503846850.0
2006-10-03,818390240.0
2006-10-04,1526850590.0
2006-10-05,1106740330.0
2006-10-06,534731040.0
2006-10-09,732259130.0
2006-10-10,913250560.0
2006-10-11,662468230.0
2006-10-12,1279045790.0
2006-10-13,907068820.0
2006-10-16,980112000.0
2006-10-17,449068920.0
2006-10-18,754458520.0
2006-10-19,880276820.0
2006-10-20,707502200.0
2006-10-23,1018701110.0
2006-10-24,972008140.0
2006-10-25,1198125030.0
2006-10-26,1131083950.0
2006-10-27,387131200.0
2006-10-30,669254290.0
2006-10-31,803914960.0
2006-11-01,414879000.0
2006-11-02,763741200.0
2006-11-03,658348800.0
2006-11-06,1258420790.0
2006-11-07,847365440.0
2006-11-08,950280060.0
2006-11-09,732121650.0
2006-11-10,789501910.0
2006-11-13,805307060.0
2006-11-14,1269079340.0
2006-11-15,1143526400.0
2006-11-16,1007984050.0
2006-11-17,837068950.0
2006-11-20,678756730.0
2006-11-21,933322730.0
2006-11-22,856746100.0
2006-11-24,215010820.0
2006-11-27,181290730.0
2006-11-28,978114290.0
2006-11-29,1310307140.0
2006-11-30,1079501890.0
2006-12-01,671707420.0
2006-12-04,1048299770.0
2006-12-05,998117370.0
2006-12-06,683128610.0
2006-12-07,527012050.0
2006-12-08,717706850.0
2006-12-11,713386730.0
2006-12-12,562386330.0
2006-12-13,759707700.0
2006-12-14,1178229800.0
2006-12-15,978657760.0
2006-12-18,540736100.0
2006-12-19,899716000.0
2006-12-20,716339430.0
2006-12-21,447430580.0
2006-12-22,300309760.0
2006-12-26,554210770.0
2006-12-27,836732830.0
2006-12-28,359536980.0
2006-12-29,285817000.0
2007-01-03,960607120.0
2007-01-04,770831120.0
2007-01-05,423891600.0
2007-01-08,926446500.0
2007-01-09,761625230.0
2007-01-10,865255080.0
2007-01-11,1175826300.0
2007-01-12,1054061000.0
2007-01-16,719979150.0
2007-01-17,833253850.0
2007-01-18,620558640.0
2007-01-19,1153887560.0
2007-01-22,435680300.0
2007-01-23,1107798700.0
2007-01-24,1182591900.0
2007-01-25,464426620.0
2007-01-26,784866920.0
2007-01-29,726666290.0
2007-01-30,1068940370.0
2007-01-31,1222411660.0
2007-02-01,1295073140.0
2007-02-02,780000110.0
2007-02-05,686595040.0
2007-02-06,838459330.0
2007-02-07,755857150.0
2007-02-08,749487300.0
2007-02-09,429009530.0
2007-02-12,463096260.0
2007-02-13,1144000150.0
2007-02-14,1129939300.0
2007-02-15,766344490.0
2007-02-16,672961250.0
2007-02-20,779777160.0
2007-02-21,670148300.0
2007-02-22,658282440.0
2007-02-23,592879280.0
2007-02-26,766017260.0
2007-02-27,24346310.0
2007-02-28,1389162770.0
2007-03-01,769066600.0
2007-03-02,224367770.0
2007-03-05,168006790.0
2007-03-06,1698992250.0
2007-03-07,847801280.0
2007-03-08,1264045000.0
2007-03-09,772943840.0
2007-03-12,843531170.0
2007-03-13,108677200.0
2007-03-14,1402566530.0
2007-03-15,1091127120.0
2007-03-16,598790180.0
2007-03-19,1198470850.0
2007-03-20,1050086760.0
2007-03-21,1459161940.0
2007-03-22,739979460.0
2007-03-23,814580500.0
2007-03-26,717406750.0
2007-03-27,362474290.0
2007-03-28,340027660.0
2007-03-29,918928470.0
2007-03-30,672097950.0
2007-04-02,932228930.0
2007-04-03,1186410190.0
2007-04-04,748382630.0
2007-04-05,808188360.0
2007-04-09,687900550.0
2007-04-10,801256570.0
2007-04-11,463414050.0
2007-04-12,1072374810.0
2007-04-13,900709660.0
2007-04-16,1226474830.0
2007-04-17,778641760.0
2007-04-18,752191600.0
2007-04-19,648179600.0
2007-04-20,1506447920.0
2007-04-23,625304310.0
2007-04-24,757549720.0
2007-04-25,1344876200.0
2007-04-26,769315910.0
2007-04-27,549537840.0
2007-04-30,343493220.0
2007-05-01,976440200.0
2007-05-02,1371899670.0
2007-05-03,1011171520.0
2007-05-04,919478710.0
2007-05-07,773103610.0
2007-05-08,583867740.0
2007-05-09,1064164210.0
2007-05-10,161152860.0
2007-05-11,1158763630.0
2007-05-14,546685300.0
2007-05-15,666632840.0
2007-05-16,1074396950.0
2007-05-17,680096510.0
2007-05-18,1221676040.0
2007-05-21,924384640.0
2007-05-22,748339420.0
2007-05-23,767978510.0
2007-05-24,321748550.0
2007-05-25,898621100.0
2007-05-29,809624500.0
2007-05-30,1218015120.0
2007-05-31,1020067570.0
2007-06-01,1038243520.0
2007-06-04,772635300.0
2007-06-05,342587080.0
2007-06-06,213813150.0
2007-06-07,103629270.0
2007-06-08,1340801500.0
2007-06-11,684162060.0
2007-06-12,179785430.0
2007-06-13,1395577690.0
2007-06-14,1018077580.0
2007-06-15,1610615270.0
2007-06-18,540035700.0
2007-06-19,826014130.0
2007-06-20,348136840.0
2007-06-21,1105839080.0
2007-06-22,676884400.0
2007-06-25,418693040.0
2007-06-26,532341870.0
2007-06-27,1379202950.0
2007-06-28,757626630.0
2007-06-29,705102700.0
2007-07-02,1148590390.0
2007-07-03,474960180.0
2007-07-05,678418980.0
2007-07-06,881571050.0
2007-07-09,662580250.0
2007-07-10,220724230.0
2007-07-11,957558100.0
2007-07-12,1446776150.0
2007-07-13,800771770.0
2007-07-16,466551660.0
2007-07-17,582742200.0
2007-07-18,647878200.0
2007-07-19,922182700.0
2007-07-20,240383230.0
2007-07-23,854132840.0
2007-07-24,132835670.0
2007-07-25,911168110.0
2007-07-26,166336350.0
2007-07-27,403616480.0
2007-07-30,1514206140.0
2007-07-31,492729040.0
2007-08-01,1231146880.0
2007-08-02,1204239040.0
2007-08-03,114583150.0
2007-08-06,1622651290.0
2007-08-07,1427677370.0
2007-08-08,1936804310.0
2007-08-09,407409800.0
2007-08-10,1142328760.0
2007-08-13,878663140.0
2007-08-14,153947900.0
2007-08-15,255034810.0
2007-08-16,1293209530.0
2007-08-17,2242123920.0
2007-08-20,820026920.0
2007-08-21,789444700.0
2007-08-22,1207760670.0
2007-08-23,635307430.0
2007-08-24,1002941370.0
2007-08-27,252053350.0
2007-08-28,63098100.0
2007-08-29,1270251740.0
2007-08-30,395617310.0
2007-08-31,1264097830.0
2007-09-04,1076510690.0
2007-09-05,265367050.0
2007-09-06,824683900.0
2007-09-07,142078180.0
2007-09-10,419418180.0
2007-09-11,1097766550.0
2007-09-12,582627820.0
2007-09-13,917638320.0
2007-09-14,676269400.0
2007-09-17,312174680.0
2007-09-18,1595009820.0
2007-09-19,1129520110.0
2007-09-20,373632970.0
2007-09-21,1365349600.0
2007-09-24,464208110.0
2007-09-25,551155520.0
2007-09-26,871317040.0
2007-09-27,773443480.0
2007-09-28,518194600.0
2007-10-01,1154272380.0
2007-10-02,709049080.0
2007-10-03,468975100.0
2007-10-04,650087200.0
2007-10-05,1051381700.0
2007-10-08,240707260.0
2007-10-09,888498740.0
2007-10-10,504448650.0
2007-10-11,619422650.0
2007-10-12,670121280.0
2007-10-15,309935750.0
2007-10-16,295160890.0
2007-10-17,696901110.0
2007-10-18,594178170.0
2007-10-19,89242100.0
2007-10-22,838206080.0
2007-10-23,876902920.0
2007-10-24,622847140.0
2007-10-25,771692790.0
2007-10-26,1157850540.0
2007-10-29,772023290.0
2007-10-30,382156210.0
2007-10-31,1229041070.0
2007-11-01,87794920.0
2007-11-02,751161980.0
2007-11-05,359305810.0
2007-11-06,1080404920.0
2007-11-07,96615230.0
2007-11-08,1120803360.0
2007-11-09,546422600.0
2007-11-12,575114890.0
2007-11-13,1539351670.0
2007-11-14,580666380.0
2007-11-15,279959430.0
2007-11-16,927330150.0
2007-11-19,174801190.0
2007-11-20,896696750.0
2007-11-21,260024760.0
2007-11-23,621422380.0
2007-11-26,204474690.0
2007-11-27,1238444070.0
2007-11-28,1676012870.0
2007-11-29,603928360.0
2007-11-30,1426239040.0
2007-12-03,450286730.0
2007-12-04,407320080.0
2007-12-05,1149617980.0
2007-12-06,1162059590.0
2007-12-07,623798150.0
2007-12-10,843738450.0
2007-12-11,101799220.0
2007-12-12,998127660.0
2007-12-13,529365330.0
2007-12-14,181064170.0
2007-12-17,262862220.0
2007-12-18,974253280.0
2007-12-19,587959900.0
2007-12-20,758346400.0
2007-12-21,1952321540.0
2007-12-24,413560120.0
2007-12-26,416038560.0
2007-12-27,108789260.0
2007-12-28,443869250.0
2007-12-31,475736860.0
2008-01-02,312021960.0
2008-01-03,522531000.0
2008-01-04,106440900.0
2008-01-07,874333120.0
2008-01-08,360945430.0
2008-01-09,1272423970.0
2008-01-10,1546678110.0
2008-01-11,467225120.0
2008-01-14,1002997270.0
2008-01-15,133777590.0
2008-01-16,995423730.0
2008-01-17,204146070.0
2008-01-18,974770880.0
2008-01-22,1115615770.0
2008-01-23,2066131840.0
2008-01-24,1378878900.0
2008-01-25,501159860.0
2008-01-28,1421250760.0
2008-01-29,1039405210.0
2008-01-30,649856680.0
2008-01-31,1791800680.0
2008-02-01,1497996370.0
2008-02-04,412268890.0
2008-02-05,123978318.0
2008-02-06,467528460.0
2008-02-07,1111498910.0
2008-02-08,517771140.0
2008-02-11,839995070.0
2008-02-12,1002387320.0
2008-02-13,1089282430.0
2008-02-14,238334640.0
2008-02-15,726502180.0
2008-02-19,717625700.0
2008-02-20,1038686790.0
2008-02-21,279530990.0
2008-02-22,1024149810.0
2008-02-25,1296803520.0
2008-02-26,1108049190.0
2008-02-27,723425880.0
2008-02-28,392623770.0
2008-02-29,96582060.0
2008-03-03,737044960.0
2008-03-04,558955690.0
2008-03-05,1016722680.0
2008-03-06,87054740.0
2008-03-07,560115560.0
2008-03-10,166454350.0
2008-03-11,1742960890.0
2008-03-12,485387500.0
2008-03-13,1127291200.0
2008-03-14,144581270.0
2008-03-17,439132320.0
2008-03-18,1850087680.0
2008-03-19,380802480.0
2008-03-20,2099571740.0
2008-03-24,1256060630.0
2008-03-25,902291480.0
2008-03-26,449090820.0
2008-03-27,369107680.0
2008-03-28,316681920.0
2008-03-31,1055694830.0
2008-04-01,1535470690.0
2008-04-02,836889740.0
2008-04-03,744921670.0
2008-04-04,620755350.0
2008-04-07,791618280.0
2008-04-08,457545670.0
2008-04-09,257820100.0
2008-04-10,775426540.0
2008-04-11,120207000.0
2008-04-14,433991640.0
2008-04-15,785093340.0
2008-04-16,1249935670.0
2008-04-17,628879580.0
2008-04-18,1185255710.0
2008-04-21,496083360.0
2008-04-22,358120870.0
2008-04-23,629084960.0
2008-04-24,947925510.0
2008-04-25,871539000.0
2008-04-28,625750270.0
2008-04-29,508004360.0
2008-04-30,640671960.0
2008-05-01,1072424060.0
2008-05-02,743912020.0
2008-05-05,452230820.0
2008-05-06,837143910.0
2008-05-07,221229940.0
2008-05-08,649365410.0
2008-05-09,393370810.0
2008-05-12,792339370.0
2008-05-13,647880070.0
2008-05-14,739528530.0
2008-05-15,932175370.0
2008-05-16,614751340.0
2008-05-19,584336970.0
2008-05-20,327931140.0
2008-05-21,241942270.0
2008-05-22,658799480.0
2008-05-23,179484187.0
2008-05-27,670153910.0
2008-05-28,717456740.0
2008-05-29,749778390.0
2008-05-30,756464020.0
2008-06-02,268291900.0
2008-06-03,495589200.0
2008-06-04,545371000.0
2008-06-05,1078028100.0
2008-06-06,114745860.0
2008-06-09,490653390.0
2008-06-10,588244970.0
2008-06-11,213982010.0
2008-06-12,772173690.0
2008-06-13,971783180.0
2008-06-16,666518340.0
2008-06-17,385833890.0
2008-06-18,318964380.0
2008-06-19,704401790.0
2008-06-20,285140080.0
2008-06-23,388984180.0
2008-06-24,600659820.0
2008-06-25,955677400.0
2008-06-26,120629510.0
2008-06-27,879344940.0
2008-06-30,697423900.0
2008-07-01,802160690.0
2008-07-02,258600860.0
2008-07-03,376275310.0
2008-07-07,454109460.0
2008-07-08,1290531490.0
2008-07-09,277368790.0
2008-07-10,764089900.0
2008-07-11,494551810.0
2008-07-14,401232750.0
2008-07-15,537390480.0
2008-07-16,1348358210.0
2008-07-17,1378698660.0
2008-07-18,962524820.0
2008-07-21,632647960.0
2008-07-22,1082585920.0
2008-07-23,1119387360.0
2008-07-24,219425740.0
2008-07-25,668151850.0
2008-07-28,227615290.0
2008-07-29,1150360620.0
2008-07-30,1046155370.0
2008-07-31,453744220.0
2008-08-01,542206120.0
2008-08-04,403879530.0
2008-08-05,1150339510.0
2008-08-06,686920560.0
2008-08-07,234072360.0
2008-08-08,969942540.0
2008-08-11,812949820.0
2008-08-12,307906590.0
2008-08-13,514451180.0
2008-08-14,666683680.0
2008-08-15,737661040.0
2008-08-18,159813220.0
2008-08-19,252581820.0
2008-08-20,632817570.0
2008-08-21,464681370.0
2008-08-22,649196010.0
2008-08-25,99648800.0
2008-08-26,532043910.0
2008-08-27,639169520.0
2008-08-28,775222960.0
2008-08-29,246737400.0
2008-09-02,630347100.0
2008-09-03,589457230.0
2008-09-04,94973880.0
2008-09-05,714280480.0
2008-09-08,1082256880.0
2008-09-09,140752500.0
2008-09-10,821211550.0
2008-09-11,938871480.0
2008-09-12,777952440.0
2008-09-15,76450586.0
2008-09-16,1385118190.0
2008-09-17,109514240.0
2008-09-18,2184281350.0
2008-09-19,2563613190.0
2008-09-22,215593990.0
2008-09-23,270384450.0
2008-09-24,425212920.0
2008-09-25,862349320.0
2008-09-26,468274800.0
2008-09-29,73619620.0
2008-09-30,1435145660.0
2008-10-01,699303880.0
2008-10-02,159625548.0
2008-10-03,434443690.0
2008-10-06,125300120.0
2008-10-07,73752350.0
2008-10-08,715242670.0
2008-10-09,98859860.0
2008-10-10,1080372260.0
2008-10-13,1726302300.0
2008-10-14,856413870.0
2008-10-15,45863260.0
2008-10-16,1558094190.0
2008-10-17,818627960.0
2008-10-20,1068209730.0
2008-10-21,222409420.0
2008-10-22,52066370.0
2008-10-23,747437310.0
2008-10-24,224815740.0
2008-10-27,155368270.0
2008-10-28,1650082600.0
2008-10-29,857001340.0
2008-10-30,1142911120.0
2008-10-31,1167776110.0
2008-11-03,494098350.0
2008-11-04,1145267360.0
2008-11-05,75524200.0
2008-11-06,72820960.0
2008-11-07,1031796910.0
2008-11-10,344100540.0
2008-11-11,175583540.0
2008-11-12,53141360.0
2008-11-13,1841954920.0
2008-11-14,156219660.0
2008-11-17,228846270.0
2008-11-18,724306180.0
2008-11-19,27906400.0
2008-11-20,131096160.0
2008-11-21,1895606040.0
2008-11-24,1899232870.0
2008-11-25,1214752460.0
2008-11-26,1281547720.0
2008-11-28,529324200.0
2008-12-01,20292190.0
2008-12-02,1434859040.0
2008-12-03,1188577360.0
2008-12-04,321394030.0
2008-12-05,1382356960.0
2008-12-08,1475908420.0
2008-12-09,378366400.0
2008-12-10,931577020.0
2008-12-11,223364920.0
2008-12-12,1021397440.0
2008-12-15,339728290.0
2008-12-16,1447871470.0
2008-12-17,626727290.0
2008-12-18,333768460.0
2008-12-19,1403174860.0
2008-12-22,258530000.0
2008-12-23,298705010.0
2008-12-24,245303870.0
2008-12-26,368377610.0
2008-12-29,275998840.0
2008-12-30,860847270.0
2008-12-31,1010088660.0
2009-01-02,920872220.0
2009-01-05,714919480.0
2009-01-06,1001190020.0
2009-01-07,145343600.0
2009-01-08,749560020.0
2009-01-09,169206330.0
2009-01-12,142209490.0
2009-01-13,734311720.0
2009-01-14,47140710.0
2009-01-15,883148760.0
2009-01-16,1025395800.0
2009-01-20,51992020.0
2009-01-21,1548582960.0
2009-01-22,342885470.0
2009-01-23,935344650.0
2009-01-26,708505690.0
2009-01-27,819771460.0
2009-01-28,1367505460.0
2009-01-29,122526570.0
2009-01-30,208567573.0
2009-02-02,550219890.0
2009-02-03,824436160.0
2009-02-04,564345830.0
2009-02-05,1175244120.0
2009-02-06,1480962920.0
2009-02-09,671634820.0
2009-02-10,50498110.0
2009-02-11,894361740.0
2009-02-12,689453660.0
2009-02-13,360213360.0
2009-02-17,69456230.0
2009-02-18,490376050.0
2009-02-19,386326560.0
2009-02-20,511617800.0
2009-02-23,319254130.0
2009-02-24,1710613610.0
2009-02-25,670961840.0
2009-02-26,641283180.0
2009-02-27,503228990.0
2009-03-02,38083200.0
2009-03-03,874826310.0
2009-03-04,1270646470.0
2009-03-05,120939140.0
2009-03-06,808921820.0
2009-03-09,698539010.0
2009-03-10,2107822270.0
2009-03-11,1046139260.0
2009-03-12,1696556000.0
2009-03-13,995138970.0
2009-03-16,1087112970.0
2009-03-17,1352009290.0
2009-03-18,1854638660.0
2009-03-19,766522580.0
2009-03-20,512515840.0
2009-03-23,1867019610.0
2009-03-24,277017120.0
2009-03-25,1172213710.0
2009-03-26,1318609070.0
2009-03-27,192085860.0
2009-03-30,69190930.0
2009-03-31,1256496000.0
2009-04-01,1240510400.0
2009-04-02,1709612380.0
2009-04-03,1158579030.0
2009-04-06,393203150.0
2009-04-07,199198310.0
2009-04-08,954595090.0
2009-04-09,1712987510.0
2009-04-13,1015120040.0
2009-04-14,518133320.0
2009-04-15,1068393270.0
2009-04-16,1251697560.0
2009-04-17,1152074330.0
2009-04-20,61706650.0
2009-04-21,1450956780.0
2009-04-22,746108460.0
2009-04-23,1005458740.0
2009-04-24,1285918200.0
2009-04-27,308673310.0
2009-04-28,521927800.0
2009-04-29,1302066320.0
2009-04-30,927014340.0
2009-05-01,732176400.0
2009-05-04,1623515840.0
2009-05-05,799624590.0
2009-05-06,1418262910.0
2009-05-07,607813150.0
2009-05-08,1679149890.0
2009-05-11,239574970.0
2009-05-12,455846900.0
2009-05-13,141838440.0
2009-05-14,1203862080.0
2009-05-15,292534890.0
2009-05-18,1321639700.0
2009-05-19,741455040.0
2009-05-20,789770580.0
2009-05-21,316920250.0
2009-05-22,415394070.0
2009-05-26,1143282680.0
2009-05-27,257661240.0
2009-05-28,1022530550.0
2009-05-29,1378884960.0
2009-06-01,1085217970.0
2009-06-02,732557890.0
2009-06-03,166495290.0
2009-06-04,987547520.0
2009-06-05,464131370.0
2009-06-08,452896590.0
2009-06-09,590235070.0
2009-06-10,506372030.0
2009-06-11,775757900.0
2009-06-12,388396120.0
2009-06-15,71585140.0
2009-06-16,219820830.0
2009-06-17,407008210.0
2009-06-18,685144750.0
2009-06-19,1352397310.0
2009-06-22,93257020.0
2009-06-23,714325320.0
2009-06-24,786028660.0
2009-06-25,983720590.0
2009-06-26,1187278710.0
2009-06-29,706441400.0
2009-06-30,400696290.0
2009-07-01,591382830.0
2009-07-02,45398530.0
2009-07-06,471907510.0
2009-07-07,171854230.0
2009-07-08,412821830.0
2009-07-09,679579050.0
2009-07-10,294774480.0
2009-07-13,1073994840.0
2009-07-14,673415870.0
2009-07-15,1323870250.0
2009-07-16,732373910.0
2009-07-17,544013200.0
2009-07-20,859144730.0
2009-07-21,468399520.0
2009-07-22,617756180.0
2009-07-23,1160333390.0
2009-07-24,641209770.0
2009-07-27,653723710.0
2009-07-28,615343060.0
2009-07-29,575996460.0
2009-07-30,950728730.0
2009-07-31,1019711860.0
2009-08-03,1073415990.0
2009-08-04,826368770.0
2009-08-05,1339694950.0
2009-08-06,675741450.0
2009-08-07,1164383050.0
2009-08-10,549282570.0
2009-08-11,226923130.0
2009-08-12,969642960.0
2009-08-13,576796750.0
2009-08-14,219241560.0
2009-08-17,75617170.0
2009-08-18,833707590.0
2009-08-19,578908560.0
2009-08-20,874983400.0
2009-08-21,1369773100.0
2009-08-24,683141210.0
2009-08-25,671263710.0
2009-08-26,471151690.0
2009-08-27,787498440.0
2009-08-28,701403170.0
2009-08-31,273150830.0
2009-09-01,87098850.0
2009-09-02,563441800.0
2009-09-03,975853810.0
2009-09-04,875534540.0
2009-09-08,860903120.0
2009-09-09,822768030.0
2009-09-10,1226826390.0
2009-09-11,586587570.0
2009-09-14,823548070.0
2009-09-15,865680530.0
2009-09-16,1332562180.0
2009-09-17,571864730.0
2009-09-18,1117362440.0
2009-09-21,457650780.0
2009-09-22,937569820.0
2009-09-23,246824270.0
2009-09-24,174851720.0
2009-09-25,386960430.0
2009-09-28,848669200.0
2009-09-29,593213030.0
2009-09-30,723659590.0
2009-10-01,80756990.0
2009-10-02,440944230.0
2009-10-05,995062720.0
2009-10-06,934463150.0
2009-10-07,516579040.0
2009-10-08,948934600.0
2009-10-09,592078550.0
2009-10-12,627033470.0
2009-10-13,459435900.0
2009-10-14,1176683490.0
2009-10-15,693169000.0
2009-10-16,334478050.0
2009-10-19,749331520.0
2009-10-20,273084300.0
2009-10-21,371320850.0
2009-10-22,963322240.0
2009-10-23,147252240.0
2009-10-26,168672480.0
2009-10-27,419652530.0
2009-10-28,155541420.0
2009-10-29,1295611610.0
2009-10-30,80525170.0
2009-11-02,827012820.0
2009-11-03,929178590.0
2009-11-04,623316410.0
2009-11-05,1113488260.0
2009-11-06,511399300.0
2009-11-09,1169066290.0
2009-11-10,447093310.0
2009-11-11,680594440.0
2009-11-12,147350189.0
2009-11-13,695150600.0
2009-11-16,1000723960.0
2009-11-17,493925570.0
2009-11-18,555930180.0
2009-11-19,119421271.0
2009-11-20,407033270.0
2009-11-23,794837550.0
2009-11-24,412166880.0
2009-11-25,547562040.0
2009-11-27,22165790.0
2009-11-30,775040760.0
2009-12-01,929020950.0
2009-12-02,583102060.0
2009-12-03,321888080.0
2009-12-04,1165639750.0
2009-12-07,463096450.0
2009-12-08,188000590.0
2009-12-09,552560800.0
2009-12-10,663186500.0
2009-12-11,682394950.0
2009-12-14,737414360.0
2009-12-15,389702550.0
2009-12-16,622826780.0
2009-12-17,189892810.0
2009-12-18,2314831690.0
2009-12-21,816107490.0
2009-12-22,553506550.0
2009-12-23,477144300.0
2009-12-24,257111164.0
2009-12-28,387330200.0
2009-12-29,237070511.0
2009-12-30,234759517.0
2009-12-31,124340023.0
2010-01-04,873703020.0
2010-01-05,823346900.0
2010-01-06,728429800.0
2010-01-07,810771330.0
2010-01-08,511607440.0
2010-01-11,572644840.0
2010-01-12,199613690.0
2010-01-13,705463900.0
2010-01-14,485918210.0
2010-01-15,246392510.0
2010-01-19,870843010.0
2010-01-20,230144389.0
2010-01-21,195230866.0
2010-01-22,173575530.0
2010-01-25,615064500.0
2010-01-26,343636600.0
2010-01-27,733356630.0
2010-01-28,333230300.0
2010-01-29,494955600.0
2010-02-01,918374150.0
2010-02-02,979018400.0
2010-02-03,268143920.0
2010-02-04,40344170.0
2010-02-05,832035160.0
2010-02-08,237660032.0
2010-02-09,1020551980.0
2010-02-10,443248000.0
2010-02-11,841182370.0
2010-02-12,650694730.0
2010-02-16,976100460.0
2010-02-17,679611400.0
2010-02-18,711453830.0
2010-02-19,620602310.0
2010-02-22,465401060.0
2010-02-23,137610770.0
2010-02-24,760077070.0
2010-02-25,544812350.0
2010-02-26,734363500.0
2010-03-01,781600120.0
2010-03-02,670880330.0
2010-03-03,496271750.0
2010-03-04,584409140.0
2010-03-05,966790630.0
2010-03-08,504446050.0
2010-03-09,697781730.0
2010-03-10,855979540.0
2010-03-11,689770030.0
2010-03-12,446865000.0
2010-03-15,236057190.0
2010-03-16,830178770.0
2010-03-17,631592780.0
2010-03-18,321000300.0
2010-03-19,480525380.0
2010-03-22,679505890.0
2010-03-23,754393480.0
2010-03-24,419904110.0
2010-03-25,480453240.0
2010-03-26,599094990.0
2010-03-29,624548050.0
2010-03-30,368409650.0
2010-03-31,391617250.0
2010-04-01,774874990.0
2010-04-05,737704970.0
2010-04-06,580934980.0
2010-04-07,427509230.0
2010-04-08,645488520.0
2010-04-09,680395710.0
2010-04-12,616244420.0
2010-04-13,414271950.0
2010-04-14,933825220.0
2010-04-15,498676340.0
2010-04-16,124529580.0
2010-04-19,705479700.0
2010-04-20,922201510.0
2010-04-21,518888350.0
2010-04-22,755754200.0
2010-04-23,791015960.0
2010-04-26,464761670.0
2010-04-27,89812080.0
2010-04-28,1033816480.0
2010-04-29,1119069080.0
2010-04-30,214045590.0
2010-05-03,911677380.0
2010-05-04,94268220.0
2010-05-05,333924060.0
2010-05-06,108138330.0
2010-05-07,350476140.0
2010-05-10,1796749540.0
2010-05-11,590592030.0
2010-05-12,1097567870.0
2010-05-13,250146940.0
2010-05-14,67257990.0
2010-05-17,605997690.0
2010-05-18,161250869.0
2010-05-19,554459910.0
2010-05-20,28669210.0
2010-05-21,2067937820.0
2010-05-24,316368490.0
2010-05-25,943761950.0
2010-05-26,1042811920.0
2010-05-27,1381292280.0
2010-05-28,248853160.0
2010-06-01,106726340.0
2010-06-02,1279498190.0
2010-06-03,761973030.0
2010-06-04,13609300.0
2010-06-07,217885429.0
2010-06-08,1238735040.0
2010-06-09,832074920.0
2010-06-10,1305384790.0
2010-06-11,695348310.0
2010-06-14,573234190.0
2010-06-15,1114794390.0
2010-06-16,406907380.0
2010-06-17,452237220.0
2010-06-18,950271260.0
2010-06-21,461331150.0
2010-06-22,74695789.0
2010-06-23,493571180.0
2010-06-24,109964440.0
2010-06-25,1768359030.0
2010-06-28,368540930.0
2010-06-29,26676860.0
2010-06-30,386985090.0
2010-07-01,655412670.0
2010-07-02,303037640.0
2010-07-06,685119510.0
2010-07-07,1274141060.0
2010-07-08,941708160.0
2010-07-09,718596160.0
2010-07-12,362455700.0
2010-07-13,1040205000.0
2010-07-14,406385020.0
2010-07-15,537060860.0
2010-07-16,65423290.0
2010-07-19,629767890.0
2010-07-20,945481150.0
2010-07-21,228880780.0
2010-07-22,1067063090.0
2010-07-23,912503770.0
2010-07-26,880938830.0
2010-07-27,486931400.0
2010-07-28,259537740.0
2010-07-29,524503520.0
2010-07-30,625070650.0
2010-08-02,952999350.0
2010-08-03,287932920.0
2010-08-04,659314320.0
2010-08-05,361679230.0
2010-08-06,323370660.0
2010-08-09,560168540.0
2010-08-10,205402253.0
2010-08-11,30450611.0
2010-08-12,377977940.0
2010-08-13,354463890.0
2010-08-16,397175170.0
2010-08-17,816150320.0
2010-08-18,578159370.0
2010-08-19,82193308.0
2010-08-20,320497990.0
2010-08-23,255250987.0
2010-08-24,153793218.0
2010-08-25,619040450.0
2010-08-26,235717860.0
2010-08-27,1005721720.0
2010-08-30,57312604.0
2010-08-31,834631680.0
2010-09-01,1143254700.0
2010-09-02,795205350.0
2010-09-03,845881730.0
2010-09-07,125400983.0
2010-09-08,627222490.0
2010-09-09,568488350.0
2010-09-10,494097800.0
2010-09-13,800116340.0
2010-09-14,409862360.0
2010-09-15,492225490.0
2010-09-16,416857160.0
2010-09-17,805203510.0
2010-09-20,883229070.0
2010-09-21,318825290.0
2010-09-22,313061700.0
2010-09-23,235170016.0
2010-09-24,959693580.0
2010-09-27,348272000.0
2010-09-28,786146700.0
2010-09-29,474113060.0
2010-09-30,535533280.0
2010-10-01,805312270.0
2010-10-04,197400707.0
2010-10-05,1156563390.0
2010-10-06,444125950.0
2010-10-07,371815390.0
2010-10-08,705634390.0
2010-10-11,386245570.0
2010-10-12,584632800.0
2010-10-13,971468650.0
2010-10-14,346072180.0
2010-10-15,477102080.0
2010-10-18,721010920.0
2010-10-19,124781266.0
2010-10-20,817870360.0
2010-10-21,468592420.0
2010-10-22,452252070.0
2010-10-25,638875070.0
2010-10-26,462479900.0
2010-10-27,369884820.0
2010-10-28,468573180.0
2010-10-29,547905760.0
2010-11-01,450119010.0
2010-11-02,668004150.0
2010-11-03,686273850.0
2010-11-04,1234897610.0
2010-11-05,820493700.0
2010-11-08,406437640.0
2010-11-09,210056898.0
2010-11-10,775894790.0
2010-11-11,355559420.0
2010-11-12,104362316.0
2010-11-15,422366430.0
2010-11-16,88449268.0
2010-11-17,503818200.0
2010-11-18,1048768840.0
2010-11-19,639288170.0
2010-11-22,359332940.0
2010-11-23,90945862.0
2010-11-24,744989080.0
2010-11-26,78146716.0
2010-11-29,439031210.0
2010-11-30,558630560.0
2010-12-01,1035907040.0
2010-12-02,952542810.0
2010-12-03,632091120.0
2010-12-06,355398900.0
2010-12-07,1062159500.0
2010-12-08,664714780.0
2010-12-09,707335490.0
2010-12-10,746669780.0
2010-12-13,544354050.0
2010-12-14,396323900.0
2010-12-15,272493880.0
2010-12-16,741583750.0
2010-12-17,1205697500.0
2010-12-20,510347500.0
2010-12-21,635494440.0
2010-12-22,460423430.0
2010-12-23,217691177.0
2010-12-27,256479880.0
2010-12-28,297856960.0
2010-12-29,311604330.0
2010-12-30,231651341.0
2010-12-31,297793790.0
2011-01-03,881520890.0
2011-01-04,407297740.0
2011-01-05,721963380.0
2011-01-06,354112550.0
2011-01-07,434289110.0
2011-01-10,427178790.0
2011-01-11,603454500.0
2011-01-12,786628150.0
2011-01-13,363684590.0
2011-01-14,761186000.0
2011-01-18,525430330.0
2011-01-19,114675663.0
2011-01-20,542717400.0
2011-01-21,716407900.0
2011-01-24,628136400.0
2011-01-25,399164300.0
2011-01-26,665396670.0
2011-01-27,592539880.0
2011-01-28,168789251.0
2011-01-31,806202210.0
2011-02-01,956467560.0
2011-02-02,323403040.0
2011-02-03,596354720.0
2011-02-04,470360610.0
2011-02-07,653238800.0
2011-02-08,565193880.0
2011-02-09,352551230.0
2011-02-10,476615290.0
2011-02-11,714351340.0
2011-02-14,481364220.0
2011-02-15,352271950.0
2011-02-16,673834880.0
2011-02-17,598656660.0
2011-02-18,569307860.0
2011-02-22,114640061.0
2011-02-23,446383860.0
2011-02-24,510185380.0
2011-02-25,815907110.0
2011-02-28,813458350.0
2011-03-01,129150172.0
2011-03-02,618789020.0
2011-03-03,945803260.0
2011-03-04,248424479.0
2011-03-07,198119462.0
2011-03-08,764369930.0
2011-03-09,402256380.0
2011-03-10,113438109.0
2011-03-11,723377430.0
2011-03-14,285660890.0
2011-03-15,231976271.0
2011-03-16,130272322.0
2011-03-17,830921510.0
2011-03-18,1337138770.0
2011-03-21,735695550.0
2011-03-22,265083617.0
2011-03-23,448157860.0
2011-03-24,674019880.0
2011-03-25,529043540.0
2011-03-28,287970380.0
2011-03-29,545176410.0
2011-03-30,663135560.0
2011-03-31,440785060.0
2011-04-01,659132560.0
2011-04-04,383805440.0
2011-04-05,485859040.0
2011-04-06,540154770.0
2011-04-07,384609170.0
2011-04-08,252473009.0
2011-04-11,263947150.0
2011-04-12,304243580.0
2011-04-13,412181610.0
2011-04-14,465100930.0
2011-04-15,660350030.0
2011-04-18,87629475.0
2011-04-19,582265550.0
2011-04-20,739451000.0
2011-04-21,515056830.0
2011-04-25,271866260.0
2011-04-26,633332500.0
2011-04-27,627935970.0
2011-04-28,586619270.0
2011-04-29,541375210.0
2011-05-02,354630480.0
2011-05-03,383760770.0
2011-05-04,276921710.0
2011-05-05,299839890.0
2011-05-06,703528620.0
2011-05-09,530700870.0
2011-05-10,651848870.0
2011-05-11,146805693.0
2011-05-12,540204380.0
2011-05-13,165158348.0
2011-05-16,298777150.0
2011-05-17,440716240.0
2011-05-18,689159490.0
2011-05-19,462149270.0
2011-05-20,270610470.0
2011-05-23,84844135.0
2011-05-24,448221490.0
2011-05-25,564870890.0
2011-05-26,628461670.0
2011-05-27,522475270.0
2011-05-31,1200437910.0
2011-06-01,55795570.0
2011-06-02,441791450.0
2011-06-03,199823955.0
2011-06-06,66919484.0
2011-06-07,481171950.0
2011-06-08,242491096.0
2011-06-09,674524680.0
2011-06-10,159323065.0
2011-06-13,435730500.0
2011-06-14,806571070.0
2011-06-15,81149283.0
2011-06-16,497314730.0
2011-06-17,1053614320.0
2011-06-20,546685680.0
2011-06-21,749303780.0
2011-06-22,252020950.0
2011-06-23,381364660.0
2011-06-24,344935730.0
2011-06-27,635553630.0
2011-06-28,669314050.0
2011-06-29,721189820.0
2011-06-30,759008020.0
2011-07-01,782700180.0
2011-07-05,345008090.0
2011-07-06,414797490.0
2011-07-07,696952210.0
2011-07-08,131932312.0
2011-07-11,25634836.0
2011-07-12,293779510.0
2011-07-13,609595250.0
2011-07-14,169279444.0
2011-07-15,579547790.0
2011-07-18,72964818.0
2011-07-19,737837860.0
2011-07-20,458407830.0
2011-07-21,810607980.0
2011-07-22,352329870.0
2011-07-25,165106074.0
2011-07-26,314283690.0
2011-07-27,61493319.0
2011-07-28,336803930.0
2011-07-29,347606780.0
2011-08-01,397131920.0
2011-08-02,70988509.0
2011-08-03,789814000.0
2011-08-04,19766910.0
2011-08-05,841362650.0
2011-08-08,25646176.0
2011-08-09,2336395030.0
2011-08-10,127219541.0
2011-08-11,1832799690.0
2011-08-12,752964760.0
2011-08-15,1063828210.0
2011-08-16,191460577.0
2011-08-17,565482550.0
2011-08-18,43940314.0
2011-08-19,226295895.0
2011-08-22,552723300.0
2011-08-23,1082345810.0
2011-08-24,853539710.0
2011-08-25,259980829.0
2011-08-26,995929500.0
2011-08-29,883711480.0
2011-08-30,579303250.0
2011-08-31,894917050.0
2011-09-01,139508827.0
2011-09-02,43662122.0
2011-09-06,224809419.0
2011-09-07,907163910.0
2011-09-08,140913800.0
2011-09-09,38426963.0
2011-09-12,617231020.0
2011-09-13,829926180.0
2011-09-14,918191220.0
2011-09-15,853159560.0
2011-09-16,1011550560.0
2011-09-19,121357544.0
2011-09-20,333693640.0
2011-09-21,49115871.0
2011-09-22,82405720.0
2011-09-23,812276680.0
2011-09-26,1031437490.0
2011-09-27,925408210.0
2011-09-28,38030636.0
2011-09-29,834249770.0
2011-09-30,80155986.0
2011-10-03,42211410.0
2011-10-04,1408382860.0
2011-10-05,991971950.0
2011-10-06,1048417600.0
2011-10-07,222468837.0
2011-10-10,849539030.0
2011-10-11,489717630.0
2011-10-12,891502150.0
2011-10-13,306036820.0
2011-10-14,742160520.0
2011-10-17,86255914.0
2011-10-18,1004160440.0
2011-10-19,161859691.0
2011-10-20,195630219.0
2011-10-21,1025870950.0
2011-10-24,803336260.0
2011-10-25,86428506.0
2011-10-26,903809090.0
2011-10-27,1359321570.0
2011-10-28,519516620.0
2011-10-31,110286021.0
2011-11-01,80951326.0
2011-11-02,856257160.0
2011-11-03,893924200.0
2011-11-04,301229810.0
2011-11-07,479861390.0
2011-11-08,716200880.0
2011-11-09,15709156.0
2011-11-10,642721930.0
2011-11-11,707299050.0
2011-11-14,99822387.0
2011-11-15,499778810.0
2011-11-16,138929781.0
2011-11-17,75117405.0
2011-11-18,504737000.0
2011-11-21,62728437.0
2011-11-22,231700807.0
2011-11-23,33429931.0
2011-11-25,172528043.0
2011-11-28,934138330.0
2011-11-29,448948290.0
2011-11-30,1600689970.0
2011-12-01,343792980.0
2011-12-02,502732360.0
2011-12-05,761233420.0
2011-12-06,392605930.0
2011-12-07,561252770.0
2011-12-08,27288280.0
2011-12-09,744128190.0
2011-12-12,75454664.0
2011-12-13,162348142.0
2011-12-14,197177233.0
2011-12-15,554868620.0
2011-12-16,1149191680.0
2011-12-19,70358763.0
2011-12-20,924024320.0
2011-12-21,573199460.0
2011-12-22,610668350.0
2011-12-23,365184670.0
2011-12-27,206036367.0
2011-12-28,24622396.0
2011-12-29,483990250.0
2011-12-30,228851910.0
2012-01-03,678808830.0
2012-01-04,386110900.0
2012-01-05,473230060.0
2012-01-06,259948167.0
2012-01-09,465918510.0
2012-01-10,651002170.0
2012-01-11,463726270.0
2012-01-12,456666850.0
2012-01-13,203364583.0
2012-01-17,455726070.0
2012-01-18,679825350.0
2012-01-19,521430280.0
2012-01-20,502387710.0
2012-01-23,409613310.0
2012-01-24,377569700.0
2012-01-25,643785670.0
2012-01-26,291459360.0
2012-01-27,421102280.0
2012-01-30,211786798.0
2012-01-31,525878470.0
2012-02-01,746448260.0
2012-02-02,454404770.0
2012-02-03,772670700.0
2012-02-06,317644920.0
2012-02-07,378249850.0
2012-02-08,441749340.0
2012-02-09,401467600.0
2012-02-10,145897402.0
2012-02-13,519633040.0
2012-02-14,263394364.0
2012-02-15,280788030.0
2012-02-16,679241380.0
2012-02-17,492833170.0
2012-02-21,402621680.0
2012-02-22,244713762.0
2012-02-23,531569330.0
2012-02-24,324929390.0
2012-02-27,396271610.0
2012-02-28,400973170.0
2012-02-29,320284370.0
2012-03-01,566240130.0
2012-03-02,228013036.0
2012-03-05,233187052.0
2012-03-06,33056172.0
2012-03-07,650383910.0
2012-03-08,602902480.0
2012-03-09,475071500.0
2012-03-12,259458950.0
2012-03-13,823041520.0
2012-03-14,315808140.0
2012-03-15,650437920.0
2012-03-16,900978230.0
2012-03-19,392012850.0
2012-03-20,240697189.0
2012-03-21,312395780.0
2012-03-22,119383701.0
2012-03-23,525629760.0
2012-03-26,635654690.0
2012-03-27,214228017.0
2012-03-28,219441925.0
2012-03-29,332500090.0
2012-03-30,686996380.0
2012-04-02,601748300.0
2012-04-03,234848869.0
2012-04-04,120678792.0
2012-04-05,230712901.0
2012-04-09,69183124.0
2012-04-10,62277956.0
2012-04-11,632013430.0
2012-04-12,676209910.0
2012-04-13,108003296.0
2012-04-16,388208560.0
2012-04-17,622831120.0
2012-04-18,213512579.0
2012-04-19,279773170.0
2012-04-20,551369080.0
2012-04-23,117871535.0
2012-04-24,534693130.0
2012-04-25,656364960.0
2012-04-26,527189740.0
2012-04-27,455271560.0
2012-04-30,290010620.0
2012-05-01,548933120.0
2012-05-02,254244104.0
2012-05-03,174119549.0
2012-05-04,113242782.0
2012-05-07,391596770.0
2012-05-08,243376076.0
2012-05-09,292137700.0
2012-05-10,483034060.0
2012-05-11,256424501.0
2012-05-14,95309896.0
2012-05-15,191334668.0
2012-05-16,259952665.0
2012-05-17,107806761.0
2012-05-18,327235350.0
2012-05-21,679427180.0
2012-05-22,414055220.0
2012-05-23,531237230.0
2012-05-24,425225850.0
2012-05-25,317260100.0
2012-05-29,645411210.0
2012-05-30,53261078.0
2012-05-31,582904290.0
2012-06-01,70345726.0
2012-06-04,300934340.0
2012-06-05,561705040.0
2012-06-06,810641690.0
2012-06-07,369843780.0
2012-06-08,494633460.0
2012-06-11,59038373.0
2012-06-12,637325870.0
2012-06-13,179310583.0
2012-06-14,640526430.0
2012-06-15,1197420060.0
2012-06-18,347818980.0
2012-06-19,657338270.0
2012-06-20,356017020.0
2012-06-21,55020739.0
2012-06-22,1030774520.0
2012-06-25,80272420.0
2012-06-26,453511150.0
2012-06-27,539862150.0
2012-06-28,478421480.0
2012-06-29,950277810.0
2012-07-02,471732510.0
2012-07-03,357536500.0
2012-07-05,208302187.0
2012-07-06,110719627.0
2012-07-09,210238696.0
2012-07-10,132812670.0
2012-07-11,396723960.0
2012-07-12,216981667.0
2012-07-13,613300180.0
2012-07-16,224740133.0
2012-07-17,501764440.0
2012-07-18,452766200.0
2012-07-19,384281350.0
2012-07-20,234308719.0
2012-07-23,190390681.0
2012-07-24,168025947.0
2012-07-25,384578520.0
2012-07-26,738884050.0
2012-07-27,872619420.0
2012-07-30,337998590.0
2012-07-31,288527220.0
2012-08-01,351181840.0
2012-08-02,179925418.0
2012-08-03,684498040.0
2012-08-06,432164340.0
2012-08-07,505283250.0
2012-08-08,378750700.0
2012-08-09,346023380.0
2012-08-10,333503240.0
2012-08-13,166219610.0
2012-08-14,255719603.0
2012-08-15,311310830.0
2012-08-16,463396380.0
2012-08-17,381385770.0
2012-08-20,259569515.0
2012-08-21,295508560.0
2012-08-22,277444990.0
2012-08-23,121797679.0
2012-08-24,361206730.0
2012-08-27,206651662.0
2012-08-28,230123335.0
2012-08-29,275950140.0
2012-08-30,93032007.0
2012-08-31,558172420.0
2012-09-04,324940470.0
2012-09-05,342969420.0
2012-09-06,690657060.0
2012-09-07,483056740.0
2012-09-10,192791382.0
2012-09-11,500273310.0
2012-09-12,422842890.0
2012-09-13,732094210.0
2012-09-14,651851950.0
2012-09-17,180898983.0
2012-09-18,224229083.0
2012-09-19,369536480.0
2012-09-20,246026819.0
2012-09-21,855360930.0
2012-09-24,234722824.0
2012-09-25,80089460.0
2012-09-26,268192481.0
2012-09-27,509106200.0
2012-09-28,223933772.0
2012-10-01,412750250.0
2012-10-02,292928500.0
2012-10-03,350961510.0
2012-10-04,533458660.0
2012-10-05,306742450.0
2012-10-08,174817720.0
2012-10-09,157339123.0
2012-10-10,162978701.0
2012-10-11,450830870.0
2012-10-12,148047824.0
2012-10-15,451877220.0
2012-10-16,492403240.0
2012-10-17,507107310.0
2012-10-18,395994920.0
2012-10-19,97547649.0
2012-10-22,293658730.0
2012-10-23,78108763.0
2012-10-24,225958820.0
2012-10-25,393259260.0
2012-10-26,211224329.0
2012-10-31,488932430.0
2012-11-01,635989940.0
2012-11-02,194536463.0
2012-11-05,316066730.0
2012-11-06,542640590.0
2012-11-07,77834575.0
2012-11-08,141959760.0
2012-11-09,373144800.0
2012-11-12,126124057.0
2012-11-13,212297981.0
2012-11-14,65622326.0
2012-11-15,308093290.0
2012-11-16,642550110.0
2012-11-19,672158560.0
2012-11-20,352790390.0
2012-11-21,351139790.0
2012-11-23,302775230.0
2012-11-26,248101932.0
2012-11-27,204659902.0
2012-11-28,552951740.0
2012-11-29,509767510.0
2012-11-30,677211710.0
2012-12-03,208431883.0
2012-12-04,317265900.0
2012-12-05,500037410.0
2012-12-06,340967840.0
2012-12-07,423603110.0
2012-12-10,313694490.0
2012-12-11,480116710.0
2012-12-12,385923080.0
2012-12-13,190102214.0
2012-12-14,302045930.0
2012-12-17,561572880.0
2012-12-18,702201830.0
2012-12-19,269147370.0
2012-12-20,512735860.0
2012-12-21,412245800.0
2012-12-24,102422323.0
2012-12-26,201313101.0
2012-12-27,199887651.0
2012-12-28,92630100.0
2012-12-31,716336650.0
2013-01-02,805674090.0
2013-01-03,368985320.0
2013-01-04,518817830.0
2013-01-07,251710823.0
2013-01-08,248113450.0
2013-01-09,378688140.0
2013-01-10,553399600.0
2013-01-11,276863710.0
2013-01-14,261944340.0
2013-01-15,385169770.0
2013-01-16,242930795.0
2013-01-17,470870050.0
2013-01-18,727374810.0
2013-01-22,517987730.0
2013-01-23,273161810.0
2013-01-24,371851760.0
2013-01-25,501804370.0
2013-01-28,254246437.0
2013-01-29,455946640.0
2013-01-30,229833747.0
2013-01-31,459570690.0
2013-02-01,600630870.0
2013-02-04,103503671.0
2013-02-05,542467740.0
2013-02-06,425290210.0
2013-02-07,230599443.0
2013-02-08,369073160.0
2013-02-11,235230860.0
2013-02-12,397287290.0
2013-02-13,323523550.0
2013-02-14,338893310.0
2013-02-15,376150100.0
2013-02-19,508949100.0
2013-02-20,77521166.0
2013-02-21,188383646.0
2013-02-22,551070540.0
2013-02-25,72922151.0
2013-02-26,545392980.0
2013-02-27,581624010.0
2013-02-28,486021430.0
2013-03-01,388267960.0
2013-03-04,419582970.0
2013-03-05,541217240.0
2013-03-06,449759800.0
2013-03-07,446110510.0
2013-03-08,465668500.0
2013-03-11,360764950.0
2013-03-12,258387335.0
2013-03-13,307791930.0
2013-03-14,492489690.0
2013-03-15,828569110.0
2013-03-18,177254767.0
2013-03-19,269674510.0
2013-03-20,508516420.0
2013-03-21,147834454.0
2013-03-22,398315920.0
2013-03-25,207195345.0
2013-03-26,398320110.0
2013-03-27,286772230.0
2013-03-28,558321160.0
2013-04-01,137860452.0
2013-04-02,284627690.0
2013-04-03,115499640.0
2013-04-04,436835540.0
2013-04-05,341768110.0
2013-04-08,448556500.0
2013-04-09,422679010.0
2013-04-10,538817900.0
2013-04-11,401270870.0
2013-04-12,219015664.0
2013-04-15,64170676.0
2013-04-16,644215660.0
2013-04-17,77594151.0
2013-04-18,333928660.0
2013-04-19,675858830.0
2013-04-22,375033320.0
2013-04-23,554138810.0
2013-04-24,485199220.0
2013-04-25,486670870.0
2013-04-26,235669294.0
2013-04-29,465252300.0
2013-04-30,537769340.0
2013-05-01,119486849.0
2013-05-02,526052040.0
2013-05-03,548370340.0
2013-05-06,403109160.0
2013-05-07,460676310.0
2013-05-08,493836970.0
2013-05-09,224884981.0
2013-05-10,408816000.0
2013-05-13,243422420.0
2013-05-14,536038290.0
2013-05-15,491821630.0
2013-05-16,197104314.0
2013-05-17,686724310.0
2013-05-20,385632910.0
2013-05-21,357564070.0
2013-05-22,185217028.0
2013-05-23,351709670.0
2013-05-24,225220842.0
2013-05-28,477435600.0
2013-05-29,235049102.0
2013-05-30,451863260.0
2013-05-31,123234348.0
2013-06-03,518687920.0
2013-06-04,250229219.0
2013-06-05,81511088.0
2013-06-06,674150550.0
2013-06-07,540237190.0
2013-06-10,276736500.0
2013-06-11,102181105.0
2013-06-12,132282120.0
2013-06-13,660761140.0
2013-06-14,204250048.0
2013-06-17,493345950.0
2013-06-18,500831000.0
2013-06-19,51763840.0
2013-06-20,51208617.0
2013-06-21,1037796100.0
2013-06-24,95069818.0
2013-06-25,704037230.0
2013-06-26,587608870.0
2013-06-27,591181650.0
2013-06-28,744038080.0
2013-07-01,478423020.0
2013-07-02,284730930.0
2013-07-03,221789891.0
2013-07-05,421591420.0
2013-07-08,508941400.0
2013-07-09,548243790.0
2013-07-10,299752790.0
2013-07-11,660502970.0
2013-07-12,332474260.0
2013-07-15,360825210.0
2013-07-16,217574791.0
2013-07-17,442153430.0
2013-07-18,486919110.0
2013-07-19,494876830.0
2013-07-22,374355480.0
2013-07-23,350904080.0
2013-07-24,171759769.0
2013-07-25,412688550.0
2013-07-26,283154330.0
2013-07-29,186330242.0
2013-07-30,313865440.0
2013-07-31,414587420.0
2013-08-01,612671430.0
2013-08-02,343409350.0
2013-08-05,223219228.0
2013-08-06,146273637.0
2013-08-07,184052194.0
2013-08-08,503203450.0
2013-08-09,322086330.0
2013-08-12,280050990.0
2013-08-13,265181446.0
2013-08-14,243669922.0
2013-08-15,171150288.0
2013-08-16,269487750.0
2013-08-19,95293072.0
2013-08-20,483582740.0
2013-08-21,119758262.0
2013-08-22,480497910.0
2013-08-23,386483400.0
2013-08-26,184655937.0
2013-08-27,57509889.0
2013-08-28,327903920.0
2013-08-29,342776430.0
2013-08-30,206693157.0
2013-09-03,483199780.0
2013-09-04,560041850.0
2013-09-05,384795180.0
2013-09-06,401631900.0
2013-09-09,560047080.0
2013-09-10,568747390.0
2013-09-11,393070480.0
2013-09-12,182005053.0
2013-09-13,354669100.0
2013-09-16,449448830.0
2013-09-17,408706540.0
2013-09-18,723082830.0
2013-09-19,255163709.0
2013-09-20,403169690.0
2013-09-23,222320528.0
2013-09-24,317295580.0
2013-09-25,310489940.0
2013-09-26,358499480.0
2013-09-27,166438597.0
2013-09-30,250512108.0
2013-10-01,560020740.0
2013-10-02,393017260.0
2013-10-03,123069071.0
2013-10-04,430659380.0
2013-10-07,126746057.0
2013-10-08,77826974.0
2013-10-09,384732610.0
2013-10-10,682214440.0
2013-10-11,441561940.0
2013-10-14,380674990.0
2013-10-15,172431040.0
2013-10-16,621860990.0
2013-10-17,614506360.0
2013-10-18,591545670.0
2013-10-21,278511530.0
2013-10-22,517601630.0
2013-10-23,222822484.0
2013-10-24,414990130.0
2013-10-25,429077640.0
2013-10-28,325528080.0
2013-10-29,437928160.0
2013-10-30,245684307.0
2013-10-31,310887660.0
2013-11-01,438575030.0
2013-11-04,435395230.0
2013-11-05,210580167.0
2013-11-06,401716540.0
2013-11-07,130531370.0
2013-11-08,600250520.0
2013-11-11,295899140.0
2013-11-12,258678343.0
2013-11-13,554083870.0
2013-11-14,456881640.0
2013-11-15,556108030.0
2013-11-18,214750962.0
2013-11-19,191696653.0
2013-11-20,206669864.0
2013-11-21,496755610.0
2013-11-22,399088120.0
2013-11-25,266559569.0
2013-11-26,401381850.0
2013-11-27,329606990.0
2013-11-29,223339062.0
2013-12-02,209937667.0
2013-12-03,252216802.0
2013-12-04,369894060.0
2013-12-05,223179086.0
2013-12-06,498342280.0
2013-12-09,434341320.0
2013-12-10,231252856.0
2013-12-11,93697619.0
2013-12-12,286929270.0
2013-12-13,312673510.0
2013-12-16,478708820.0
2013-12-17,267206998.0
2013-12-18,730217360.0
2013-12-19,306116210.0
2013-12-20,1356469240.0
2013-12-23,443410180.0
2013-12-24,202096742.0
2013-12-26,266502353.0
2013-12-27,251889090.0
2013-12-30,207842977.0
2013-12-31,393319420.0
2014-01-02,168397991.0
2014-01-03,283567850.0
2014-01-06,277751650.0
2014-01-07,414277530.0
2014-01-08,350579840.0
2014-01-09,340364630.0
2014-01-10,450462670.0
2014-01-13,112129456.0
2014-01-14,497366030.0
2014-01-15,472973900.0
2014-01-16,300661900.0
2014-01-17,275863270.0
2014-01-21,400047500.0
2014-01-22,355827100.0
2014-01-23,173334531.0
2014-01-24,58030049.0
2014-01-27,223414837.0
2014-01-28,493222410.0
2014-01-29,143566903.0
2014-01-30,467427570.0
2014-01-31,260076261.0
2014-02-03,44382966.0
2014-02-04,600702010.0
2014-02-05,309979760.0
2014-02-06,604384090.0
2014-02-07,617629880.0
2014-02-10,301767940.0
2014-02-11,589621620.0
2014-02-12,308159920.0
2014-02-13,451438950.0
2014-02-14,406294980.0
2014-02-18,387565670.0
2014-02-19,199587214.0
2014-02-20,484211910.0
2014-02-21,390350360.0
2014-02-24,487018900.0
2014-02-25,258238803.0
2014-02-26,367557560.0
2014-02-27,488503560.0
2014-02-28,542383210.0
2014-03-03,160324191.0
2014-03-04,742995010.0
2014-03-05,354291820.0
2014-03-06,419349480.0
2014-03-07,308369440.0
2014-03-10,224182090.0
2014-03-11,173767718.0
2014-03-12,340459770.0
2014-03-13,103666815.0
2014-03-14,289459890.0
2014-03-17,453332910.0
2014-03-18,460406540.0
2014-03-19,167478658.0
2014-03-20,395093040.0
2014-03-21,1011976140.0
2014-03-24,248714382.0
2014-03-25,380194500.0
2014-03-26,166913366.0
2014-03-27,425471650.0
2014-03-28,459642880.0
2014-03-31,650461380.0
2014-04-01,486395870.0
2014-04-02,433538950.0
2014-04-03,267982231.0
2014-04-04,218260106.0
2014-04-07,163734472.0
2014-04-08,498676680.0
2014-04-09,494230220.0
2014-04-10,81388736.0
2014-04-11,152404592.0
2014-04-14,508929570.0
2014-04-15,490819670.0
2014-04-16,511380770.0
2014-04-17,502781700.0
2014-04-21,351311900.0
2014-04-22,461960380.0
2014-04-23,300893910.0
2014-04-24,312241420.0
2014-04-25,168498527.0
2014-04-28,357285790.0
2014-04-29,463391530.0
2014-04-30,548766900.0
2014-05-01,341346270.0
2014-05-02,405693020.0
2014-05-05,250449997.0
2014-05-06,165053773.0
2014-05-07,498457410.0
2014-05-08,273449560.0
2014-05-09,293308790.0
2014-05-12,525890880.0
2014-05-13,274228960.0
2014-05-14,196681361.0
2014-05-15,145242955.0
2014-05-16,469253810.0
2014-05-19,363672540.0
2014-05-20,105421026.0
2014-05-21,412503340.0
2014-05-22,354538260.0
2014-05-23,359419330.0
2014-05-27,425156520.0
2014-05-28,291205150.0
2014-05-29,365819760.0
2014-05-30,476084520.0
2014-06-02,276005710.0
2014-06-03,306332710.0
2014-06-04,313758080.0
2014-06-05,471696560.0
2014-06-06,446614840.0
2014-06-09,354043900.0
2014-06-10,258983961.0
2014-06-11,185540130.0
2014-06-12,177251511.0
2014-06-13,382735290.0
2014-06-16,284716950.0
2014-06-17,387771200.0
2014-06-18,491608710.0
2014-06-19,360427200.0
2014-06-20,932658130.0
2014-06-23,278068330.0
2014-06-24,133269140.0
2014-06-25,430207180.0
2014-06-26,278224230.0
2014-06-27,808237550.0
2014-06-30,401877880.0
2014-07-01,435348250.0
2014-07-02,275866620.0
2014-07-03,367188720.0
2014-07-07,135848762.0
2014-07-08,189344032.0
2014-07-09,388538710.0
2014-07-10,174512422.0
2014-07-11,298555030.0
2014-07-14,370629440.0
2014-07-15,280970220.0
2014-07-16,420934130.0
2014-07-17,100993884.0
2014-07-18,619861530.0
2014-07-21,205446420.0
2014-07-22,383917570.0
2014-07-23,279077720.0
2014-07-24,335783200.0
2014-07-25,179081355.0
2014-07-28,235427523.0
2014-07-29,202397747.0
2014-07-30,289188880.0
2014-07-31,90209230.0
2014-08-01,296930050.0
2014-08-04,470719210.0
2014-08-05,132922557.0
2014-08-06,356729000.0
2014-08-07,193937162.0
2014-08-08,507361010.0
2014-08-11,418622110.0
2014-08-12,187677123.0
2014-08-13,371767310.0
2014-08-14,314567280.0
2014-08-15,317268760.0
2014-08-18,475694620.0
2014-08-19,366033200.0
2014-08-20,355815660.0
2014-08-21,330494320.0
2014-08-22,166313984.0
2014-08-25,334964110.0
2014-08-26,328606430.0
2014-08-27,261077221.0
2014-08-28,168036460.0
2014-08-29,430595790.0
2014-09-02,265274559.0
2014-09-03,302745030.0
2014-09-04,237302743.0
2014-09-05,376093230.0
2014-09-08,177211631.0
2014-09-09,120102781.0
2014-09-10,318676470.0
2014-09-11,383672830.0
2014-09-12,168567969.0
2014-09-15,233255513.0
2014-09-16,458915310.0
2014-09-17,323119250.0
2014-09-18,382920790.0
2014-09-19,755580080.0
2014-09-22,94589796.0
2014-09-23,183494457.0
2014-09-24,478396800.0
2014-09-25,52911338.0
2014-09-26,472325260.0
2014-09-29,174263018.0
2014-09-30,268296189.0
2014-10-01,122357759.0
2014-10-02,444851440.0
2014-10-03,572258870.0
2014-10-06,327242460.0
2014-10-07,140996238.0
2014-10-08,735648190.0
2014-10-09,68597462.0
2014-10-10,142444685.0
2014-10-13,211614575.0
2014-10-14,592369750.0
2014-10-15,456983060.0
2014-10-16,636292540.0
2014-10-17,794227010.0
2014-10-20,545290790.0
2014-10-21,663741840.0
2014-10-22,155228259.0
2014-10-23,613767310.0
2014-10-24,494432520.0
2014-10-27,249139722.0
2014-10-28,683232180.0
2014-10-29,313394500.0
2014-10-30,439754300.0
2014-10-31,838701720.0
2014-11-03,365074620.0
2014-11-04,267942698.0
2014-11-05,502473000.0
2014-11-06,435053140.0
2014-11-07,485570570.0
2014-11-10,376688500.0
2014-11-11,306058820.0
2014-11-12,328836450.0
2014-11-13,221844822.0
2014-11-14,386658760.0
2014-11-17,336908960.0
2014-11-18,464864190.0
2014-11-19,260160830.0
2014-11-20,428428130.0
2014-11-21,762428530.0
2014-11-24,363280760.0
2014-11-25,387775930.0
2014-11-26,426231570.0
2014-11-28,208472063.0
2014-12-01,190249160.0
2014-12-02,462768570.0
2014-12-03,533066370.0
2014-12-04,215807574.0
2014-12-05,366178850.0
2014-12-08,169864427.0
2014-12-09,465328740.0
2014-12-10,50645990.0
2014-12-11,433254630.0
2014-12-12,129609713.0
2014-12-15,179568144.0
2014-12-16,423017040.0
2014-12-17,985375040.0
2014-12-18,850495300.0
2014-12-19,1598556590.0
2014-12-22,434379760.0
2014-12-23,486696840.0
2014-12-24,145410794.0
2014-12-26,283576250.0
2014-12-29,320891470.0
2014-12-30,187427677.0
2014-12-31,140576180.0
2015-01-02,302621980.0
2015-01-05,98538298.0
2015-01-06,256671960.0
2015-01-07,569999670.0
2015-01-08,713309580.0
2015-01-09,204987736.0
2015-01-12,231513228.0
2015-01-13,330839060.0
2015-01-14,311229720.0
2015-01-15,248543113.0
2015-01-16,852875560.0
2015-01-20,339296180.0
2015-01-21,556596760.0
2015-01-22,733575030.0
2015-01-23,247352182.0
2015-01-26,554412530.0
2015-01-27,243203133.0
2015-01-28,70022672.0
2015-01-29,513891020.0
2015-01-30,291898090.0
2015-02-02,723554520.0
2015-02-03,856075770.0
2015-02-04,410903880.0
2015-02-05,620509550.0
2015-02-06,373859470.0
2015-02-09,311772620.0
2015-02-10,477106180.0
2015-02-11,304076380.0
2015-02-12,657782790.0
2015-02-13,484710730.0
2015-02-17,428315750.0
2015-02-18,344424790.0
2015-02-19,256612719.0
2015-02-20,550239860.0
2015-02-23,256203527.0
2015-02-24,447097970.0
2015-02-25,360944200.0
2015-02-26,232906260.0
2015-02-27,389065250.0
2015-03-02,401327710.0
2015-03-03,280687780.0
2015-03-04,203412997.0
2015-03-05,328389130.0
2015-03-06,150597310.0
2015-03-09,343578170.0
2015-03-10,100563588.0
2015-03-11,450262000.0
2015-03-12,524193840.0
2015-03-13,184483505.0
2015-03-16,574727240.0
2015-03-17,313664080.0
2015-03-18,737511220.0
2015-03-19,165514124.0
2015-03-20,1858471650.0
2015-03-23,421717420.0
2015-03-24,244254334.0
2015-03-25,185909120.0
2015-03-26,271718650.0
2015-03-27,334352480.0
2015-03-30,551193580.0
2015-03-31,296615140.0
2015-04-01,400535500.0
2015-04-02,546666180.0
2015-04-06,653659300.0
2015-04-07,271701410.0
2015-04-08,418468870.0
2015-04-09,401878780.0
2015-04-10,415690560.0
2015-04-13,230986007.0
2015-04-14,453600990.0
2015-04-15,586277290.0
2015-04-16,293632600.0
2015-04-17,153782137.0
2015-04-20,436860290.0
2015-04-21,255816137.0
2015-04-22,518248480.0
2015-04-23,480716870.0
2015-04-24,379702830.0
2015-04-27,297261670.0
2015-04-28,479760450.0
2015-04-29,378596740.0
2015-04-30,261182666.0
2015-05-01,512367180.0
2015-05-04,417459590.0
2015-05-05,147425240.0
2015-05-06,265177733.0
2015-05-07,438463810.0
2015-05-08,626030190.0
2015-05-11,234140701.0
2015-05-12,293598080.0
2015-05-13,365814200.0
2015-05-14,483692510.0
2015-05-15,467337480.0
2015-05-18,358641350.0
2015-05-19,275054920.0
2015-05-20,330052410.0
2015-05-21,391705610.0
2015-05-22,192884948.0
2015-05-26,87163000.0
2015-05-27,535385750.0
2015-05-28,254427291.0
2015-05-29,342926550.0
2015-06-01,335656990.0
2015-06-02,435642450.0
2015-06-03,334724540.0
2015-06-04,103004297.0
2015-06-05,394297840.0
2015-06-08,182977096.0
2015-06-09,327893320.0
2015-06-10,636432820.0
2015-06-11,426079960.0
2015-06-12,141911892.0
2015-06-15,165375715.0
2015-06-16,423158170.0
2015-06-17,415883770.0
2015-06-18,606812120.0
2015-06-19,516487950.0
2015-06-22,451374030.0
2015-06-23,396509440.0
2015-06-24,137105809.0
2015-06-25,225100064.0
2015-06-26,863815350.0
2015-06-29,37733921.0
2015-06-30,618498820.0
2015-07-01,463461340.0
2015-07-02,328932860.0
2015-07-06,258360182.0
2015-07-07,618352020.0
2015-07-08,24292151.0
2015-07-09,505952420.0
2015-07-10,573265580.0
2015-07-13,590155380.0
2015-07-14,474149990.0
2015-07-15,256767423.0
2015-07-16,466984330.0
2015-07-17,239847357.0
2015-07-20,208854972.0
2015-07-21,291843730.0
2015-07-22,345727940.0
2015-07-23,227576259.0
2015-07-24,177809203.0
2015-07-27,204947657.0
2015-07-28,772093130.0
2015-07-29,703947690.0
2015-07-30,336589020.0
2015-07-31,467630570.0
2015-08-03,232335920.0
2015-08-04,352012340.0
2015-08-05,417723120.0
2015-08-06,457882250.0
2015-08-07,266407597.0
2015-08-10,753892070.0
2015-08-11,232379938.0
2015-08-12,490820090.0
2015-08-13,253242332.0
2015-08-14,426701270.0
2015-08-17,450320070.0
2015-08-18,257612643.0
2015-08-19,146624175.0
2015-08-20,103411143.0
2015-08-21,69589507.0
2015-08-24,37216614.0
2015-08-25,238331955.0
2015-08-26,1165913910.0
2015-08-27,1208156500.0
2015-08-28,632130200.0
2015-08-31,428935950.0
2015-09-01,35409980.0
2015-09-02,871913740.0
2015-09-03,615378820.0
2015-09-04,74679262.0
2015-09-08,820045430.0
2015-09-09,113815413.0
2015-09-10,548509440.0
2015-09-11,435978000.0
2015-09-14,253315123.0
2015-09-15,618031720.0
2015-09-16,780634600.0
2015-09-17,459220760.0
2015-09-18,360479080.0
2015-09-21,461303680.0
2015-09-22,120400376.0
2015-09-23,228248048.0
2015-09-24,417558120.0
2015-09-25,446239640.0
2015-09-28,45143771.0
2015-09-29,556068900.0
2015-09-30,1063764590.0
2015-10-01,501546800.0
2015-10-02,905798840.0
2015-10-05,1016898120.0
2015-10-06,582571270.0
2015-10-07,964760420.0
2015-10-08,729265640.0
2015-10-09,452303380.0
2015-10-12,257866427.0
2015-10-13,140024975.0
2015-10-14,400148340.0
2015-10-15,742527400.0
2015-10-16,501747640.0
2015-10-19,313808720.0
2015-10-20,445849820.0
2015-10-21,185049395.0
2015-10-22,741410410.0
2015-10-23,575961150.0
2015-10-26,273184440.0
2015-10-27,252249171.0
2015-10-28,775014020.0
2015-10-29,303944810.0
2015-10-30,493752050.0
2015-11-02,709517030.0
2015-11-03,619895550.0
2015-11-04,262170405.0
2015-11-05,387129750.0
2015-11-06,433219710.0
2015-11-09,180901958.0
2015-11-10,468762400.0
2015-11-11,268552190.0
2015-11-12,81745660.0
2015-11-13,293088800.0
2015-11-16,710160370.0
2015-11-17,332163100.0
2015-11-18,794158660.0
2015-11-19,388247530.0
2015-11-20,473407930.0
2015-11-23,369151640.0
2015-11-24,598200170.0
2015-11-25,313763610.0
2015-11-27,156673746.0
2015-11-30,481378820.0
2015-12-01,648428010.0
2015-12-02,174244970.0
2015-12-03,229175584.0
2015-12-04,647153010.0
2015-12-07,169344721.0
2015-12-08,249491370.0
2015-12-09,461207430.0
2015-12-10,491424940.0
2015-12-11,74125714.0
2015-12-14,413178060.0
2015-12-15,780497280.0
2015-12-16,807425870.0
2015-12-17,118382468.0
2015-12-18,610669070.0
2015-12-21,608046860.0
2015-12-22,692379650.0
2015-12-23,776497200.0
2015-12-24,148973241.0
2015-12-28,157439601.0
2015-12-29,449234380.0
2015-12-30,64777676.0
2015-12-31,234294200.0
2016-01-04,278686910.0
2016-01-05,431817920.0
2016-01-06,152475899.0
2016-01-07,121738054.0
2016-01-08,221361388.0
2016-01-11,414755540.0
2016-01-12,526482280.0
2016-01-13,103027149.0
2016-01-14,941852350.0
2016-01-15,147874203.0
2016-01-19,339514260.0
2016-01-20,344499170.0
2016-01-21,796341330.0
2016-01-22,998762800.0
2016-01-25,103608011.0
2016-01-26,924168750.0
2016-01-27,484777760.0
2016-01-28,599299540.0
2016-01-29,1483358770.0
2016-02-01,434707090.0
2016-02-02,99148800.0
2016-02-03,787607430.0
2016-02-04,848062360.0
2016-02-05,269510140.0
2016-02-08,255704054.0
2016-02-09,396233890.0
2016-02-10,474969170.0
2016-02-11,252041870.0
2016-02-12,982916580.0
2016-02-16,1033423390.0
2016-02-17,1102619250.0
2016-02-18,420348520.0
2016-02-19,388246990.0
2016-02-22,879125420.0
2016-02-23,184506102.0
2016-02-24,569063550.0
2016-02-25,694078870.0
2016-02-26,623335420.0
2016-02-29,563579540.0
2016-03-01,863293150.0
2016-03-02,895241000.0
2016-03-03,919792790.0
2016-03-04,984861380.0
2016-03-07,773754330.0
2016-03-08,164173133.0
2016-03-09,610450070.0
2016-03-10,516581760.0
2016-03-11,833773910.0
2016-03-14,295359980.0
2016-03-15,209035242.0
2016-03-16,670402380.0
2016-03-17,811818090.0
2016-03-18,1470082890.0
2016-03-21,430337520.0
2016-03-22,323439260.0
2016-03-23,119381228.0
2016-03-24,480747450.0
2016-03-28,350418100.0
2016-03-29,677934710.0
2016-03-30,517121170.0
2016-03-31,478213510.0
2016-04-01,508084970.0
2016-04-04,200026443.0
2016-04-05,296001090.0
2016-04-06,630812200.0
2016-04-07,167686254.0
2016-04-08,617716660.0
2016-04-11,533912850.0
2016-04-12,820897150.0
2016-04-13,745698010.0
2016-04-14,388672430.0
2016-04-15,496455470.0
2016-04-18,614545280.0
2016-04-19,690071960.0
2016-04-20,571351590.0
2016-04-21,301708390.0
2016-04-22,686514810.0
2016-04-25,209065940.0
2016-04-26,690158250.0
2016-04-27,747733300.0
2016-04-28,321601490.0
2016-04-29,505738010.0
2016-05-02,536046310.0
2016-05-03,137226013.0
2016-05-04,283093030.0
2016-05-05,392618900.0
2016-05-06,615730860.0
2016-05-09,362161050.0
2016-05-10,687667180.0
2016-05-11,331655580.0
2016-05-12,358924290.0
2016-05-13,149969940.0
2016-05-16,718226390.0
2016-05-17,381327580.0
2016-05-18,259700718.0
2016-05-19,325390020.0
2016-05-20,705066870.0
2016-05-23,312127320.0
2016-05-24,641111800.0
2016-05-25,696419470.0
2016-05-26,328671320.0
2016-05-27,527854600.0
2016-05-31,753731300.0
2016-06-01,552530160.0
2016-06-02,584197330.0
2016-06-03,429520640.0
2016-06-06,650203440.0
2016-06-07,516445880.0
2016-06-08,586174930.0
2016-06-09,260162439.0
2016-06-10,121041282.0
2016-06-13,150402445.0
2016-06-14,244224190.0
2016-06-15,533946970.0
2016-06-16,384376380.0
2016-06-17,1280527620.0
2016-06-20,721098630.0
2016-06-21,501005230.0
2016-06-22,281551340.0
2016-06-23,757587080.0
2016-06-24,191145701.0
2016-06-27,168836559.0
2016-06-28,985128270.0
2016-06-29,942441550.0
2016-06-30,1078663110.0
2016-07-01,552514810.0
2016-07-05,205362111.0
2016-07-06,696580610.0
2016-07-07,411592130.0
2016-07-08,873007490.0
2016-07-11,577611660.0
2016-07-12,741226260.0
2016-07-13,379486890.0
2016-07-14,541310830.0
2016-07-15,419273690.0
2016-07-18,492108170.0
2016-07-19,271219830.0
2016-07-20,454794060.0
2016-07-21,313486300.0
2016-07-22,493322980.0
2016-07-25,252498232.0
2016-07-26,529932090.0
2016-07-27,378035320.0
2016-07-28,415982600.0
2016-07-29,728159430.0
2016-08-01,254013898.0
2016-08-02,236131150.0
2016-08-03,632524570.0
2016-08-04,425746620.0
2016-08-05,608512920.0
2016-08-08,460582750.0
2016-08-09,383719970.0
2016-08-10,281053970.0
2016-08-11,561397670.0
2016-08-12,313262700.0
2016-08-15,531611040.0
2016-08-16,236326242.0
2016-08-17,368380980.0
2016-08-18,497661040.0
2016-08-19,342094690.0
2016-08-22,245798054.0
2016-08-23,473977870.0
2016-08-24,160565255.0
2016-08-25,393237680.0
2016-08-26,286358600.0
2016-08-29,524384070.0
2016-08-30,330539440.0
2016-08-31,393440770.0
2016-09-01,356941120.0
2016-09-02,655196070.0
2016-09-06,537274880.0
2016-09-07,468238550.0
2016-09-08,420225240.0
2016-09-09,31417429.0
2016-09-12,851396200.0
2016-09-13,37552642.0
2016-09-14,307119850.0
2016-09-15,662220640.0
2016-09-16,629174770.0
2016-09-19,452014700.0
2016-09-20,277280320.0
2016-09-21,791839600.0
2016-09-22,632758620.0
2016-09-23,214885901.0
2016-09-26,187603497.0
2016-09-27,463732770.0
2016-09-28,735992650.0
2016-09-29,245619495.0
2016-09-30,848231240.0
2016-10-03,314516540.0
2016-10-04,263008385.0
2016-10-05,654201960.0
2016-10-06,353744160.0
2016-10-07,286329730.0
2016-10-10,488679210.0
2016-10-11,89750325.0
2016-10-12,352648310.0
2016-10-13,296333800.0
2016-10-14,354086220.0
2016-10-17,253168054.0
2016-10-18,566921570.0
2016-10-19,582796160.0
2016-10-20,409120670.0
2016-10-21,373027900.0
2016-10-24,436343970.0
2016-10-25,282580910.0
2016-10-26,394764730.0
2016-10-27,355212350.0
2016-10-28,367438790.0
2016-10-31,534883070.0
2016-11-01,323617470.0
2016-11-02,180228870.0
2016-11-03,369798940.0
2016-11-04,443281990.0
2016-11-07,816938700.0
2016-11-08,495751110.0
2016-11-09,1015486110.0
2016-11-10,817265450.0
2016-11-11,589478350.0
2016-11-14,760771370.0
2016-11-15,718761220.0
2016-11-16,312694700.0
2016-11-17,455681110.0
2016-11-18,410520530.0
2016-11-21,651846590.0
2016-11-22,543304230.0
2016-11-23,490229370.0
2016-11-25,249236244.0
2016-11-28,270524100.0
2016-11-29,364322510.0
2016-11-30,802244010.0
2016-12-01,522211790.0
2016-12-02,474280770.0
2016-12-05,684124870.0
2016-12-06,612053160.0
2016-12-07,794042500.0
2016-12-08,619617470.0
2016-12-09,489912560.0
2016-12-12,448017660.0
2016-12-13,666234900.0
2016-12-14,184047426.0
2016-12-15,721050540.0
2016-12-16,1729366480.0
2016-12-19,509766970.0
2016-12-20,673577230.0
2016-12-21,286082110.0
2016-12-22,316400820.0
2016-12-23,386594180.0
2016-12-27,416592070.0
2016-12-28,128101338.0
2016-12-29,384058540.0
2016-12-30,331801090.0
2017-01-03,915606720.0
2017-01-04,1002436890.0
2017-01-05,482829420.0
2017-01-06,419862060.0
2017-01-09,266075659.0
2017-01-10,671119130.0
2017-01-11,640825160.0
2017-01-12,328925960.0
2017-01-13,486402460.0
2017-01-17,483317680.0
2017-01-18,455036800.0
2017-01-19,255853983.0
2017-01-20,808366120.0
2017-01-23,349079100.0
2017-01-24,752729730.0
2017-01-25,711057460.0
2017-01-26,384088020.0
2017-01-27,346000230.0
2017-01-30,227865816.0
2017-01-31,837849290.0
2017-02-01,433472860.0
2017-02-02,566068360.0
2017-02-03,788101230.0
2017-02-06,299562200.0
2017-02-07,341090160.0
2017-02-08,558927980.0
2017-02-09,679105370.0
2017-02-10,631824580.0
2017-02-13,637179880.0
2017-02-14,608252410.0
2017-02-15,601069690.0
2017-02-16,359264010.0
2017-02-17,560757510.0
2017-02-21,822941660.0
2017-02-22,347460420.0
2017-02-23,461906180.0
2017-02-24,419027890.0
2017-02-27,757703670.0
2017-02-28,471108800.0
2017-03-01,952306380.0
2017-03-02,323458260.0
2017-03-03,532488860.0
2017-03-06,227855944.0
2017-03-07,203541084.0
2017-03-08,364354150.0
2017-03-09,406991740.0
2017-03-10,679805950.0
2017-03-13,512563930.0
2017-03-14,232105607.0
2017-03-15,904003130.0
2017-03-16,442521810.0
2017-03-17,1593150500.0
2017-03-20,339264690.0
2017-03-21,155755577.0
2017-03-22,504780230.0
2017-03-23,488709090.0
2017-03-24,432108930.0
2017-03-27,468469220.0
2017-03-28,764259830.0
2017-03-29,537636670.0
2017-03-30,492101350.0
2017-03-31,642264590.0
2017-04-03,344982600.0
2017-04-04,512766380.0
2017-04-05,304850470.0
2017-04-06,698522120.0
2017-04-07,330673310.0
2017-04-10,502794650.0
2017-04-11,519511080.0
2017-04-12,252963838.0
2017-04-13,124476511.0
2017-04-17,691807770.0
2017-04-18,333812530.0
2017-04-19,365274130.0
2017-04-20,737610240.0
2017-04-21,363468500.0
2017-04-24,803670390.0
2017-04-25,749588540.0
2017-04-26,585121230.0
2017-04-27,445006160.0
2017-04-28,422572690.0
2017-05-01,427722160.0
2017-05-02,520180970.0
2017-05-03,435688590.0
2017-05-04,413134560.0
2017-05-05,760039630.0
2017-05-08,456147900.0
2017-05-09,428839690.0
2017-05-10,704131560.0
2017-05-11,349669040.0
2017-05-12,347229670.0
2017-05-15,826331000.0
2017-05-16,380001050.0
2017-05-17,199094744.0
2017-05-18,557934540.0
2017-05-19,1064784980.0
2017-05-22,585354870.0
2017-05-23,526414490.0
2017-05-24,478444890.0
2017-05-25,410202360.0
2017-05-26,320793400.0
2017-05-30,273567680.0
2017-05-31,613728410.0
2017-06-01,757198040.0
2017-06-02,387461600.0
2017-06-05,287162970.0
2017-06-06,403846160.0
2017-06-07,393668030.0
2017-06-08,454626080.0
2017-06-09,650487130.0
2017-06-12,524581340.0
2017-06-13,574572720.0
2017-06-14,316806610.0
2017-06-15,254528696.0
2017-06-16,1087842610.0
2017-06-19,525686180.0
2017-06-20,151321460.0
2017-06-21,247484829.0
2017-06-22,499525630.0
2017-06-23,1372991380.0
2017-06-26,546858610.0
2017-06-27,313796950.0
2017-06-28,663771880.0
2017-06-29,363912730.0
2017-06-30,548559410.0
2017-07-03,351757260.0
2017-07-05,311029590.0
2017-07-06,118530590.0
2017-07-07,435868480.0
2017-07-10,436596450.0
2017-07-11,421971910.0
2017-07-12,576294330.0
2017-07-13,476027070.0
2017-07-14,474454610.0
2017-07-17,386734860.0
2017-07-18,274434340.0
2017-07-19,555412310.0
2017-07-20,312351140.0
2017-07-21,319915850.0
2017-07-24,304734100.0
2017-07-25,815856960.0
2017-07-26,352940780.0
2017-07-27,443985090.0
2017-07-28,337395990.0
2017-07-31,541259360.0
2017-08-01,445417640.0
2017-08-02,330281600.0
2017-08-03,321869390.0
2017-08-04,488815530.0
2017-08-07,346636140.0
2017-08-08,264912491.0
2017-08-09,275636250.0
2017-08-10,111409137.0
2017-08-11,346859140.0
2017-08-14,540001430.0
2017-08-15,274419250.0
2017-08-16,423473530.0
2017-08-17,85667249.0
2017-08-18,430665680.0
2017-08-21,328119960.0
2017-08-22,510311690.0
2017-08-23,391619260.0
2017-08-24,338864220.0
2017-08-25,431700400.0
2017-08-28,266555737.0
2017-08-29,299409610.0
2017-08-30,349045670.0
2017-08-31,688999160.0
2017-09-01,480827060.0
2017-09-05,339788310.0
2017-09-06,546844920.0
2017-09-07,389246960.0
2017-09-08,306572460.0
2017-09-11,639645900.0
2017-09-12,543367380.0
2017-09-13,485691540.0
2017-09-14,437634500.0
2017-09-15,1261418790.0
2017-09-18,484295090.0
2017-09-19,410657240.0
2017-09-20,480608610.0
2017-09-21,287406810.0
2017-09-22,451022680.0
2017-09-25,478173060.0
2017-09-26,373389250.0
2017-09-27,491394810.0
2017-09-28,413748410.0
2017-09-29,510405050.0
2017-10-02,490836110.0
2017-10-03,462760930.0
2017-10-04,349365140.0
2017-10-05,479870410.0
2017-10-06,267075753.0
2017-10-09,235187727.0
2017-10-10,432879690.0
2017-10-11,382298070.0
2017-10-12,322033160.0
2017-10-13,422019900.0
2017-10-16,340343490.0
2017-10-17,300269830.0
2017-10-18,335858760.0
2017-10-19,365992670.0
2017-10-20,561922940.0
2017-10-23,184766919.0
2017-10-24,439454460.0
2017-10-25,229223914.0
2017-10-26,446912680.0
2017-10-27,524777490.0
2017-10-30,311284480.0
2017-10-31,528611680.0
2017-11-01,506794870.0
2017-11-02,394655640.0
2017-11-03,392289560.0
2017-11-06,534021880.0
2017-11-07,356341050.0
2017-11-08,439285140.0
2017-11-09,403291350.0
2017-11-10,386966980.0
2017-11-13,331787370.0
2017-11-14,269791060.0
2017-11-15,324792080.0
2017-11-16,547801910.0
2017-11-17,543914260.0
2017-11-20,405987420.0
2017-11-21,495969660.0
2017-11-22,379123860.0
2017-11-24,213073149.0
2017-11-27,269327540.0
2017-11-28,643585880.0
2017-11-29,564696430.0
2017-11-30,924218430.0
2017-12-01,538441180.0
2017-12-04,571324440.0
2017-12-05,232754339.0
2017-12-06,274594630.0
2017-12-07,526936450.0
2017-12-08,523548110.0
2017-12-11,470522110.0
2017-12-12,477781380.0
2017-12-13,421114760.0
2017-12-14,218546785.0
2017-12-15,1847778820.0
2017-12-18,706850850.0
2017-12-19,293720270.0
2017-12-20,411417580.0
2017-12-21,546933340.0
2017-12-22,302368920.0
2017-12-26,338656480.0
2017-12-27,245053220.0
2017-12-28,359671810.0
2017-12-29,221711435.0
2018-01-02,599757370.0
2018-01-03,488928460.0
2018-01-04,551238860.0
2018-01-05,469095200.0
2018-01-08,437185820.0
2018-01-09,359773750.0
2018-01-10,418440560.0
2018-01-11,670188600.0
2018-01-12,558101670.0
2018-01-16,357785770.0
2018-01-17,607296860.0
2018-01-18,274594790.0
2018-01-19,650503300.0
2018-01-22,594478930.0
2018-01-23,404927100.0
2018-01-24,526424690.0
2018-01-25,369385850.0
2018-01-26,557954510.0
2018-01-29,195691771.0
2018-01-30,152371612.0
2018-01-31,575116450.0
2018-02-01,459258400.0
2018-02-02,68893734.0
2018-02-05,41695852.0
2018-02-06,1150483360.0
2018-02-07,469201390.0
2018-02-08,110882524.0
2018-02-09,923753070.0
2018-02-12,826973930.0
2018-02-13,427755140.0
2018-02-14,764985000.0
2018-02-15,582228770.0
2018-02-16,517227500.0
2018-02-20,241367161.0
2018-02-21,248271697.0
2018-02-22,454109010.0
2018-02-23,598253150.0
2018-02-26,580373370.0
2018-02-27,102795225.0
2018-02-28,199770995.0
2018-03-01,373526640.0
2018-03-02,483891010.0
2018-03-05,722948190.0
2018-03-06,534647430.0
2018-03-07,345914160.0
2018-03-08,425266090.0
2018-03-09,652757300.0
2018-03-12,460684350.0
2018-03-13,244334800.0
2018-03-14,287822040.0
2018-03-15,270074660.0
2018-03-16,1823809640.0
2018-03-19,106317330.0
2018-03-20,364323980.0
2018-03-21,470602160.0
2018-03-22,89361213.0
2018-03-23,159443263.0
2018-03-26,773281970.0
2018-03-27,212795823.0
2018-03-28,465382010.0
2018-03-29,797973230.0
2018-04-02,78762451.0
2018-04-03,734567720.0
2018-04-04,637051770.0
2018-04-05,593176460.0
2018-04-06,70979577.0
2018-04-09,381004190.0
2018-04-10,765132510.0
2018-04-11,345568630.0
2018-04-12,430427900.0
2018-04-13,295425740.0
2018-04-16,547669910.0
2018-04-17,531153890.0
2018-04-18,460919980.0
2018-04-19,285060410.0
2018-04-20,294162780.0
2018-04-23,376887600.0
2018-04-24,320733780.0
2018-04-25,398666660.0
2018-04-26,539997040.0
2018-04-27,401883790.0
2018-04-30,281203340.0
2018-05-01,358991630.0
2018-05-02,346989550.0
2018-05-03,323883330.0
2018-05-04,629772990.0
2018-05-07,452326040.0
2018-05-08,452407540.0
2018-05-09,616283790.0
2018-05-10,603279600.0
2018-05-11,374203730.0
2018-05-14,373562990.0
2018-05-15,305590090.0
2018-05-16,500849870.0
2018-05-17,394623430.0
2018-05-18,329569500.0
2018-05-21,503792000.0
2018-05-22,322451300.0
2018-05-23,359485670.0
2018-05-24,345248860.0
2018-05-25,251939579.0
2018-05-29,244759104.0
2018-05-30,737975260.0
2018-05-31,333297460.0
2018-06-01,587789100.0
2018-06-04,519553320.0
2018-06-05,444792230.0
2018-06-06,689092080.0
2018-06-07,464943380.0
2018-06-08,520558610.0
2018-06-11,469499190.0
2018-06-12,433008030.0
2018-06-13,274238450.0
2018-06-14,465892980.0
2018-06-15,977234120.0
2018-06-18,495216280.0
2018-06-19,412842480.0
2018-06-20,453397910.0
2018-06-21,221330802.0
2018-06-22,1418999200.0
2018-06-25,185794583.0
2018-06-26,503110230.0
2018-06-27,264868552.0
2018-06-28,515798790.0
2018-06-29,507691480.0
2018-07-02,357318470.0
2018-07-03,291182090.0
2018-07-05,616839790.0
2018-07-06,542397820.0
2018-07-09,517649840.0
2018-07-10,414674450.0
2018-07-11,133275123.0
2018-07-12,424005260.0
2018-07-13,287378520.0
2018-07-16,276818250.0
2018-07-17,419155020.0
2018-07-18,394356930.0
2018-07-19,330024240.0
2018-07-20,373020050.0
2018-07-23,305825800.0
2018-07-24,431661970.0
2018-07-25,506989540.0
2018-07-26,454388340.0
2018-07-27,299670630.0
2018-07-30,394393280.0
2018-07-31,660100780.0
2018-08-01,267088735.0
2018-08-02,431004070.0
2018-08-03,471173320.0
2018-08-06,363313270.0
2018-08-07,384632540.0
2018-08-08,273239800.0
2018-08-09,279425400.0
2018-08-10,195178926.0
2018-08-13,155195256.0
2018-08-14,487201860.0
2018-08-15,183059366.0
2018-08-16,520755710.0
2018-08-17,580083110.0
2018-08-20,426943200.0
2018-08-21,437731830.0
2018-08-22,282750510.0
2018-08-23,179856016.0
2018-08-24,414388970.0
2018-08-27,522720660.0
2018-08-28,238660905.0
2018-08-29,386002380.0
2018-08-30,138550049.0
2018-08-31,406388210.0
2018-09-04,244018663.0
2018-09-05,434984460.0
2018-09-06,279353480.0
2018-09-07,282051270.0
2018-09-10,374786020.0
2018-09-11,361156310.0
2018-09-12,478724290.0
2018-09-13,411634450.0
2018-09-14,398865790.0
2018-09-17,368142380.0
2018-09-18,455292900.0
2018-09-19,500932750.0
2018-09-20,644741920.0
2018-09-21,1461190600.0
2018-09-24,237028301.0
2018-09-25,367848780.0
2018-09-26,234337616.0
2018-09-27,380591520.0
2018-09-28,475419270.0
2018-10-01,422396510.0
2018-10-02,377949660.0
2018-10-03,517027420.0
2018-10-04,273324360.0
2018-10-05,306952290.0
2018-10-08,534057900.0
2018-10-09,333602240.0
2018-10-10,90130870.0
2018-10-11,179690791.0
2018-10-12,605752720.0
2018-10-15,471377480.0
2018-10-16,662196360.0
2018-10-17,351581160.0
2018-10-18,150952079.0
2018-10-19,500895870.0
2018-10-22,244619309.0
2018-10-23,301294040.0
2018-10-24,139534566.0
2018-10-25,759215430.0
2018-10-26,281134910.0
2018-10-29,434832540.0
2018-10-30,918464230.0
2018-10-31,786692240.0
2018-11-01,738201910.0
2018-11-02,424497750.0
2018-11-05,642110090.0
2018-11-06,519443930.0
2018-11-07,671150010.0
2018-11-08,292839490.0
2018-11-09,276429890.0
2018-11-12,144770083.0
2018-11-13,452249210.0
2018-11-14,382535640.0
2018-11-15,606878920.0
2018-11-16,585613120.0
2018-11-19,286424610.0
2018-11-20,107085158.0
2018-11-21,591269340.0
2018-11-23,145803944.0
2018-11-26,620574560.0
2018-11-27,357218990.0
2018-11-28,827397140.0
2018-11-29,339173680.0
2018-11-30,875064000.0
2018-12-03,750702980.0
2018-12-04,73902940.0
2018-12-06,463587270.0
2018-12-07,196357793.0
2018-12-10,260178473.0
2018-12-11,365329070.0
2018-12-12,687205210.0
2018-12-13,367466880.0
2018-12-14,181238369.0
2018-12-17,148438468.0
2018-12-18,484518350.0
2018-12-19,298969420.0
2018-12-20,246645227.0
2018-12-21,425042040.0
2018-12-24,73611294.0
2018-12-26,1028744500.0
2018-12-27,670115070.0
2018-12-28,450856690.0
2018-12-31,673518940.0
2019-01-02,643436850.0
2019-01-03,310229210.0
2019-01-04,1054731560.0
2019-01-07,799309690.0
2019-01-08,725643590.0
2019-01-09,686778350.0
2019-01-10,504258270.0
2019-01-11,452794950.0
2019-01-14,375612530.0
2019-01-15,533455920.0
2019-01-16,517137920.0
2019-01-17,661852220.0
2019-01-18,848412270.0
2019-01-22,148864635.0
2019-01-23,361055900.0
2019-01-24,504195970.0
2019-01-25,670117160.0
2019-01-28,321144910.0
2019-01-29,456016660.0
2019-01-30,676393680.0
2019-01-31,887584600.0
2019-02-01,471264440.0
2019-02-04,546382690.0
2019-02-05,513668050.0
2019-02-06,271889800.0
2019-02-07,260116681.0
2019-02-08,370031490.0
2019-02-11,486082520.0
2019-02-12,672978690.0
2019-02-13,511010020.0
2019-02-14,498308390.0
2019-02-15,783922020.0
2019-02-19,530819450.0
2019-02-20,555574490.0
2019-02-21,270429290.0
2019-02-22,517574280.0
2019-02-25,463967870.0
2019-02-26,357384760.0
2019-02-27,445319810.0
2019-02-28,505315690.0
2019-03-01,590751270.0
2019-03-04,412459810.0
2019-03-05,366961230.0
2019-03-06,123145571.0
2019-03-07,257279639.0
2019-03-08,338118660.0
2019-03-11,773906900.0
2019-03-12,489801860.0
2019-03-13,741168900.0
2019-03-14,380646470.0
2019-03-15,1582591810.0
2019-03-18,670703290.0
2019-03-19,390826750.0
2019-03-20,364078180.0
2019-03-21,587027420.0
2019-03-22,144060250.0
2019-03-25,384076540.0
2019-03-26,661875710.0
2019-03-27,261649557.0
2019-03-28,482382830.0
2019-03-29,707170980.0
2019-04-01,643686670.0
2019-04-02,328797410.0
2019-04-03,437048600.0
2019-04-04,507552130.0
2019-04-05,577701230.0
2019-04-08,413324110.0
2019-04-09,148844180.0
2019-04-10,453460620.0
2019-04-11,302584740.0
2019-04-12,492819850.0
2019-04-15,307664200.0
2019-04-16,424242230.0
2019-04-17,322111410.0
2019-04-18,445772450.0
2019-04-22,321898830.0
2019-04-23,599617460.0
2019-04-24,324952160.0
2019-04-25,268260541.0
2019-04-26,536717720.0
2019-04-29,395070890.0
2019-04-30,558907250.0
2019-05-01,186220725.0
2019-05-02,337511040.0
2019-05-03,660512920.0
2019-05-06,272245510.0
2019-05-07,136527720.0
2019-05-08,361468990.0
2019-05-09,299777890.0
2019-05-10,461762120.0
2019-05-13,85310778.0
2019-05-14,599172490.0
2019-05-15,409633390.0
2019-05-16,503537730.0
2019-05-17,226328113.0
2019-05-20,279425290.0
2019-05-21,607235790.0
2019-05-22,213971809.0
2019-05-23,180997939.0
2019-05-24,384524890.0
2019-05-28,343259890.0
2019-05-29,261886491.0
2019-05-30,309878000.0
2019-05-31,260028131.0
2019-06-03,721084680.0
2019-06-04,783574430.0
2019-06-05,356356890.0
2019-06-06,490527120.0
2019-06-07,479305830.0
2019-06-10,410160320.0
2019-06-11,564805330.0
2019-06-12,267935803.0
2019-06-13,542281390.0
2019-06-14,277882970.0
2019-06-17,354896120.0
2019-06-18,602626330.0
2019-06-19,471496450.0
2019-06-20,766971330.0
2019-06-21,769557320.0
2019-06-24,285156230.0
2019-06-25,223231890.0
2019-06-26,440334180.0
2019-06-27,502599970.0
2019-06-28,1603692470.0
2019-07-01,486045450.0
2019-07-02,352632180.0
2019-07-03,379314250.0
2019-07-05,319533830.0
2019-07-08,217594535.0
2019-07-09,346421460.0
2019-07-10,431546480.0
2019-07-11,315460750.0
2019-07-12,442300110.0
2019-07-15,275358370.0
2019-07-16,271402650.0
2019-07-17,211354667.0
2019-07-18,406756850.0
2019-07-19,303235030.0
2019-07-22,341850960.0
2019-07-23,490084320.0
2019-07-24,557900050.0
2019-07-25,218374044.0
2019-07-26,491457120.0
2019-07-29,294767760.0
2019-07-30,429047670.0
2019-07-31,313475170.0
2019-08-01,277238650.0
2019-08-02,293421020.0
2019-08-05,86484061.0
2019-08-06,601300020.0
2019-08-07,480835100.0
2019-08-08,884777280.0
2019-08-09,167486560.0
2019-08-12,92326991.0
2019-08-13,626345440.0
2019-08-14,48493991.0
2019-08-15,360174480.0
2019-08-16,768622410.0
2019-08-19,593036170.0
2019-08-20,198365809.0
2019-08-21,468870730.0
2019-08-22,324795630.0
2019-08-23,72780525.0
2019-08-26,517916950.0
2019-08-27,271933020.0
2019-08-28,579360160.0
2019-08-29,593177950.0
2019-08-30,519077600.0
2019-09-03,276607050.0
2019-09-04,649284080.0
2019-09-05,661815480.0
2019-09-06,379844550.0
2019-09-09,615207340.0
2019-09-10,584871390.0
2019-09-11,617596250.0
2019-09-12,396351300.0
2019-09-13,433196760.0
2019-09-16,516706640.0
2019-09-17,318956310.0
2019-09-18,315320860.0
2019-09-19,358109030.0
2019-09-20,1196993120.0
2019-09-23,429014610.0
2019-09-24,192034771.0
2019-09-25,524185440.0
2019-09-26,273035320.0
2019-09-27,329938350.0
2019-09-30,474064170.0
2019-10-01,119808079.0
2019-10-02,127976556.0
2019-10-03,546010450.0
2019-10-04,539360170.0
2019-10-07,288611450.0
2019-10-08,111149240.0
2019-10-09,459933770.0
2019-10-10,549116090.0
2019-10-11,721232900.0
2019-10-14,248522583.0
2019-10-15,528563490.0
2019-10-16,347212090.0
2019-10-17,464606860.0
2019-10-18,432062060.0
2019-10-21,532421140.0
2019-10-22,445308050.0
2019-10-23,522721630.0
2019-10-24,300044010.0
2019-10-25,511914530.0
2019-10-28,425597720.0
2019-10-29,418226090.0
2019-10-30,421257550.0
2019-10-31,348086240.0
2019-11-01,678567540.0
2019-11-04,642414790.0
2019-11-05,502559910.0
2019-11-06,404935350.0
2019-11-07,531605620.0
2019-11-08,444664330.0
2019-11-11,303514740.0
2019-11-12,322855810.0
2019-11-13,315962970.0
2019-11-14,310700870.0
2019-11-15,653293250.0
2019-11-18,313324100.0
2019-11-19,344802210.0
2019-11-20,398671990.0
2019-11-21,431586060.0
2019-11-22,466721360.0
2019-11-25,598695540.0
2019-11-26,846914230.0
2019-11-27,523289500.0
2019-11-29,121514894.0
2019-12-02,227265113.0
2019-12-03,274827810.0
2019-12-04,688208920.0
2019-12-05,418424170.0
2019-12-06,674096840.0
2019-12-09,423797350.0
2019-12-10,401231990.0
2019-12-11,416174550.0
2019-12-12,667877320.0
2019-12-13,348160410.0
2019-12-16,781038260.0
2019-12-17,524162040.0
2019-12-18,583743330.0
2019-12-19,576597350.0
2019-12-20,1773497760.0
2019-12-23,418722020.0
2019-12-24,171781807.0
2019-12-26,375347210.0
2019-12-27,228443171.0
2019-12-30,287971290.0
2019-12-31,606623980.0
2020-01-02,472456750.0
2020-01-03,340499750.0
2020-01-06,520833500.0
2020-01-07,339810390.0
2020-01-08,461737120.0
2020-01-09,478497630.0
2020-01-10,320263390.0
2020-01-13,554648940.0
2020-01-14,526604800.0
2020-01-15,445309590.0
2020-01-16,616170790.0
2020-01-17,498992950.0
2020-01-21,359527190.0
2020-01-22,367638780.0
2020-01-23,447613340.0
2020-01-24,126833709.0
2020-01-27,111833038.0
2020-01-28,615831190.0
2020-01-29,352414240.0
2020-01-30,438843960.0
2020-01-31,143259626.0
2020-02-03,604382530.0
2020-02-04,730897450.0
2020-02-05,741070320.0
2020-02-06,452416270.0
2020-02-07,233826057.0
2020-02-10,436991480.0
2020-02-11,593495280.0
2020-02-12,608705560.0
2020-02-13,341716550.0
2020-02-14,367192740.0
2020-02-18,350739380.0
2020-02-19,514793470.0
2020-02-20,493708300.0
2020-02-21,303287900.0
2020-02-24,78871221.0
2020-02-25,125233905.0
2020-02-26,258672771.0
2020-02-27,112129222.0
2020-02-28,789537870.0
2020-03-02,1336197600.0
2020-03-03,284550990.0
2020-03-04,1038789320.0
2020-03-05,113822653.0
2020-03-06,259796707.0
2020-03-09,70858765.0
2020-03-10,1612327290.0
2020-03-11,59422576.0
2020-03-12,156606208.0
2020-03-13,1905377050.0
2020-03-16,114638007.0
2020-03-17,1323742590.0
2020-03-18,133801101.0
2020-03-19,1229356960.0
2020-03-20,959464790.0
2020-03-23,395255500.0
2020-03-24,1593778120.0
2020-03-25,1437150210.0
2020-03-26,1380369250.0
2020-03-27,207603052.0
2020-03-30,683190729.0
2020-03-31,737633395.0
2020-04-01,96731199.0
2020-04-02,839725838.0
2020-04-03,492287704.0
2020-04-06,1310768140.0
2020-04-07,1028406760.0
2020-04-08,1125520320.0
2020-04-09,1177558940.0
2020-04-13,319187378.0
2020-04-14,736833786.0
2020-04-15,114137583.0
2020-04-16,338463548.0
2020-04-17,1216551800.0
2020-04-20,239103744.0
2020-04-21,182555088.0
2020-04-22,715040490.0
2020-04-23,700338860.0
2020-04-24,626718681.0
2020-04-27,804680053.0
2020-04-28,795043625.0
2020-04-29,1029870500.0
2020-04-30,382474388.0
2020-05-01,80072514.0
2020-05-04,435094694.0
2020-05-05,429921817.0
2020-05-06,170850296.0
2020-05-07,683909377.0
2020-05-08,816870134.0
2020-05-11,259859953.0
2020-05-12,176055370.0
2020-05-13,109298963.0
2020-05-14,732711212.0
2020-05-15,752625414.0
2020-05-18,1090127160.0
2020-05-19,236113731.0
2020-05-20,716676675.0
2020-05-21,453801604.0
2020-05-22,322645659.0
2020-05-26,938496475.0
2020-05-27,938275978.0
2020-05-28,273923478.0
2020-05-29,838305037.0
2020-06-01,728958727.0
2020-06-02,794605671.0
2020-06-03,923125164.0
2020-06-04,774226708.0
2020-06-05,1312676970.0
2020-06-08,1298185350.0
2020-06-09,124062631.0
2020-06-10,187945945.0
2020-06-11,16229094.0
2020-06-12,1019882490.0
2020-06-15,805377343.0
2020-06-16,1077266750.0
2020-06-17,240935294.0
2020-06-18,466625773.0
2020-06-19,946654894.0
2020-06-22,569446907.0
2020-06-23,553272099.0
2020-06-24,59102925.0
2020-06-25,732862673.0
2020-06-26,466882199.0
2020-06-29,841208597.0
2020-06-30,871959418.0
2020-07-01,370045990.0
2020-07-02,614441783.0
2020-07-06,834646423.0
2020-07-07,266132242.0
2020-07-08,613659746.0
2020-07-09,221165181.0
2020-07-10,718572535.0
2020-07-13,348874397.0
2020-07-14,683255405.0
2020-07-15,823212437.0
2020-07-16,296106892.0
2020-07-17,389466692.0
2020-07-20,309248986.0
2020-07-21,727071998.0
2020-07-22,497333251.0
2020-07-23,339225503.0
2020-07-24,212722527.0
2020-07-27,448235329.0
2020-07-28,336597468.0
2020-07-29,652252368.0
2020-07-30,177095990.0
2020-07-31,472823564.0
2020-08-03,525109754.0
2020-08-04,593327400.0
2020-08-05,630036679.0
2020-08-06,359013871.0
2020-08-07,467055567.0
2020-08-10,654489904.0
2020-08-11,466828365.0
2020-08-12,418924956.0
2020-08-13,252507726.0
2020-08-14,392553537.0
2020-08-17,329623307.0
2020-08-18,257009719.0
2020-08-19,271564712.0
2020-08-20,234389877.0
2020-08-21,291991409.0
2020-08-24,635692931.0
2020-08-25,345113086.0
2020-08-26,302272780.0
2020-08-27,468748110.0
2020-08-28,625214261.0
2020-08-31,296146464.0
2020-09-01,471901901.0
2020-09-02,624001296.0
2020-09-03,231926660.0
2020-09-04,432968803.0
2020-09-08,201145699.0
2020-09-09,619367223.0
2020-09-10,150897332.0
2020-09-11,446928361.0
2020-09-14,720924383.0
2020-09-15,395774997.0
2020-09-16,770330653.0
2020-09-17,449727668.0
2020-09-18,855496279.0
2020-09-21,132464896.0
2020-09-22,485066204.0
2020-09-23,95444655.0
2020-09-24,534050979.0
2020-09-25,518232375.0
2020-09-28,701224736.0
2020-09-29,188744197.0
2020-09-30,866166005.0
2020-10-01,471515169.0
2020-10-02,585055381.0
2020-10-05,692605443.0
2020-10-06,263353814.0
2020-10-07,724689871.0
2020-10-08,680056456.0
2020-10-09,431644611.0
2020-10-12,455258453.0
2020-10-13,177161431.0
2020-10-14,329428745.0
2020-10-15,469010656.0
2020-10-16,439216706.0
2020-10-19,185542557.0
2020-10-20,544978025.0
2020-10-21,316773050.0
2020-10-22,666369273.0
2020-10-23,432176012.0
2020-10-26,74156933.0
2020-10-27,199633658.0
2020-10-28,99679736.0
2020-10-29,704006438.0
2020-10-30,503482788.0
2020-11-02,749021449.0
2020-11-03,729888105.0
2020-11-04,437931780.0
2020-11-05,776519334.0
2020-11-06,417915017.0
2020-11-09,1414850320.0
2020-11-10,775466039.0
2020-11-11,344530106.0
2020-11-12,214740238.0
2020-11-13,752846895.0
2020-11-16,932637840.0
2020-11-17,572633329.0
2020-11-18,338257409.0
2020-11-19,573751726.0
2020-11-20,419025200.0
2020-11-23,806485248.0
2020-11-24,979975816.0
2020-11-25,421037993.0
2020-11-27,226930611.0
2020-11-30,395853975.0
2020-12-01,716511278.0
2020-12-02,680217806.0
2020-12-03,632847194.0
2020-12-04,794325852.0
2020-12-07,346753300.0
2020-12-08,576794041.0
2020-12-09,516120339.0
2020-12-10,546455850.0
2020-12-11,267241679.0
2020-12-14,209853055.0
2020-12-15,758995407.0
2020-12-16,418834889.0
2020-12-17,666436535.0
2020-12-18,1027306010.0
2020-12-21,377251834.0
2020-12-22,333149582.0
2020-12-23,611864123.0
2020-12-24,152607030.0
2020-12-28,348120004.0
2020-12-29,246909424.0
2020-12-30,489439746.0
2020-12-31,468935231.0
2021-01-04,361815755.0
2021-01-05,761317839.0
2021-01-06,1122243120.0
2021-01-07,726222431.0
2021-01-08,503957066.0
2021-01-11,491231977.0
2021-01-12,793767605.0
2021-01-13,386666326.0
2021-01-14,759453646.0
2021-01-15,358504342.0
2021-01-19,654780993.0
2021-01-20,539466076.0
2021-01-21,308659541.0
2021-01-22,520270800.0
2021-01-25,612910488.0
2021-01-26,494762163.0
2021-01-27,772780905.0
2021-01-28,766383682.0
2021-01-29,336306825.0
2021-02-01,849763754.0
2021-02-02,707215900.0
2021-02-03,670850925.0
2021-02-04,663635042.0
2021-02-05,647734224.0
2021-02-08,716381128.0
2021-02-09,422280498.0
2021-02-10,533213081.0
2021-02-11,416907979.0
2021-02-12,534053409.0
2021-02-16,587526072.0
2021-02-17,412295197.0
2021-02-18,234360866.0
2021-02-19,713305571.0
2021-02-22,630382652.0
2021-02-23,617466091.0
2021-02-24,914440288.0
2021-02-25,181578267.0
2021-02-26,406506076.0
2021-03-01,902782296.0
2021-03-02,545082038.0
2021-03-03,612073552.0
2021-03-04,435788942.0
2021-03-05,1063038710.0
2021-03-08,690116230.0
2021-03-09,626735166.0
2021-03-10,889277095.0
2021-03-11,711039625.0
2021-03-12,637472286.0
2021-03-15,608348911.0
2021-03-16,238277589.0
2021-03-17,719960827.0
2021-03-18,313911349.0
2021-03-19,1587883940.0
2021-03-22,320335521.0
2021-03-23,146744319.0
2021-03-24,328306608.0
2021-03-25,798964374.0
2021-03-26,759058758.0
2021-03-29,349777679.0
2021-03-30,568057844.0
2021-03-31,545466206.0
2021-04-01,605631639.0
2021-04-05,521506820.0
2021-04-06,525769619.0
2021-04-07,327945824.0
2021-04-08,412175769.0
2021-04-09,417344861.0
2021-04-12,350276374.0
2021-04-13,368565276.0
2021-04-14,559189384.0
2021-04-15,472324519.0
2021-04-16,801695505.0
2021-04-19,332848395.0
2021-04-20,206775097.0
2021-04-21,715388060.0
2021-04-22,322042038.0
2021-04-23,641444601.0
2021-04-26,543710010.0
2021-04-27,410212602.0
2021-04-28,510385086.0
2021-04-29,484934962.0
2021-04-30,282479234.0
2021-05-03,594718199.0
2021-05-04,366564513.0
2021-05-05,566935061.0
2021-05-06,621860394.0
2021-05-07,677631776.0
2021-05-10,347315480.0
2021-05-11,341272261.0
2021-05-12,147567106.0
2021-05-13,660574803.0
2021-05-14,754235716.0
2021-05-17,565129243.0
2021-05-18,324155339.0
2021-05-19,221313254.0
2021-05-20,514800107.0
2021-05-21,553829640.0
2021-05-24,524416431.0
2021-05-25,269559908.0
2021-05-26,711561224.0
2021-05-27,1250490000.0
2021-05-28,498617209.0
2021-06-01,803989262.0
2021-06-02,746532550.0
2021-06-03,430409286.0
2021-06-04,449919169.0
2021-06-07,451035064.0
2021-06-08,522571343.0
2021-06-09,379202612.0
2021-06-10,425788929.0
2021-06-11,517775684.0
2021-06-14,300872493.0
2021-06-15,416434641.0
2021-06-16,361875209.0
2021-06-17,306408711.0
2021-06-18,385538032.0
2021-06-21,867687118.0
2021-06-22,454070235.0
2021-06-23,441333867.0
2021-06-24,613392714.0
2021-06-25,1549660330.0
2021-06-28,275250599.0
2021-06-29,293699516.0
2021-06-30,702565473.0
2021-07-01,550034643.0
2021-07-02,335141330.0
2021-07-06,206776746.0
2021-07-07,339992560.0
2021-07-08,169633298.0
2021-07-09,733183210.0
2021-07-12,416768111.0
2021-07-13,185769788.0
2021-07-14,346749870.0
2021-07-15,326490697.0
2021-07-16,184412673.0
2021-07-19,116785877.0
2021-07-20,956813783.0
2021-07-21,721683905.0
2021-07-22,181039943.0
2021-07-23,371471833.0
2021-07-26,506469740.0
2021-07-27,337208033.0
2021-07-28,618144097.0
2021-07-29,565246739.0
2021-07-30,303602654.0
2021-08-02,325911845.0
2021-08-03,606509075.0
2021-08-04,177123102.0
2021-08-05,564502816.0
2021-08-06,472348121.0
2021-08-09,304325882.0
2021-08-10,502230833.0
2021-08-11,518509803.0
2021-08-12,270193534.0
2021-08-13,268591579.0
2021-08-16,209382100.0
2021-08-17,200016987.0
2021-08-18,185610625.0
2021-08-19,186080874.0
2021-08-20,654771619.0
2021-08-23,586284860.0
2021-08-24,608613902.0
2021-08-25,462952612.0
2021-08-26,127825768.0
2021-08-27,629074199.0
2021-08-30,276187271.0
2021-08-31,728657325.0
2021-09-01,446239401.0
2021-09-02,531726525.0
2021-09-03,257010490.0
2021-09-07,303069096.0
2021-09-08,247448819.0
2021-09-09,407041508.0
2021-09-10,198609985.0
2021-09-13,592711058.0
2021-09-14,175558484.0
2021-09-15,694277293.0
2021-09-16,346703227.0
2021-09-17,1030875870.0
2021-09-20,111787276.0
2021-09-21,440398130.0
2021-09-22,735792195.0
2021-09-23,631732817.0
2021-09-24,344607485.0
2021-09-27,640352147.0
2021-09-28,179337522.0
2021-09-29,429434499.0
2021-09-30,292100470.0
2021-10-01,709608400.0
2021-10-04,454911215.0
2021-10-05,554122226.0
2021-10-06,367986389.0
2021-10-07,674142727.0
2021-10-08,374159764.0
2021-10-11,270195811.0
2021-10-12,404645748.0
2021-10-13,453196551.0
2021-10-14,628382441.0
2021-10-15,596953150.0
2021-10-18,350411315.0
2021-10-19,440010290.0
2021-10-20,541085727.0
2021-10-21,308951091.0
2021-10-22,374549108.0
2021-10-25,499012533.0
2021-10-26,311468858.0
2021-10-27,158605426.0
2021-10-28,599899342.0
2021-10-29,381343532.0
2021-11-01,662064746.0
2021-11-02,331755120.0
2021-11-03,614306404.0
2021-11-04,294336720.0
2021-11-05,597709697.0
2021-11-08,503151023.0
2021-11-09,352037641.0
2021-11-10,342962117.0
2021-11-11,498475269.0
2021-11-12,401082491.0
2021-11-15,399788767.0
2021-11-16,305727117.0
2021-11-17,237446376.0
2021-11-18,252129995.0
2021-11-19,252068012.0
2021-11-22,521647167.0
2021-11-23,504060615.0
2021-11-24,422194657.0
2021-11-26,69335136.0
2021-11-29,491476758.0
2021-11-30,235855316.0
2021-12-01,219525962.0
2021-12-02,956299201.0
2021-12-03,295952494.0
2021-12-06,843776227.0
2021-12-07,846973709.0
2021-12-08,559414694.0
2021-12-09,209896665.0
2021-12-10,442146883.0
2021-12-13,251066345.0
2021-12-14,371999384.0
2021-12-15,709687513.0
2021-12-16,562720235.0
2021-12-17,1300149110.0
2021-12-20,188800005.0
2021-12-21,832580145.0
2021-12-22,534025769.0
2021-12-23,470859936.0
2021-12-27,431316824.0
2021-12-28,253060161.0
2021-12-29,268762261.0
2021-12-30,357531308.0
2021-12-31,347461801.0
2022-01-03,572232549.0
2022-01-04,619607636.0
2022-01-05,241108692.0
2022-01-06,516334487.0
2022-01-07,553032723.0
2022-01-10,387292566.0
2022-01-11,689193439.0
2022-01-12,490313439.0
2022-01-13,362316551.0
2022-01-14,438221579.0
2022-01-18,167413722.0
2022-01-19,266443852.0
2022-01-20,198796275.0
2022-01-21,169875654.0
2022-01-24,696613794.0
2022-01-25,499159438.0
2022-01-26,389811135.0
2022-01-27,346163093.0
2022-01-28,795467162.0
2022-01-31,1128596170.0
2022-02-01,764705741.0
2022-02-02,488269665.0
2022-02-03,157475249.0
2022-02-04,531975971.0
2022-02-07,506589966.0
2022-02-08,594700345.0
2022-02-09,722961482.0
2022-02-10,263611923.0
2022-02-11,357876164.0
2022-02-14,243166906.0
2022-02-15,724946508.0
2022-02-16,491146357.0
2022-02-17,198381501.0
2022-02-18,360246066.0
2022-02-22,212273433.0
2022-02-23,249683075.0
2022-02-24,761483991.0
2022-02-25,928200010.0
2022-02-28,667309659.0
2022-03-01,417942453.0
2022-03-02,933492796.0
2022-03-03,436718124.0
2022-03-04,411624445.0
2022-03-07,348886855.0
2022-03-08,924874983.0
2022-03-09,908783878.0
2022-03-10,480669541.0
2022-03-11,200451812.0
2022-03-14,347564304.0
2022-03-15,883071092.0
2022-03-16,1116892350.0
2022-03-17,844065394.0
2022-03-18,2156822820.0
2022-03-21,464789643.0
2022-03-22,746960002.0
2022-03-23,358082882.0
2022-03-24,618786509.0
2022-03-25,551963807.0
2022-03-28,416300492.0
2022-03-29,790738990.0
2022-03-30,357169111.0
2022-03-31,219951954.0
2022-04-01,701942705.0
2022-04-04,541148350.0
2022-04-05,199016066.0
2022-04-06,352361316.0
2022-04-07,423909183.0
2022-04-08,495418841.0
2022-04-11,329396736.0
2022-04-12,362119288.0
2022-04-13,657656232.0
2022-04-14,314189438.0
2022-04-18,339501556.0
2022-04-19,630310555.0
2022-04-20,523672564.0
2022-04-21,154068833.0
2022-04-22,88325388.0
2022-04-25,524111894.0
2022-04-26,107522107.0
2022-04-27,496280531.0
2022-04-28,820090010.0
2022-04-29,139931105.0
2022-05-02,606275043.0
2022-05-03,704046565.0
2022-05-04,972817488.0
2022-05-05,56235706.0
2022-05-06,343048585.0
2022-05-09,87618072.0
2022-05-10,488621957.0
2022-05-11,353130633.0
2022-05-12,768081233.0
2022-05-13,1026505180.0
2022-05-16,463247783.0
2022-05-17,882853522.0
2022-05-18,61435886.0
2022-05-19,589049792.0
2022-05-20,555410233.0
2022-05-23,734750235.0
2022-05-24,362496096.0
2022-05-25,838283447.0
2022-05-26,866561489.0
2022-05-27,806621186.0
2022-05-31,595906127.0
2022-06-01,325563682.0
2022-06-02,740549166.0
2022-06-03,168284714.0
2022-06-06,557041998.0
2022-06-07,670642362.0
2022-06-08,225287571.0
2022-06-09,58169893.0
2022-06-10,113884402.0
2022-06-13,20053107.0
2022-06-14,425404191.0
2022-06-15,1051654620.0
2022-06-16,71497059.0
2022-06-17,1915975550.0
2022-06-21,1014846080.0
2022-06-22,489133595.0
2022-06-23,562864248.0
2022-06-24,2433667620.0
2022-06-27,520018000.0
2022-06-28,234631766.0
2022-06-29,215832238.0
2022-06-30,321008995.0
2022-07-01,701634997.0
2022-07-05,430215454.0
2022-07-06,312527305.0
2022-07-07,791586908.0
2022-07-08,286508928.0
2022-07-11,141458478.0
2022-07-12,330703925.0
2022-07-13,379738775.0
2022-07-14,137702406.0
2022-07-15,885399843.0
2022-07-18,516643963.0
2022-07-19,833120830.0
2022-07-20,573655952.0
2022-07-21,531338971.0
2022-07-22,211248689.0
2022-07-25,506027360.0
2022-07-26,245166901.0
2022-07-27,761200607.0
2022-07-28,655816938.0
2022-07-29,902867681.0
2022-08-01,388234731.0
2022-08-02,330559256.0
2022-08-03,570569752.0
2022-08-04,369754436.0
2022-08-05,509378712.0
2022-08-08,580240914.0
2022-08-09,342230699.0
2022-08-10,827302733.0
2022-08-11,539635344.0
2022-08-12,664275446.0
2022-08-15,340269648.0
2022-08-16,495199226.0
2022-08-17,148932635.0
2022-08-18,379595110.0
2022-08-19,129121587.0
2022-08-22,117929837.0
2022-08-23,397310866.0
2022-08-24,509673025.0
2022-08-25,625159054.0
2022-08-26,54666399.0
2022-08-29,229930917.0
2022-08-30,149990792.0
2022-08-31,373299803.0
2022-09-01,290634463.0
2022-09-02,298170057.0
2022-09-06,280548129.0
2022-09-07,707246949.0
2022-09-08,591924766.0
2022-09-09,747871786.0
2022-09-12,710325205.0
2022-09-13,38088225.0
2022-09-14,505043706.0
2022-09-15,324348629.0
2022-09-16,681245990.0
2022-09-19,665810941.0
2022-09-20,86959838.0
2022-09-21,111320015.0
2022-09-22,196072190.0
2022-09-23,93702212.0
2022-09-26,125043303.0
2022-09-27,489052012.0
2022-09-28,951000586.0
2022-09-29,127596434.0
2022-09-30,660785230.0
2022-10-03,988732383.0
2022-10-04,1040412560.0
2022-10-05,337482726.0
2022-10-06,231004413.0
2022-10-07,86798966.0
2022-10-10,210352778.0
2022-10-11,470333819.0
2022-10-12,394860498.0
2022-10-13,888475603.0
2022-10-14,116479861.0
2022-10-17,901001730.0
2022-10-18,817658721.0
2022-10-19,230263885.0
2022-10-20,383856470.0
2022-10-21,978826629.0
2022-10-24,574537162.0
2022-10-25,865187831.0
2022-10-26,622615152.0
2022-10-27,566465807.0
2022-10-28,657384145.0
2022-10-31,505698632.0
2022-11-01,600616567.0
2022-11-02,104134102.0
2022-11-03,433085752.0
2022-11-04,825866371.0
2022-11-07,574713410.0
2022-11-08,592738679.0
2022-11-09,81997000.0
2022-11-10,1079816690.0
2022-11-11,830855619.0
2022-11-14,271178774.0
2022-11-15,759691470.0
2022-11-16,166649904.0
2022-11-17,322056371.0
2022-11-18,600181550.0
2022-11-21,331542376.0
2022-11-22,617178174.0
2022-11-23,422230722.0
2022-11-25,206683809.0
2022-11-28,110727264.0
2022-11-29,549222181.0
2022-11-30,1755245980.0
2022-12-01,434156875.0
2022-12-02,464391577.0
2022-12-05,64706859.0
2022-12-06,284114307.0
2022-12-07,340638919.0
2022-12-08,529203192.0
2022-12-09,291357953.0
2022-12-12,659671426.0
2022-12-13,747218404.0
2022-12-14,361262763.0
2022-12-15,130181279.0
2022-12-16,686607395.0
2022-12-19,254136423.0
2022-12-20,531526282.0
2022-12-21,714324122.0
2022-12-22,205157861.0
2022-12-23,416401092.0
2022-12-27,329970403.0
2022-12-28,99798085.0
2022-12-29,616294522.0
2022-12-30,300986446.0
2023-01-03,460411722.0
2023-01-04,841042645.0
2023-01-05,336227261.0
2023-01-06,720440263.0
2023-01-09,535265939.0
2023-01-10,582562490.0
2023-01-11,629411182.0
2023-01-12,645763503.0
2023-01-13,474984013.0
2023-01-17,406327167.0
2023-01-18,133301788.0
2023-01-19,264121660.0
2023-01-20,857107968.0
2023-01-23,599708605.0
2023-01-24,249205348.0
2023-01-25,464916920.0
2023-01-26,509144299.0
2023-01-27,440887176.0
2023-01-30,184312761.0
2023-01-31,1161200680.0
2023-02-01,707915026.0
2023-02-02,711951316.0
2023-02-03,237213268.0
2023-02-06,236216712.0
2023-02-07,590285723.0
2023-02-08,233458677.0
2023-02-09,210421100.0
2023-02-10,465725128.0
2023-02-13,600105550.0
2023-02-14,410934837.0
2023-02-15,519881362.0
2023-02-16,218398009.0
2023-02-17,372453589.0
2023-02-21,116569197.0
2023-02-22,454558680.0
2023-02-23,495298652.0
2023-02-24,244832916.0
2023-02-27,426630943.0
2023-02-28,593370713.0
2023-03-01,432956926.0
2023-03-02,553802708.0
2023-03-03,758344944.0
2023-03-06,291155954.0
2023-03-07,112974084.0
2023-03-08,385927014.0
2023-03-09,60769953.0
2023-03-10,126721005.0
2023-03-13,391937132.0
2023-03-14,961370763.0
2023-03-15,317301419.0
2023-03-16,929170258.0
2023-03-17,439816281.0
2023-03-20,854153870.0
2023-03-21,930125654.0
2023-03-22,104885972.0
2023-03-23,368216600.0
2023-03-24,630162058.0
2023-03-27,695602479.0
2023-03-28,504949121.0
2023-03-29,772439842.0
2023-03-30,534320199.0
2023-03-31,991011531.0
2023-04-03,498090172.0
2023-04-04,260671724.0
2023-04-05,356784056.0
2023-04-06,427099466.0
2023-04-10,571132226.0
2023-04-11,627833582.0
2023-04-12,291067588.0
2023-04-13,605115502.0
2023-04-14,297504750.0
2023-04-17,535756675.0
2023-04-18,397243213.0
2023-04-19,345587388.0
2023-04-20,213045977.0
2023-04-21,386665062.0
2023-04-24,411243971.0
2023-04-25,108135065.0
2023-04-26,195266878.0
2023-04-27,693718998.0
2023-04-28,790451007.0
2023-05-01,354667123.0
2023-05-02,148091079.0
2023-05-03,342703782.0
2023-05-04,343172774.0
2023-05-05,835192918.0
2023-05-08,438722141.0
2023-05-09,360541493.0
2023-05-10,433903430.0
2023-05-11,245025361.0
2023-05-12,290892002.0
2023-05-15,586856799.0
2023-05-16,120921244.0
2023-05-17,736408682.0
2023-05-18,501108790.0
2023-05-19,366659632.0
2023-05-22,510527107.0
2023-05-23,374555538.0
2023-05-24,178186929.0
2023-05-25,279606876.0
2023-05-26,573727372.0
2023-05-30,381512038.0
2023-05-31,839177642.0
2023-06-01,738504181.0
2023-06-02,849700871.0
2023-06-05,323789551.0
2023-06-06,684417693.0
2023-06-07,717319472.0
2023-06-08,399743124.0
2023-06-09,351230975.0
2023-06-12,505852588.0
2023-06-13,733005449.0
2023-06-14,404563794.0
2023-06-15,859820788.0
2023-06-16,1325306860.0
2023-06-20,221665012.0
2023-06-21,399724572.0
2023-06-22,234948109.0
2023-06-23,524160731.0
2023-06-26,557027788.0
2023-06-27,644927501.0
2023-06-28,414984073.0
2023-06-29,616346983.0
2023-06-30,771715111.0
2023-07-03,346162754.0
2023-07-05,296621571.0
2023-07-06,96192039.0
2023-07-07,680254369.0
2023-07-10,567927020.0
2023-07-11,656759071.0
2023-07-12,599998818.0
2023-07-13,586168549.0
2023-07-14,149668142.0
2023-07-17,436679385.0
2023-07-18,614547280.0
2023-07-19,607541465.0
2023-07-20,376267581.0
2023-07-21,469492233.0
2023-07-24,534641120.0
2023-07-25,384001448.0
2023-07-26,542973920.0
2023-07-27,240519267.0
2023-07-28,619621260.0
2023-07-31,818744754.0
2023-08-01,262922787.0
2023-08-02,203314589.0
2023-08-03,387709150.0
2023-08-04,354835872.0
2023-08-07,507692281.0
2023-08-08,296066229.0
2023-08-09,331831450.0
2023-08-10,385029231.0
2023-08-11,377979418.0
2023-08-14,309289972.0
2023-08-15,110639932.0
2023-08-16,193885527.0
2023-08-17,338961513.0
2023-08-18,589960628.0
2023-08-21,378055115.0
2023-08-22,272334001.0
2023-08-23,553522129.0
2023-08-24,395098804.0
2023-08-25,455730823.0
2023-08-28,524667815.0
2023-08-29,624362398.0
2023-08-30,384550464.0
2023-08-31,510801621.0
2023-09-01,540564611.0
2023-09-05,196666405.0
2023-09-06,269719188.0
2023-09-07,281350250.0
2023-09-08,408072202.0
2023-09-11,465466840.0
2023-09-12,428565244.0
2023-09-13,298392537.0
2023-09-14,741984410.0
2023-09-15,1227178910.0
2023-09-18,285936693.0
2023-09-19,339099082.0
2023-09-20,265404924.0
2023-09-21,94698772.0
2023-09-22,372402220.0
2023-09-25,440126388.0
2023-09-26,87125367.0
2023-09-27,485757252.0
2023-09-28,646175888.0
2023-09-29,468830904.0
2023-10-02,169729824.0
2023-10-03,186793601.0
2023-10-04,526886880.0
2023-10-05,441538553.0
2023-10-06,666819892.0
2023-10-09,485135573.0
2023-10-10,673520418.0
2023-10-11,454577640.0
2023-10-12,133389635.0
2023-10-13,361023544.0
2023-10-16,719749416.0
2023-10-17,695983788.0
2023-10-18,141940438.0
2023-10-19,205143154.0
2023-10-20,226260839.0
2023-10-23,255952682.0
2023-10-24,596459341.0
2023-10-25,256726513.0
2023-10-26,539170560.0
2023-10-27,185656148.0
2023-10-30,633045374.0
2023-10-31,784472455.0
2023-11-01,595634604.0
2023-11-02,950184311.0
2023-11-03,841682968.0
2023-11-06,206313659.0
2023-11-07,323914312.0
2023-11-08,287921213.0
2023-11-09,211550235.0
2023-11-10,619972637.0
2023-11-13,342400169.0
2023-11-14,979318625.0
2023-11-15,668687442.0
2023-11-16,259105487.0
2023-11-17,730764361.0
2023-11-20,568857256.0
2023-11-21,253791658.0
2023-11-22,461348562.0
2023-11-24,278011051.0
2023-11-27,296713807.0
2023-11-28,452111144.0
2023-11-29,625093790.0
2023-11-30,1345960660.0
2023-12-01,893898075.0
2023-12-04,518791849.0
2023-12-05,184167184.0
2023-12-06,429410212.0
2023-12-07,576593095.0
2023-12-08,597974741.0
2023-12-11,513292435.0
2023-12-12,354246273.0
2023-12-13,1178599150.0
2023-12-14,1218921090.0
2023-12-15,834785056.0
2023-12-18,534298883.0
2023-12-19,862672000.0
2023-12-20,85474079.0
2023-12-21,754985909.0
2023-12-22,472310997.0
2023-12-26,464611776.0
2023-12-27,365237370.0
2023-12-28,361826141.0
2023-12-29,189827279.0
2024-01-02,444971759.0
2024-01-03,229854273.0
2024-01-04,544590139.0
2024-01-05,620365164.0
2024-01-08,632925594.0
2024-01-09,199574587.0
2024-01-10,403945823.0
2024-01-11,271897032.0
2024-01-12,376985024.0
2024-01-16,154017676.0
2024-01-17,130147980.0
2024-01-18,458277758.0
2024-01-19,746985148.0
2024-01-22,641808628.0
2024-01-23,498268227.0
2024-01-24,342946277.0
2024-01-25,691137477.0
2024-01-26,464453214.0
2024-01-29,599398939.0
2024-01-30,386508330.0
2024-01-31,223867202.0
2024-02-01,708081610.0
2024-02-02,334208064.0
2024-02-05,141783621.0
2024-02-06,682417951.0
2024-02-07,493266838.0
2024-02-08,546993155.0
2024-02-09,487540968.0
2024-02-12,725259019.0
2024-02-13,73190517.0
2024-02-14,732747205.0
2024-02-15,810506976.0
2024-02-16,354633467.0
2024-02-20,329302149.0
2024-02-21,495025559.0
2024-02-22,565869086.0
2024-02-23,513191881.0
2024-02-26,346323581.0
2024-02-27,625854166.0
2024-02-28,387690094.0
2024-02-29,1214619730.0
2024-03-01,675790455.0
2024-03-04,515724180.0
2024-03-05,457381514.0
2024-03-06,743201031.0
2024-03-07,634930128.0
2024-03-08,473641561.0
2024-03-11,506495234.0
2024-03-12,489858846.0
2024-03-13,699924789.0
2024-03-14,215581561.0
2024-03-15,1981822290.0
2024-03-18,610204397.0
2024-03-19,682777550.0
2024-03-20,787997349.0
2024-03-21,678312102.0
2024-03-22,195533189.0
2024-03-25,399307974.0
2024-03-26,376526028.0
2024-03-27,820531579.0
2024-03-28,824194728.0
2024-04-01,285461553.0
2024-04-02,291547003.0
2024-04-03,558098585.0
2024-04-04,214773617.0
2024-04-05,535308346.0
2024-04-08,458440226.0
2024-04-09,525288758.0
2024-04-10,159126375.0
2024-04-11,398233474.0
2024-04-12,70934503.0
2024-04-15,190538687.0
2024-04-16,231379422.0
2024-04-17,430355540.0
2024-04-18,483009728.0
2024-04-19,722575952.0
2024-04-22,693158480.0
2024-04-23,710458274.0
2024-04-24,457391833.0
2024-04-25,408513955.0
2024-04-26,556753912.0
2024-04-29,609346533.0
2024-04-30,134692545.0
2024-05-01,572428680.0
2024-05-02,811815175.0
2024-05-03,665350212.0
2024-05-06,703057108.0
2024-05-07,520952095.0
2024-05-08,460923303.0
2024-05-09,670515647.0
2024-05-10,369715330.0
2024-05-13,545115844.0
2024-05-14,794055892.0
2024-05-15,578539371.0
2024-05-16,422231540.0
2024-05-17,534472963.0
2024-05-20,369643817.0
2024-05-21,374562076.0
2024-05-22,279636833.0
2024-05-23,121301489.0
2024-05-24,522350068.0
2024-05-28,383837263.0
2024-05-29,141522822.0
2024-05-30,641578013.0
2024-05-31,1540890920.0
2024-06-03,370431435.0
2024-06-04,292112549.0
2024-06-05,575122689.0
2024-06-06,405254657.0
2024-06-07,225960346.0
2024-06-10,466668563.0
2024-06-11,277576920.0
2024-06-12,512658470.0
2024-06-13,259753453.0
2024-06-14,182773732.0
2024-06-17,518355695.0
2024-06-18,533392774.0
2024-06-20,585927947.0
2024-06-21,1665414310.0
2024-06-24,717081715.0
2024-06-25,268711560.0
2024-06-26,374389853.0
2024-06-27,541746237.0
2024-06-28,1964805530.0
2024-07-01,280459452.0
2024-07-02,513662720.0
2024-07-03,351364575.0
2024-07-05,360982385.0
2024-07-08,449491405.0
2024-07-09,332605097.0
2024-07-10,613373824.0
2024-07-11,804922644.0
2024-07-12,653385349.0
2024-07-15,501576589.0
2024-07-16,810260256.0
2024-07-17,445203447.0
2024-07-18,206030460.0
2024-07-19,513195208.0
2024-07-22,598861609.0
2024-07-23,396539428.0
2024-07-24,233280451.0
2024-07-25,642605246.0
2024-07-26,728845929.0
2024-07-29,332967114.0
2024-07-30,528588012.0
2024-07-31,719197303.0
2024-08-01,268340342.0
2024-08-02,205609802.0
2024-08-05,82385443.0
2024-08-06,837234295.0
2024-08-07,388221969.0
2024-08-08,849069499.0
2024-08-09,463937472.0
2024-08-12,319520866.0
2024-08-13,721489434.0
2024-08-14,456275126.0
2024-08-15,750534056.0
2024-08-16,530414086.0
2024-08-19,651098854.0
2024-08-20,211418504.0
2024-08-21,549079353.0
2024-08-22,223807699.0
2024-08-23,747952487.0
2024-08-26,413702413.0
2024-08-27,295420061.0
2024-08-28,228894692.0
2024-08-29,480180850.0
2024-08-30,1299943700.0
2024-09-03,225277503.0
2024-09-04,370487716.0
2024-09-05,304071830.0
2024-09-06,184332315.0
2024-09-09,653994404.0
2024-09-10,360644590.0
2024-09-11,532144363.0
2024-09-12,616242294.0
2024-09-13,695700707.0
2024-09-16,583343157.0
2024-09-17,489915412.0
2024-09-18,421672287.0
2024-09-19,766416829.0
2024-09-20,1621160610.0
2024-09-23,583459627.0
2024-09-24,598228029.0
2024-09-25,250680759.0
2024-09-26,714751431.0
2024-09-27,653677160.0
2024-09-30,674689311.0
2024-10-01,402178042.0
2024-10-02,460264323.0
2024-10-03,315479334.0
2024-10-04,609544955.0
2024-10-07,267650382.0
2024-10-08,357324885.0
2024-10-09,516063912.0
2024-10-10,328302495.0
2024-10-11,636950437.0
2024-10-14,438357388.0
2024-10-15,428559577.0
2024-10-16,613097662.0
2024-10-17,356674114.0
2024-10-18,494118704.0
2024-10-21,177978145.0
2024-10-22,377852712.0
2024-10-23,265188989.0
2024-10-24,458444307.0
2024-10-25,275193841.0
2024-10-28,627144771.0
2024-10-29,283210741.0
2024-10-30,476630591.0
2024-10-31,328141196.0
2024-11-01,356379433.0
2024-11-04,482328101.0
2024-11-05,730224024.0
2024-11-06,969094309.0
2024-11-07,638544603.0
2024-11-08,543600027.0
2024-11-11,601337276.0
2024-11-12,228177016.0
2024-11-13,438794035.0
2024-11-14,358750407.0
2024-11-15,464968773.0
2024-11-18,566575395.0
2024-11-19,449511800.0
2024-11-20,478201323.0
2024-11-21,764247520.0
2024-11-22,755107421.0
2024-11-25,1290556570.0
2024-11-26,331086155.0
2024-11-27,481293882.0
2024-11-29,378653583.0
2024-12-02,360051835.0
2024-12-03,393830638.0
2024-12-04,397091763.0
2024-12-05,442509121.0
2024-12-06,419628967.0
2024-12-09,542650041.0
2024-12-10,305547912.0
2024-12-11,529565255.0
2024-12-12,236481815.0
2024-12-13,295572045.0
2024-12-16,409914980.0
2024-12-17,387091645.0
2024-12-18,92720646.0
2024-12-19,488076113.0
2024-12-20,3162829500.0
2024-12-23,519571722.0
2024-12-24,327635844.0
2024-12-26,424441766.0
2024-12-27,134916467.0
2024-12-30,195034643.0
2024-12-31,547838087.0
2025-01-02,452995352.0
2025-01-03,573995144.0
2025-01-06,579513753.0
2025-01-07,453359503.0
2025-01-08,396715849.0
2025-01-10,242694765.0
2025-01-13,583832336.0
2025-01-14,673440379.0
2025-01-15,825471392.0
2025-01-16,587100200.0
2025-01-17,702470325.0
2025-01-21,807742012.0
2025-01-22,301177225.0
2025-01-23,592599409.0
2025-01-24,529248325.0
2025-01-27,608431346.0
2025-01-28,424109769.0
2025-01-29,405908902.0
2025-01-30,780153741.0
2025-01-31,276011838.0
2025-02-03,342338479.0
2025-02-04,654191055.0
2025-02-05,655267835.0
2025-02-06,499304307.0
2025-02-07,322076926.0
2025-02-10,641807912.0
2025-02-11,473907076.0
2025-02-12,416993001.0
2025-02-13,773634435.0
2025-02-14,477223059.0
2025-02-18,737430571.0
2025-02-19,477320307.0
2025-02-20,489289876.0
2025-02-21,303633857.0
2025-02-24,501039207.0
2025-02-25,514685931.0
2025-02-26,526320467.0
2025-02-27,368599720.0
2025-02-28,1328376490.0
2025-03-03,286643644.0
2025-03-04,317322085.0
2025-03-05,907119348.0
2025-03-06,368334755.0
2025-03-07,829416099.0
2025-03-10,332612632.0
2025-03-11,591161599.0
2025-03-12,607709758.0
2025-03-13,306355636.0
2025-03-14,990782648.0
2025-03-17,955705565.0
2025-03-18,432856597.0
2025-03-19,868893338.0
2025-03-20,437519738.0
2025-03-21,1553123160.0
2025-03-24,909962208.0
2025-03-25,502953219.0
2025-03-26,401895921.0
2025-03-27,382993063.0
2025-03-28,148957577.0
2025-03-31,890006265.0
2025-04-01,586843999.0
2025-04-02,716509874.0
2025-04-03,182507385.0
2025-04-04,135690235.0
2025-04-07,680560958.0
2025-04-08,206357025.0
2025-04-09,2076253230.0
2025-04-10,212375836.0
2025-04-11,1006399760.0
2025-04-14,917502613.0
2025-04-15,478947226.0
2025-04-16,306812451.0
2025-04-17,933019350.0
2025-04-21,145538646.0
2025-04-22,978748536.0
2025-04-23,858758890.0
2025-04-24,885092685.0
2025-04-25,453594592.0
2025-04-28,685797960.0
2025-04-29,645441404.0
2025-04-30,610748859.0
2025-05-01,574039514.0
2025-05-02,912755901.0
2025-05-05,354885124.0
2025-05-06,442709398.0
2025-05-07,622354924.0
2025-05-08,881349527.0
2025-05-09,594381738.0
2025-05-12,1055060060.0
2025-05-13,744999463.0
2025-05-14,444625775.0
2025-05-15,619859869.0
2025-05-16,918593742.0
2025-05-19,403595816.0
2025-05-20,402630701.0
2025-05-21,107795192.0
2025-05-22,490333939.0
2025-05-23,461964656.0
2025-05-27,972809010.0
2025-05-28,267003048.0
2025-05-29,604084973.0
2025-05-30,959096346.0
2025-06-02,529369495.0
2025-06-03,763218550.0
2025-06-04,438241944.0
2025-06-05,495699063.0
2025-06-06,725574493.0
2025-06-09,617663093.0
2025-06-10,657209611.0
2025-06-11,505020123.0
2025-06-12,498363238.0
2025-06-13,282151444.0
2025-06-16,796411494.0
2025-06-17,288628715.0
2025-06-18,621202797.0
2025-06-20,1517104250.0
2025-06-23,792539836.0
2025-06-24,867552637.0
2025-06-25,255084709.0
2025-06-26,914742370.0
2025-06-27,1544375750.0
2025-06-30,889197816.0
2025-07-01,889681984.0
2025-07-02,850148429.0
2025-07-03,469320188.0
2025-07-07,295068819.0
2025-07-08,752668641.0
2025-07-09,572278735.0
2025-07-10,744525266.0
2025-07-11,322964080.0
2025-07-14,587266159.0
2025-07-15,242844847.0
2025-07-16,694089668.0
2025-07-17,837702030.0
2025-07-18,589833983.0
2025-07-21,497011177.0
2025-07-22,976184345.0
2025-07-23,873068498.0
2025-07-24,373449076.0
2025-07-25,564364496.0
2025-07-28,312546797.0
2025-07-29,450396793.0
2025-07-30,320698657.0
2025-07-31,465826584.0
2025-08-01,344597799.0
2025-08-04,873477452.0
2025-08-05,635657389.0
2025-08-06,536952878.0
2025-08-07,580407603.0
2025-08-08,517181980.0
2025-08-11,398458065.0
2025-08-12,904031536.0
2025-08-13,935468841.0
2025-08-14,273708305.0
2025-08-15,528865720.0
2025-08-18,541691959.0
2025-08-19,481589012.0
2025-08-20,513586266.0
2025-08-21,437781185.0
2025-08-22,988857223.0
2025-08-25,298568366.0
2025-08-26,779503958.0
2025-08-27,647651940.0
2025-08-28,472740274.0
2025-08-29,578194239.0
2025-09-02,391629311.0
2025-09-03,454842876.0
2025-09-04,672170045.0
2025-09-05,615243041.0
2025-09-08,532060565.0
2025-09-09,456702761.0
2025-09-10,494883011.0
2025-09-11,929603381.0
2025-09-12,344954583.0
2025-09-15,584315997.0
2025-09-16,525987456.0
2025-09-17,704779755.0
2025-09-18,775719754.0
2025-09-19,1495212670.0
2025-09-22,661057591.0
2025-09-23,709714894.0
2025-09-24,483682135.0
2025-09-25,381835938.0
2025-09-26,812453390.0
2025-09-29,640940408.0
2025-09-30,735501034.0
2025-10-01,735051928.0
2025-10-02,530898882.0
2025-10-03,818357287.0
2025-10-06,606217283.0
2025-10-07,373091237.0
2025-10-08,619286572.0
2025-10-09,348123274.0
2025-10-10,179246317.0
2025-10-13,871576545.0
2025-10-14,802496210.0
2025-10-15,664144643.0
2025-10-16,320360008.0
2025-10-17,665518199.0
2025-10-20,794650151.0
2025-10-21,504966520.0
2025-10-22,458394896.0
2025-10-23,705587072.0
2025-10-24,650981323.0
2025-10-27,664569491.0
2025-10-28,380784683.0
2025-10-29,434253284.0
2025-10-30,421364352.0
2025-10-31,877603463.0
2025-11-03,577479126.0
2025-11-04,344588877.0
2025-11-05,869626988.0
2025-11-06,531153042.0
2025-11-07,937067693.0
2025-11-10,761759453.0
2025-11-11,747977570.0
2025-11-12,679304916.0
2025-11-13,282341236.0
2025-11-14,438232330.0
2025-11-17,212437589.0
2025-11-18,746868152.0
2025-11-19,427067915.0
2025-11-20,237261965.0
2025-11-21,1255220320.0
2025-11-24,1181420600.0
2025-11-25,930215891.0
2025-11-26,807712234.0
2025-11-28,495614278.0
2025-12-01,440004566.0
2025-12-02,450391860.0
2025-12-03,831596908.0
2025-12-04,665867080.0
2025-12-05,508570074.0
2025-12-08,447573461.0
2025-12-09,576201767.0
2025-12-10,1023012980.0
2025-12-11,831401552.0
2025-12-12,456434715.0
2025-12-15,570126009.0
2025-12-16,412027307.0
2025-12-17,647762069.0
2025-12-18,684218710.0
2025-12-19,2106248250.0
2025-12-22,826431828.0
2025-12-23,400662380.0
2025-12-24,290843190.0
2025-12-26,329009157.0
2025-12-29,371813330.0
2025-12-30,418970473.0
2025-12-31,165201289.0
2026-01-02,730156039.0
2026-01-05,889770505.0
2026-01-06,931330103.0
2026-01-07,337539709.0
2026-01-08,879930290.0
2026-01-09,659424770.0
2026-01-12,603555232.0
2026-01-13,536760111.0
2026-01-14,838666570.0
2026-01-15,692507668.0
2026-01-16,625496210.0
2026-01-20,361070871.0
2026-01-21,973408915.0
2026-01-22,783456848.0
2026-01-23,488242748.0
2026-01-26,584698584.0
2026-01-27,661728683.0
2026-01-28,475418118.0
2026-01-29,844634937.0
2026-01-30,689106997.0
2026-02-02,758420413.0
2026-02-03,903952460.0
2026-02-04,1029303940.0
2026-02-05,452623711.0
2026-02-06,1237458020.0
2026-02-09,720289952.0
2026-02-10,718795956.0
2026-02-11,724221295.0
2026-02-12,437205937.0
2026-02-13,881906887.0
2026-02-17,551790298.0
2026-02-18,788838114.0
2026-02-19,601555852.0
2026-02-20,851723656.0
2026-02-23,360030792.0
2026-02-24,822364861.0
2026-02-25,643588711.0
2026-02-26,892435440.0
2026-02-27,927067572.0
2026-03-02,746790924.0
2026-03-03,336348836.0
2026-03-04,791641235.0
2026-03-05,377692287.0
2026-03-06,362841583.0
2026-03-09,822535927.0
2026-03-10,551664533.0
2026-03-11,461001851.0
2026-03-12,322561598.0
2026-03-13,532236800.0
2026-03-16,892202809.0
2026-03-17,821072389.0
2026-03-18,267172779.0
2026-03-19,675031448.0
2026-03-20,916892442.0
2026-03-23,1241974550.0
2026-03-24,792352565.0
2026-03-25,825105336.0
2026-03-26,392952513.0
2026-03-27,355961413.0
2026-03-30,650460602.0
2026-03-31,1359196880.0
2026-04-01,703712540.0
2026-04-02,660528827.0
2026-04-06,621839812.0
2026-04-07,454837133.0
2026-04-08,1122482620.0
2026-04-09,610125186.0
2026-04-10,421672447.0
2026-04-13,855035060.0
2026-04-14,661487584.0
2026-04-15,677558292.0
2026-04-16,679492609.0
2026-04-17,1096622770.0
2026-04-20,590088513.0
2026-04-21,326939807.0
2026-04-22,573701175.0
2026-04-23,440699213.0
2026-04-24,501470921.0
2026-04-27,615403441.0
2026-04-28,524416535.0
2026-04-29,395370736.0
2026-04-30,1142302710.0
2026-05-01,511497399.0
2026-05-04,384458446.0
2026-05-05,812855961.0
2026-05-06,932862235.0
2026-05-07,430061749.0
2026-05-08,600326754.0
2026-05-11,589973506.0
2026-05-12,583743291.0
2026-05-13,516428706.0
2026-05-14,730627669.0
2026-05-15,375683410.0
2026-05-18,809192223.0
2026-05-19,442701423.0
2026-05-20,902942307.0
2026-05-21,752277803.0
2026-05-22,697374663.0
2026-05-26,815216703.0
2026-05-27,635568281.0
2026-05-28,684830644.0
2026-05-29,1102603140.0
2026-06-01,738250951.0
2026-06-02,705217519.0
2026-06-03,327254857.0
2026-06-04,837588764.0
2026-06-05,377919138.0
2026-06-08,551262549.0
2026-06-09,805198505.0
2026-06-10,432163068.0
2026-06-11,985149307.0
2026-06-12,830337480.0
2026-06-15,692503543.0
2026-06-16,620059677.0
2026-06-17,281835645.0
2026-06-18,2025428680.0
2026-06-22,747950302.0
2026-06-23,707468815.0
2026-06-24,693653911.0
2026-06-25,737400402.0
2026-06-26,2896021340.0
2026-06-29,669897568.0
2026-06-30,633406291.0
2026-07-01,700798693.0
2026-07-02,811386443.0
2026-07-06,649463967.0
2026-07-07,556399165.0
2026-07-08,390204364.0
2026-07-09,677676321.0
2026-07-10,584649776.0
2026-07-13,545715818.0
2026-07-14,641616763.0
2026-07-15,664484678.0
2026-07-16,704565729.0
2026-07-17,427366217.0
2026-07-20,426340786.0
2026-07-21,693281119.0
2026-07-22,551808835.0
2026-07-23,364551955.0
2026-07-24,647789428.0
2026-07-27,834418972.0
2026-07-28,783529936.0
2026-07-29,462853320.0
2026-07-30,684988067.0
2026-07-31,645431921.0
2026-08-03,888477974.0
2026-08-04,981029163.0
2026-08-05,581034052.0
2026-08-06,467154694.0
2026-08-07,761089127.0
2026-08-10,605709856.0
2026-08-11,590608785.0
2026-08-12,514275079.0
2026-08-13,752907199.0
2026-08-14,567707729.0
2026-08-17,332898319.0
2026-08-18,412898031.0
2026-08-19,747952732.0
2026-08-20,385952634.0
