date,close
1971-01-29,0.0
1971-04-05,0.0
2003-09-25,387.0
2003-09-26,366.0
2003-09-29,951.0
2003-09-30,548.0
2003-10-01,1137.0
2003-10-02,825.0
2003-10-03,1094.0
2003-10-06,950.0
2003-10-07,967.0
2003-10-08,583.0
2003-10-09,950.0
2003-10-10,712.0
2003-10-13,1128.0
2003-10-14,966.0
2003-10-15,614.0
2003-10-16,890.0
2003-10-17,417.0
2003-10-20,806.0
2003-10-21,927.0
2003-10-22,331.0
2003-10-23,626.0
2003-10-24,587.0
2003-10-27,1034.0
2003-10-28,1131.0
2003-10-29,970.0
2003-10-30,715.0
2003-10-31,752.0
2003-11-03,1126.0
2003-11-04,765.0
2003-11-05,814.0
2003-11-06,920.0
2003-11-07,807.0
2003-11-10,453.0
2003-11-11,564.0
2003-11-12,1193.0
2003-11-13,746.0
2003-11-14,493.0
2003-11-17,486.0
2003-11-18,555.0
2003-11-19,947.0
2003-11-20,581.0
2003-11-21,889.0
2003-11-24,1183.0
2003-11-25,920.0
2003-11-26,885.0
2003-11-28,891.0
2003-12-01,1072.0
2003-12-02,716.0
2003-12-03,514.0
2003-12-04,746.0
2003-12-05,528.0
2003-12-08,869.0
2003-12-09,451.0
2003-12-10,541.0
2003-12-11,1196.0
2003-12-12,939.0
2003-12-15,440.0
2003-12-16,794.0
2003-12-17,702.0
2003-12-18,1104.0
2003-12-19,721.0
2003-12-22,862.0
2003-12-23,1040.0
2003-12-24,652.0
2003-12-26,881.0
2003-12-29,1165.0
2003-12-30,855.0
2003-12-31,618.0
2004-01-02,948.0
2004-01-05,1098.0
2004-01-06,889.0
2004-01-07,954.0
2004-01-08,1002.0
2004-01-09,608.0
2004-01-12,1095.0
2004-01-13,716.0
2004-01-14,973.0
2004-01-15,824.0
2004-01-16,991.0
2004-01-20,1077.0
2004-01-21,756.0
2004-01-22,565.0
2004-01-23,937.0
2004-01-26,1045.0
2004-01-27,590.0
2004-01-28,446.0
2004-01-29,587.0
2004-01-30,828.0
2004-02-02,731.0
2004-02-03,732.0
2004-02-04,348.0
2004-02-05,905.0
2004-02-06,1244.0
2004-02-09,885.0
2004-02-10,1024.0
2004-02-11,990.0
2004-02-12,598.0
2004-02-13,506.0
2004-02-17,1105.0
2004-02-18,669.0
2004-02-19,502.0
2004-02-20,598.0
2004-02-23,453.0
2004-02-24,727.0
2004-02-25,1062.0
2004-02-26,988.0
2004-02-27,881.0
2004-03-01,1111.0
2004-03-02,578.0
2004-03-03,756.0
2004-03-04,1070.0
2004-03-05,780.0
2004-03-08,500.0
2004-03-09,534.0
2004-03-10,354.0
2004-03-11,429.0
2004-03-12,1240.0
2004-03-15,265.0
2004-03-16,750.0
2004-03-17,1214.0
2004-03-18,575.0
2004-03-19,594.0
2004-03-22,322.0
2004-03-23,808.0
2004-03-24,706.0
2004-03-25,1205.0
2004-03-26,767.0
2004-03-29,1187.0
2004-03-30,958.0
2004-03-31,846.0
2004-04-01,1016.0
2004-04-02,1186.0
2004-04-05,1049.0
2004-04-06,507.0
2004-04-07,792.0
2004-04-08,729.0
2004-04-12,945.0
2004-04-13,305.0
2004-04-14,626.0
2004-04-15,602.0
2004-04-16,889.0
2004-04-19,925.0
2004-04-20,464.0
2004-04-21,981.0
2004-04-22,1096.0
2004-04-23,756.0
2004-04-26,682.0
2004-04-27,805.0
2004-04-28,308.0
2004-04-29,405.0
2004-04-30,442.0
2004-05-03,910.0
2004-05-04,968.0
2004-05-05,893.0
2004-05-06,435.0
2004-05-07,417.0
2004-05-10,367.0
2004-05-11,1216.0
2004-05-12,722.0
2004-05-13,672.0
2004-05-14,530.0
2004-05-17,359.0
2004-05-18,1094.0
2004-05-19,844.0
2004-05-20,683.0
2004-05-21,1042.0
2004-05-24,1022.0
2004-05-25,1192.0
2004-05-26,946.0
2004-05-27,869.0
2004-05-28,833.0
2004-06-01,884.0
2004-06-02,784.0
2004-06-03,403.0
2004-06-04,1093.0
2004-06-07,1179.0
2004-06-08,673.0
2004-06-09,385.0
2004-06-10,830.0
2004-06-14,388.0
2004-06-15,1127.0
2004-06-16,869.0
2004-06-17,653.0
2004-06-18,795.0
2004-06-21,684.0
2004-06-22,943.0
2004-06-23,1095.0
2004-06-24,806.0
2004-06-25,949.0
2004-06-28,683.0
2004-06-29,979.0
2004-06-30,1004.0
2004-07-01,471.0
2004-07-02,748.0
2004-07-06,385.0
2004-07-07,752.0
2004-07-08,344.0
2004-07-09,968.0
2004-07-12,668.0
2004-07-13,748.0
2004-07-14,567.0
2004-07-15,801.0
2004-07-16,485.0
2004-07-19,710.0
2004-07-20,1135.0
2004-07-21,366.0
2004-07-22,692.0
2004-07-23,421.0
2004-07-26,534.0
2004-07-27,1155.0
2004-07-28,598.0
2004-07-29,1129.0
2004-07-30,945.0
2004-08-02,691.0
2004-08-03,480.0
2004-08-04,745.0
2004-08-05,397.0
2004-08-06,295.0
2004-08-09,652.0
2004-08-10,1196.0
2004-08-11,579.0
2004-08-12,422.0
2004-08-13,808.0
2004-08-16,1187.0
2004-08-17,946.0
2004-08-18,1262.0
2004-08-19,626.0
2004-08-20,1234.0
2004-08-23,650.0
2004-08-24,883.0
2004-08-25,1094.0
2004-08-26,642.0
2004-08-27,1037.0
2004-08-30,497.0
2004-08-31,951.0
2004-09-01,999.0
2004-09-02,1113.0
2004-09-03,574.0
2004-09-07,1062.0
2004-09-08,596.0
2004-09-09,1106.0
2004-09-10,1059.0
2004-09-13,1041.0
2004-09-14,745.0
2004-09-15,606.0
2004-09-16,1073.0
2004-09-17,814.0
2004-09-20,698.0
2004-09-21,1107.0
2004-09-22,378.0
2004-09-23,733.0
2004-09-24,778.0
2004-09-27,424.0
2004-09-28,1022.0
2004-09-29,1113.0
2004-09-30,912.0
2004-10-01,1199.0
2004-10-04,1036.0
2004-10-05,721.0
2004-10-06,1035.0
2004-10-07,449.0
2004-10-08,474.0
2004-10-11,964.0
2004-10-12,673.0
2004-10-13,622.0
2004-10-14,488.0
2004-10-15,987.0
2004-10-18,1006.0
2004-10-19,651.0
2004-10-20,938.0
2004-10-21,1038.0
2004-10-22,493.0
2004-10-25,909.0
2004-10-26,1018.0
2004-10-27,1187.0
2004-10-28,779.0
2004-10-29,804.0
2004-11-01,880.0
2004-11-02,836.0
2004-11-03,1119.0
2004-11-04,1061.0
2004-11-05,1004.0
2004-11-08,770.0
2004-11-09,935.0
2004-11-10,899.0
2004-11-11,1151.0
2004-11-12,1039.0
2004-11-15,962.0
2004-11-16,575.0
2004-11-17,1138.0
2004-11-18,803.0
2004-11-19,485.0
2004-11-22,1080.0
2004-11-23,959.0
2004-11-24,1109.0
2004-11-26,918.0
2004-11-29,948.0
2004-11-30,742.0
2004-12-01,1193.0
2004-12-02,876.0
2004-12-03,767.0
2004-12-06,731.0
2004-12-07,381.0
2004-12-08,977.0
2004-12-09,728.0
2004-12-10,902.0
2004-12-13,1081.0
2004-12-14,1023.0
2004-12-15,999.0
2004-12-16,628.0
2004-12-17,800.0
2004-12-20,635.0
2004-12-21,1145.0
2004-12-22,955.0
2004-12-23,940.0
2004-12-27,690.0
2004-12-28,1265.0
2004-12-29,791.0
2004-12-30,914.0
2004-12-31,852.0
2005-01-03,508.0
2005-01-04,408.0
2005-01-05,468.0
2005-01-06,853.0
2005-01-07,649.0
2005-01-10,963.0
2005-01-11,519.0
2005-01-12,900.0
2005-01-13,582.0
2005-01-14,1192.0
2005-01-18,1097.0
2005-01-19,527.0
2005-01-20,506.0
2005-01-21,752.0
2005-01-24,505.0
2005-01-25,968.0
2005-01-26,1187.0
2005-01-27,829.0
2005-01-28,663.0
2005-01-31,1283.0
2005-02-01,983.0
2005-02-02,984.0
2005-02-03,706.0
2005-02-04,1195.0
2005-02-07,852.0
2005-02-08,953.0
2005-02-09,416.0
2005-02-10,828.0
2005-02-11,1202.0
2005-02-14,828.0
2005-02-15,866.0
2005-02-16,911.0
2005-02-17,502.0
2005-02-18,756.0
2005-02-22,449.0
2005-02-23,885.0
2005-02-24,1102.0
2005-02-25,1171.0
2005-02-28,711.0
2005-03-01,1102.0
2005-03-02,759.0
2005-03-03,813.0
2005-03-04,1045.0
2005-03-07,900.0
2005-03-08,558.0
2005-03-09,554.0
2005-03-10,692.0
2005-03-11,757.0
2005-03-14,975.0
2005-03-15,636.0
2005-03-16,610.0
2005-03-17,872.0
2005-03-18,661.0
2005-03-21,816.0
2005-03-22,661.0
2005-03-23,589.0
2005-03-24,899.0
2005-03-28,801.0
2005-03-29,443.0
2005-03-30,1234.0
2005-03-31,809.0
2005-04-01,605.0
2005-04-04,816.0
2005-04-05,925.0
2005-04-06,895.0
2005-04-07,1049.0
2005-04-08,512.0
2005-04-11,579.0
2005-04-12,963.0
2005-04-13,467.0
2005-04-14,399.0
2005-04-15,381.0
2005-04-18,919.0
2005-04-19,1228.0
2005-04-20,509.0
2005-04-21,1291.0
2005-04-22,527.0
2005-04-25,1073.0
2005-04-26,525.0
2005-04-27,784.0
2005-04-28,407.0
2005-04-29,1050.0
2005-05-02,995.0
2005-05-03,824.0
2005-05-04,1237.0
2005-05-05,849.0
2005-05-06,914.0
2005-05-09,1110.0
2005-05-10,551.0
2005-05-11,889.0
2005-05-12,619.0
2005-05-13,805.0
2005-05-16,1100.0
2005-05-17,983.0
2005-05-18,1307.0
2005-05-19,967.0
2005-05-20,849.0
2005-05-23,982.0
2005-05-24,849.0
2005-05-25,582.0
2005-05-26,1256.0
2005-05-27,955.0
2005-05-31,851.0
2005-06-01,1139.0
2005-06-02,932.0
2005-06-03,566.0
2005-06-06,909.0
2005-06-07,815.0
2005-06-08,703.0
2005-06-09,1091.0
2005-06-10,776.0
2005-06-13,922.0
2005-06-14,1019.0
2005-06-15,969.0
2005-06-16,1174.0
2005-06-17,831.0
2005-06-20,703.0
2005-06-21,900.0
2005-06-22,920.0
2005-06-23,504.0
2005-06-24,655.0
2005-06-27,718.0
2005-06-28,1286.0
2005-06-29,939.0
2005-06-30,758.0
2005-07-01,945.0
2005-07-05,1218.0
2005-07-06,728.0
2005-07-07,874.0
2005-07-08,1293.0
2005-07-11,1274.0
2005-07-12,924.0
2005-07-13,778.0
2005-07-14,776.0
2005-07-15,923.0
2005-07-18,627.0
2005-07-19,1220.0
2005-07-20,1213.0
2005-07-21,633.0
2005-07-22,1139.0
2005-07-25,682.0
2005-07-26,1085.0
2005-07-27,943.0
2005-07-28,1164.0
2005-07-29,802.0
2005-08-01,994.0
2005-08-02,1102.0
2005-08-03,722.0
2005-08-04,507.0
2005-08-05,575.0
2005-08-08,686.0
2005-08-09,952.0
2005-08-10,770.0
2005-08-11,1129.0
2005-08-12,602.0
2005-08-15,1078.0
2005-08-16,452.0
2005-08-17,912.0
2005-08-18,654.0
2005-08-19,936.0
2005-08-22,1046.0
2005-08-23,757.0
2005-08-24,785.0
2005-08-25,952.0
2005-08-26,535.0
2005-08-29,1074.0
2005-08-30,649.0
2005-08-31,1259.0
2005-09-01,899.0
2005-09-02,683.0
2005-09-06,1250.0
2005-09-07,967.0
2005-09-08,699.0
2005-09-09,1084.0
2005-09-12,1038.0
2005-09-13,565.0
2005-09-14,539.0
2005-09-15,763.0
2005-09-16,1128.0
2005-09-19,603.0
2005-09-20,684.0
2005-09-21,423.0
2005-09-22,854.0
2005-09-23,1124.0
2005-09-26,1091.0
2005-09-27,778.0
2005-09-28,701.0
2005-09-29,1165.0
2005-09-30,1103.0
2005-10-03,955.0
2005-10-04,702.0
2005-10-05,334.0
2005-10-06,623.0
2005-10-07,1024.0
2005-10-10,612.0
2005-10-11,513.0
2005-10-12,443.0
2005-10-13,912.0
2005-10-14,1224.0
2005-10-17,848.0
2005-10-18,545.0
2005-10-19,1199.0
2005-10-20,566.0
2005-10-21,1088.0
2005-10-24,1335.0
2005-10-25,707.0
2005-10-26,706.0
2005-10-27,413.0
2005-10-28,1210.0
2005-10-31,1328.0
2005-11-01,785.0
2005-11-02,1306.0
2005-11-03,980.0
2005-11-04,902.0
2005-11-07,1046.0
2005-11-08,734.0
2005-11-09,1003.0
2005-11-10,1100.0
2005-11-11,959.0
2005-11-14,785.0
2005-11-15,518.0
2005-11-16,740.0
2005-11-17,1324.0
2005-11-18,1143.0
2005-11-21,1153.0
2005-11-22,986.0
2005-11-23,994.0
2005-11-25,884.0
2005-11-28,521.0
2005-11-29,900.0
2005-11-30,1098.0
2005-12-01,1328.0
2005-12-02,966.0
2005-12-05,691.0
2005-12-06,984.0
2005-12-07,692.0
2005-12-08,926.0
2005-12-09,1108.0
2005-12-12,942.0
2005-12-13,877.0
2005-12-14,873.0
2005-12-15,717.0
2005-12-16,804.0
2005-12-19,561.0
2005-12-20,829.0
2005-12-21,1111.0
2005-12-22,1171.0
2005-12-23,935.0
2005-12-27,479.0
2005-12-28,990.0
2005-12-29,792.0
2005-12-30,743.0
2006-01-03,1196.0
2006-01-04,1159.0
2006-01-05,1003.0
2006-01-06,1252.0
2006-01-09,1160.0
2006-01-10,1059.0
2006-01-11,914.0
2006-01-12,703.0
2006-01-13,1018.0
2006-01-17,699.0
2006-01-18,867.0
2006-01-19,1309.0
2006-01-20,504.0
2006-01-23,1003.0
2006-01-24,1240.0
2006-01-25,865.0
2006-01-26,1270.0
2006-01-27,1070.0
2006-01-30,873.0
2006-01-31,1007.0
2006-02-01,1020.0
2006-02-02,624.0
2006-02-03,775.0
2006-02-06,964.0
2006-02-07,595.0
2006-02-08,1102.0
2006-02-09,844.0
2006-02-10,843.0
2006-02-13,611.0
2006-02-14,1249.0
2006-02-15,1199.0
2006-02-16,1204.0
2006-02-17,861.0
2006-02-21,700.0
2006-02-22,1183.0
2006-02-23,835.0
2006-02-24,1090.0
2006-02-27,1100.0
2006-02-28,578.0
2006-03-01,1332.0
2006-03-02,798.0
2006-03-03,746.0
2006-03-06,672.0
2006-03-07,544.0
2006-03-08,866.0
2006-03-09,749.0
2006-03-10,1207.0
2006-03-13,1007.0
2006-03-14,1233.0
2006-03-15,1165.0
2006-03-16,935.0
2006-03-17,977.0
2006-03-20,952.0
2006-03-21,588.0
2006-03-22,1221.0
2006-03-23,984.0
2006-03-24,1214.0
2006-03-27,930.0
2006-03-28,726.0
2006-03-29,1394.0
2006-03-30,933.0
2006-03-31,1169.0
2006-04-03,696.0
2006-04-04,958.0
2006-04-05,1068.0
2006-04-06,883.0
2006-04-07,565.0
2006-04-10,794.0
2006-04-11,459.0
2006-04-12,1056.0
2006-04-13,1130.0
2006-04-17,796.0
2006-04-18,1394.0
2006-04-19,1224.0
2006-04-20,826.0
2006-04-21,846.0
2006-04-24,659.0
2006-04-25,932.0
2006-04-26,952.0
2006-04-27,876.0
2006-04-28,1056.0
2006-05-01,700.0
2006-05-02,1097.0
2006-05-03,932.0
2006-05-04,1173.0
2006-05-05,1228.0
2006-05-08,905.0
2006-05-09,819.0
2006-05-10,733.0
2006-05-11,377.0
2006-05-12,441.0
2006-05-15,679.0
2006-05-16,975.0
2006-05-17,487.0
2006-05-18,699.0
2006-05-19,1066.0
2006-05-22,610.0
2006-05-23,822.0
2006-05-24,910.0
2006-05-25,1399.0
2006-05-26,1146.0
2006-05-30,407.0
2006-05-31,1296.0
2006-06-01,1392.0
2006-06-02,976.0
2006-06-05,377.0
2006-06-06,741.0
2006-06-07,831.0
2006-06-08,770.0
2006-06-09,756.0
2006-06-12,355.0
2006-06-13,492.0
2006-06-14,1029.0
2006-06-15,1581.0
2006-06-16,629.0
2006-06-19,499.0
2006-06-20,846.0
2006-06-21,1380.0
2006-06-22,737.0
2006-06-23,925.0
2006-06-26,1171.0
2006-06-27,457.0
2006-06-28,985.0
2006-06-29,1524.0
2006-06-30,1128.0
2006-07-03,1100.0
2006-07-05,561.0
2006-07-06,999.0
2006-07-07,531.0
2006-07-10,850.0
2006-07-11,1106.0
2006-07-12,481.0
2006-07-13,354.0
2006-07-14,591.0
2006-07-17,706.0
2006-07-18,991.0
2006-07-19,1493.0
2006-07-20,458.0
2006-07-21,473.0
2006-07-24,1460.0
2006-07-25,1172.0
2006-07-26,834.0
2006-07-27,678.0
2006-07-28,1381.0
2006-07-31,994.0
2006-08-01,521.0
2006-08-02,1190.0
2006-08-03,1143.0
2006-08-04,792.0
2006-08-07,663.0
2006-08-08,599.0
2006-08-09,701.0
2006-08-10,1093.0
2006-08-11,595.0
2006-08-14,1088.0
2006-08-15,1480.0
2006-08-16,1322.0
2006-08-17,1094.0
2006-08-18,969.0
2006-08-21,599.0
2006-08-22,1019.0
2006-08-23,585.0
2006-08-24,948.0
2006-08-25,963.0
2006-08-28,1282.0
2006-08-29,1270.0
2006-08-30,1187.0
2006-08-31,1006.0
2006-09-01,1037.0
2006-09-05,1175.0
2006-09-06,458.0
2006-09-07,662.0
2006-09-08,1055.0
2006-09-11,908.0
2006-09-12,1454.0
2006-09-13,1185.0
2006-09-14,837.0
2006-09-15,983.0
2006-09-18,920.0
2006-09-19,734.0
2006-09-20,1272.0
2006-09-21,669.0
2006-09-22,560.0
2006-09-25,1233.0
2006-09-26,1054.0
2006-09-27,1070.0
2006-09-28,1008.0
2006-09-29,777.0
2006-10-02,613.0
2006-10-03,920.0
2006-10-04,1421.0
2006-10-05,1329.0
2006-10-06,833.0
2006-10-09,1150.0
2006-10-10,968.0
2006-10-11,767.0
2006-10-12,1504.0
2006-10-13,1216.0
2006-10-16,1267.0
2006-10-17,713.0
2006-10-18,945.0
2006-10-19,1114.0
2006-10-20,779.0
2006-10-23,1010.0
2006-10-24,816.0
2006-10-25,1119.0
2006-10-26,1329.0
2006-10-27,628.0
2006-10-30,1087.0
2006-10-31,902.0
2006-11-01,504.0
2006-11-02,782.0
2006-11-03,1133.0
2006-11-06,1388.0
2006-11-07,1043.0
2006-11-08,1187.0
2006-11-09,650.0
2006-11-10,1244.0
2006-11-13,1188.0
2006-11-14,1382.0
2006-11-15,1237.0
2006-11-16,1003.0
2006-11-17,799.0
2006-11-20,1012.0
2006-11-21,982.0
2006-11-22,973.0
2006-11-24,793.0
2006-11-27,349.0
2006-11-28,1040.0
2006-11-29,1346.0
2006-11-30,1059.0
2006-12-01,724.0
2006-12-04,1443.0
2006-12-05,1058.0
2006-12-06,888.0
2006-12-07,738.0
2006-12-08,1007.0
2006-12-11,1009.0
2006-12-12,707.0
2006-12-13,958.0
2006-12-14,1207.0
2006-12-15,919.0
2006-12-18,626.0
2006-12-19,880.0
2006-12-20,1093.0
2006-12-21,867.0
2006-12-22,849.0
2006-12-26,1259.0
2006-12-27,1423.0
2006-12-28,815.0
2006-12-29,785.0
2007-01-03,1048.0
2007-01-04,1158.0
2007-01-05,532.0
2007-01-08,1005.0
2007-01-09,1003.0
2007-01-10,1030.0
2007-01-11,1383.0
2007-01-12,1220.0
2007-01-16,938.0
2007-01-17,850.0
2007-01-18,532.0
2007-01-19,1205.0
2007-01-22,666.0
2007-01-23,1232.0
2007-01-24,1381.0
2007-01-25,543.0
2007-01-26,1185.0
2007-01-29,1167.0
2007-01-30,1222.0
2007-01-31,1132.0
2007-02-01,1288.0
2007-02-02,1108.0
2007-02-05,854.0
2007-02-06,1113.0
2007-02-07,1279.0
2007-02-08,992.0
2007-02-09,605.0
2007-02-12,889.0
2007-02-13,1220.0
2007-02-14,1200.0
2007-02-15,994.0
2007-02-16,1116.0
2007-02-20,1380.0
2007-02-21,1020.0
2007-02-22,1091.0
2007-02-23,891.0
2007-02-26,783.0
2007-02-27,164.0
2007-02-28,1114.0
2007-03-01,702.0
2007-03-02,455.0
2007-03-05,376.0
2007-03-06,1677.0
2007-03-07,834.0
2007-03-08,1207.0
2007-03-09,1134.0
2007-03-12,1233.0
2007-03-13,328.0
2007-03-14,1122.0
2007-03-15,1293.0
2007-03-16,762.0
2007-03-19,1377.0
2007-03-20,1336.0
2007-03-21,1533.0
2007-03-22,1040.0
2007-03-23,1066.0
2007-03-26,910.0
2007-03-27,657.0
2007-03-28,606.0
2007-03-29,1020.0
2007-03-30,1153.0
2007-04-02,1013.0
2007-04-03,1388.0
2007-04-04,935.0
2007-04-05,1161.0
2007-04-09,900.0
2007-04-10,1119.0
2007-04-11,676.0
2007-04-12,1321.0
2007-04-13,1281.0
2007-04-16,1496.0
2007-04-17,853.0
2007-04-18,805.0
2007-04-19,718.0
2007-04-20,1425.0
2007-04-23,880.0
2007-04-24,958.0
2007-04-25,1251.0
2007-04-26,994.0
2007-04-27,749.0
2007-04-30,557.0
2007-05-01,1049.0
2007-05-02,1443.0
2007-05-03,1030.0
2007-05-04,1178.0
2007-05-07,942.0
2007-05-08,833.0
2007-05-09,1158.0
2007-05-10,419.0
2007-05-11,1505.0
2007-05-14,661.0
2007-05-15,549.0
2007-05-16,1261.0
2007-05-17,742.0
2007-05-18,1331.0
2007-05-21,1432.0
2007-05-22,1349.0
2007-05-23,850.0
2007-05-24,472.0
2007-05-25,1362.0
2007-05-29,1331.0
2007-05-30,1143.0
2007-05-31,1218.0
2007-06-01,1306.0
2007-06-04,1064.0
2007-06-05,727.0
2007-06-06,620.0
2007-06-07,424.0
2007-06-08,1401.0
2007-06-11,955.0
2007-06-12,473.0
2007-06-13,1485.0
2007-06-14,1243.0
2007-06-15,1393.0
2007-06-18,957.0
2007-06-19,1104.0
2007-06-20,572.0
2007-06-21,1099.0
2007-06-22,627.0
2007-06-25,693.0
2007-06-26,956.0
2007-06-27,1446.0
2007-06-28,1066.0
2007-06-29,883.0
2007-07-02,1431.0
2007-07-03,1155.0
2007-07-05,1044.0
2007-07-06,1222.0
2007-07-09,1023.0
2007-07-10,524.0
2007-07-11,1143.0
2007-07-12,1530.0
2007-07-13,963.0
2007-07-16,686.0
2007-07-17,1110.0
2007-07-18,766.0
2007-07-19,1254.0
2007-07-20,512.0
2007-07-23,980.0
2007-07-24,344.0
2007-07-25,940.0
2007-07-26,364.0
2007-07-27,595.0
2007-07-30,1235.0
2007-07-31,815.0
2007-08-01,912.0
2007-08-02,1217.0
2007-08-03,392.0
2007-08-06,1060.0
2007-08-07,1227.0
2007-08-08,1471.0
2007-08-09,733.0
2007-08-10,930.0
2007-08-13,992.0
2007-08-14,516.0
2007-08-15,627.0
2007-08-16,1017.0
2007-08-17,1583.0
2007-08-20,1082.0
2007-08-21,1131.0
2007-08-22,1485.0
2007-08-23,805.0
2007-08-24,1466.0
2007-08-27,707.0
2007-08-28,414.0
2007-08-29,1641.0
2007-08-30,854.0
2007-08-31,1499.0
2007-09-04,1352.0
2007-09-05,672.0
2007-09-06,1189.0
2007-09-07,447.0
2007-09-10,736.0
2007-09-11,1492.0
2007-09-12,827.0
2007-09-13,1029.0
2007-09-14,1091.0
2007-09-17,574.0
2007-09-18,1696.0
2007-09-19,1414.0
2007-09-20,764.0
2007-09-21,1169.0
2007-09-24,812.0
2007-09-25,934.0
2007-09-26,1276.0
2007-09-27,1212.0
2007-09-28,813.0
2007-10-01,1552.0
2007-10-02,1227.0
2007-10-03,777.0
2007-10-04,1139.0
2007-10-05,1567.0
2007-10-08,877.0
2007-10-09,1242.0
2007-10-10,997.0
2007-10-11,590.0
2007-10-12,1304.0
2007-10-15,640.0
2007-10-16,757.0
2007-10-17,1110.0
2007-10-18,1018.0
2007-10-19,319.0
2007-10-22,1301.0
2007-10-23,1297.0
2007-10-24,698.0
2007-10-25,883.0
2007-10-26,1440.0
2007-10-29,1073.0
2007-10-30,775.0
2007-10-31,1452.0
2007-11-01,365.0
2007-11-02,1077.0
2007-11-05,695.0
2007-11-06,1260.0
2007-11-07,368.0
2007-11-08,1015.0
2007-11-09,703.0
2007-11-12,888.0
2007-11-13,1560.0
2007-11-14,845.0
2007-11-15,569.0
2007-11-16,1020.0
2007-11-19,405.0
2007-11-20,900.0
2007-11-21,602.0
2007-11-23,1549.0
2007-11-26,527.0
2007-11-27,1222.0
2007-11-28,1765.0
2007-11-29,945.0
2007-11-30,1194.0
2007-12-03,708.0
2007-12-04,756.0
2007-12-05,1473.0
2007-12-06,1597.0
2007-12-07,1042.0
2007-12-10,1229.0
2007-12-11,417.0
2007-12-12,1154.0
2007-12-13,887.0
2007-12-14,537.0
2007-12-17,445.0
2007-12-18,1366.0
2007-12-19,1058.0
2007-12-20,1402.0
2007-12-21,1554.0
2007-12-24,1372.0
2007-12-26,1189.0
2007-12-27,486.0
2007-12-28,959.0
2007-12-31,1011.0
2008-01-02,661.0
2008-01-03,763.0
2008-01-04,371.0
2008-01-07,1045.0
2008-01-08,589.0
2008-01-09,1099.0
2008-01-10,1300.0
2008-01-11,587.0
2008-01-14,1324.0
2008-01-15,513.0
2008-01-16,1184.0
2008-01-17,472.0
2008-01-18,806.0
2008-01-22,752.0
2008-01-23,1360.0
2008-01-24,1240.0
2008-01-25,983.0
2008-01-28,1451.0
2008-01-29,1220.0
2008-01-30,893.0
2008-01-31,1505.0
2008-02-01,1520.0
2008-02-04,870.0
2008-02-05,416.0
2008-02-06,758.0
2008-02-07,1276.0
2008-02-08,928.0
2008-02-11,1121.0
2008-02-12,1286.0
2008-02-13,1622.0
2008-02-14,498.0
2008-02-15,752.0
2008-02-19,1022.0
2008-02-20,1268.0
2008-02-21,616.0
2008-02-22,976.0
2008-02-25,1488.0
2008-02-26,1393.0
2008-02-27,1008.0
2008-02-28,638.0
2008-02-29,434.0
2008-03-03,781.0
2008-03-04,832.0
2008-03-05,1107.0
2008-03-06,384.0
2008-03-07,830.0
2008-03-10,456.0
2008-03-11,1664.0
2008-03-12,902.0
2008-03-13,1325.0
2008-03-14,452.0
2008-03-17,519.0
2008-03-18,1705.0
2008-03-19,609.0
2008-03-20,1471.0
2008-03-24,1641.0
2008-03-25,1335.0
2008-03-26,911.0
2008-03-27,777.0
2008-03-28,684.0
2008-03-31,1303.0
2008-04-01,1669.0
2008-04-02,1166.0
2008-04-03,1012.0
2008-04-04,1085.0
2008-04-07,1022.0
2008-04-08,911.0
2008-04-09,534.0
2008-04-10,1306.0
2008-04-11,414.0
2008-04-14,785.0
2008-04-15,1180.0
2008-04-16,1644.0
2008-04-17,821.0
2008-04-18,1596.0
2008-04-21,933.0
2008-04-22,503.0
2008-04-23,1175.0
2008-04-24,1394.0
2008-04-25,1202.0
2008-04-28,1173.0
2008-04-29,894.0
2008-04-30,1045.0
2008-05-01,1481.0
2008-05-02,920.0
2008-05-05,915.0
2008-05-06,1282.0
2008-05-07,594.0
2008-05-08,1151.0
2008-05-09,1001.0
2008-05-12,1526.0
2008-05-13,1129.0
2008-05-14,1101.0
2008-05-15,1346.0
2008-05-16,905.0
2008-05-19,894.0
2008-05-20,828.0
2008-05-21,673.0
2008-05-22,1328.0
2008-05-23,632.0
2008-05-27,1443.0
2008-05-28,1104.0
2008-05-29,1298.0
2008-05-30,1160.0
2008-06-02,638.0
2008-06-03,907.0
2008-06-04,1263.0
2008-06-05,1627.0
2008-06-06,388.0
2008-06-09,659.0
2008-06-10,896.0
2008-06-11,438.0
2008-06-12,1170.0
2008-06-13,1608.0
2008-06-16,1289.0
2008-06-17,768.0
2008-06-18,579.0
2008-06-19,1308.0
2008-06-20,559.0
2008-06-23,589.0
2008-06-24,579.0
2008-06-25,1403.0
2008-06-26,418.0
2008-06-27,827.0
2008-06-30,724.0
2008-07-01,963.0
2008-07-02,528.0
2008-07-03,793.0
2008-07-07,730.0
2008-07-08,1579.0
2008-07-09,584.0
2008-07-10,1212.0
2008-07-11,1019.0
2008-07-14,634.0
2008-07-15,892.0
2008-07-16,1756.0
2008-07-17,1507.0
2008-07-18,977.0
2008-07-21,1197.0
2008-07-22,1491.0
2008-07-23,1275.0
2008-07-24,633.0
2008-07-25,1349.0
2008-07-28,533.0
2008-07-29,1575.0
2008-07-30,1202.0
2008-07-31,977.0
2008-08-01,1076.0
2008-08-04,705.0
2008-08-05,1526.0
2008-08-06,1251.0
2008-08-07,718.0
2008-08-08,1601.0
2008-08-11,1548.0
2008-08-12,896.0
2008-08-13,1134.0
2008-08-14,1334.0
2008-08-15,1032.0
2008-08-18,637.0
2008-08-19,558.0
2008-08-20,1052.0
2008-08-21,776.0
2008-08-22,1556.0
2008-08-25,448.0
2008-08-26,1157.0
2008-08-27,1421.0
2008-08-28,1624.0
2008-08-29,751.0
2008-09-02,1075.0
2008-09-03,1141.0
2008-09-04,392.0
2008-09-05,958.0
2008-09-08,1344.0
2008-09-09,412.0
2008-09-10,1275.0
2008-09-11,998.0
2008-09-12,1032.0
2008-09-15,264.0
2008-09-16,1307.0
2008-09-17,332.0
2008-09-18,1638.0
2008-09-19,1776.0
2008-09-22,484.0
2008-09-23,733.0
2008-09-24,746.0
2008-09-25,1342.0
2008-09-26,928.0
2008-09-29,277.0
2008-09-30,1508.0
2008-10-01,813.0
2008-10-02,373.0
2008-10-03,591.0
2008-10-06,352.0
2008-10-07,382.0
2008-10-08,649.0
2008-10-09,307.0
2008-10-10,1130.0
2008-10-13,1980.0
2008-10-14,826.0
2008-10-15,297.0
2008-10-16,1546.0
2008-10-17,954.0
2008-10-20,1642.0
2008-10-21,594.0
2008-10-22,291.0
2008-10-23,623.0
2008-10-24,468.0
2008-10-27,465.0
2008-10-28,1561.0
2008-10-29,1316.0
2008-10-30,1651.0
2008-10-31,1731.0
2008-11-03,1221.0
2008-11-04,1400.0
2008-11-05,435.0
2008-11-06,473.0
2008-11-07,1372.0
2008-11-10,629.0
2008-11-11,544.0
2008-11-12,257.0
2008-11-13,1650.0
2008-11-14,430.0
2008-11-17,694.0
2008-11-18,892.0
2008-11-19,233.0
2008-11-20,304.0
2008-11-21,1399.0
2008-11-24,1730.0
2008-11-25,1242.0
2008-11-26,1791.0
2008-11-28,1351.0
2008-12-01,322.0
2008-12-02,1582.0
2008-12-03,1372.0
2008-12-04,617.0
2008-12-05,1557.0
2008-12-08,1647.0
2008-12-09,712.0
2008-12-10,1418.0
2008-12-11,504.0
2008-12-12,1514.0
2008-12-15,522.0
2008-12-16,1784.0
2008-12-17,1160.0
2008-12-18,821.0
2008-12-19,1167.0
2008-12-22,724.0
2008-12-23,793.0
2008-12-24,1116.0
2008-12-26,1306.0
2008-12-29,592.0
2008-12-30,1606.0
2008-12-31,1777.0
2009-01-02,1620.0
2009-01-05,1175.0
2009-01-06,1573.0
2009-01-07,526.0
2009-01-08,1340.0
2009-01-09,484.0
2009-01-12,523.0
2009-01-13,1189.0
2009-01-14,362.0
2009-01-15,1289.0
2009-01-16,1205.0
2009-01-20,285.0
2009-01-21,1672.0
2009-01-22,518.0
2009-01-23,1018.0
2009-01-26,1359.0
2009-01-27,1358.0
2009-01-28,1694.0
2009-01-29,429.0
2009-01-30,684.0
2009-02-02,1175.0
2009-02-03,1247.0
2009-02-04,848.0
2009-02-05,1434.0
2009-02-06,1649.0
2009-02-09,950.0
2009-02-10,339.0
2009-02-11,1190.0
2009-02-12,1101.0
2009-02-13,1005.0
2009-02-17,312.0
2009-02-18,767.0
2009-02-19,696.0
2009-02-20,666.0
2009-02-23,424.0
2009-02-24,1658.0
2009-02-25,645.0
2009-02-26,779.0
2009-02-27,891.0
2009-03-02,238.0
2009-03-03,788.0
2009-03-04,1543.0
2009-03-05,304.0
2009-03-06,1067.0
2009-03-09,594.0
2009-03-10,1866.0
2009-03-11,1091.0
2009-03-12,1804.0
2009-03-13,1258.0
2009-03-16,937.0
2009-03-17,1705.0
2009-03-18,1592.0
2009-03-19,951.0
2009-03-20,649.0
2009-03-23,1863.0
2009-03-24,594.0
2009-03-25,1525.0
2009-03-26,1795.0
2009-03-27,517.0
2009-03-30,508.0
2009-03-31,1516.0
2009-04-01,1436.0
2009-04-02,1778.0
2009-04-03,1343.0
2009-04-06,632.0
2009-04-07,516.0
2009-04-08,1579.0
2009-04-09,1882.0
2009-04-13,1091.0
2009-04-14,705.0
2009-04-15,1366.0
2009-04-16,1639.0
2009-04-17,1334.0
2009-04-20,339.0
2009-04-21,1653.0
2009-04-22,1123.0
2009-04-23,843.0
2009-04-24,1588.0
2009-04-27,726.0
2009-04-28,1261.0
2009-04-29,1711.0
2009-04-30,1079.0
2009-05-01,1115.0
2009-05-04,1728.0
2009-05-05,982.0
2009-05-06,1202.0
2009-05-07,701.0
2009-05-08,1680.0
2009-05-11,865.0
2009-05-12,766.0
2009-05-13,303.0
2009-05-14,1515.0
2009-05-15,856.0
2009-05-18,1783.0
2009-05-19,1128.0
2009-05-20,1023.0
2009-05-21,628.0
2009-05-22,982.0
2009-05-26,1749.0
2009-05-27,753.0
2009-05-28,1213.0
2009-05-29,1591.0
2009-06-01,1717.0
2009-06-02,1268.0
2009-06-03,841.0
2009-06-04,1539.0
2009-06-05,992.0
2009-06-08,853.0
2009-06-09,1342.0
2009-06-10,844.0
2009-06-11,1405.0
2009-06-12,1012.0
2009-06-15,431.0
2009-06-16,610.0
2009-06-17,1201.0
2009-06-18,1151.0
2009-06-19,1310.0
2009-06-22,332.0
2009-06-23,876.0
2009-06-24,1330.0
2009-06-25,1814.0
2009-06-26,1404.0
2009-06-29,1012.0
2009-06-30,941.0
2009-07-01,1494.0
2009-07-02,356.0
2009-07-06,830.0
2009-07-07,510.0
2009-07-08,731.0
2009-07-09,1087.0
2009-07-10,1154.0
2009-07-13,1625.0
2009-07-14,1265.0
2009-07-15,1862.0
2009-07-16,1393.0
2009-07-17,947.0
2009-07-20,1526.0
2009-07-21,961.0
2009-07-22,1346.0
2009-07-23,1719.0
2009-07-24,1196.0
2009-07-27,1227.0
2009-07-28,1236.0
2009-07-29,827.0
2009-07-30,1526.0
2009-07-31,1081.0
2009-08-03,1582.0
2009-08-04,1267.0
2009-08-05,777.0
2009-08-06,675.0
2009-08-07,1656.0
2009-08-10,1089.0
2009-08-11,612.0
2009-08-12,1610.0
2009-08-13,1227.0
2009-08-14,444.0
2009-08-17,385.0
2009-08-18,1654.0
2009-08-19,1424.0
2009-08-20,1494.0
2009-08-21,1692.0
2009-08-24,1014.0
2009-08-25,1233.0
2009-08-26,1165.0
2009-08-27,1039.0
2009-08-28,789.0
2009-08-31,620.0
2009-09-01,457.0
2009-09-02,1070.0
2009-09-03,1479.0
2009-09-04,1652.0
2009-09-08,1371.0
2009-09-09,1601.0
2009-09-10,1490.0
2009-09-11,894.0
2009-09-14,1360.0
2009-09-15,1305.0
2009-09-16,1600.0
2009-09-17,1097.0
2009-09-18,1204.0
2009-09-21,1001.0
2009-09-22,1283.0
2009-09-23,859.0
2009-09-24,548.0
2009-09-25,951.0
2009-09-28,1687.0
2009-09-29,920.0
2009-09-30,845.0
2009-10-01,377.0
2009-10-02,800.0
2009-10-05,1663.0
2009-10-06,1697.0
2009-10-07,1098.0
2009-10-08,1314.0
2009-10-09,1532.0
2009-10-12,1043.0
2009-10-13,986.0
2009-10-14,1719.0
2009-10-15,997.0
2009-10-16,699.0
2009-10-19,1484.0
2009-10-20,624.0
2009-10-21,711.0
2009-10-22,1423.0
2009-10-23,520.0
2009-10-26,658.0
2009-10-27,743.0
2009-10-28,336.0
2009-10-29,1613.0
2009-10-30,393.0
2009-11-02,1107.0
2009-11-03,1374.0
2009-11-04,877.0
2009-11-05,1819.0
2009-11-06,1039.0
2009-11-09,1622.0
2009-11-10,761.0
2009-11-11,1423.0
2009-11-12,524.0
2009-11-13,1523.0
2009-11-16,1783.0
2009-11-17,1054.0
2009-11-18,880.0
2009-11-19,448.0
2009-11-20,1007.0
2009-11-23,1636.0
2009-11-24,902.0
2009-11-25,1031.0
2009-11-27,359.0
2009-11-30,1193.0
2009-12-01,1614.0
2009-12-02,1447.0
2009-12-03,693.0
2009-12-04,1701.0
2009-12-07,1149.0
2009-12-08,719.0
2009-12-09,1110.0
2009-12-10,880.0
2009-12-11,1336.0
2009-12-14,1581.0
2009-12-15,854.0
2009-12-16,1343.0
2009-12-17,583.0
2009-12-18,1419.0
2009-12-21,1555.0
2009-12-22,1362.0
2009-12-23,1579.0
2009-12-24,1387.0
2009-12-28,1053.0
2009-12-29,1121.0
2009-12-30,1199.0
2009-12-31,858.0
2010-01-04,1827.0
2010-01-05,1016.0
2010-01-06,1006.0
2010-01-07,1360.0
2010-01-08,1436.0
2010-01-11,1080.0
2010-01-12,636.0
2010-01-13,1550.0
2010-01-14,1368.0
2010-01-15,581.0
2010-01-19,1626.0
2010-01-20,618.0
2010-01-21,576.0
2010-01-22,615.0
2010-01-25,1149.0
2010-01-26,738.0
2010-01-27,1376.0
2010-01-28,611.0
2010-01-29,804.0
2010-02-01,1490.0
2010-02-02,1317.0
2010-02-03,904.0
2010-02-04,320.0
2010-02-05,1242.0
2010-02-08,790.0
2010-02-09,1671.0
2010-02-10,1090.0
2010-02-11,1692.0
2010-02-12,1325.0
2010-02-16,1667.0
2010-02-17,1335.0
2010-02-18,1349.0
2010-02-19,1252.0
2010-02-22,1228.0
2010-02-23,747.0
2010-02-24,1452.0
2010-02-25,976.0
2010-02-26,1063.0
2010-03-01,1760.0
2010-03-02,1552.0
2010-03-03,1209.0
2010-03-04,1336.0
2010-03-05,1867.0
2010-03-08,1267.0
2010-03-09,1289.0
2010-03-10,1498.0
2010-03-11,1322.0
2010-03-12,1029.0
2010-03-15,964.0
2010-03-16,1474.0
2010-03-17,1412.0
2010-03-18,977.0
2010-03-19,903.0
2010-03-22,1524.0
2010-03-23,1574.0
2010-03-24,690.0
2010-03-25,854.0
2010-03-26,1135.0
2010-03-29,1355.0
2010-03-30,1241.0
2010-03-31,875.0
2010-04-01,1330.0
2010-04-05,1798.0
2010-04-06,1300.0
2010-04-07,1053.0
2010-04-08,1180.0
2010-04-09,1275.0
2010-04-12,1300.0
2010-04-13,1212.0
2010-04-14,1896.0
2010-04-15,1347.0
2010-04-16,618.0
2010-04-19,907.0
2010-04-20,1799.0
2010-04-21,1243.0
2010-04-22,1486.0
2010-04-23,1494.0
2010-04-26,1131.0
2010-04-27,464.0
2010-04-28,1244.0
2010-04-29,1783.0
2010-04-30,539.0
2010-05-03,1742.0
2010-05-04,334.0
2010-05-05,610.0
2010-05-06,286.0
2010-05-07,517.0
2010-05-10,2127.0
2010-05-11,1434.0
2010-05-12,1975.0
2010-05-13,821.0
2010-05-14,364.0
2010-05-17,1182.0
2010-05-18,581.0
2010-05-19,580.0
2010-05-20,185.0
2010-05-21,1540.0
2010-05-24,789.0
2010-05-25,782.0
2010-05-26,1315.0
2010-05-27,2084.0
2010-05-28,719.0
2010-06-01,418.0
2010-06-02,1920.0
2010-06-03,1453.0
2010-06-04,263.0
2010-06-07,399.0
2010-06-08,949.0
2010-06-09,1076.0
2010-06-10,1992.0
2010-06-11,1667.0
2010-06-14,1291.0
2010-06-15,1918.0
2010-06-16,946.0
2010-06-17,1179.0
2010-06-18,1267.0
2010-06-21,751.0
2010-06-22,490.0
2010-06-23,1056.0
2010-06-24,540.0
2010-06-25,1588.0
2010-06-28,962.0
2010-06-29,226.0
2010-06-30,833.0
2010-07-01,797.0
2010-07-02,808.0
2010-07-06,800.0
2010-07-07,1844.0
2010-07-08,1618.0
2010-07-09,1737.0
2010-07-12,712.0
2010-07-13,2002.0
2010-07-14,956.0
2010-07-15,786.0
2010-07-16,272.0
2010-07-19,1365.0
2010-07-20,1649.0
2010-07-21,575.0
2010-07-22,1973.0
2010-07-23,1826.0
2010-07-26,1835.0
2010-07-27,1001.0
2010-07-28,663.0
2010-07-29,1099.0
2010-07-30,1293.0
2010-08-02,1715.0
2010-08-03,846.0
2010-08-04,1546.0
2010-08-05,795.0
2010-08-06,923.0
2010-08-09,1577.0
2010-08-10,495.0
2010-08-11,244.0
2010-08-12,907.0
2010-08-13,707.0
2010-08-16,1485.0
2010-08-17,1790.0
2010-08-18,1183.0
2010-08-19,442.0
2010-08-20,1138.0
2010-08-23,576.0
2010-08-24,599.0
2010-08-25,1504.0
2010-08-26,765.0
2010-08-27,1956.0
2010-08-30,458.0
2010-08-31,1145.0
2010-09-01,1971.0
2010-09-02,1473.0
2010-09-03,1832.0
2010-09-07,514.0
2010-09-08,1540.0
2010-09-09,1246.0
2010-09-10,1267.0
2010-09-13,1914.0
2010-09-14,986.0
2010-09-15,1339.0
2010-09-16,864.0
2010-09-17,1398.0
2010-09-20,1930.0
2010-09-21,903.0
2010-09-22,750.0
2010-09-23,768.0
2010-09-24,1939.0
2010-09-27,922.0
2010-09-28,1620.0
2010-09-29,1224.0
2010-09-30,1153.0
2010-10-01,1358.0
2010-10-04,586.0
2010-10-05,1965.0
2010-10-06,973.0
2010-10-07,1057.0
2010-10-08,1707.0
2010-10-11,1115.0
2010-10-12,1364.0
2010-10-13,1771.0
2010-10-14,1081.0
2010-10-15,1140.0
2010-10-18,1564.0
2010-10-19,399.0
2010-10-20,1702.0
2010-10-21,895.0
2010-10-22,1539.0
2010-10-25,1466.0
2010-10-26,1161.0
2010-10-27,920.0
2010-10-28,1016.0
2010-10-29,1347.0
2010-11-01,894.0
2010-11-02,1803.0
2010-11-03,1347.0
2010-11-04,1856.0
2010-11-05,1347.0
2010-11-08,1150.0
2010-11-09,660.0
2010-11-10,1624.0
2010-11-11,812.0
2010-11-12,459.0
2010-11-15,1301.0
2010-11-16,502.0
2010-11-17,1263.0
2010-11-18,1830.0
2010-11-19,1348.0
2010-11-22,1217.0
2010-11-23,593.0
2010-11-24,1944.0
2010-11-26,806.0
2010-11-29,1079.0
2010-11-30,776.0
2010-12-01,1795.0
2010-12-02,1535.0
2010-12-03,1447.0
2010-12-06,1379.0
2010-12-07,1371.0
2010-12-08,1202.0
2010-12-09,1373.0
2010-12-10,1667.0
2010-12-13,949.0
2010-12-14,1233.0
2010-12-15,946.0
2010-12-16,1680.0
2010-12-17,1272.0
2010-12-20,1199.0
2010-12-21,1775.0
2010-12-22,1308.0
2010-12-23,1064.0
2010-12-27,1399.0
2010-12-28,987.0
2010-12-29,1317.0
2010-12-30,1119.0
2010-12-31,1028.0
2011-01-03,2057.0
2011-01-04,850.0
2011-01-05,1884.0
2011-01-06,1159.0
2011-01-07,977.0
2011-01-10,1458.0
2011-01-11,1658.0
2011-01-12,1799.0
2011-01-13,1142.0
2011-01-14,1703.0
2011-01-18,1297.0
2011-01-19,476.0
2011-01-20,740.0
2011-01-21,1082.0
2011-01-24,1730.0
2011-01-25,1211.0
2011-01-26,2011.0
2011-01-27,1367.0
2011-01-28,433.0
2011-01-31,1546.0
2011-02-01,2048.0
2011-02-02,1157.0
2011-02-03,1317.0
2011-02-04,1274.0
2011-02-07,1816.0
2011-02-08,1539.0
2011-02-09,969.0
2011-02-10,1354.0
2011-02-11,1796.0
2011-02-14,1449.0
2011-02-15,1018.0
2011-02-16,1761.0
2011-02-17,1585.0
2011-02-18,1359.0
2011-02-22,391.0
2011-02-23,659.0
2011-02-24,1365.0
2011-02-25,2092.0
2011-02-28,1337.0
2011-03-01,623.0
2011-03-02,1438.0
2011-03-03,2019.0
2011-03-04,945.0
2011-03-07,632.0
2011-03-08,1881.0
2011-03-09,1061.0
2011-03-10,366.0
2011-03-11,1359.0
2011-03-14,786.0
2011-03-15,646.0
2011-03-16,766.0
2011-03-17,1636.0
2011-03-18,1777.0
2011-03-21,2032.0
2011-03-22,1062.0
2011-03-23,1384.0
2011-03-24,1655.0
2011-03-25,1523.0
2011-03-28,1127.0
2011-03-29,1743.0
2011-03-30,1836.0
2011-03-31,1502.0
2011-04-01,1466.0
2011-04-04,1416.0
2011-04-05,1328.0
2011-04-06,1394.0
2011-04-07,955.0
2011-04-08,798.0
2011-04-11,901.0
2011-04-12,643.0
2011-04-13,1333.0
2011-04-14,1424.0
2011-04-15,1677.0
2011-04-18,531.0
2011-04-19,1301.0
2011-04-20,2001.0
2011-04-21,1435.0
2011-04-25,1177.0
2011-04-26,1725.0
2011-04-27,1592.0
2011-04-28,1429.0
2011-04-29,1422.0
2011-05-02,889.0
2011-05-03,757.0
2011-05-04,685.0
2011-05-05,1008.0
2011-05-06,1566.0
2011-05-09,1685.0
2011-05-10,1899.0
2011-05-11,622.0
2011-05-12,1451.0
2011-05-13,617.0
2011-05-16,564.0
2011-05-17,939.0
2011-05-18,1895.0
2011-05-19,1325.0
2011-05-20,848.0
2011-05-23,511.0
2011-05-24,1044.0
2011-05-25,1706.0
2011-05-26,1784.0
2011-05-27,1436.0
2011-05-31,1796.0
2011-06-01,437.0
2011-06-02,1229.0
2011-06-03,574.0
2011-06-06,598.0
2011-06-07,1475.0
2011-06-08,700.0
2011-06-09,1616.0
2011-06-10,597.0
2011-06-13,943.0
2011-06-14,2019.0
2011-06-15,549.0
2011-06-16,1355.0
2011-06-17,1266.0
2011-06-20,1467.0
2011-06-21,2082.0
2011-06-22,878.0
2011-06-23,1203.0
2011-06-24,1094.0
2011-06-27,1706.0
2011-06-28,1861.0
2011-06-29,1313.0
2011-06-30,1608.0
2011-07-01,1920.0
2011-07-05,1235.0
2011-07-06,1447.0
2011-07-07,1997.0
2011-07-08,830.0
2011-07-11,433.0
2011-07-12,1158.0
2011-07-13,1650.0
2011-07-14,620.0
2011-07-15,1323.0
2011-07-18,551.0
2011-07-19,2025.0
2011-07-20,1039.0
2011-07-21,1748.0
2011-07-22,1100.0
2011-07-25,614.0
2011-07-26,896.0
2011-07-27,351.0
2011-07-28,1301.0
2011-07-29,1101.0
2011-08-01,1172.0
2011-08-02,461.0
2011-08-03,1509.0
2011-08-04,204.0
2011-08-05,671.0
2011-08-08,110.0
2011-08-09,2153.0
2011-08-10,454.0
2011-08-11,2171.0
2011-08-12,1319.0
2011-08-15,2098.0
2011-08-16,561.0
2011-08-17,1159.0
2011-08-18,215.0
2011-08-19,723.0
2011-08-22,1204.0
2011-08-23,2091.0
2011-08-24,1606.0
2011-08-25,470.0
2011-08-26,1965.0
2011-08-29,2237.0
2011-08-30,1255.0
2011-08-31,1224.0
2011-09-01,543.0
2011-09-02,387.0
2011-09-06,864.0
2011-09-07,2193.0
2011-09-08,605.0
2011-09-09,407.0
2011-09-12,1116.0
2011-09-13,1913.0
2011-09-14,1854.0
2011-09-15,1445.0
2011-09-16,1338.0
2011-09-19,525.0
2011-09-20,703.0
2011-09-21,443.0
2011-09-22,342.0
2011-09-23,1715.0
2011-09-26,1341.0
2011-09-27,1950.0
2011-09-28,381.0
2011-09-29,1441.0
2011-09-30,551.0
2011-10-03,232.0
2011-10-04,1780.0
2011-10-05,1717.0
2011-10-06,1898.0
2011-10-07,595.0
2011-10-10,2091.0
2011-10-11,1254.0
2011-10-12,1867.0
2011-10-13,1083.0
2011-10-14,1867.0
2011-10-17,453.0
2011-10-18,1920.0
2011-10-19,603.0
2011-10-20,1155.0
2011-10-21,1923.0
2011-10-24,2005.0
2011-10-25,474.0
2011-10-26,1819.0
2011-10-27,2181.0
2011-10-28,958.0
2011-10-31,535.0
2011-11-01,370.0
2011-11-02,1919.0
2011-11-03,1846.0
2011-11-04,730.0
2011-11-07,1066.0
2011-11-08,1717.0
2011-11-09,316.0
2011-11-10,1566.0
2011-11-11,1982.0
2011-11-14,636.0
2011-11-15,1664.0
2011-11-16,670.0
2011-11-17,669.0
2011-11-18,1222.0
2011-11-21,423.0
2011-11-22,901.0
2011-11-23,378.0
2011-11-25,667.0
2011-11-28,2096.0
2011-11-29,933.0
2011-11-30,2139.0
2011-12-01,927.0
2011-12-02,1525.0
2011-12-05,1745.0
2011-12-06,1073.0
2011-12-07,1099.0
2011-12-08,356.0
2011-12-09,2066.0
2011-12-12,629.0
2011-12-13,585.0
2011-12-14,898.0
2011-12-15,1484.0
2011-12-16,1417.0
2011-12-19,588.0
2011-12-20,2180.0
2011-12-21,1221.0
2011-12-22,1653.0
2011-12-23,1336.0
2011-12-27,1232.0
2011-12-28,512.0
2011-12-29,1692.0
2011-12-30,1101.0
2012-01-03,1915.0
2012-01-04,988.0
2012-01-05,1515.0
2012-01-06,1117.0
2012-01-09,1435.0
2012-01-10,1825.0
2012-01-11,1488.0
2012-01-12,1466.0
2012-01-13,782.0
2012-01-17,1404.0
2012-01-18,1885.0
2012-01-19,1424.0
2012-01-20,1412.0
2012-01-23,1123.0
2012-01-24,1499.0
2012-01-25,1670.0
2012-01-26,1123.0
2012-01-27,1598.0
2012-01-30,859.0
2012-01-31,1352.0
2012-02-01,1913.0
2012-02-02,1367.0
2012-02-03,2003.0
2012-02-06,1017.0
2012-02-07,1200.0
2012-02-08,1396.0
2012-02-09,1020.0
2012-02-10,644.0
2012-02-13,1891.0
2012-02-14,917.0
2012-02-15,946.0
2012-02-16,1923.0
2012-02-17,1273.0
2012-02-21,953.0
2012-02-22,831.0
2012-02-23,1752.0
2012-02-24,1126.0
2012-02-27,1122.0
2012-02-28,1151.0
2012-02-29,660.0
2012-03-01,1436.0
2012-03-02,737.0
2012-03-05,1136.0
2012-03-06,452.0
2012-03-07,1845.0
2012-03-08,1805.0
2012-03-09,1754.0
2012-03-12,1071.0
2012-03-13,1933.0
2012-03-14,788.0
2012-03-15,1647.0
2012-03-16,1200.0
2012-03-19,1651.0
2012-03-20,783.0
2012-03-21,1274.0
2012-03-22,728.0
2012-03-23,1519.0
2012-03-26,1922.0
2012-03-27,884.0
2012-03-28,879.0
2012-03-29,1044.0
2012-03-30,1181.0
2012-04-02,1753.0
2012-04-03,755.0
2012-04-04,468.0
2012-04-05,1130.0
2012-04-09,460.0
2012-04-10,438.0
2012-04-11,1960.0
2012-04-12,1824.0
2012-04-13,540.0
2012-04-16,1293.0
2012-04-17,1931.0
2012-04-18,747.0
2012-04-19,898.0
2012-04-20,1321.0
2012-04-23,613.0
2012-04-24,1644.0
2012-04-25,1795.0
2012-04-26,1165.0
2012-04-27,945.0
2012-04-30,869.0
2012-05-01,1189.0
2012-05-02,1336.0
2012-05-03,640.0
2012-05-04,488.0
2012-05-07,1317.0
2012-05-08,1046.0
2012-05-09,766.0
2012-05-10,1249.0
2012-05-11,1010.0
2012-05-14,618.0
2012-05-15,1132.0
2012-05-16,908.0
2012-05-17,485.0
2012-05-18,724.0
2012-05-21,1951.0
2012-05-22,925.0
2012-05-23,1153.0
2012-05-24,1140.0
2012-05-25,1213.0
2012-05-29,1713.0
2012-05-30,525.0
2012-05-31,1181.0
2012-06-01,392.0
2012-06-04,1001.0
2012-06-05,1487.0
2012-06-06,1977.0
2012-06-07,1017.0
2012-06-08,1579.0
2012-06-11,563.0
2012-06-12,1714.0
2012-06-13,675.0
2012-06-14,1701.0
2012-06-15,1701.0
2012-06-18,1236.0
2012-06-19,1922.0
2012-06-20,968.0
2012-06-21,494.0
2012-06-22,1798.0
2012-06-25,638.0
2012-06-26,1379.0
2012-06-27,1752.0
2012-06-28,924.0
2012-06-29,2173.0
2012-07-02,1609.0
2012-07-03,1719.0
2012-07-05,1126.0
2012-07-06,690.0
2012-07-09,1034.0
2012-07-10,833.0
2012-07-11,1193.0
2012-07-12,982.0
2012-07-13,1834.0
2012-07-16,884.0
2012-07-17,1358.0
2012-07-18,1477.0
2012-07-19,1078.0
2012-07-20,635.0
2012-07-23,483.0
2012-07-24,677.0
2012-07-25,1418.0
2012-07-26,1567.0
2012-07-27,1912.0
2012-07-30,871.0
2012-07-31,1010.0
2012-08-01,635.0
2012-08-02,1012.0
2012-08-03,1929.0
2012-08-06,1530.0
2012-08-07,1581.0
2012-08-08,942.0
2012-08-09,1347.0
2012-08-10,1058.0
2012-08-13,1032.0
2012-08-14,961.0
2012-08-15,1712.0
2012-08-16,1676.0
2012-08-17,1580.0
2012-08-20,916.0
2012-08-21,1091.0
2012-08-22,925.0
2012-08-23,764.0
2012-08-24,1485.0
2012-08-27,1243.0
2012-08-28,1430.0
2012-08-29,1478.0
2012-08-30,620.0
2012-08-31,1571.0
2012-09-04,1487.0
2012-09-05,598.0
2012-09-06,1922.0
2012-09-07,1428.0
2012-09-10,1000.0
2012-09-11,1417.0
2012-09-12,1451.0
2012-09-13,1596.0
2012-09-14,1591.0
2012-09-17,943.0
2012-09-18,1193.0
2012-09-19,1165.0
2012-09-20,915.0
2012-09-21,1487.0
2012-09-24,1118.0
2012-09-25,674.0
2012-09-26,903.0
2012-09-27,1737.0
2012-09-28,864.0
2012-10-01,1405.0
2012-10-02,1233.0
2012-10-03,1115.0
2012-10-04,1619.0
2012-10-05,1049.0
2012-10-08,841.0
2012-10-09,539.0
2012-10-10,1007.0
2012-10-11,1416.0
2012-10-12,813.0
2012-10-15,1489.0
2012-10-16,1561.0
2012-10-17,1438.0
2012-10-18,773.0
2012-10-19,476.0
2012-10-22,1252.0
2012-10-23,789.0
2012-10-24,1071.0
2012-10-25,1385.0
2012-10-26,1045.0
2012-10-31,1332.0
2012-11-01,1496.0
2012-11-02,753.0
2012-11-05,1453.0
2012-11-06,1565.0
2012-11-07,377.0
2012-11-08,637.0
2012-11-09,1186.0
2012-11-12,1130.0
2012-11-13,824.0
2012-11-14,501.0
2012-11-15,926.0
2012-11-16,1262.0
2012-11-19,1947.0
2012-11-20,1146.0
2012-11-21,1357.0
2012-11-23,1511.0
2012-11-26,1281.0
2012-11-27,1119.0
2012-11-28,1360.0
2012-11-29,1708.0
2012-11-30,1204.0
2012-12-03,1095.0
2012-12-04,1077.0
2012-12-05,1082.0
2012-12-06,1223.0
2012-12-07,1133.0
2012-12-10,1407.0
2012-12-11,1771.0
2012-12-12,970.0
2012-12-13,912.0
2012-12-14,1174.0
2012-12-17,1462.0
2012-12-18,1779.0
2012-12-19,1235.0
2012-12-20,1498.0
2012-12-21,793.0
2012-12-24,908.0
2012-12-26,881.0
2012-12-27,916.0
2012-12-28,833.0
2012-12-31,2007.0
2013-01-02,2201.0
2013-01-03,1160.0
2013-01-04,1586.0
2013-01-07,1054.0
2013-01-08,1144.0
2013-01-09,1436.0
2013-01-10,1387.0
2013-01-11,1212.0
2013-01-14,1138.0
2013-01-15,1307.0
2013-01-16,953.0
2013-01-17,1619.0
2013-01-18,1275.0
2013-01-22,1540.0
2013-01-23,1002.0
2013-01-24,1343.0
2013-01-25,1286.0
2013-01-28,1366.0
2013-01-29,1335.0
2013-01-30,754.0
2013-01-31,1510.0
2013-02-01,1771.0
2013-02-04,658.0
2013-02-05,1774.0
2013-02-06,1173.0
2013-02-07,921.0
2013-02-08,1540.0
2013-02-11,1181.0
2013-02-12,1485.0
2013-02-13,1279.0
2013-02-14,1301.0
2013-02-15,1147.0
2013-02-19,1667.0
2013-02-20,558.0
2013-02-21,770.0
2013-02-22,1794.0
2013-02-25,495.0
2013-02-26,1473.0
2013-02-27,1566.0
2013-02-28,1215.0
2013-03-01,1112.0
2013-03-04,1309.0
2013-03-05,1729.0
2013-03-06,1253.0
2013-03-07,1430.0
2013-03-08,1652.0
2013-03-11,1250.0
2013-03-12,1041.0
2013-03-13,1391.0
2013-03-14,1615.0
2013-03-15,1091.0
2013-03-18,860.0
2013-03-19,1011.0
2013-03-20,1726.0
2013-03-21,765.0
2013-03-22,1435.0
2013-03-25,1157.0
2013-03-26,1359.0
2013-03-27,1143.0
2013-03-28,1382.0
2013-04-01,666.0
2013-04-02,1099.0
2013-04-03,527.0
2013-04-04,1532.0
2013-04-05,947.0
2013-04-08,1435.0
2013-04-09,1137.0
2013-04-10,1967.0
2013-04-11,1196.0
2013-04-12,997.0
2013-04-15,277.0
2013-04-16,1859.0
2013-04-17,493.0
2013-04-18,959.0
2013-04-19,1672.0
2013-04-22,1211.0
2013-04-23,1833.0
2013-04-24,1345.0
2013-04-25,1529.0
2013-04-26,920.0
2013-04-29,1677.0
2013-04-30,1481.0
2013-05-01,547.0
2013-05-02,1857.0
2013-05-03,1860.0
2013-05-06,1454.0
2013-05-07,1528.0
2013-05-08,1421.0
2013-05-09,991.0
2013-05-10,1609.0
2013-05-13,1112.0
2013-05-14,1753.0
2013-05-15,1330.0
2013-05-16,1020.0
2013-05-17,1711.0
2013-05-20,1362.0
2013-05-21,1312.0
2013-05-22,676.0
2013-05-23,1277.0
2013-05-24,1197.0
2013-05-28,1795.0
2013-05-29,758.0
2013-05-30,1624.0
2013-05-31,694.0
2013-06-03,1434.0
2013-06-04,816.0
2013-06-05,615.0
2013-06-06,1692.0
2013-06-07,1686.0
2013-06-10,1574.0
2013-06-11,643.0
2013-06-12,689.0
2013-06-13,1873.0
2013-06-14,697.0
2013-06-17,1609.0
2013-06-18,1700.0
2013-06-19,694.0
2013-06-20,361.0
2013-06-21,1418.0
2013-06-24,582.0
2013-06-25,1757.0
2013-06-26,1356.0
2013-06-27,1938.0
2013-06-28,1329.0
2013-07-01,1771.0
2013-07-02,1139.0
2013-07-03,1333.0
2013-07-05,1752.0
2013-07-08,1391.0
2013-07-09,1501.0
2013-07-10,1419.0
2013-07-11,1767.0
2013-07-12,1368.0
2013-07-15,1605.0
2013-07-16,1103.0
2013-07-17,1479.0
2013-07-18,1567.0
2013-07-19,1134.0
2013-07-22,1453.0
2013-07-23,1159.0
2013-07-24,1005.0
2013-07-25,1631.0
2013-07-26,950.0
2013-07-29,795.0
2013-07-30,1296.0
2013-07-31,1320.0
2013-08-01,1801.0
2013-08-02,1183.0
2013-08-05,1180.0
2013-08-06,704.0
2013-08-07,805.0
2013-08-08,1464.0
2013-08-09,1042.0
2013-08-12,1439.0
2013-08-13,1226.0
2013-08-14,997.0
2013-08-15,474.0
2013-08-16,1156.0
2013-08-19,716.0
2013-08-20,1862.0
2013-08-21,765.0
2013-08-22,1956.0
2013-08-23,1279.0
2013-08-26,1210.0
2013-08-27,342.0
2013-08-28,1500.0
2013-08-29,1782.0
2013-08-30,583.0
2013-09-03,1493.0
2013-09-04,1598.0
2013-09-05,1477.0
2013-09-06,1188.0
2013-09-09,1864.0
2013-09-10,1700.0
2013-09-11,1214.0
2013-09-12,911.0
2013-09-13,1432.0
2013-09-16,1373.0
2013-09-17,1587.0
2013-09-18,1629.0
2013-09-19,1120.0
2013-09-20,1128.0
2013-09-23,1079.0
2013-09-24,1415.0
2013-09-25,1167.0
2013-09-26,1520.0
2013-09-27,905.0
2013-09-30,1149.0
2013-10-01,1834.0
2013-10-02,983.0
2013-10-03,660.0
2013-10-04,1508.0
2013-10-07,680.0
2013-10-08,510.0
2013-10-09,1118.0
2013-10-10,2135.0
2013-10-11,1858.0
2013-10-14,1445.0
2013-10-15,753.0
2013-10-16,1807.0
2013-10-17,1720.0
2013-10-18,1702.0
2013-10-21,1136.0
2013-10-22,1388.0
2013-10-23,1001.0
2013-10-24,1531.0
2013-10-25,1202.0
2013-10-28,1255.0
2013-10-29,1504.0
2013-10-30,695.0
2013-10-31,903.0
2013-11-01,1060.0
2013-11-04,1634.0
2013-11-05,1070.0
2013-11-06,1227.0
2013-11-07,590.0
2013-11-08,1778.0
2013-11-11,1229.0
2013-11-12,1166.0
2013-11-13,1724.0
2013-11-14,1226.0
2013-11-15,1516.0
2013-11-18,940.0
2013-11-19,968.0
2013-11-20,1197.0
2013-11-21,1840.0
2013-11-22,1553.0
2013-11-25,1342.0
2013-11-26,1670.0
2013-11-27,1649.0
2013-11-29,1470.0
2013-12-02,765.0
2013-12-03,989.0
2013-12-04,1062.0
2013-12-05,1135.0
2013-12-06,1674.0
2013-12-09,1070.0
2013-12-10,926.0
2013-12-11,600.0
2013-12-12,1253.0
2013-12-13,1501.0
2013-12-16,1734.0
2013-12-17,1116.0
2013-12-18,1770.0
2013-12-19,947.0
2013-12-20,1941.0
2013-12-23,1875.0
2013-12-24,1497.0
2013-12-26,1325.0
2013-12-27,1216.0
2013-12-30,1230.0
2013-12-31,1515.0
2014-01-02,935.0
2014-01-03,1604.0
2014-01-06,958.0
2014-01-07,1805.0
2014-01-08,1238.0
2014-01-09,1124.0
2014-01-10,1520.0
2014-01-13,757.0
2014-01-14,1947.0
2014-01-15,1700.0
2014-01-16,1214.0
2014-01-17,979.0
2014-01-21,1588.0
2014-01-22,1493.0
2014-01-23,809.0
2014-01-24,379.0
2014-01-27,588.0
2014-01-28,1744.0
2014-01-29,622.0
2014-01-30,1952.0
2014-01-31,793.0
2014-02-03,385.0
2014-02-04,1584.0
2014-02-05,793.0
2014-02-06,1589.0
2014-02-07,1650.0
2014-02-10,1476.0
2014-02-11,1810.0
2014-02-12,1344.0
2014-02-13,1862.0
2014-02-14,1356.0
2014-02-18,1793.0
2014-02-19,720.0
2014-02-20,1808.0
2014-02-21,1333.0
2014-02-24,1670.0
2014-02-25,1005.0
2014-02-26,1563.0
2014-02-27,1702.0
2014-02-28,1202.0
2014-03-03,952.0
2014-03-04,2138.0
2014-03-05,1272.0
2014-03-06,1252.0
2014-03-07,1261.0
2014-03-10,1124.0
2014-03-11,720.0
2014-03-12,1456.0
2014-03-13,605.0
2014-03-14,1403.0
2014-03-17,1670.0
2014-03-18,1983.0
2014-03-19,965.0
2014-03-20,1263.0
2014-03-21,1104.0
2014-03-24,671.0
2014-03-25,1310.0
2014-03-26,524.0
2014-03-27,1045.0
2014-03-28,1274.0
2014-03-31,1988.0
2014-04-01,1839.0
2014-04-02,1460.0
2014-04-03,803.0
2014-04-04,456.0
2014-04-07,624.0
2014-04-08,1754.0
2014-04-09,1830.0
2014-04-10,355.0
2014-04-11,553.0
2014-04-14,1395.0
2014-04-15,1255.0
2014-04-16,1835.0
2014-04-17,1560.0
2014-04-21,1637.0
2014-04-22,1821.0
2014-04-23,849.0
2014-04-24,1090.0
2014-04-25,452.0
2014-04-28,983.0
2014-04-29,1370.0
2014-04-30,1487.0
2014-05-01,1245.0
2014-05-02,1314.0
2014-05-05,1134.0
2014-05-06,598.0
2014-05-07,1189.0
2014-05-08,854.0
2014-05-09,1687.0
2014-05-12,2124.0
2014-05-13,906.0
2014-05-14,719.0
2014-05-15,852.0
2014-05-16,1593.0
2014-05-19,1813.0
2014-05-20,629.0
2014-05-21,1557.0
2014-05-22,1762.0
2014-05-23,1930.0
2014-05-27,1972.0
2014-05-28,1027.0
2014-05-29,1515.0
2014-05-30,1034.0
2014-06-02,990.0
2014-06-03,1022.0
2014-06-04,1439.0
2014-06-05,2074.0
2014-06-06,1860.0
2014-06-09,1813.0
2014-06-10,1165.0
2014-06-11,1019.0
2014-06-12,938.0
2014-06-13,1325.0
2014-06-16,1342.0
2014-06-17,1787.0
2014-06-18,1665.0
2014-06-19,1171.0
2014-06-20,1506.0
2014-06-23,1149.0
2014-06-24,791.0
2014-06-25,1690.0
2014-06-26,1246.0
2014-06-27,1702.0
2014-06-30,1515.0
2014-07-01,1977.0
2014-07-02,1171.0
2014-07-03,1774.0
2014-07-07,557.0
2014-07-08,582.0
2014-07-09,1455.0
2014-07-10,659.0
2014-07-11,1247.0
2014-07-14,1687.0
2014-07-15,729.0
2014-07-16,1144.0
2014-07-17,580.0
2014-07-18,2092.0
2014-07-21,1044.0
2014-07-22,1796.0
2014-07-23,1292.0
2014-07-24,1161.0
2014-07-25,876.0
2014-07-28,984.0
2014-07-29,1376.0
2014-07-30,1569.0
2014-07-31,457.0
2014-08-01,936.0
2014-08-04,1667.0
2014-08-05,1121.0
2014-08-06,1390.0
2014-08-07,986.0
2014-08-08,1739.0
2014-08-11,1955.0
2014-08-12,863.0
2014-08-13,1772.0
2014-08-14,1509.0
2014-08-15,1146.0
2014-08-18,2027.0
2014-08-19,1443.0
2014-08-20,1000.0
2014-08-21,1484.0
2014-08-22,1371.0
2014-08-25,1578.0
2014-08-26,1704.0
2014-08-27,1187.0
2014-08-28,919.0
2014-08-29,1895.0
2014-09-02,1607.0
2014-09-03,990.0
2014-09-04,1081.0
2014-09-05,1465.0
2014-09-08,1493.0
2014-09-09,698.0
2014-09-10,1649.0
2014-09-11,1576.0
2014-09-12,881.0
2014-09-15,640.0
2014-09-16,1438.0
2014-09-17,1540.0
2014-09-18,1658.0
2014-09-19,911.0
2014-09-22,549.0
2014-09-23,834.0
2014-09-24,1773.0
2014-09-25,507.0
2014-09-26,1823.0
2014-09-29,1187.0
2014-09-30,822.0
2014-10-01,590.0
2014-10-02,1742.0
2014-10-03,1796.0
2014-10-06,879.0
2014-10-07,515.0
2014-10-08,1879.0
2014-10-09,374.0
2014-10-10,729.0
2014-10-13,1166.0
2014-10-14,1676.0
2014-10-15,1431.0
2014-10-16,1829.0
2014-10-17,1334.0
2014-10-20,1804.0
2014-10-21,1973.0
2014-10-22,715.0
2014-10-23,1963.0
2014-10-24,1484.0
2014-10-27,1191.0
2014-10-28,2150.0
2014-10-29,1258.0
2014-10-30,1562.0
2014-10-31,1913.0
2014-11-03,1195.0
2014-11-04,1154.0
2014-11-05,1413.0
2014-11-06,1555.0
2014-11-07,1271.0
2014-11-10,1669.0
2014-11-11,1229.0
2014-11-12,1653.0
2014-11-13,872.0
2014-11-14,1294.0
2014-11-17,912.0
2014-11-18,1701.0
2014-11-19,759.0
2014-11-20,1819.0
2014-11-21,1493.0
2014-11-24,1933.0
2014-11-25,1334.0
2014-11-26,1648.0
2014-11-28,877.0
2014-12-01,588.0
2014-12-02,1853.0
2014-12-03,1698.0
2014-12-04,1068.0
2014-12-05,1792.0
2014-12-08,715.0
2014-12-09,1854.0
2014-12-10,526.0
2014-12-11,1657.0
2014-12-12,797.0
2014-12-15,786.0
2014-12-16,1237.0
2014-12-17,2227.0
2014-12-18,2082.0
2014-12-19,1448.0
2014-12-22,1672.0
2014-12-23,1422.0
2014-12-24,1576.0
2014-12-26,1823.0
2014-12-29,1413.0
2014-12-30,1043.0
2014-12-31,1194.0
2015-01-02,1154.0
2015-01-05,812.0
2015-01-06,615.0
2015-01-07,1864.0
2015-01-08,2037.0
2015-01-09,935.0
2015-01-12,1054.0
2015-01-13,1334.0
2015-01-14,965.0
2015-01-15,594.0
2015-01-16,2032.0
2015-01-20,1108.0
2015-01-21,1140.0
2015-01-22,1978.0
2015-01-23,1189.0
2015-01-26,1791.0
2015-01-27,984.0
2015-01-28,684.0
2015-01-29,1787.0
2015-01-30,690.0
2015-02-02,1702.0
2015-02-03,1980.0
2015-02-04,1073.0
2015-02-05,1910.0
2015-02-06,1281.0
2015-02-09,1010.0
2015-02-10,1647.0
2015-02-11,1208.0
2015-02-12,1914.0
2015-02-13,1667.0
2015-02-17,1504.0
2015-02-18,1389.0
2015-02-19,1416.0
2015-02-20,1415.0
2015-02-23,1157.0
2015-02-24,1575.0
2015-02-25,1470.0
2015-02-26,1522.0
2015-02-27,1052.0
2015-03-02,1769.0
2015-03-03,960.0
2015-03-04,1118.0
2015-03-05,1535.0
2015-03-06,820.0
2015-03-09,1494.0
2015-03-10,668.0
2015-03-11,1570.0
2015-03-12,1953.0
2015-03-13,994.0
2015-03-16,1534.0
2015-03-17,1339.0
2015-03-18,1674.0
2015-03-19,1443.0
2015-03-20,1697.0
2015-03-23,1481.0
2015-03-24,1298.0
2015-03-25,522.0
2015-03-26,1178.0
2015-03-27,1565.0
2015-03-30,1846.0
2015-03-31,1091.0
2015-04-01,1245.0
2015-04-02,1667.0
2015-04-06,1547.0
2015-04-07,1259.0
2015-04-08,1710.0
2015-04-09,1297.0
2015-04-10,140.0
2015-04-13,1314.0
2015-04-14,1286.0
2015-04-15,1825.0
2015-04-16,1276.0
2015-04-17,573.0
2015-04-20,1867.0
2015-04-21,1347.0
2015-04-22,1452.0
2015-04-23,1662.0
2015-04-24,1217.0
2015-04-27,847.0
2015-04-28,1610.0
2015-04-29,864.0
2015-04-30,640.0
2015-05-01,1656.0
2015-05-04,1592.0
2015-05-05,683.0
2015-05-06,1269.0
2015-05-07,1505.0
2015-05-08,1741.0
2015-05-11,1424.0
2015-05-12,1197.0
2015-05-13,1376.0
2015-05-14,1944.0
2015-05-15,1312.0
2015-05-18,1770.0
2015-05-19,1210.0
2015-05-20,1332.0
2015-05-21,1388.0
2015-05-22,1152.0
2015-05-26,703.0
2015-05-27,1949.0
2015-05-28,1272.0
2015-05-29,1047.0
2015-06-01,1370.0
2015-06-02,1589.0
2015-06-03,1897.0
2015-06-04,784.0
2015-06-05,1717.0
2015-06-08,994.0
2015-06-09,1059.0
2015-06-10,1834.0
2015-06-11,1399.0
2015-06-12,1145.0
2015-06-15,1054.0
2015-06-16,1634.0
2015-06-17,1306.0
2015-06-18,1795.0
2015-06-19,1249.0
2015-06-22,1800.0
2015-06-23,1500.0
2015-06-24,793.0
2015-06-25,1291.0
2015-06-26,1166.0
2015-06-29,376.0
2015-06-30,1817.0
2015-07-01,1516.0
2015-07-02,1022.0
2015-07-06,1166.0
2015-07-07,1082.0
2015-07-08,521.0
2015-07-09,1782.0
2015-07-10,2160.0
2015-07-13,2010.0
2015-07-14,1765.0
2015-07-15,1002.0
2015-07-16,1851.0
2015-07-17,1108.0
2015-07-20,909.0
2015-07-21,1107.0
2015-07-22,1327.0
2015-07-23,885.0
2015-07-24,717.0
2015-07-27,819.0
2015-07-28,1771.0
2015-07-29,1572.0
2015-07-30,1452.0
2015-07-31,1611.0
2015-08-03,1036.0
2015-08-04,1389.0
2015-08-05,1591.0
2015-08-06,818.0
2015-08-07,985.0
2015-08-10,1931.0
2015-08-11,821.0
2015-08-12,1215.0
2015-08-13,1234.0
2015-08-14,1675.0
2015-08-17,1759.0
2015-08-18,908.0
2015-08-19,746.0
2015-08-20,438.0
2015-08-21,813.0
2015-08-24,286.0
2015-08-25,1334.0
2015-08-26,2108.0
2015-08-27,2175.0
2015-08-28,1892.0
2015-08-31,1365.0
2015-09-01,531.0
2015-09-02,1861.0
2015-09-03,1417.0
2015-09-04,997.0
2015-09-08,2191.0
2015-09-09,898.0
2015-09-10,1672.0
2015-09-11,1529.0
2015-09-14,1060.0
2015-09-15,1908.0
2015-09-16,1739.0
2015-09-17,1532.0
2015-09-18,995.0
2015-09-21,1346.0
2015-09-22,626.0
2015-09-23,1207.0
2015-09-24,1227.0
2015-09-25,941.0
2015-09-28,460.0
2015-09-29,1059.0
2015-09-30,2027.0
2015-10-01,1087.0
2015-10-02,1621.0
2015-10-05,2153.0
2015-10-06,1107.0
2015-10-07,2098.0
2015-10-08,1751.0
2015-10-09,1497.0
2015-10-12,1324.0
2015-10-13,755.0
2015-10-14,1019.0
2015-10-15,2279.0
2015-10-16,1331.0
2015-10-19,1364.0
2015-10-20,1339.0
2015-10-21,721.0
2015-10-22,1767.0
2015-10-23,1858.0
2015-10-26,1092.0
2015-10-27,780.0
2015-10-28,2215.0
2015-10-29,972.0
2015-10-30,1208.0
2015-11-02,2188.0
2015-11-03,1663.0
2015-11-04,1382.0
2015-11-05,1277.0
2015-11-06,1713.0
2015-11-09,853.0
2015-11-10,1274.0
2015-11-11,987.0
2015-11-12,627.0
2015-11-13,999.0
2015-11-16,1704.0
2015-11-17,1296.0
2015-11-18,2006.0
2015-11-19,1244.0
2015-11-20,1529.0
2015-11-23,1566.0
2015-11-24,1610.0
2015-11-25,1862.0
2015-11-27,1672.0
2015-11-30,1322.0
2015-12-01,1643.0
2015-12-02,960.0
2015-12-03,677.0
2015-12-04,1841.0
2015-12-07,662.0
2015-12-08,1148.0
2015-12-09,897.0
2015-12-10,1491.0
2015-12-11,462.0
2015-12-14,1043.0
2015-12-15,2005.0
2015-12-16,2079.0
2015-12-17,972.0
2015-12-18,1002.0
2015-12-21,1757.0
2015-12-22,1830.0
2015-12-23,2030.0
2015-12-24,1520.0
2015-12-28,1034.0
2015-12-29,1940.0
2015-12-30,829.0
2015-12-31,1036.0
2016-01-04,665.0
2016-01-05,1492.0
2016-01-06,812.0
2016-01-07,380.0
2016-01-08,959.0
2016-01-11,1107.0
2016-01-12,1402.0
2016-01-13,388.0
2016-01-14,1930.0
2016-01-15,525.0
2016-01-19,983.0
2016-01-20,995.0
2016-01-21,1484.0
2016-01-22,2289.0
2016-01-25,723.0
2016-01-26,1999.0
2016-01-27,827.0
2016-01-28,1479.0
2016-01-29,2341.0
2016-02-01,1357.0
2016-02-02,569.0
2016-02-03,1341.0
2016-02-04,1629.0
2016-02-05,509.0
2016-02-08,794.0
2016-02-09,978.0
2016-02-10,1388.0
2016-02-11,857.0
2016-02-12,2114.0
2016-02-16,2209.0
2016-02-17,2028.0
2016-02-18,1102.0
2016-02-19,1592.0
2016-02-22,1971.0
2016-02-23,859.0
2016-02-24,1735.0
2016-02-25,1659.0
2016-02-26,1787.0
2016-02-29,1360.0
2016-03-01,2093.0
2016-03-02,1849.0
2016-03-03,1801.0
2016-03-04,1714.0
2016-03-07,1944.0
2016-03-08,696.0
2016-03-09,1663.0
2016-03-10,980.0
2016-03-11,36.0
2016-03-14,1283.0
2016-03-15,704.0
2016-03-16,1671.0
2016-03-17,1913.0
2016-03-18,2045.0
2016-03-21,1445.0
2016-03-22,1345.0
2016-03-23,595.0
2016-03-24,1508.0
2016-03-28,1257.0
2016-03-29,2168.0
2016-03-30,1744.0
2016-03-31,1478.0
2016-04-01,1627.0
2016-04-04,1130.0
2016-04-05,858.0
2016-04-06,2037.0
2016-04-07,759.0
2016-04-08,1592.0
2016-04-11,1408.0
2016-04-12,1934.0
2016-04-13,2250.0
2016-04-14,1422.0
2016-04-15,1524.0
2016-04-18,1962.0
2016-04-19,1553.0
2016-04-20,1560.0
2016-04-21,1293.0
2016-04-22,1782.0
2016-04-25,1032.0
2016-04-26,1774.0
2016-04-27,1498.0
2016-04-28,969.0
2016-04-29,1010.0
2016-05-02,1733.0
2016-05-03,732.0
2016-05-04,930.0
2016-05-05,1039.0
2016-05-06,1537.0
2016-05-09,1483.0
2016-05-10,1831.0
2016-05-11,832.0
2016-05-12,921.0
2016-05-13,1149.0
2016-05-16,1986.0
2016-05-17,781.0
2016-05-18,1646.0
2016-05-19,841.0
2016-05-20,2151.0
2016-05-23,1477.0
2016-05-24,2209.0
2016-05-25,1842.0
2016-05-26,1326.0
2016-05-27,1910.0
2016-05-31,1544.0
2016-06-01,1738.0
2016-06-02,1757.0
2016-06-03,1084.0
2016-06-06,2013.0
2016-06-07,1465.0
2016-06-08,1839.0
2016-06-09,866.0
2016-06-10,599.0
2016-06-13,735.0
2016-06-14,1122.0
2016-06-15,1575.0
2016-06-16,1253.0
2016-06-17,1541.0
2016-06-20,2098.0
2016-06-21,1196.0
2016-06-22,1150.0
2016-06-23,2245.0
2016-06-24,468.0
2016-06-27,442.0
2016-06-28,2288.0
2016-06-29,2274.0
2016-06-30,2045.0
2016-07-01,1767.0
2016-07-05,789.0
2016-07-06,1759.0
2016-07-07,1674.0
2016-07-08,2373.0
2016-07-11,1939.0
2016-07-12,2075.0
2016-07-13,1182.0
2016-07-14,1566.0
2016-07-15,1482.0
2016-07-18,1585.0
2016-07-19,1004.0
2016-07-20,1963.0
2016-07-21,1072.0
2016-07-22,1846.0
2016-07-25,1201.0
2016-07-26,1773.0
2016-07-27,1663.0
2016-07-28,1337.0
2016-07-29,1470.0
2016-08-01,1425.0
2016-08-02,728.0
2016-08-03,1848.0
2016-08-04,1452.0
2016-08-05,2068.0
2016-08-08,1349.0
2016-08-09,1593.0
2016-08-10,1001.0
2016-08-11,1833.0
2016-08-12,1354.0
2016-08-15,1978.0
2016-08-16,894.0
2016-08-17,1156.0
2016-08-18,1948.0
2016-08-19,1344.0
2016-08-22,1521.0
2016-08-23,1852.0
2016-08-24,973.0
2016-08-25,1499.0
2016-08-26,1343.0
2016-08-29,1789.0
2016-08-30,1507.0
2016-08-31,1056.0
2016-09-01,1498.0
2016-09-02,1926.0
2016-09-06,1549.0
2016-09-07,1778.0
2016-09-08,1413.0
2016-09-09,422.0
2016-09-12,2043.0
2016-09-13,550.0
2016-09-14,1392.0
2016-09-15,2051.0
2016-09-16,1324.0
2016-09-19,1722.0
2016-09-20,1355.0
2016-09-21,2079.0
2016-09-22,2043.0
2016-09-23,1079.0
2016-09-26,703.0
2016-09-27,1860.0
2016-09-28,1729.0
2016-09-29,744.0
2016-09-30,2085.0
2016-10-03,1180.0
2016-10-04,1114.0
2016-10-05,1936.0
2016-10-06,1106.0
2016-10-07,924.0
2016-10-10,2007.0
2016-10-11,481.0
2016-10-12,1298.0
2016-10-13,801.0
2016-10-14,1369.0
2016-10-17,1158.0
2016-10-18,1799.0
2016-10-19,1669.0
2016-10-20,1283.0
2016-10-21,1251.0
2016-10-24,1700.0
2016-10-25,881.0
2016-10-26,892.0
2016-10-27,963.0
2016-10-28,1146.0
2016-10-31,1409.0
2016-11-01,859.0
2016-11-02,760.0
2016-11-03,1033.0
2016-11-04,1534.0
2016-11-07,2283.0
2016-11-08,1595.0
2016-11-09,2054.0
2016-11-10,1759.0
2016-11-11,2017.0
2016-11-14,1718.0
2016-11-15,1663.0
2016-11-16,1491.0
2016-11-17,1786.0
2016-11-18,1531.0
2016-11-21,1639.0
2016-11-22,1831.0
2016-11-23,1620.0
2016-11-25,1726.0
2016-11-28,858.0
2016-11-29,1418.0
2016-11-30,1073.0
2016-12-01,1096.0
2016-12-02,1460.0
2016-12-05,2157.0
2016-12-06,1894.0
2016-12-07,1842.0
2016-12-08,1944.0
2016-12-09,1664.0
2016-12-12,898.0
2016-12-13,1603.0
2016-12-14,791.0
2016-12-15,1772.0
2016-12-16,1594.0
2016-12-19,1642.0
2016-12-20,1870.0
2016-12-21,1106.0
2016-12-22,1005.0
2016-12-23,1896.0
2016-12-27,1770.0
2016-12-28,773.0
2016-12-29,1405.0
2016-12-30,1129.0
2017-01-03,1833.0
2017-01-04,2274.0
2017-01-05,1192.0
2017-01-06,1274.0
2017-01-09,1189.0
2017-01-10,1871.0
2017-01-11,1560.0
2017-01-12,962.0
2017-01-13,1998.0
2017-01-17,859.0
2017-01-18,1597.0
2017-01-19,841.0
2017-01-20,1719.0
2017-01-23,1176.0
2017-01-24,2088.0
2017-01-25,1998.0
2017-01-26,1098.0
2017-01-27,1282.0
2017-01-30,708.0
2017-01-31,1724.0
2017-02-01,1417.0
2017-02-02,1338.0
2017-02-03,2099.0
2017-02-06,1044.0
2017-02-07,1169.0
2017-02-08,1286.0
2017-02-09,2090.0
2017-02-10,1868.0
2017-02-13,1653.0
2017-02-14,1578.0
2017-02-15,1802.0
2017-02-16,1259.0
2017-02-17,1547.0
2017-02-21,1648.0
2017-02-22,1126.0
2017-02-23,1131.0
2017-02-24,1272.0
2017-02-27,1825.0
2017-02-28,664.0
2017-03-01,2142.0
2017-03-02,895.0
2017-03-03,1370.0
2017-03-06,854.0
2017-03-07,1051.0
2017-03-08,1200.0
2017-03-09,1210.0
2017-03-10,1739.0
2017-03-13,1765.0
2017-03-14,924.0
2017-03-15,2000.0
2017-03-16,1693.0
2017-03-17,1692.0
2017-03-20,1134.0
2017-03-21,485.0
2017-03-22,1218.0
2017-03-23,1831.0
2017-03-24,1620.0
2017-03-27,1605.0
2017-03-28,1783.0
2017-03-29,1740.0
2017-03-30,1775.0
2017-03-31,1014.0
2017-04-03,822.0
2017-04-04,1197.0
2017-04-05,828.0
2017-04-06,1919.0
2017-04-07,1370.0
2017-04-10,1363.0
2017-04-11,1584.0
2017-04-12,886.0
2017-04-13,902.0
2017-04-17,2013.0
2017-04-18,1244.0
2017-04-19,1704.0
2017-04-20,2059.0
2017-04-21,1173.0
2017-04-24,2080.0
2017-04-25,2005.0
2017-04-26,1771.0
2017-04-27,1342.0
2017-04-28,1036.0
2017-05-01,1628.0
2017-05-02,1237.0
2017-05-03,850.0
2017-05-04,1305.0
2017-05-05,1641.0
2017-05-08,1301.0
2017-05-09,1421.0
2017-05-10,1528.0
2017-05-11,990.0
2017-05-12,1202.0
2017-05-15,1892.0
2017-05-16,1398.0
2017-05-17,451.0
2017-05-18,1641.0
2017-05-19,1753.0
2017-05-22,1878.0
2017-05-23,1499.0
2017-05-24,1467.0
2017-05-25,1538.0
2017-05-26,1314.0
2017-05-30,1010.0
2017-05-31,1397.0
2017-06-01,2199.0
2017-06-02,1929.0
2017-06-05,1013.0
2017-06-06,1086.0
2017-06-07,1509.0
2017-06-08,1895.0
2017-06-09,1491.0
2017-06-12,1227.0
2017-06-13,1877.0
2017-06-14,1190.0
2017-06-15,1042.0
2017-06-16,1292.0
2017-06-19,1918.0
2017-06-20,893.0
2017-06-21,1362.0
2017-06-22,1666.0
2017-06-23,1910.0
2017-06-26,1572.0
2017-06-27,975.0
2017-06-28,2212.0
2017-06-29,1074.0
2017-06-30,1445.0
2017-07-03,1703.0
2017-07-05,1274.0
2017-07-06,668.0
2017-07-07,2070.0
2017-07-10,1177.0
2017-07-11,1501.0
2017-07-12,2059.0
2017-07-13,1432.0
2017-07-14,1618.0
2017-07-17,1505.0
2017-07-18,1291.0
2017-07-19,1960.0
2017-07-20,1501.0
2017-07-21,1173.0
2017-07-24,1519.0
2017-07-25,1698.0
2017-07-26,1403.0
2017-07-27,960.0
2017-07-28,1306.0
2017-07-31,1324.0
2017-08-01,1545.0
2017-08-02,898.0
2017-08-03,1174.0
2017-08-04,1741.0
2017-08-07,1517.0
2017-08-08,1226.0
2017-08-09,877.0
2017-08-10,603.0
2017-08-11,1516.0
2017-08-14,2253.0
2017-08-15,967.0
2017-08-16,1629.0
2017-08-17,611.0
2017-08-18,1447.0
2017-08-21,1245.0
2017-08-22,2032.0
2017-08-23,1291.0
2017-08-24,1766.0
2017-08-25,1709.0
2017-08-28,1381.0
2017-08-29,1491.0
2017-08-30,1811.0
2017-08-31,2036.0
2017-09-01,1881.0
2017-09-05,953.0
2017-09-06,1632.0
2017-09-07,1431.0
2017-09-08,1462.0
2017-09-11,2093.0
2017-09-12,1835.0
2017-09-13,1576.0
2017-09-14,1317.0
2017-09-15,1760.0
2017-09-18,1760.0
2017-09-19,1467.0
2017-09-20,1636.0
2017-09-21,1273.0
2017-09-22,1871.0
2017-09-25,1303.0
2017-09-26,1672.0
2017-09-27,2173.0
2017-09-28,1648.0
2017-09-29,1688.0
2017-10-02,2084.0
2017-10-03,1605.0
2017-10-04,1445.0
2017-10-05,1790.0
2017-10-06,1356.0
2017-10-09,1157.0
2017-10-10,1782.0
2017-10-11,1435.0
2017-10-12,1224.0
2017-10-13,1422.0
2017-10-16,1412.0
2017-10-17,1078.0
2017-10-18,1694.0
2017-10-19,1251.0
2017-10-20,1786.0
2017-10-23,983.0
2017-10-24,1454.0
2017-10-25,961.0
2017-10-26,1491.0
2017-10-27,1831.0
2017-10-30,999.0
2017-10-31,1919.0
2017-11-01,1125.0
2017-11-02,1663.0
2017-11-03,1444.0
2017-11-06,1562.0
2017-11-07,865.0
2017-11-08,1432.0
2017-11-09,1103.0
2017-11-10,1539.0
2017-11-13,1471.0
2017-11-14,1309.0
2017-11-15,1139.0
2017-11-16,2269.0
2017-11-17,1768.0
2017-11-20,1789.0
2017-11-21,1950.0
2017-11-22,1578.0
2017-11-24,1565.0
2017-11-27,1223.0
2017-11-28,1926.0
2017-11-29,1493.0
2017-11-30,1594.0
2017-12-01,1147.0
2017-12-04,1341.0
2017-12-05,1044.0
2017-12-06,1029.0
2017-12-07,1868.0
2017-12-08,1631.0
2017-12-11,1449.0
2017-12-12,1319.0
2017-12-13,1859.0
2017-12-14,938.0
2017-12-15,2092.0
2017-12-18,2013.0
2017-12-19,1078.0
2017-12-20,1468.0
2017-12-21,1819.0
2017-12-22,1272.0
2017-12-26,1377.0
2017-12-27,1499.0
2017-12-28,1752.0
2017-12-29,1024.0
2018-01-02,1991.0
2018-01-03,1815.0
2018-01-04,1837.0
2018-01-05,1756.0
2018-01-08,1502.0
2018-01-09,1376.0
2018-01-10,1444.0
2018-01-11,2258.0
2018-01-12,1805.0
2018-01-16,1013.0
2018-01-17,1926.0
2018-01-18,1084.0
2018-01-19,2134.0
2018-01-22,1736.0
2018-01-23,1653.0
2018-01-24,1070.0
2018-01-25,1447.0
2018-01-26,1782.0
2018-01-29,953.0
2018-01-30,772.0
2018-01-31,1164.0
2018-02-01,1517.0
2018-02-02,513.0
2018-02-05,366.0
2018-02-06,1924.0
2018-02-07,1554.0
2018-02-08,483.0
2018-02-09,1754.0
2018-02-12,1928.0
2018-02-13,1725.0
2018-02-14,2185.0
2018-02-15,2043.0
2018-02-16,1696.0
2018-02-20,759.0
2018-02-21,1623.0
2018-02-22,1253.0
2018-02-23,2162.0
2018-02-26,1940.0
2018-02-27,773.0
2018-02-28,856.0
2018-03-01,1236.0
2018-03-02,2168.0
2018-03-05,2066.0
2018-03-06,1811.0
2018-03-07,1883.0
2018-03-08,1548.0
2018-03-09,2180.0
2018-03-12,1746.0
2018-03-13,1065.0
2018-03-14,1196.0
2018-03-15,1294.0
2018-03-16,1818.0
2018-03-19,818.0
2018-03-20,1317.0
2018-03-21,1805.0
2018-03-22,594.0
2018-03-23,618.0
2018-03-26,2134.0
2018-03-27,680.0
2018-03-28,1343.0
2018-03-29,2056.0
2018-04-02,601.0
2018-04-03,1927.0
2018-04-04,2149.0
2018-04-05,1764.0
2018-04-06,656.0
2018-04-09,1585.0
2018-04-10,2352.0
2018-04-11,1409.0
2018-04-12,1871.0
2018-04-13,1095.0
2018-04-16,1904.0
2018-04-17,1996.0
2018-04-18,1541.0
2018-04-19,1087.0
2018-04-20,1097.0
2018-04-23,1250.0
2018-04-24,1111.0
2018-04-25,1265.0
2018-04-26,1843.0
2018-04-27,1494.0
2018-04-30,1021.0
2018-05-01,1699.0
2018-05-02,1535.0
2018-05-03,1072.0
2018-05-04,2161.0
2018-05-07,1868.0
2018-05-08,1598.0
2018-05-09,1841.0
2018-05-10,1816.0
2018-05-11,1624.0
2018-05-14,1367.0
2018-05-15,1395.0
2018-05-16,1980.0
2018-05-17,1798.0
2018-05-18,1437.0
2018-05-21,1836.0
2018-05-22,1303.0
2018-05-23,1577.0
2018-05-24,1401.0
2018-05-25,1498.0
2018-05-29,1146.0
2018-05-30,2023.0
2018-05-31,1179.0
2018-06-01,2080.0
2018-06-04,1745.0
2018-06-05,1915.0
2018-06-06,1875.0
2018-06-07,1316.0
2018-06-08,1547.0
2018-06-11,1649.0
2018-06-12,1631.0
2018-06-13,1315.0
2018-06-14,1700.0
2018-06-15,1490.0
2018-06-18,1531.0
2018-06-19,958.0
2018-06-20,1959.0
2018-06-21,850.0
2018-06-22,1611.0
2018-06-25,716.0
2018-06-26,1764.0
2018-06-27,598.0
2018-06-28,1670.0
2018-06-29,1668.0
2018-07-02,1763.0
2018-07-03,1611.0
2018-07-05,2049.0
2018-07-06,2071.0
2018-07-09,1885.0
2018-07-10,1160.0
2018-07-11,1041.0
2018-07-12,1741.0
2018-07-13,1328.0
2018-07-16,1136.0
2018-07-17,1715.0
2018-07-18,1616.0
2018-07-19,1695.0
2018-07-20,1415.0
2018-07-23,1454.0
2018-07-24,1021.0
2018-07-25,1592.0
2018-07-26,1642.0
2018-07-27,708.0
2018-07-30,1064.0
2018-07-31,1964.0
2018-08-01,1481.0
2018-08-02,1862.0
2018-08-03,1290.0
2018-08-06,1840.0
2018-08-07,1696.0
2018-08-08,1521.0
2018-08-09,1580.0
2018-08-10,1207.0
2018-08-13,1090.0
2018-08-14,1908.0
2018-08-15,774.0
2018-08-16,2121.0
2018-08-17,1753.0
2018-08-20,1832.0
2018-08-21,2090.0
2018-08-22,1776.0
2018-08-23,1211.0
2018-08-24,1907.0
2018-08-27,1726.0
2018-08-28,1466.0
2018-08-29,1835.0
2018-08-30,1277.0
2018-08-31,1861.0
2018-09-04,1248.0
2018-09-05,1149.0
2018-09-06,1070.0
2018-09-07,1354.0
2018-09-10,1596.0
2018-09-11,1412.0
2018-09-12,1399.0
2018-09-13,1608.0
2018-09-14,1635.0
2018-09-17,1028.0
2018-09-18,1776.0
2018-09-19,1413.0
2018-09-20,2199.0
2018-09-21,1398.0
2018-09-24,1011.0
2018-09-25,1507.0
2018-09-26,1156.0
2018-09-27,1493.0
2018-09-28,1670.0
2018-10-01,1084.0
2018-10-02,988.0
2018-10-03,1895.0
2018-10-04,704.0
2018-10-05,976.0
2018-10-08,1253.0
2018-10-09,1280.0
2018-10-10,460.0
2018-10-11,939.0
2018-10-12,1830.0
2018-10-15,1638.0
2018-10-16,2463.0
2018-10-17,1261.0
2018-10-18,747.0
2018-10-19,976.0
2018-10-22,1357.0
2018-10-23,1000.0
2018-10-24,516.0
2018-10-25,2135.0
2018-10-26,1003.0
2018-10-29,1289.0
2018-10-30,2093.0
2018-10-31,1920.0
2018-11-01,2367.0
2018-11-02,1604.0
2018-11-05,1498.0
2018-11-06,1894.0
2018-11-07,2157.0
2018-11-08,1423.0
2018-11-09,816.0
2018-11-12,704.0
2018-11-13,1579.0
2018-11-14,1073.0
2018-11-15,2064.0
2018-11-16,1571.0
2018-11-19,796.0
2018-11-20,760.0
2018-11-21,2264.0
2018-11-23,1593.0
2018-11-26,1876.0
2018-11-27,1076.0
2018-11-28,2407.0
2018-11-29,1409.0
2018-11-30,1789.0
2018-12-03,2005.0
2018-12-04,483.0
2018-12-06,1227.0
2018-12-07,890.0
2018-12-10,1246.0
2018-12-11,1412.0
2018-12-12,2118.0
2018-12-13,829.0
2018-12-14,795.0
2018-12-17,615.0
2018-12-18,1269.0
2018-12-19,870.0
2018-12-20,762.0
2018-12-21,673.0
2018-12-24,868.0
2018-12-26,2481.0
2018-12-27,1481.0
2018-12-28,2097.0
2018-12-31,2000.0
2019-01-02,2093.0
2019-01-03,969.0
2019-01-04,1853.0
2019-01-07,2182.0
2019-01-08,2109.0
2019-01-09,2022.0
2019-01-10,1660.0
2019-01-11,1670.0
2019-01-14,1003.0
2019-01-15,2079.0
2019-01-16,1908.0
2019-01-17,1953.0
2019-01-18,2153.0
2019-01-22,791.0
2019-01-23,1554.0
2019-01-24,1893.0
2019-01-25,2237.0
2019-01-28,1122.0
2019-01-29,1391.0
2019-01-30,2159.0
2019-01-31,1970.0
2019-02-01,1763.0
2019-02-04,2096.0
2019-02-05,1763.0
2019-02-06,1467.0
2019-02-07,1026.0
2019-02-08,1506.0
2019-02-11,1888.0
2019-02-12,2262.0
2019-02-13,1820.0
2019-02-14,1574.0
2019-02-15,2226.0
2019-02-19,1891.0
2019-02-20,1711.0
2019-02-21,1272.0
2019-02-22,2185.0
2019-02-25,1588.0
2019-02-26,1234.0
2019-02-27,1607.0
2019-02-28,1341.0
2019-03-01,2037.0
2019-03-04,1206.0
2019-03-05,1332.0
2019-03-06,690.0
2019-03-07,995.0
2019-03-08,1413.0
2019-03-11,2374.0
2019-03-12,1601.0
2019-03-13,1923.0
2019-03-14,1315.0
2019-03-15,1869.0
2019-03-18,1926.0
2019-03-19,1378.0
2019-03-20,1212.0
2019-03-21,1897.0
2019-03-22,567.0
2019-03-25,1621.0
2019-03-26,2077.0
2019-03-27,1316.0
2019-03-28,1970.0
2019-03-29,1830.0
2019-04-01,2162.0
2019-04-02,1581.0
2019-04-03,1827.0
2019-04-04,1745.0
2019-04-05,2185.0
2019-04-08,1441.0
2019-04-09,889.0
2019-04-10,2135.0
2019-04-11,1450.0
2019-04-12,1758.0
2019-04-15,1250.0
2019-04-16,1764.0
2019-04-17,1143.0
2019-04-18,1546.0
2019-04-22,1344.0
2019-04-23,2229.0
2019-04-24,1482.0
2019-04-25,1234.0
2019-04-26,2091.0
2019-04-29,1865.0
2019-04-30,1322.0
2019-05-01,1086.0
2019-05-02,1595.0
2019-05-03,2443.0
2019-05-06,1354.0
2019-05-07,778.0
2019-05-08,1418.0
2019-05-09,1251.0
2019-05-10,1722.0
2019-05-13,545.0
2019-05-14,2275.0
2019-05-15,1835.0
2019-05-16,1839.0
2019-05-17,930.0
2019-05-20,1124.0
2019-05-21,2179.0
2019-05-22,1056.0
2019-05-23,670.0
2019-05-24,2020.0
2019-05-28,1165.0
2019-05-29,985.0
2019-05-30,1482.0
2019-05-31,851.0
2019-06-03,1636.0
2019-06-04,2371.0
2019-06-05,1332.0
2019-06-06,1375.0
2019-06-07,2035.0
2019-06-10,2015.0
2019-06-11,1442.0
2019-06-12,1522.0
2019-06-13,2126.0
2019-06-14,1133.0
2019-06-17,1686.0
2019-06-18,2260.0
2019-06-19,1828.0
2019-06-20,1832.0
2019-06-21,1198.0
2019-06-24,976.0
2019-06-25,1170.0
2019-06-26,1587.0
2019-06-27,2333.0
2019-06-28,2326.0
2019-07-01,1901.0
2019-07-02,1359.0
2019-07-03,1926.0
2019-07-05,1678.0
2019-07-08,976.0
2019-07-09,1662.0
2019-07-10,1709.0
2019-07-11,1409.0
2019-07-12,1866.0
2019-07-15,1528.0
2019-07-16,1414.0
2019-07-17,1156.0
2019-07-18,1740.0
2019-07-19,1271.0
2019-07-22,1465.0
2019-07-23,1776.0
2019-07-24,2211.0
2019-07-25,917.0
2019-07-26,2169.0
2019-07-29,1212.0
2019-07-30,1920.0
2019-07-31,1063.0
2019-08-01,1020.0
2019-08-02,1017.0
2019-08-05,456.0
2019-08-06,2043.0
2019-08-07,1566.0
2019-08-08,2276.0
2019-08-09,1062.0
2019-08-12,1046.0
2019-08-13,2200.0
2019-08-14,519.0
2019-08-15,1363.0
2019-08-16,2487.0
2019-08-19,2205.0
2019-08-20,1162.0
2019-08-21,2144.0
2019-08-22,1277.0
2019-08-23,560.0
2019-08-26,2064.0
2019-08-27,944.0
2019-08-28,2122.0
2019-08-29,2287.0
2019-08-30,1618.0
2019-09-03,942.0
2019-09-04,2116.0
2019-09-05,2350.0
2019-09-06,1504.0
2019-09-09,1899.0
2019-09-10,1993.0
2019-09-11,2342.0
2019-09-12,1727.0
2019-09-13,1732.0
2019-09-16,1638.0
2019-09-17,1470.0
2019-09-18,1274.0
2019-09-19,1417.0
2019-09-20,1576.0
2019-09-23,1464.0
2019-09-24,775.0
2019-09-25,1863.0
2019-09-26,1033.0
2019-09-27,1120.0
2019-09-30,1772.0
2019-10-01,780.0
2019-10-02,869.0
2019-10-03,1871.0
2019-10-04,2156.0
2019-10-07,1350.0
2019-10-08,737.0
2019-10-09,1831.0
2019-10-10,1785.0
2019-10-11,2413.0
2019-10-14,1249.0
2019-10-15,2267.0
2019-10-16,1632.0
2019-10-17,2063.0
2019-10-18,1325.0
2019-10-21,2117.0
2019-10-22,1460.0
2019-10-23,1714.0
2019-10-24,1441.0
2019-10-25,1889.0
2019-10-28,2048.0
2019-10-29,1571.0
2019-10-30,1589.0
2019-10-31,1211.0
2019-11-01,2343.0
2019-11-04,1935.0
2019-11-05,1644.0
2019-11-06,1177.0
2019-11-07,1685.0
2019-11-08,1665.0
2019-11-11,1458.0
2019-11-12,1571.0
2019-11-13,1338.0
2019-11-14,1458.0
2019-11-15,1894.0
2019-11-18,1388.0
2019-11-19,1873.0
2019-11-20,1242.0
2019-11-21,1353.0
2019-11-22,1849.0
2019-11-25,2445.0
2019-11-26,1614.0
2019-11-27,2080.0
2019-11-29,1352.0
2019-12-02,962.0
2019-12-03,1224.0
2019-12-04,1940.0
2019-12-05,1628.0
2019-12-06,2229.0
2019-12-09,1374.0
2019-12-10,1669.0
2019-12-11,1810.0
2019-12-12,2118.0
2019-12-13,1552.0
2019-12-16,2015.0
2019-12-17,1795.0
2019-12-18,1647.0
2019-12-19,1871.0
2019-12-20,1882.0
2019-12-23,1652.0
2019-12-24,1848.0
2019-12-26,1758.0
2019-12-27,1301.0
2019-12-30,1319.0
2019-12-31,2017.0
2020-01-02,1866.0
2020-01-03,1220.0
2020-01-06,1761.0
2020-01-07,1261.0
2020-01-08,1961.0
2020-01-09,1906.0
2020-01-10,1452.0
2020-01-13,2066.0
2020-01-14,1692.0
2020-01-15,1848.0
2020-01-16,2397.0
2020-01-17,1496.0
2020-01-21,1332.0
2020-01-22,1612.0
2020-01-23,1519.0
2020-01-24,859.0
2020-01-27,825.0
2020-01-28,2165.0
2020-01-29,1295.0
2020-01-30,1419.0
2020-01-31,793.0
2020-02-03,2055.0
2020-02-04,1635.0
2020-02-05,2252.0
2020-02-06,1533.0
2020-02-07,1038.0
2020-02-10,1900.0
2020-02-11,2043.0
2020-02-12,1996.0
2020-02-13,1643.0
2020-02-14,1475.0
2020-02-18,1507.0
2020-02-19,1976.0
2020-02-20,1740.0
2020-02-21,1056.0
2020-02-24,510.0
2020-02-25,514.0
2020-02-26,1200.0
2020-02-27,510.0
2020-02-28,1228.0
2020-03-02,2394.0
2020-03-03,1004.0
2020-03-04,2544.0
2020-03-05,636.0
2020-03-06,722.0
2020-03-09,202.0
2020-03-10,2204.0
2020-03-11,409.0
2020-03-12,185.0
2020-03-13,2506.0
2020-03-16,296.0
2020-03-17,2163.0
2020-03-18,394.0
2020-03-19,2535.0
2020-03-20,1318.0
2020-03-23,1362.0
2020-03-24,2876.0
2020-03-25,2226.0
2020-03-26,2758.0
2020-03-27,882.0
2020-03-30,2067.0
2020-03-31,1599.0
2020-04-01,455.0
2020-04-02,1854.0
2020-04-03,894.0
2020-04-06,2808.0
2020-04-07,1902.0
2020-04-08,2715.0
2020-04-09,2579.0
2020-04-13,1281.0
2020-04-14,2391.0
2020-04-15,792.0
2020-04-16,1694.0
2020-04-17,2587.0
2020-04-20,1325.0
2020-04-21,871.0
2020-04-22,2173.0
2020-04-23,1928.0
2020-04-24,2148.0
2020-04-27,2559.0
2020-04-28,1959.0
2020-04-29,2669.0
2020-04-30,866.0
2020-05-01,650.0
2020-05-04,1757.0
2020-05-05,1798.0
2020-05-06,1368.0
2020-05-07,2241.0
2020-05-08,2524.0
2020-05-11,1513.0
2020-05-12,893.0
2020-05-13,712.0
2020-05-14,1662.0
2020-05-15,2019.0
2020-05-18,2703.0
2020-05-19,1360.0
2020-05-20,2609.0
2020-05-21,1427.0
2020-05-22,1838.0
2020-05-26,2366.0
2020-05-27,2232.0
2020-05-28,1197.0
2020-05-29,1710.0
2020-06-01,2008.0
2020-06-02,2086.0
2020-06-03,2277.0
2020-06-04,1745.0
2020-06-05,2518.0
2020-06-08,2503.0
2020-06-09,1244.0
2020-06-10,1192.0
2020-06-11,302.0
2020-06-12,2494.0
2020-06-15,2520.0
2020-06-16,2474.0
2020-06-17,1305.0
2020-06-18,1732.0
2020-06-19,1593.0
2020-06-22,1887.0
2020-06-23,1875.0
2020-06-24,673.0
2020-06-25,2205.0
2020-06-26,767.0
2020-06-29,2283.0
2020-06-30,2277.0
2020-07-01,1564.0
2020-07-02,1920.0
2020-07-06,2178.0
2020-07-07,984.0
2020-07-08,1918.0
2020-07-09,1146.0
2020-07-10,2087.0
2020-07-13,1164.0
2020-07-14,2139.0
2020-07-15,2671.0
2020-07-16,1345.0
2020-07-17,2011.0
2020-07-20,1790.0
2020-07-21,2135.0
2020-07-22,1584.0
2020-07-23,1382.0
2020-07-24,942.0
2020-07-27,1987.0
2020-07-28,1198.0
2020-07-29,2277.0
2020-07-30,1558.0
2020-07-31,1203.0
2020-08-03,2395.0
2020-08-04,2024.0
2020-08-05,2226.0
2020-08-06,1574.0
2020-08-07,1922.0
2020-08-10,2059.0
2020-08-11,1426.0
2020-08-12,1951.0
2020-08-13,1550.0
2020-08-14,1598.0
2020-08-17,1870.0
2020-08-18,1328.0
2020-08-19,1580.0
2020-08-20,1380.0
2020-08-21,1192.0
2020-08-24,1913.0
2020-08-25,2023.0
2020-08-26,1453.0
2020-08-27,1596.0
2020-08-28,2218.0
2020-08-31,1305.0
2020-09-01,1884.0
2020-09-02,2068.0
2020-09-03,656.0
2020-09-04,1343.0
2020-09-08,1074.0
2020-09-09,2378.0
2020-09-10,1232.0
2020-09-11,1469.0
2020-09-14,2723.0
2020-09-15,1902.0
2020-09-16,2091.0
2020-09-17,1502.0
2020-09-18,1720.0
2020-09-21,751.0
2020-09-22,1711.0
2020-09-23,551.0
2020-09-24,1567.0
2020-09-25,2557.0
2020-09-28,2693.0
2020-09-29,1717.0
2020-09-30,1793.0
2020-10-01,2318.0
2020-10-02,1569.0
2020-10-05,2629.0
2020-10-06,1493.0
2020-10-07,2662.0
2020-10-08,2393.0
2020-10-09,2050.0
2020-10-12,2152.0
2020-10-13,1437.0
2020-10-14,1238.0
2020-10-15,1912.0
2020-10-16,1680.0
2020-10-19,1199.0
2020-10-20,1928.0
2020-10-21,1324.0
2020-10-22,2246.0
2020-10-23,2174.0
2020-10-26,731.0
2020-10-27,1380.0
2020-10-28,550.0
2020-10-29,2144.0
2020-10-30,1059.0
2020-11-02,2352.0
2020-11-03,2809.0
2020-11-04,1995.0
2020-11-05,2639.0
2020-11-06,1404.0
2020-11-09,2393.0
2020-11-10,2133.0
2020-11-11,2019.0
2020-11-12,1170.0
2020-11-13,2600.0
2020-11-16,2547.0
2020-11-17,1861.0
2020-11-18,1473.0
2020-11-19,2228.0
2020-11-20,1920.0
2020-11-23,2450.0
2020-11-24,2499.0
2020-11-25,1835.0
2020-11-27,2270.0
2020-11-30,1437.0
2020-12-01,2136.0
2020-12-02,1997.0
2020-12-03,2237.0
2020-12-04,2750.0
2020-12-07,1815.0
2020-12-08,2407.0
2020-12-09,1339.0
2020-12-10,2331.0
2020-12-11,1537.0
2020-12-14,1930.0
2020-12-15,2636.0
2020-12-16,1851.0
2020-12-17,2527.0
2020-12-18,1764.0
2020-12-21,1725.0
2020-12-22,2072.0
2020-12-23,2420.0
2020-12-24,1875.0
2020-12-28,2035.0
2020-12-29,1144.0
2020-12-30,2596.0
2020-12-31,1781.0
2021-01-04,1597.0
2021-01-05,2709.0
2021-01-06,2399.0
2021-01-07,2837.0
2021-01-08,2022.0
2021-01-11,1821.0
2021-01-12,2648.0
2021-01-13,1834.0
2021-01-14,2797.0
2021-01-15,1223.0
2021-01-19,2683.0
2021-01-20,2225.0
2021-01-21,1721.0
2021-01-22,2366.0
2021-01-25,1905.0
2021-01-26,1503.0
2021-01-27,593.0
2021-01-28,2169.0
2021-01-29,1253.0
2021-02-01,3042.0
2021-02-02,2960.0
2021-02-03,2493.0
2021-02-04,2869.0
2021-02-05,2652.0
2021-02-08,3112.0
2021-02-09,2482.0
2021-02-10,1591.0
2021-02-11,1843.0
2021-02-12,2354.0
2021-02-16,2166.0
2021-02-17,1679.0
2021-02-18,1193.0
2021-02-19,2787.0
2021-02-22,1540.0
2021-02-23,1222.0
2021-02-24,2895.0
2021-02-25,476.0
2021-02-26,1605.0
2021-03-01,3328.0
2021-03-02,1241.0
2021-03-03,1354.0
2021-03-04,637.0
2021-03-05,2920.0
2021-03-08,2105.0
2021-03-09,3071.0
2021-03-10,2707.0
2021-03-11,3287.0
2021-03-12,2277.0
2021-03-15,2404.0
2021-03-16,1339.0
2021-03-17,2517.0
2021-03-18,1042.0
2021-03-19,2653.0
2021-03-22,1897.0
2021-03-23,647.0
2021-03-24,1031.0
2021-03-25,2696.0
2021-03-26,2727.0
2021-03-29,999.0
2021-03-30,2495.0
2021-03-31,2699.0
2021-04-01,3196.0
2021-04-05,2530.0
2021-04-06,2110.0
2021-04-07,1357.0
2021-04-08,2836.0
2021-04-09,1896.0
2021-04-12,1511.0
2021-04-13,1967.0
2021-04-14,2332.0
2021-04-15,2124.0
2021-04-16,1938.0
2021-04-19,1231.0
2021-04-20,1020.0
2021-04-21,3254.0
2021-04-22,2061.0
2021-04-23,3075.0
2021-04-26,2882.0
2021-04-27,1951.0
2021-04-28,2410.0
2021-04-29,1937.0
2021-04-30,1450.0
2021-05-03,2266.0
2021-05-04,1273.0
2021-05-05,1932.0
2021-05-06,1828.0
2021-05-07,2828.0
2021-05-10,1019.0
2021-05-11,1672.0
2021-05-12,949.0
2021-05-13,2264.0
2021-05-14,3507.0
2021-05-17,2203.0
2021-05-18,2211.0
2021-05-19,1599.0
2021-05-20,3040.0
2021-05-21,2385.0
2021-05-24,2210.0
2021-05-25,1643.0
2021-05-26,3216.0
2021-05-27,2842.0
2021-05-28,2329.0
2021-06-01,2749.0
2021-06-02,2194.0
2021-06-03,1809.0
2021-06-04,2621.0
2021-06-07,2836.0
2021-06-08,2713.0
2021-06-09,2077.0
2021-06-10,2360.0
2021-06-11,2777.0
2021-06-14,2114.0
2021-06-15,1673.0
2021-06-16,1914.0
2021-06-17,1955.0
2021-06-18,1344.0
2021-06-21,2597.0
2021-06-22,2294.0
2021-06-23,2604.0
2021-06-24,3086.0
2021-06-25,2419.0
2021-06-28,2175.0
2021-06-29,1852.0
2021-06-30,2102.0
2021-07-01,2476.0
2021-07-02,1783.0
2021-07-06,1457.0
2021-07-07,1553.0
2021-07-08,1543.0
2021-07-09,3332.0
2021-07-12,2319.0
2021-07-13,1179.0
2021-07-14,1466.0
2021-07-15,1759.0
2021-07-16,1448.0
2021-07-19,1378.0
2021-07-20,3449.0
2021-07-21,3351.0
2021-07-22,1615.0
2021-07-23,2214.0
2021-07-26,1983.0
2021-07-27,1274.0
2021-07-28,3169.0
2021-07-29,2312.0
2021-07-30,1775.0
2021-08-02,2311.0
2021-08-03,2154.0
2021-08-04,1641.0
2021-08-05,3033.0
2021-08-06,2340.0
2021-08-09,2129.0
2021-08-10,2107.0
2021-08-11,2378.0
2021-08-12,1860.0
2021-08-13,1628.0
2021-08-16,1434.0
2021-08-17,1316.0
2021-08-18,1808.0
2021-08-19,1358.0
2021-08-20,3098.0
2021-08-23,3295.0
2021-08-24,2914.0
2021-08-25,2545.0
2021-08-26,1589.0
2021-08-27,3379.0
2021-08-30,2147.0
2021-08-31,2742.0
2021-09-01,2635.0
2021-09-02,2778.0
2021-09-03,1908.0
2021-09-07,1775.0
2021-09-08,1467.0
2021-09-09,2390.0
2021-09-10,1577.0
2021-09-13,2297.0
2021-09-14,1421.0
2021-09-15,2879.0
2021-09-16,2294.0
2021-09-17,2247.0
2021-09-20,859.0
2021-09-21,2515.0
2021-09-22,3182.0
2021-09-23,3244.0
2021-09-24,1923.0
2021-09-27,2794.0
2021-09-28,889.0
2021-09-29,2005.0
2021-09-30,2207.0
2021-10-01,2828.0
2021-10-04,1336.0
2021-10-05,2600.0
2021-10-06,1860.0
2021-10-07,3287.0
2021-10-08,1817.0
2021-10-11,1667.0
2021-10-12,2589.0
2021-10-13,2663.0
2021-10-14,3026.0
2021-10-15,2090.0
2021-10-18,2086.0
2021-10-19,2830.0
2021-10-20,2593.0
2021-10-21,2167.0
2021-10-22,2023.0
2021-10-25,3016.0
2021-10-26,2214.0
2021-10-27,1493.0
2021-10-28,3211.0
2021-10-29,2402.0
2021-11-01,3465.0
2021-11-02,2315.0
2021-11-03,3204.0
2021-11-04,2164.0
2021-11-05,2630.0
2021-11-08,2566.0
2021-11-09,1931.0
2021-11-10,1435.0
2021-11-11,2755.0
2021-11-12,2627.0
2021-11-15,2141.0
2021-11-16,2225.0
2021-11-17,1587.0
2021-11-18,1591.0
2021-11-19,1849.0
2021-11-22,1784.0
2021-11-23,2042.0
2021-11-24,2773.0
2021-11-26,1002.0
2021-11-29,2068.0
2021-11-30,1507.0
2021-12-01,1279.0
2021-12-02,2991.0
2021-12-03,1118.0
2021-12-06,3093.0
2021-12-07,3641.0
2021-12-08,3063.0
2021-12-09,1250.0
2021-12-10,1937.0
2021-12-13,1345.0
2021-12-14,1423.0
2021-12-15,3007.0
2021-12-16,1684.0
2021-12-17,2576.0
2021-12-20,1370.0
2021-12-21,3458.0
2021-12-22,2902.0
2021-12-23,3253.0
2021-12-27,2472.0
2021-12-28,1707.0
2021-12-29,1941.0
2021-12-30,2770.0
2021-12-31,2188.0
2022-01-03,3324.0
2022-01-04,1962.0
2022-01-05,1028.0
2022-01-06,2341.0
2022-01-07,2067.0
2022-01-10,1705.0
2022-01-11,3197.0
2022-01-12,2051.0
2022-01-13,1522.0
2022-01-14,2183.0
2022-01-18,866.0
2022-01-19,1653.0
2022-01-20,1351.0
2022-01-21,947.0
2022-01-24,2380.0
2022-01-25,1935.0
2022-01-26,1828.0
2022-01-27,1201.0
2022-01-28,3118.0
2022-01-31,3938.0
2022-02-01,3586.0
2022-02-02,1547.0
2022-02-03,1207.0
2022-02-04,2902.0
2022-02-07,2763.0
2022-02-08,3003.0
2022-02-09,3315.0
2022-02-10,1578.0
2022-02-11,1462.0
2022-02-14,1629.0
2022-02-15,3757.0
2022-02-16,2434.0
2022-02-17,1102.0
2022-02-18,1528.0
2022-02-22,1410.0
2022-02-23,1198.0
2022-02-24,2886.0
2022-02-25,3426.0
2022-02-28,2431.0
2022-03-01,1859.0
2022-03-02,3098.0
2022-03-03,1594.0
2022-03-04,1392.0
2022-03-07,1273.0
2022-03-08,2504.0
2022-03-09,3687.0
2022-03-10,1769.0
2022-03-11,1431.0
2022-03-14,1290.0
2022-03-15,2970.0
2022-03-16,3737.0
2022-03-17,3429.0
2022-03-18,3253.0
2022-03-21,1921.0
2022-03-22,3381.0
2022-03-23,1861.0
2022-03-24,3104.0
2022-03-25,2106.0
2022-03-28,2371.0
2022-03-29,3652.0
2022-03-30,1757.0
2022-03-31,1954.0
2022-04-01,2808.0
2022-04-04,3078.0
2022-04-05,1343.0
2022-04-06,1525.0
2022-04-07,2102.0
2022-04-08,1908.0
2022-04-11,1692.0
2022-04-12,2255.0
2022-04-13,3522.0
2022-04-14,1699.0
2022-04-18,1738.0
2022-04-19,3256.0
2022-04-20,2576.0
2022-04-21,1288.0
2022-04-22,1363.0
2022-04-25,2624.0
2022-04-26,954.0
2022-04-27,2275.0
2022-04-28,2928.0
2022-04-29,1500.0
2022-05-02,2786.0
2022-05-03,2674.0
2022-05-04,3312.0
2022-05-05,961.0
2022-05-06,1311.0
2022-05-09,834.0
2022-05-10,2142.0
2022-05-11,1181.0
2022-05-12,2700.0
2022-05-13,3629.0
2022-05-16,2134.0
2022-05-17,3596.0
2022-05-18,1148.0
2022-05-19,2740.0
2022-05-20,2213.0
2022-05-23,2710.0
2022-05-24,1517.0
2022-05-25,3151.0
2022-05-26,3543.0
2022-05-27,3745.0
2022-05-31,2155.0
2022-06-01,1795.0
2022-06-02,3508.0
2022-06-03,1788.0
2022-06-06,2432.0
2022-06-07,2949.0
2022-06-08,2079.0
2022-06-09,1390.0
2022-06-10,1115.0
2022-06-13,687.0
2022-06-14,2173.0
2022-06-15,3443.0
2022-06-16,983.0
2022-06-17,3196.0
2022-06-21,3278.0
2022-06-22,2239.0
2022-06-23,2904.0
2022-06-24,3154.0
2022-06-27,2424.0
2022-06-28,1383.0
2022-06-29,1761.0
2022-06-30,1969.0
2022-07-01,2797.0
2022-07-05,2724.0
2022-07-06,2088.0
2022-07-07,3403.0
2022-07-08,2510.0
2022-07-11,1368.0
2022-07-12,2080.0
2022-07-13,2121.0
2022-07-14,1611.0
2022-07-15,3182.0
2022-07-18,2373.0
2022-07-19,3560.0
2022-07-20,3146.0
2022-07-21,2646.0
2022-07-22,1494.0
2022-07-25,2268.0
2022-07-26,1866.0
2022-07-27,3399.0
2022-07-28,2916.0
2022-07-29,2699.0
2022-08-01,2377.0
2022-08-02,2462.0
2022-08-03,3336.0
2022-08-04,2665.0
2022-08-05,2632.0
2022-08-08,2929.0
2022-08-09,1550.0
2022-08-10,3499.0
2022-08-11,2651.0
2022-08-12,3352.0
2022-08-15,2671.0
2022-08-16,2249.0
2022-08-17,1285.0
2022-08-18,2533.0
2022-08-19,1173.0
2022-08-22,1191.0
2022-08-23,2372.0
2022-08-24,2795.0
2022-08-25,3113.0
2022-08-26,974.0
2022-08-29,1597.0
2022-08-30,1525.0
2022-08-31,1954.0
2022-09-01,1668.0
2022-09-02,1866.0
2022-09-06,1568.0
2022-09-07,3233.0
2022-09-08,2695.0
2022-09-09,3282.0
2022-09-12,2963.0
2022-09-13,1126.0
2022-09-14,2349.0
2022-09-15,1978.0
2022-09-16,1560.0
2022-09-19,2267.0
2022-09-20,1446.0
2022-09-21,1446.0
2022-09-22,1167.0
2022-09-23,1126.0
2022-09-26,1595.0
2022-09-27,2436.0
2022-09-28,3614.0
2022-09-29,1317.0
2022-09-30,2142.0
2022-10-03,3409.0
2022-10-04,3753.0
2022-10-05,1845.0
2022-10-06,2010.0
2022-10-07,1000.0
2022-10-10,1765.0
2022-10-11,1970.0
2022-10-12,2259.0
2022-10-13,3102.0
2022-10-14,1317.0
2022-10-17,3470.0
2022-10-18,3092.0
2022-10-19,1391.0
2022-10-20,2021.0
2022-10-21,3111.0
2022-10-24,2387.0
2022-10-25,3530.0
2022-10-26,2799.0
2022-10-27,2227.0
2022-10-28,3156.0
2022-10-31,2256.0
2022-11-01,2718.0
2022-11-02,1399.0
2022-11-03,1943.0
2022-11-04,2739.0
2022-11-07,2631.0
2022-11-08,2457.0
2022-11-09,1249.0
2022-11-10,3790.0
2022-11-11,3060.0
2022-11-14,2019.0
2022-11-15,3147.0
2022-11-16,1587.0
2022-11-17,1924.0
2022-11-18,2551.0
2022-11-21,1930.0
2022-11-22,2910.0
2022-11-23,2906.0
2022-11-25,2533.0
2022-11-28,1450.0
2022-11-29,2378.0
2022-11-30,3593.0
2022-12-01,2549.0
2022-12-02,2657.0
2022-12-05,1379.0
2022-12-06,1567.0
2022-12-07,2087.0
2022-12-08,2704.0
2022-12-09,1771.0
2022-12-12,2651.0
2022-12-13,2825.0
2022-12-14,2067.0
2022-12-15,1351.0
2022-12-16,1822.0
2022-12-19,1433.0
2022-12-20,2458.0
2022-12-21,3131.0
2022-12-22,1636.0
2022-12-23,2417.0
2022-12-27,1672.0
2022-12-28,1689.0
2022-12-29,3648.0
2022-12-30,2290.0
2023-01-03,2533.0
2023-01-04,3342.0
2023-01-05,2032.0
2023-01-06,3340.0
2023-01-09,2790.0
2023-01-10,3275.0
2023-01-11,3133.0
2023-01-12,3241.0
2023-01-13,2860.0
2023-01-17,2474.0
2023-01-18,1725.0
2023-01-19,1880.0
2023-01-20,3305.0
2023-01-23,2995.0
2023-01-24,2175.0
2023-01-25,2516.0
2023-01-26,2684.0
2023-01-27,2631.0
2023-01-30,1738.0
2023-01-31,3368.0
2023-02-01,3201.0
2023-02-02,3229.0
2023-02-03,1882.0
2023-02-06,1765.0
2023-02-07,2614.0
2023-02-08,1603.0
2023-02-09,1552.0
2023-02-10,2026.0
2023-02-13,2844.0
2023-02-14,2173.0
2023-02-15,2927.0
2023-02-16,1679.0
2023-02-17,2417.0
2023-02-21,1097.0
2023-02-22,2365.0
2023-02-23,2597.0
2023-02-24,1331.0
2023-02-27,2692.0
2023-02-28,2290.0
2023-03-01,2113.0
2023-03-02,2407.0
2023-03-03,3130.0
2023-03-06,1739.0
2023-03-07,1557.0
2023-03-08,2214.0
2023-03-09,1082.0
2023-03-10,1062.0
2023-03-13,1894.0
2023-03-14,2924.0
2023-03-15,1483.0
2023-03-16,2909.0
2023-03-17,1285.0
2023-03-20,2108.0
2023-03-21,3255.0
2023-03-22,1471.0
2023-03-23,2275.0
2023-03-24,2539.0
2023-03-27,2673.0
2023-03-28,2096.0
2023-03-29,3045.0
2023-03-30,2470.0
2023-03-31,3138.0
2023-04-03,2188.0
2023-04-04,1519.0
2023-04-05,1600.0
2023-04-06,2552.0
2023-04-10,2568.0
2023-04-11,2675.0
2023-04-12,1758.0
2023-04-13,3141.0
2023-04-14,1634.0
2023-04-17,2761.0
2023-04-18,2012.0
2023-04-19,2102.0
2023-04-20,1726.0
2023-04-21,2091.0
2023-04-24,1872.0
2023-04-25,1181.0
2023-04-26,1950.0
2023-04-27,2838.0
2023-04-28,2861.0
2023-05-01,2065.0
2023-05-02,1392.0
2023-05-03,2220.0
2023-05-04,1883.0
2023-05-05,3214.0
2023-05-08,2228.0
2023-05-09,1959.0
2023-05-10,2537.0
2023-05-11,1748.0
2023-05-12,1835.0
2023-05-15,2744.0
2023-05-16,1490.0
2023-05-17,3030.0
2023-05-18,2356.0
2023-05-19,2029.0
2023-05-22,2793.0
2023-05-23,2071.0
2023-05-24,1544.0
2023-05-25,1559.0
2023-05-26,2828.0
2023-05-30,2076.0
2023-05-31,1918.0
2023-06-01,2921.0
2023-06-02,3200.0
2023-06-05,1841.0
2023-06-06,3157.0
2023-06-07,2566.0
2023-06-08,2290.0
2023-06-09,1750.0
2023-06-12,2591.0
2023-06-13,2898.0
2023-06-14,1808.0
2023-06-15,2912.0
2023-06-16,1968.0
2023-06-20,1803.0
2023-06-21,1909.0
2023-06-22,1831.0
2023-06-23,1541.0
2023-06-26,2096.0
2023-06-27,2637.0
2023-06-28,2399.0
2023-06-29,2606.0
2023-06-30,2609.0
2023-07-03,2576.0
2023-07-05,1688.0
2023-07-06,1217.0
2023-07-07,2816.0
2023-07-10,2983.0
2023-07-11,2793.0
2023-07-12,2919.0
2023-07-13,2907.0
2023-07-14,1529.0
2023-07-17,2782.0
2023-07-18,2651.0
2023-07-19,2540.0
2023-07-20,1601.0
2023-07-21,2131.0
2023-07-24,2221.0
2023-07-25,1883.0
2023-07-26,2715.0
2023-07-27,1450.0
2023-07-28,3166.0
2023-07-31,2911.0
2023-08-01,1660.0
2023-08-02,1399.0
2023-08-03,2176.0
2023-08-04,2092.0
2023-08-07,2156.0
2023-08-08,1773.0
2023-08-09,1750.0
2023-08-10,2027.0
2023-08-11,2000.0
2023-08-14,1961.0
2023-08-15,1276.0
2023-08-16,1375.0
2023-08-17,1541.0
2023-08-18,2378.0
2023-08-21,2118.0
2023-08-22,1829.0
2023-08-23,2886.0
2023-08-24,1340.0
2023-08-25,2346.0
2023-08-28,2626.0
2023-08-29,3052.0
2023-08-30,2416.0
2023-08-31,2017.0
2023-09-01,2716.0
2023-09-05,1511.0
2023-09-06,1559.0
2023-09-07,1560.0
2023-09-08,2084.0
2023-09-11,2251.0
2023-09-12,2017.0
2023-09-13,1823.0
2023-09-14,2875.0
2023-09-15,1630.0
2023-09-18,1687.0
2023-09-19,1839.0
2023-09-20,1606.0
2023-09-21,1257.0
2023-09-22,1996.0
2023-09-25,2092.0
2023-09-26,1570.0
2023-09-27,2396.0
2023-09-28,2471.0
2023-09-29,2221.0
2023-10-02,1371.0
2023-10-03,1101.0
2023-10-04,2401.0
2023-10-05,2125.0
2023-10-06,2650.0
2023-10-09,2056.0
2023-10-10,2908.0
2023-10-11,2056.0
2023-10-12,1243.0
2023-10-13,1682.0
2023-10-16,2763.0
2023-10-17,2493.0
2023-10-18,1125.0
2023-10-19,1193.0
2023-10-20,1425.0
2023-10-23,1582.0
2023-10-24,2630.0
2023-10-25,1322.0
2023-10-26,2074.0
2023-10-27,1496.0
2023-10-30,2619.0
2023-10-31,2627.0
2023-11-01,2352.0
2023-11-02,3220.0
2023-11-03,3317.0
2023-11-06,1643.0
2023-11-07,2197.0
2023-11-08,1719.0
2023-11-09,1243.0
2023-11-10,2520.0
2023-11-13,2159.0
2023-11-14,3383.0
2023-11-15,2499.0
2023-11-16,1512.0
2023-11-17,2814.0
2023-11-20,2606.0
2023-11-21,1427.0
2023-11-22,2629.0
2023-11-24,2754.0
2023-11-27,1852.0
2023-11-28,2148.0
2023-11-29,2638.0
2023-11-30,2239.0
2023-12-01,3285.0
2023-12-04,2359.0
2023-12-05,1610.0
2023-12-06,2120.0
2023-12-07,2609.0
2023-12-08,2397.0
2023-12-11,2010.0
2023-12-12,2007.0
2023-12-13,3336.0
2023-12-14,3107.0
2023-12-15,1847.0
2023-12-18,2107.0
2023-12-19,3207.0
2023-12-20,1480.0
2023-12-21,3084.0
2023-12-22,2739.0
2023-12-26,2970.0
2023-12-27,2542.0
2023-12-28,2164.0
2023-12-29,1335.0
2024-01-02,1975.0
2024-01-03,1272.0
2024-01-04,2176.0
2024-01-05,1916.0
2024-01-08,2970.0
2024-01-09,1685.0
2024-01-10,2119.0
2024-01-11,616.0
2024-01-12,2015.0
2024-01-16,1303.0
2024-01-17,1499.0
2024-01-18,2250.0
2024-01-19,2574.0
2024-01-22,2977.0
2024-01-23,2155.0
2024-01-24,1924.0
2024-01-25,2531.0
2024-01-26,2244.0
2024-01-29,2911.0
2024-01-30,1558.0
2024-01-31,1333.0
2024-02-01,2749.0
2024-02-02,1771.0
2024-02-05,1324.0
2024-02-06,2731.0
2024-02-07,1937.0
2024-02-08,2663.0
2024-02-09,2880.0
2024-02-12,2849.0
2024-02-13,874.0
2024-02-14,3273.0
2024-02-15,3043.0
2024-02-16,1760.0
2024-02-20,1624.0
2024-02-21,1778.0
2024-02-22,2348.0
2024-02-23,2367.0
2024-02-26,2399.0
2024-02-27,2692.0
2024-02-28,1647.0
2024-02-29,2638.0
2024-03-01,2547.0
2024-03-04,1776.0
2024-03-05,1726.0
2024-03-06,2540.0
2024-03-07,2615.0
2024-03-08,2159.0
2024-03-11,1927.0
2024-03-12,2043.0
2024-03-13,2165.0
2024-03-14,1223.0
2024-03-15,2362.0
2024-03-18,2031.0
2024-03-19,2484.0
2024-03-20,3123.0
2024-03-21,2586.0
2024-03-22,1627.0
2024-03-25,1899.0
2024-03-26,2006.0
2024-03-27,3072.0
2024-03-28,2570.0
2024-04-01,1714.0
2024-04-02,1337.0
2024-04-03,2396.0
2024-04-04,1812.0
2024-04-05,2280.0
2024-04-08,2476.0
2024-04-09,2479.0
2024-04-10,1094.0
2024-04-11,2354.0
2024-04-12,1170.0
2024-04-15,1095.0
2024-04-16,1636.0
2024-04-17,1831.0
2024-04-18,1985.0
2024-04-19,2150.0
2024-04-22,2692.0
2024-04-23,3057.0
2024-04-24,1841.0
2024-04-25,1648.0
2024-04-26,2660.0
2024-04-29,2611.0
2024-04-30,1298.0
2024-05-01,2609.0
2024-05-02,2853.0
2024-05-03,2840.0
2024-05-06,2717.0
2024-05-07,2226.0
2024-05-08,1981.0
2024-05-09,2607.0
2024-05-10,1654.0
2024-05-13,2249.0
2024-05-14,2751.0
2024-05-15,2669.0
2024-05-16,2141.0
2024-05-17,2094.0
2024-05-20,2166.0
2024-05-21,1923.0
2024-05-22,1818.0
2024-05-23,1141.0
2024-05-24,2761.0
2024-05-28,1892.0
2024-05-29,1279.0
2024-05-30,2473.0
2024-05-31,2598.0
2024-06-03,2167.0
2024-06-04,1615.0
2024-06-05,2722.0
2024-06-06,1807.0
2024-06-07,1318.0
2024-06-10,2160.0
2024-06-11,1968.0
2024-06-12,2748.0
2024-06-13,1602.0
2024-06-14,1334.0
2024-06-18,1916.0
2024-06-20,1927.0
2024-06-21,2189.0
2024-06-24,2357.0
2024-06-25,1779.0
2024-06-26,1985.0
2024-06-27,2676.0
2024-06-28,2332.0
2024-07-01,1750.0
2024-07-02,2199.0
2024-07-03,2460.0
2024-07-05,2080.0
2024-07-08,2413.0
2024-07-09,1982.0
2024-07-10,2690.0
2024-07-11,3174.0
2024-07-12,2977.0
2024-07-15,2574.0
2024-07-16,3219.0
2024-07-17,1690.0
2024-07-18,1190.0
2024-07-19,1622.0
2024-07-22,2895.0
2024-07-23,2296.0
2024-07-24,1180.0
2024-07-25,2559.0
2024-07-26,2977.0
2024-07-29,1549.0
2024-07-30,2009.0
2024-07-31,2618.0
2024-08-01,1119.0
2024-08-02,931.0
2024-08-05,832.0
2024-08-06,2680.0
2024-08-07,1513.0
2024-08-08,3070.0
2024-08-09,1986.0
2024-08-12,1835.0
2024-08-13,3022.0
2024-08-14,1933.0
2024-08-15,3092.0
2024-08-16,2534.0
2024-08-19,3024.0
2024-08-20,1596.0
2024-08-21,2937.0
2024-08-22,1462.0
2024-08-23,3313.0
2024-08-26,2028.0
2024-08-27,1682.0
2024-08-28,1359.0
2024-08-29,2563.0
2024-08-30,2491.0
2024-09-03,1081.0
2024-09-04,1965.0
2024-09-05,1952.0
2024-09-06,1170.0
2024-09-09,2576.0
2024-09-10,2215.0
2024-09-11,2300.0
2024-09-12,2637.0
2024-09-13,3151.0
2024-09-16,2359.0
2024-09-17,2394.0
2024-09-18,2064.0
2024-09-19,3134.0
2024-09-20,1626.0
2024-09-23,1860.0
2024-09-24,2468.0
2024-09-25,1594.0
2024-09-26,2786.0
2024-09-27,2554.0
2024-09-30,2071.0
2024-10-01,1400.0
2024-10-02,2141.0
2024-10-03,1604.0
2024-10-04,2853.0
2024-10-07,1463.0
2024-10-08,2075.0
2024-10-09,2169.0
2024-10-10,1748.0
2024-10-11,3068.0
2024-10-14,2438.0
2024-10-15,2205.0
2024-10-16,3091.0
2024-10-17,2039.0
2024-10-18,2475.0
2024-10-21,1523.0
2024-10-22,1964.0
2024-10-23,1380.0
2024-10-24,2236.0
2024-10-25,2008.0
2024-10-28,2859.0
2024-10-29,2010.0
2024-10-30,1873.0
2024-10-31,1297.0
2024-11-01,2314.0
2024-11-04,2138.0
2024-11-05,2972.0
2024-11-06,2731.0
2024-11-07,2440.0
2024-11-08,2393.0
2024-11-11,2373.0
2024-11-12,1427.0
2024-11-13,1610.0
2024-11-14,1472.0
2024-11-15,1345.0
2024-11-18,2190.0
2024-11-19,2459.0
2024-11-20,2093.0
2024-11-21,2815.0
2024-11-22,2968.0
2024-11-25,2893.0
2024-11-26,1824.0
2024-11-27,2450.0
2024-11-29,2707.0
2024-12-02,2350.0
2024-12-03,1796.0
2024-12-04,2425.0
2024-12-05,1638.0
2024-12-06,2628.0
2024-12-09,2121.0
2024-12-10,1809.0
2024-12-11,2362.0
2024-12-12,1434.0
2024-12-13,1613.0
2024-12-16,2248.0
2024-12-17,1703.0
2024-12-18,903.0
2024-12-19,2003.0
2024-12-20,3020.0
2024-12-23,2116.0
2024-12-24,2786.0
2024-12-26,2893.0
2024-12-27,1390.0
2024-12-30,1711.0
2024-12-31,1993.0
2025-01-02,2510.0
2025-01-03,3141.0
2025-01-06,2449.0
2025-01-07,1593.0
2025-01-08,1575.0
2025-01-10,1251.0
2025-01-13,1991.0
2025-01-14,2549.0
2025-01-15,3306.0
2025-01-16,2304.0
2025-01-17,2723.0
2025-01-21,3000.0
2025-01-22,1983.0
2025-01-23,2517.0
2025-01-24,2303.0
2025-01-27,1904.0
2025-01-28,2202.0
2025-01-29,2047.0
2025-01-30,2862.0
2025-01-31,1648.0
2025-02-03,1646.0
2025-02-04,2933.0
2025-02-05,2859.0
2025-02-06,2108.0
2025-02-07,1436.0
2025-02-10,2494.0
2025-02-11,1901.0
2025-02-12,1977.0
2025-02-13,3077.0
2025-02-14,2448.0
2025-02-18,2346.0
2025-02-19,2031.0
2025-02-20,1827.0
2025-02-21,1284.0
2025-02-24,1660.0
2025-02-25,1835.0
2025-02-26,2521.0
2025-02-27,1158.0
2025-02-28,2591.0
2025-03-03,565.0
2025-03-04,526.0
2025-03-05,2953.0
2025-03-06,1443.0
2025-03-07,2446.0
2025-03-10,745.0
2025-03-11,2174.0
2025-03-12,1524.0
2025-03-13,1381.0
2025-03-14,3159.0
2025-03-17,3073.0
2025-03-18,1624.0
2025-03-19,3079.0
2025-03-20,1749.0
2025-03-21,1933.0
2025-03-24,2855.0
2025-03-25,1860.0
2025-03-26,1504.0
2025-03-27,2013.0
2025-03-28,979.0
2025-03-31,1552.0
2025-04-01,2432.0
2025-04-02,1831.0
2025-04-03,837.0
2025-04-04,789.0
2025-04-07,1796.0
2025-04-08,1146.0
2025-04-09,3669.0
2025-04-10,1039.0
2025-04-11,2989.0
2025-04-14,3090.0
2025-04-15,2262.0
2025-04-16,1653.0
2025-04-17,2868.0
2025-04-21,1363.0
2025-04-22,3569.0
2025-04-23,3284.0
2025-04-24,3368.0
2025-04-25,2421.0
2025-04-28,2521.0
2025-04-29,2615.0
2025-04-30,2186.0
2025-05-01,2377.0
2025-05-02,3258.0
2025-05-05,1735.0
2025-05-06,1848.0
2025-05-07,2441.0
2025-05-08,2945.0
2025-05-09,2214.0
2025-05-12,3279.0
2025-05-13,2633.0
2025-05-14,1761.0
2025-05-15,2629.0
2025-05-16,2499.0
2025-05-19,2301.0
2025-05-20,2204.0
2025-05-21,1039.0
2025-05-22,2290.0
2025-05-23,1876.0
2025-05-27,3234.0
2025-05-28,1927.0
2025-05-29,2599.0
2025-05-30,1938.0
2025-06-02,2497.0
2025-06-03,3032.0
2025-06-04,2471.0
2025-06-05,1843.0
2025-06-06,3154.0
2025-06-09,2793.0
2025-06-10,2727.0
2025-06-11,1971.0
2025-06-12,2159.0
2025-06-13,1103.0
2025-06-16,2906.0
2025-06-17,1517.0
2025-06-18,2675.0
2025-06-20,2111.0
2025-06-23,2793.0
2025-06-24,3411.0
2025-06-25,1725.0
2025-06-26,3163.0
2025-06-27,2210.0
2025-06-30,2672.0
2025-07-01,2598.0
2025-07-02,3024.0
2025-07-03,2941.0
2025-07-07,1386.0
2025-07-08,2891.0
2025-07-09,2938.0
2025-07-10,2615.0
2025-07-11,1390.0
2025-07-14,2637.0
2025-07-15,1379.0
2025-07-16,3025.0
2025-07-17,3169.0
2025-07-18,2001.0
2025-07-21,2580.0
2025-07-22,2896.0
2025-07-23,3091.0
2025-07-24,1700.0
2025-07-25,2418.0
2025-07-28,1947.0
2025-07-29,1603.0
2025-07-30,1736.0
2025-07-31,1603.0
2025-08-01,1367.0
2025-08-04,3437.0
2025-08-05,2246.0
2025-08-06,2285.0
2025-08-07,2127.0
2025-08-08,2499.0
2025-08-11,2146.0
2025-08-12,3293.0
2025-08-13,3307.0
2025-08-14,1598.0
2025-08-15,2065.0
2025-08-18,2612.0
2025-08-19,1683.0
2025-08-20,2192.0
2025-08-21,2173.0
2025-08-22,3800.0
2025-08-25,1595.0
2025-08-26,2807.0
2025-08-27,2552.0
2025-08-28,2561.0
2025-08-29,1847.0
2025-09-02,1706.0
2025-09-03,2272.0
2025-09-04,2703.0
2025-09-05,2700.0
2025-09-08,2752.0
2025-09-09,2231.0
2025-09-10,2225.0
2025-09-11,3441.0
2025-09-12,1813.0
2025-09-15,2552.0
2025-09-16,2400.0
2025-09-17,2471.0
2025-09-18,3318.0
2025-09-19,2040.0
2025-09-22,2733.0
2025-09-23,1971.0
2025-09-24,2118.0
2025-09-25,1372.0
2025-09-26,2904.0
2025-09-29,2549.0
2025-09-30,2319.0
2025-10-01,2777.0
2025-10-02,2769.0
2025-10-03,2846.0
2025-10-06,2722.0
2025-10-07,1741.0
2025-10-08,3106.0
2025-10-09,1862.0
2025-10-10,791.0
2025-10-13,3459.0
2025-10-14,2903.0
2025-10-15,2831.0
2025-10-16,1432.0
2025-10-17,2104.0
2025-10-20,3649.0
2025-10-21,2216.0
2025-10-22,1522.0
2025-10-23,3097.0
2025-10-24,3245.0
2025-10-27,2664.0
2025-10-28,1946.0
2025-10-29,1522.0
2025-10-30,1763.0
2025-10-31,2794.0
2025-11-03,1886.0
2025-11-04,1215.0
2025-11-05,3039.0
2025-11-06,1365.0
2025-11-07,2606.0
2025-11-10,3157.0
2025-11-11,2613.0
2025-11-12,2272.0
2025-11-13,1039.0
2025-11-14,2095.0
2025-11-17,1288.0
2025-11-18,2348.0
2025-11-19,2160.0
2025-11-20,1307.0
2025-11-21,3493.0
2025-11-24,3239.0
2025-11-25,3379.0
2025-11-26,3203.0
2025-11-28,2906.0
2025-12-01,1555.0
2025-12-02,2347.0
2025-12-03,3441.0
2025-12-04,2793.0
2025-12-05,2216.0
2025-12-08,2221.0
2025-12-09,2712.0
2025-12-10,3066.0
2025-12-11,2727.0
2025-12-12,1543.0
2025-12-15,1817.0
2025-12-16,2177.0
2025-12-17,1592.0
2025-12-18,2970.0
2025-12-19,2889.0
2025-12-22,2976.0
2025-12-23,1944.0
2025-12-24,2752.0
2025-12-26,2016.0
2025-12-29,1470.0
2025-12-30,1813.0
2025-12-31,1589.0
2026-01-02,3026.0
2026-01-05,3468.0
2026-01-06,3002.0
2026-01-07,2287.0
2026-01-08,2695.0
2026-01-09,2705.0
2026-01-12,2626.0
2026-01-13,2201.0
2026-01-14,2756.0
2026-01-15,2768.0
2026-01-16,2176.0
2026-01-20,1376.0
2026-01-21,3439.0
2026-01-22,3277.0
2026-01-23,1935.0
2026-01-26,2384.0
2026-01-27,2755.0
2026-01-28,1749.0
2026-01-29,2122.0
2026-01-30,1646.0
2026-02-02,2868.0
2026-02-03,2100.0
2026-02-04,1896.0
2026-02-05,1117.0
2026-02-06,3834.0
2026-02-09,2908.0
2026-02-10,2390.0
2026-02-11,1922.0
2026-02-12,1427.0
2026-02-13,3173.0
2026-02-17,2392.0
2026-02-18,2829.0
2026-02-19,2281.0
2026-02-20,2599.0
2026-02-23,1525.0
2026-02-24,3175.0
2026-02-25,3143.0
2026-02-26,2431.0
2026-02-27,1685.0
2026-03-02,2454.0
2026-03-03,1371.0
2026-03-04,3350.0
2026-03-05,1510.0
2026-03-06,1512.0
2026-03-09,2747.0
2026-03-10,2442.0
2026-03-11,1914.0
2026-03-12,1240.0
2026-03-13,1840.0
2026-03-16,3239.0
2026-03-17,2886.0
2026-03-18,1072.0
2026-03-19,2378.0
2026-03-20,1357.0
2026-03-23,3589.0
2026-03-24,2152.0
2026-03-25,3223.0
2026-03-26,1559.0
2026-03-27,1127.0
2026-03-30,2036.0
2026-03-31,3854.0
2026-04-01,3184.0
2026-04-02,2797.0
2026-04-06,2961.0
2026-04-07,2903.0
2026-04-08,3664.0
2026-04-09,2740.0
2026-04-10,2041.0
2026-04-13,3505.0
2026-04-14,3282.0
2026-04-15,2916.0
2026-04-16,2578.0
2026-04-17,3589.0
2026-04-20,2483.0
2026-04-21,1604.0
2026-04-22,3020.0
2026-04-23,1722.0
2026-04-24,2809.0
2026-04-27,2312.0
2026-04-28,1823.0
2026-04-29,1627.0
2026-04-30,3570.0
2026-05-01,2879.0
2026-05-04,2006.0
2026-05-05,2959.0
2026-05-06,3114.0
2026-05-07,1771.0
2026-05-08,2822.0
2026-05-11,2186.0
2026-05-12,1792.0
2026-05-13,2443.0
2026-05-14,2804.0
2026-05-15,1258.0
2026-05-18,2311.0
2026-05-19,1689.0
2026-05-20,3622.0
2026-05-21,3132.0
2026-05-22,2751.0
2026-05-26,3123.0
2026-05-27,2564.0
2026-05-28,3255.0
2026-05-29,2503.0
2026-06-01,2513.0
2026-06-02,2345.0
2026-06-03,1360.0
2026-06-04,3087.0
2026-06-05,1135.0
2026-06-08,2764.0
2026-06-09,2502.0
2026-06-10,1802.0
2026-06-11,3571.0
2026-06-12,2717.0
2026-06-15,3025.0
2026-06-16,2102.0
2026-06-17,2030.0
2026-06-18,3141.0
2026-06-22,2135.0
2026-06-23,2224.0
2026-06-24,2513.0
2026-06-25,2385.0
2026-06-26,3115.0
2026-06-29,3048.0
2026-06-30,2653.0
2026-07-01,2689.0
2026-07-02,2433.0
2026-07-06,3050.0
2026-07-07,1654.0
2026-07-08,1764.0
2026-07-09,3349.0
2026-07-10,2360.0
2026-07-13,1619.0
2026-07-14,2770.0
2026-07-15,2721.0
2026-07-16,1854.0
2026-07-17,1835.0
2026-07-20,1743.0
2026-07-21,3073.0
2026-07-22,1771.0
2026-07-23,1492.0
2026-07-24,2204.0
2026-07-27,3008.0
2026-07-28,2435.0
2026-07-29,1455.0
2026-07-30,3132.0
2026-07-31,2172.0
2026-08-03,3651.0
2026-08-04,3626.0
2026-08-05,2116.0
2026-08-06,2167.0
2026-08-07,3336.0
2026-08-10,2048.0
2026-08-11,2746.0
2026-08-12,2854.0
2026-08-13,2979.0
2026-08-14,2361.0
2026-08-17,1965.0
2026-08-18,1822.0
2026-08-19,2943.0
2026-08-20,1747.0
