date,close
1971-04-05,0.0
2003-09-25,534.0
2003-09-26,596.0
2003-09-29,1285.0
2003-09-30,850.0
2003-10-01,1534.0
2003-10-02,1101.0
2003-10-03,1225.0
2003-10-06,1168.0
2003-10-07,1117.0
2003-10-08,803.0
2003-10-09,1135.0
2003-10-10,888.0
2003-10-13,1306.0
2003-10-14,1071.0
2003-10-15,627.0
2003-10-16,1065.0
2003-10-17,514.0
2003-10-20,983.0
2003-10-21,972.0
2003-10-22,483.0
2003-10-23,858.0
2003-10-24,722.0
2003-10-27,1268.0
2003-10-28,1309.0
2003-10-29,1134.0
2003-10-30,889.0
2003-10-31,996.0
2003-11-03,1302.0
2003-11-04,954.0
2003-11-05,886.0
2003-11-06,1052.0
2003-11-07,960.0
2003-11-10,595.0
2003-11-11,694.0
2003-11-12,1358.0
2003-11-13,1016.0
2003-11-14,712.0
2003-11-17,524.0
2003-11-18,708.0
2003-11-19,1069.0
2003-11-20,653.0
2003-11-21,1099.0
2003-11-24,1391.0
2003-11-25,1253.0
2003-11-26,1202.0
2003-11-28,1095.0
2003-12-01,1406.0
2003-12-02,893.0
2003-12-03,807.0
2003-12-04,897.0
2003-12-05,780.0
2003-12-08,1266.0
2003-12-09,678.0
2003-12-10,640.0
2003-12-11,1380.0
2003-12-12,1192.0
2003-12-15,666.0
2003-12-16,1088.0
2003-12-17,1053.0
2003-12-18,1396.0
2003-12-19,965.0
2003-12-22,1151.0
2003-12-23,1121.0
2003-12-24,895.0
2003-12-26,1134.0
2003-12-29,1419.0
2003-12-30,1084.0
2003-12-31,802.0
2004-01-02,1002.0
2004-01-05,1286.0
2004-01-06,931.0
2004-01-07,979.0
2004-01-08,1163.0
2004-01-09,886.0
2004-01-12,1170.0
2004-01-13,823.0
2004-01-14,1252.0
2004-01-15,887.0
2004-01-16,1065.0
2004-01-20,1153.0
2004-01-21,1181.0
2004-01-22,911.0
2004-01-23,949.0
2004-01-26,1046.0
2004-01-27,735.0
2004-01-28,440.0
2004-01-29,672.0
2004-01-30,993.0
2004-02-02,1011.0
2004-02-03,962.0
2004-02-04,485.0
2004-02-05,1022.0
2004-02-06,1541.0
2004-02-09,1054.0
2004-02-10,1233.0
2004-02-11,1275.0
2004-02-12,753.0
2004-02-13,688.0
2004-02-17,1408.0
2004-02-18,664.0
2004-02-19,621.0
2004-02-20,624.0
2004-02-23,620.0
2004-02-24,968.0
2004-02-25,1261.0
2004-02-26,1189.0
2004-02-27,1236.0
2004-03-01,1481.0
2004-03-02,786.0
2004-03-03,888.0
2004-03-04,1172.0
2004-03-05,1282.0
2004-03-08,748.0
2004-03-09,670.0
2004-03-10,409.0
2004-03-11,408.0
2004-03-12,1399.0
2004-03-15,462.0
2004-03-16,1112.0
2004-03-17,1481.0
2004-03-18,829.0
2004-03-19,691.0
2004-03-22,370.0
2004-03-23,1043.0
2004-03-24,645.0
2004-03-25,1371.0
2004-03-26,1001.0
2004-03-29,1403.0
2004-03-30,1310.0
2004-03-31,1174.0
2004-04-01,1270.0
2004-04-02,1048.0
2004-04-05,947.0
2004-04-06,696.0
2004-04-07,888.0
2004-04-08,717.0
2004-04-12,956.0
2004-04-13,200.0
2004-04-14,448.0
2004-04-15,1001.0
2004-04-16,1460.0
2004-04-19,911.0
2004-04-20,375.0
2004-04-21,941.0
2004-04-22,1525.0
2004-04-23,623.0
2004-04-26,709.0
2004-04-27,1057.0
2004-04-28,382.0
2004-04-29,481.0
2004-04-30,783.0
2004-05-03,1218.0
2004-05-04,1137.0
2004-05-05,901.0
2004-05-06,384.0
2004-05-07,128.0
2004-05-10,184.0
2004-05-11,1598.0
2004-05-12,946.0
2004-05-13,878.0
2004-05-14,1077.0
2004-05-17,553.0
2004-05-18,1416.0
2004-05-19,986.0
2004-05-20,1104.0
2004-05-21,1303.0
2004-05-24,1440.0
2004-05-25,1685.0
2004-05-26,1180.0
2004-05-27,1331.0
2004-05-28,1101.0
2004-06-01,1013.0
2004-06-02,1143.0
2004-06-03,458.0
2004-06-04,1259.0
2004-06-07,1562.0
2004-06-08,857.0
2004-06-09,422.0
2004-06-10,1077.0
2004-06-14,251.0
2004-06-15,1577.0
2004-06-16,1031.0
2004-06-17,1100.0
2004-06-18,1075.0
2004-06-21,902.0
2004-06-22,1021.0
2004-06-23,1391.0
2004-06-24,979.0
2004-06-25,1037.0
2004-06-28,830.0
2004-06-29,1037.0
2004-06-30,1475.0
2004-07-01,769.0
2004-07-02,1243.0
2004-07-06,709.0
2004-07-07,1207.0
2004-07-08,618.0
2004-07-09,1241.0
2004-07-12,1068.0
2004-07-13,930.0
2004-07-14,889.0
2004-07-15,1027.0
2004-07-16,1014.0
2004-07-19,1015.0
2004-07-20,1160.0
2004-07-21,372.0
2004-07-22,731.0
2004-07-23,592.0
2004-07-26,610.0
2004-07-27,1277.0
2004-07-28,972.0
2004-07-29,1435.0
2004-07-30,1259.0
2004-08-02,1177.0
2004-08-03,825.0
2004-08-04,909.0
2004-08-05,459.0
2004-08-06,688.0
2004-08-09,934.0
2004-08-10,1454.0
2004-08-11,789.0
2004-08-12,478.0
2004-08-13,1128.0
2004-08-16,1526.0
2004-08-17,1149.0
2004-08-18,1537.0
2004-08-19,853.0
2004-08-20,1513.0
2004-08-23,664.0
2004-08-24,1145.0
2004-08-25,1384.0
2004-08-26,1050.0
2004-08-27,1315.0
2004-08-30,703.0
2004-08-31,1407.0
2004-09-01,1230.0
2004-09-02,1426.0
2004-09-03,814.0
2004-09-07,1472.0
2004-09-08,716.0
2004-09-09,1185.0
2004-09-10,1113.0
2004-09-13,1105.0
2004-09-14,953.0
2004-09-15,787.0
2004-09-16,1505.0
2004-09-17,1018.0
2004-09-20,751.0
2004-09-21,1413.0
2004-09-22,548.0
2004-09-23,873.0
2004-09-24,1117.0
2004-09-27,665.0
2004-09-28,1333.0
2004-09-29,1094.0
2004-09-30,1209.0
2004-10-01,1494.0
2004-10-04,1166.0
2004-10-05,988.0
2004-10-06,1363.0
2004-10-07,501.0
2004-10-08,945.0
2004-10-11,1037.0
2004-10-12,930.0
2004-10-13,480.0
2004-10-14,800.0
2004-10-15,1344.0
2004-10-18,1046.0
2004-10-19,669.0
2004-10-20,1122.0
2004-10-21,1310.0
2004-10-22,662.0
2004-10-25,1058.0
2004-10-26,1426.0
2004-10-27,1327.0
2004-10-28,986.0
2004-10-29,1171.0
2004-11-01,1165.0
2004-11-02,1036.0
2004-11-03,1589.0
2004-11-04,1592.0
2004-11-05,995.0
2004-11-08,723.0
2004-11-09,1125.0
2004-11-10,1134.0
2004-11-11,1480.0
2004-11-12,1522.0
2004-11-15,1074.0
2004-11-16,751.0
2004-11-17,1365.0
2004-11-18,989.0
2004-11-19,530.0
2004-11-22,1388.0
2004-11-23,1231.0
2004-11-24,1447.0
2004-11-26,1141.0
2004-11-29,858.0
2004-11-30,851.0
2004-12-01,1394.0
2004-12-02,705.0
2004-12-03,1267.0
2004-12-06,836.0
2004-12-07,423.0
2004-12-08,1218.0
2004-12-09,1091.0
2004-12-10,1076.0
2004-12-13,1297.0
2004-12-14,1228.0
2004-12-15,1346.0
2004-12-16,664.0
2004-12-17,1035.0
2004-12-20,981.0
2004-12-21,1457.0
2004-12-22,1164.0
2004-12-23,1132.0
2004-12-27,715.0
2004-12-28,1537.0
2004-12-29,1058.0
2004-12-30,1181.0
2004-12-31,1091.0
2005-01-03,516.0
2005-01-04,445.0
2005-01-05,529.0
2005-01-06,1204.0
2005-01-07,830.0
2005-01-10,1310.0
2005-01-11,737.0
2005-01-12,1097.0
2005-01-13,926.0
2005-01-14,1400.0
2005-01-18,1451.0
2005-01-19,780.0
2005-01-20,615.0
2005-01-21,951.0
2005-01-24,787.0
2005-01-25,1002.0
2005-01-26,1444.0
2005-01-27,1160.0
2005-01-28,946.0
2005-01-31,1623.0
2005-02-01,1440.0
2005-02-02,1304.0
2005-02-03,946.0
2005-02-04,1609.0
2005-02-07,1057.0
2005-02-08,1160.0
2005-02-09,679.0
2005-02-10,1151.0
2005-02-11,1374.0
2005-02-14,1136.0
2005-02-15,1070.0
2005-02-16,1065.0
2005-02-17,627.0
2005-02-18,764.0
2005-02-22,419.0
2005-02-23,1317.0
2005-02-24,1461.0
2005-02-25,1614.0
2005-02-28,838.0
2005-03-01,1325.0
2005-03-02,938.0
2005-03-03,1107.0
2005-03-04,1588.0
2005-03-07,1059.0
2005-03-08,724.0
2005-03-09,412.0
2005-03-10,811.0
2005-03-11,776.0
2005-03-14,1119.0
2005-03-15,668.0
2005-03-16,564.0
2005-03-17,1229.0
2005-03-18,743.0
2005-03-21,603.0
2005-03-22,552.0
2005-03-23,425.0
2005-03-24,1239.0
2005-03-28,891.0
2005-03-29,596.0
2005-03-30,1627.0
2005-03-31,1320.0
2005-04-01,1007.0
2005-04-04,1069.0
2005-04-05,1163.0
2005-04-06,1208.0
2005-04-07,1268.0
2005-04-08,519.0
2005-04-11,877.0
2005-04-12,1308.0
2005-04-13,483.0
2005-04-14,419.0
2005-04-15,459.0
2005-04-18,1264.0
2005-04-19,1644.0
2005-04-20,448.0
2005-04-21,1555.0
2005-04-22,793.0
2005-04-25,1504.0
2005-04-26,647.0
2005-04-27,1053.0
2005-04-28,600.0
2005-04-29,1413.0
2005-05-02,1357.0
2005-05-03,1007.0
2005-05-04,1631.0
2005-05-05,1102.0
2005-05-06,977.0
2005-05-09,1446.0
2005-05-10,622.0
2005-05-11,1083.0
2005-05-12,506.0
2005-05-13,584.0
2005-05-16,1505.0
2005-05-17,1317.0
2005-05-18,1644.0
2005-05-19,1269.0
2005-05-20,881.0
2005-05-23,1334.0
2005-05-24,1009.0
2005-05-25,620.0
2005-05-26,1465.0
2005-05-27,1412.0
2005-05-31,1060.0
2005-06-01,1615.0
2005-06-02,1200.0
2005-06-03,887.0
2005-06-06,1224.0
2005-06-07,1164.0
2005-06-08,867.0
2005-06-09,1209.0
2005-06-10,1009.0
2005-06-13,1165.0
2005-06-14,1319.0
2005-06-15,1262.0
2005-06-16,1412.0
2005-06-17,1315.0
2005-06-20,777.0
2005-06-21,989.0
2005-06-22,1229.0
2005-06-23,665.0
2005-06-24,778.0
2005-06-27,1044.0
2005-06-28,1502.0
2005-06-29,1167.0
2005-06-30,956.0
2005-07-01,1356.0
2005-07-05,1419.0
2005-07-06,838.0
2005-07-07,1167.0
2005-07-08,1639.0
2005-07-11,1522.0
2005-07-12,1181.0
2005-07-13,849.0
2005-07-14,917.0
2005-07-15,1036.0
2005-07-18,762.0
2005-07-19,1493.0
2005-07-20,1506.0
2005-07-21,618.0
2005-07-22,1482.0
2005-07-25,737.0
2005-07-26,1205.0
2005-07-27,1219.0
2005-07-28,1601.0
2005-07-29,827.0
2005-08-01,1177.0
2005-08-02,1444.0
2005-08-03,970.0
2005-08-04,663.0
2005-08-05,434.0
2005-08-08,770.0
2005-08-09,1211.0
2005-08-10,1239.0
2005-08-11,1387.0
2005-08-12,795.0
2005-08-15,1229.0
2005-08-16,555.0
2005-08-17,940.0
2005-08-18,823.0
2005-08-19,1187.0
2005-08-22,1292.0
2005-08-23,919.0
2005-08-24,949.0
2005-08-25,1252.0
2005-08-26,597.0
2005-08-29,1345.0
2005-08-30,921.0
2005-08-31,1687.0
2005-09-01,1299.0
2005-09-02,914.0
2005-09-06,1597.0
2005-09-07,1118.0
2005-09-08,750.0
2005-09-09,1552.0
2005-09-12,974.0
2005-09-13,559.0
2005-09-14,745.0
2005-09-15,995.0
2005-09-16,1292.0
2005-09-19,686.0
2005-09-20,622.0
2005-09-21,705.0
2005-09-22,947.0
2005-09-23,1085.0
2005-09-26,1222.0
2005-09-27,892.0
2005-09-28,1059.0
2005-09-29,1522.0
2005-09-30,1355.0
2005-10-03,1184.0
2005-10-04,712.0
2005-10-05,327.0
2005-10-06,681.0
2005-10-07,1326.0
2005-10-10,606.0
2005-10-11,810.0
2005-10-12,403.0
2005-10-13,713.0
2005-10-14,1487.0
2005-10-17,1171.0
2005-10-18,549.0
2005-10-19,1423.0
2005-10-20,484.0
2005-10-21,1440.0
2005-10-24,1700.0
2005-10-25,860.0
2005-10-26,692.0
2005-10-27,506.0
2005-10-28,1624.0
2005-10-31,1643.0
2005-11-01,1030.0
2005-11-02,1611.0
2005-11-03,1104.0
2005-11-04,970.0
2005-11-07,1206.0
2005-11-08,787.0
2005-11-09,1177.0
2005-11-10,1200.0
2005-11-11,1201.0
2005-11-14,787.0
2005-11-15,674.0
2005-11-16,1096.0
2005-11-17,1635.0
2005-11-18,1262.0
2005-11-21,1402.0
2005-11-22,1275.0
2005-11-23,1262.0
2005-11-25,1284.0
2005-11-28,668.0
2005-11-29,1256.0
2005-11-30,1057.0
2005-12-01,1700.0
2005-12-02,1109.0
2005-12-05,854.0
2005-12-06,1168.0
2005-12-07,763.0
2005-12-08,1215.0
2005-12-09,1267.0
2005-12-12,1123.0
2005-12-13,1116.0
2005-12-14,1321.0
2005-12-15,755.0
2005-12-16,1011.0
2005-12-19,576.0
2005-12-20,1101.0
2005-12-21,1379.0
2005-12-22,1359.0
2005-12-23,1383.0
2005-12-27,632.0
2005-12-28,1327.0
2005-12-29,1042.0
2005-12-30,862.0
2006-01-03,1672.0
2006-01-04,1565.0
2006-01-05,1186.0
2006-01-06,1628.0
2006-01-09,1498.0
2006-01-10,1211.0
2006-01-11,1126.0
2006-01-12,773.0
2006-01-13,1169.0
2006-01-17,794.0
2006-01-18,953.0
2006-01-19,1595.0
2006-01-20,619.0
2006-01-23,1379.0
2006-01-24,1508.0
2006-01-25,1002.0
2006-01-26,1441.0
2006-01-27,1406.0
2006-01-30,1042.0
2006-01-31,1178.0
2006-02-01,1153.0
2006-02-02,633.0
2006-02-03,881.0
2006-02-06,1318.0
2006-02-07,660.0
2006-02-08,1244.0
2006-02-09,1133.0
2006-02-10,1103.0
2006-02-13,733.0
2006-02-14,1488.0
2006-02-15,1377.0
2006-02-16,1578.0
2006-02-17,1251.0
2006-02-21,1053.0
2006-02-22,1528.0
2006-02-23,945.0
2006-02-24,1337.0
2006-02-27,1250.0
2006-02-28,652.0
2006-03-01,1552.0
2006-03-02,968.0
2006-03-03,856.0
2006-03-06,611.0
2006-03-07,550.0
2006-03-08,1034.0
2006-03-09,967.0
2006-03-10,1586.0
2006-03-13,1148.0
2006-03-14,1642.0
2006-03-15,1396.0
2006-03-16,1469.0
2006-03-17,1206.0
2006-03-20,955.0
2006-03-21,568.0
2006-03-22,1499.0
2006-03-23,1095.0
2006-03-24,1333.0
2006-03-27,942.0
2006-03-28,787.0
2006-03-29,1603.0
2006-03-30,934.0
2006-03-31,1171.0
2006-04-03,1080.0
2006-04-04,1304.0
2006-04-05,1332.0
2006-04-06,956.0
2006-04-07,403.0
2006-04-10,933.0
2006-04-11,520.0
2006-04-12,1116.0
2006-04-13,977.0
2006-04-17,972.0
2006-04-18,1801.0
2006-04-19,1375.0
2006-04-20,999.0
2006-04-21,1213.0
2006-04-24,855.0
2006-04-25,818.0
2006-04-26,1215.0
2006-04-27,1094.0
2006-04-28,1314.0
2006-05-01,1015.0
2006-05-02,1400.0
2006-05-03,895.0
2006-05-04,1362.0
2006-05-05,1668.0
2006-05-08,1081.0
2006-05-09,1056.0
2006-05-10,993.0
2006-05-11,359.0
2006-05-12,416.0
2006-05-15,913.0
2006-05-16,1130.0
2006-05-17,352.0
2006-05-18,818.0
2006-05-19,1289.0
2006-05-22,709.0
2006-05-23,1022.0
2006-05-24,903.0
2006-05-25,1739.0
2006-05-26,1545.0
2006-05-30,472.0
2006-05-31,1677.0
2006-06-01,1764.0
2006-06-02,1488.0
2006-06-05,415.0
2006-06-06,774.0
2006-06-07,808.0
2006-06-08,923.0
2006-06-09,1001.0
2006-06-12,418.0
2006-06-13,424.0
2006-06-14,1167.0
2006-06-15,1860.0
2006-06-16,804.0
2006-06-19,524.0
2006-06-20,947.0
2006-06-21,1684.0
2006-06-22,732.0
2006-06-23,1148.0
2006-06-26,1392.0
2006-06-27,575.0
2006-06-28,1277.0
2006-06-29,1919.0
2006-06-30,1551.0
2006-07-03,1626.0
2006-07-05,589.0
2006-07-06,1375.0
2006-07-07,783.0
2006-07-10,1350.0
2006-07-11,1411.0
2006-07-12,628.0
2006-07-13,458.0
2006-07-14,725.0
2006-07-17,901.0
2006-07-18,1188.0
2006-07-19,1983.0
2006-07-20,651.0
2006-07-21,718.0
2006-07-24,1899.0
2006-07-25,1538.0
2006-07-26,1201.0
2006-07-27,918.0
2006-07-28,1823.0
2006-07-31,1126.0
2006-08-01,861.0
2006-08-02,1546.0
2006-08-03,1343.0
2006-08-04,1268.0
2006-08-07,838.0
2006-08-08,889.0
2006-08-09,925.0
2006-08-10,1330.0
2006-08-11,726.0
2006-08-14,1201.0
2006-08-15,1938.0
2006-08-16,1709.0
2006-08-17,1184.0
2006-08-18,1280.0
2006-08-21,921.0
2006-08-22,1328.0
2006-08-23,645.0
2006-08-24,1175.0
2006-08-25,1191.0
2006-08-28,1604.0
2006-08-29,1514.0
2006-08-30,1347.0
2006-08-31,1373.0
2006-09-01,1459.0
2006-09-05,1303.0
2006-09-06,372.0
2006-09-07,743.0
2006-09-08,1384.0
2006-09-11,974.0
2006-09-12,1701.0
2006-09-13,1426.0
2006-09-14,870.0
2006-09-15,1338.0
2006-09-18,1122.0
2006-09-19,953.0
2006-09-20,1430.0
2006-09-21,920.0
2006-09-22,858.0
2006-09-25,1553.0
2006-09-26,1490.0
2006-09-27,1371.0
2006-09-28,1178.0
2006-09-29,923.0
2006-10-02,980.0
2006-10-03,1127.0
2006-10-04,1776.0
2006-10-05,1559.0
2006-10-06,811.0
2006-10-09,1343.0
2006-10-10,1224.0
2006-10-11,813.0
2006-10-12,1780.0
2006-10-13,1335.0
2006-10-16,1598.0
2006-10-17,866.0
2006-10-18,1240.0
2006-10-19,1396.0
2006-10-20,988.0
2006-10-23,1329.0
2006-10-24,1299.0
2006-10-25,1532.0
2006-10-26,1592.0
2006-10-27,740.0
2006-10-30,1193.0
2006-10-31,1193.0
2006-11-01,741.0
2006-11-02,995.0
2006-11-03,1052.0
2006-11-06,1760.0
2006-11-07,1287.0
2006-11-08,1428.0
2006-11-09,939.0
2006-11-10,1479.0
2006-11-13,1191.0
2006-11-14,1694.0
2006-11-15,1402.0
2006-11-16,1201.0
2006-11-17,1065.0
2006-11-20,1191.0
2006-11-21,1403.0
2006-11-22,1380.0
2006-11-24,1203.0
2006-11-27,425.0
2006-11-28,1448.0
2006-11-29,1849.0
2006-11-30,1489.0
2006-12-01,1050.0
2006-12-04,1812.0
2006-12-05,1438.0
2006-12-06,1019.0
2006-12-07,897.0
2006-12-08,1122.0
2006-12-11,1342.0
2006-12-12,969.0
2006-12-13,1098.0
2006-12-14,1463.0
2006-12-15,1065.0
2006-12-18,760.0
2006-12-19,1232.0
2006-12-20,1245.0
2006-12-21,949.0
2006-12-22,897.0
2006-12-26,1582.0
2006-12-27,1740.0
2006-12-28,987.0
2006-12-29,863.0
2007-01-03,1207.0
2007-01-04,1115.0
2007-01-05,548.0
2007-01-08,1364.0
2007-01-09,1292.0
2007-01-10,1136.0
2007-01-11,1607.0
2007-01-12,1553.0
2007-01-16,1174.0
2007-01-17,1220.0
2007-01-18,873.0
2007-01-19,1626.0
2007-01-22,846.0
2007-01-23,1539.0
2007-01-24,1629.0
2007-01-25,522.0
2007-01-26,1362.0
2007-01-29,1260.0
2007-01-30,1653.0
2007-01-31,1559.0
2007-02-01,1762.0
2007-02-02,1324.0
2007-02-05,1088.0
2007-02-06,1458.0
2007-02-07,1303.0
2007-02-08,1121.0
2007-02-09,714.0
2007-02-12,917.0
2007-02-13,1609.0
2007-02-14,1565.0
2007-02-15,1380.0
2007-02-16,1195.0
2007-02-20,1445.0
2007-02-21,1082.0
2007-02-22,1064.0
2007-02-23,1131.0
2007-02-26,1151.0
2007-02-27,271.0
2007-02-28,1505.0
2007-03-01,944.0
2007-03-02,552.0
2007-03-05,394.0
2007-03-06,1997.0
2007-03-07,1160.0
2007-03-08,1764.0
2007-03-09,1373.0
2007-03-12,1499.0
2007-03-13,292.0
2007-03-14,1410.0
2007-03-15,1648.0
2007-03-16,847.0
2007-03-19,1801.0
2007-03-20,1699.0
2007-03-21,1929.0
2007-03-22,1220.0
2007-03-23,1341.0
2007-03-26,1123.0
2007-03-27,695.0
2007-03-28,766.0
2007-03-29,1461.0
2007-03-30,1299.0
2007-04-02,1514.0
2007-04-03,1745.0
2007-04-04,1271.0
2007-04-05,1350.0
2007-04-09,1197.0
2007-04-10,1403.0
2007-04-11,705.0
2007-04-12,1507.0
2007-04-13,1395.0
2007-04-16,1721.0
2007-04-17,1125.0
2007-04-18,969.0
2007-04-19,850.0
2007-04-20,1844.0
2007-04-23,1160.0
2007-04-24,1042.0
2007-04-25,1673.0
2007-04-26,1068.0
2007-04-27,1011.0
2007-04-30,619.0
2007-05-01,1291.0
2007-05-02,1791.0
2007-05-03,1342.0
2007-05-04,1337.0
2007-05-07,1264.0
2007-05-08,974.0
2007-05-09,1485.0
2007-05-10,517.0
2007-05-11,1739.0
2007-05-14,848.0
2007-05-15,818.0
2007-05-16,1450.0
2007-05-17,919.0
2007-05-18,1454.0
2007-05-21,1420.0
2007-05-22,1255.0
2007-05-23,943.0
2007-05-24,405.0
2007-05-25,1681.0
2007-05-29,1506.0
2007-05-30,1652.0
2007-05-31,1368.0
2007-06-01,1574.0
2007-06-04,1357.0
2007-06-05,608.0
2007-06-06,420.0
2007-06-07,177.0
2007-06-08,1678.0
2007-06-11,1171.0
2007-06-12,308.0
2007-06-13,1891.0
2007-06-14,1552.0
2007-06-15,1919.0
2007-06-18,1141.0
2007-06-19,1432.0
2007-06-20,533.0
2007-06-21,1339.0
2007-06-22,653.0
2007-06-25,748.0
2007-06-26,826.0
2007-06-27,1787.0
2007-06-28,1357.0
2007-06-29,1281.0
2007-07-02,1967.0
2007-07-03,1477.0
2007-07-05,1093.0
2007-07-06,1422.0
2007-07-09,1261.0
2007-07-10,559.0
2007-07-11,1280.0
2007-07-12,1791.0
2007-07-13,1251.0
2007-07-16,747.0
2007-07-17,998.0
2007-07-18,888.0
2007-07-19,1511.0
2007-07-20,561.0
2007-07-23,1169.0
2007-07-24,245.0
2007-07-25,981.0
2007-07-26,216.0
2007-07-27,757.0
2007-07-30,1563.0
2007-07-31,1067.0
2007-08-01,1060.0
2007-08-02,1604.0
2007-08-03,384.0
2007-08-06,1334.0
2007-08-07,1419.0
2007-08-08,1781.0
2007-08-09,536.0
2007-08-10,951.0
2007-08-13,1150.0
2007-08-14,279.0
2007-08-15,364.0
2007-08-16,1003.0
2007-08-17,2211.0
2007-08-20,1506.0
2007-08-21,1501.0
2007-08-22,1989.0
2007-08-23,1206.0
2007-08-24,1917.0
2007-08-27,708.0
2007-08-28,306.0
2007-08-29,2118.0
2007-08-30,1008.0
2007-08-31,2144.0
2007-09-04,1736.0
2007-09-05,693.0
2007-09-06,1536.0
2007-09-07,537.0
2007-09-10,924.0
2007-09-11,1796.0
2007-09-12,949.0
2007-09-13,1415.0
2007-09-14,1355.0
2007-09-17,777.0
2007-09-18,2286.0
2007-09-19,1584.0
2007-09-20,713.0
2007-09-21,1537.0
2007-09-24,964.0
2007-09-25,1003.0
2007-09-26,1559.0
2007-09-27,1619.0
2007-09-28,1110.0
2007-10-01,1901.0
2007-10-02,1437.0
2007-10-03,925.0
2007-10-04,1505.0
2007-10-05,1885.0
2007-10-08,878.0
2007-10-09,1720.0
2007-10-10,1181.0
2007-10-11,880.0
2007-10-12,1505.0
2007-10-15,659.0
2007-10-16,682.0
2007-10-17,1291.0
2007-10-18,1187.0
2007-10-19,376.0
2007-10-22,1429.0
2007-10-23,1693.0
2007-10-24,933.0
2007-10-25,1211.0
2007-10-26,1839.0
2007-10-29,1400.0
2007-10-30,954.0
2007-10-31,1849.0
2007-11-01,332.0
2007-11-02,1158.0
2007-11-05,606.0
2007-11-06,1612.0
2007-11-07,214.0
2007-11-08,1237.0
2007-11-09,668.0
2007-11-12,846.0
2007-11-13,2058.0
2007-11-14,958.0
2007-11-15,543.0
2007-11-16,1142.0
2007-11-19,425.0
2007-11-20,1259.0
2007-11-21,705.0
2007-11-23,2096.0
2007-11-26,615.0
2007-11-27,1726.0
2007-11-28,2220.0
2007-11-29,1105.0
2007-11-30,1813.0
2007-12-03,1084.0
2007-12-04,914.0
2007-12-05,1926.0
2007-12-06,2026.0
2007-12-07,1303.0
2007-12-10,1626.0
2007-12-11,393.0
2007-12-12,1351.0
2007-12-13,839.0
2007-12-14,529.0
2007-12-17,432.0
2007-12-18,1590.0
2007-12-19,1125.0
2007-12-20,1444.0
2007-12-21,1943.0
2007-12-24,1988.0
2007-12-26,1233.0
2007-12-27,501.0
2007-12-28,1336.0
2007-12-31,1182.0
2008-01-02,1086.0
2008-01-03,1380.0
2008-01-04,577.0
2008-01-07,1475.0
2008-01-08,875.0
2008-01-09,1583.0
2008-01-10,1691.0
2008-01-11,858.0
2008-01-14,1754.0
2008-01-15,636.0
2008-01-16,1287.0
2008-01-17,342.0
2008-01-18,919.0
2008-01-22,1097.0
2008-01-23,1930.0
2008-01-24,1627.0
2008-01-25,1082.0
2008-01-28,2029.0
2008-01-29,1678.0
2008-01-30,1055.0
2008-01-31,1933.0
2008-02-01,2054.0
2008-02-04,1053.0
2008-02-05,459.0
2008-02-06,932.0
2008-02-07,1634.0
2008-02-08,1051.0
2008-02-11,1367.0
2008-02-12,1616.0
2008-02-13,1673.0
2008-02-14,530.0
2008-02-15,1120.0
2008-02-19,1484.0
2008-02-20,1600.0
2008-02-21,663.0
2008-02-22,1534.0
2008-02-25,2001.0
2008-02-26,1780.0
2008-02-27,1108.0
2008-02-28,783.0
2008-02-29,331.0
2008-03-03,1257.0
2008-03-04,869.0
2008-03-05,1560.0
2008-03-06,272.0
2008-03-07,938.0
2008-03-10,416.0
2008-03-11,2205.0
2008-03-12,880.0
2008-03-13,1477.0
2008-03-14,398.0
2008-03-17,444.0
2008-03-18,2349.0
2008-03-19,699.0
2008-03-20,1916.0
2008-03-24,2131.0
2008-03-25,1695.0
2008-03-26,1101.0
2008-03-27,914.0
2008-03-28,837.0
2008-03-31,1623.0
2008-04-01,2211.0
2008-04-02,1543.0
2008-04-03,1493.0
2008-04-04,1396.0
2008-04-07,1416.0
2008-04-08,1092.0
2008-04-09,726.0
2008-04-10,1625.0
2008-04-11,483.0
2008-04-14,1049.0
2008-04-15,1556.0
2008-04-16,2183.0
2008-04-17,1284.0
2008-04-18,1998.0
2008-04-21,1100.0
2008-04-22,710.0
2008-04-23,1351.0
2008-04-24,1631.0
2008-04-25,1633.0
2008-04-28,1448.0
2008-04-29,1033.0
2008-04-30,1340.0
2008-05-01,1814.0
2008-05-02,1461.0
2008-05-05,1112.0
2008-05-06,1628.0
2008-05-07,715.0
2008-05-08,1517.0
2008-05-09,1173.0
2008-05-12,1849.0
2008-05-13,1303.0
2008-05-14,1516.0
2008-05-15,1833.0
2008-05-16,1382.0
2008-05-19,1197.0
2008-05-20,915.0
2008-05-21,710.0
2008-05-22,1436.0
2008-05-23,679.0
2008-05-27,1664.0
2008-05-28,1442.0
2008-05-29,1570.0
2008-05-30,1439.0
2008-06-02,806.0
2008-06-03,1058.0
2008-06-04,1152.0
2008-06-05,2096.0
2008-06-06,459.0
2008-06-09,921.0
2008-06-10,870.0
2008-06-11,433.0
2008-06-12,1308.0
2008-06-13,1913.0
2008-06-16,1570.0
2008-06-17,1017.0
2008-06-18,702.0
2008-06-19,1319.0
2008-06-20,451.0
2008-06-23,926.0
2008-06-24,795.0
2008-06-25,1797.0
2008-06-26,354.0
2008-06-27,960.0
2008-06-30,1067.0
2008-07-01,1089.0
2008-07-02,670.0
2008-07-03,889.0
2008-07-07,757.0
2008-07-08,1778.0
2008-07-09,896.0
2008-07-10,1409.0
2008-07-11,861.0
2008-07-14,685.0
2008-07-15,678.0
2008-07-16,2011.0
2008-07-17,1943.0
2008-07-18,1369.0
2008-07-21,1690.0
2008-07-22,1860.0
2008-07-23,1575.0
2008-07-24,489.0
2008-07-25,1494.0
2008-07-28,719.0
2008-07-29,2044.0
2008-07-30,1759.0
2008-07-31,989.0
2008-08-01,1284.0
2008-08-04,832.0
2008-08-05,1948.0
2008-08-06,1416.0
2008-08-07,603.0
2008-08-08,1999.0
2008-08-11,1646.0
2008-08-12,869.0
2008-08-13,1086.0
2008-08-14,1644.0
2008-08-15,1352.0
2008-08-18,738.0
2008-08-19,712.0
2008-08-20,1381.0
2008-08-21,1143.0
2008-08-22,1882.0
2008-08-25,557.0
2008-08-26,1661.0
2008-08-27,1965.0
2008-08-28,2090.0
2008-08-29,911.0
2008-09-02,1424.0
2008-09-03,1336.0
2008-09-04,399.0
2008-09-05,1332.0
2008-09-08,1731.0
2008-09-09,285.0
2008-09-10,1407.0
2008-09-11,1126.0
2008-09-12,1480.0
2008-09-15,118.0
2008-09-16,1302.0
2008-09-17,182.0
2008-09-18,2027.0
2008-09-19,2372.0
2008-09-22,471.0
2008-09-23,715.0
2008-09-24,1052.0
2008-09-25,1926.0
2008-09-26,879.0
2008-09-29,110.0
2008-09-30,2201.0
2008-10-01,1306.0
2008-10-02,369.0
2008-10-03,892.0
2008-10-06,207.0
2008-10-07,293.0
2008-10-08,655.0
2008-10-09,183.0
2008-10-10,969.0
2008-10-13,2569.0
2008-10-14,1414.0
2008-10-15,218.0
2008-10-16,1881.0
2008-10-17,1442.0
2008-10-20,2298.0
2008-10-21,746.0
2008-10-22,372.0
2008-10-23,996.0
2008-10-24,474.0
2008-10-27,524.0
2008-10-28,2160.0
2008-10-29,1641.0
2008-10-30,2174.0
2008-10-31,1967.0
2008-11-03,1478.0
2008-11-04,2113.0
2008-11-05,486.0
2008-11-06,461.0
2008-11-07,1836.0
2008-11-10,842.0
2008-11-11,508.0
2008-11-12,160.0
2008-11-13,2053.0
2008-11-14,501.0
2008-11-17,619.0
2008-11-18,983.0
2008-11-19,141.0
2008-11-20,175.0
2008-11-21,1756.0
2008-11-24,2435.0
2008-11-25,1793.0
2008-11-26,2292.0
2008-11-28,1762.0
2008-12-01,268.0
2008-12-02,2056.0
2008-12-03,1783.0
2008-12-04,661.0
2008-12-05,1893.0
2008-12-08,2099.0
2008-12-09,790.0
2008-12-10,1865.0
2008-12-11,544.0
2008-12-12,1639.0
2008-12-15,663.0
2008-12-16,2318.0
2008-12-17,1541.0
2008-12-18,1105.0
2008-12-19,1656.0
2008-12-22,823.0
2008-12-23,1011.0
2008-12-24,1517.0
2008-12-26,1949.0
2008-12-29,908.0
2008-12-30,2199.0
2008-12-31,2273.0
2009-01-02,2209.0
2009-01-05,1756.0
2009-01-06,2077.0
2009-01-07,466.0
2009-01-08,1669.0
2009-01-09,775.0
2009-01-12,572.0
2009-01-13,1422.0
2009-01-14,249.0
2009-01-15,1497.0
2009-01-16,1749.0
2009-01-20,244.0
2009-01-21,2145.0
2009-01-22,570.0
2009-01-23,1462.0
2009-01-26,1739.0
2009-01-27,1831.0
2009-01-28,2311.0
2009-01-29,422.0
2009-01-30,665.0
2009-02-02,1196.0
2009-02-03,1607.0
2009-02-04,1139.0
2009-02-05,1723.0
2009-02-06,2197.0
2009-02-09,1424.0
2009-02-10,362.0
2009-02-11,1472.0
2009-02-12,1209.0
2009-02-13,1001.0
2009-02-17,174.0
2009-02-18,751.0
2009-02-19,718.0
2009-02-20,682.0
2009-02-23,335.0
2009-02-24,2337.0
2009-02-25,977.0
2009-02-26,1199.0
2009-02-27,877.0
2009-03-02,157.0
2009-03-03,851.0
2009-03-04,2147.0
2009-03-05,196.0
2009-03-06,973.0
2009-03-09,742.0
2009-03-10,2514.0
2009-03-11,1510.0
2009-03-12,2422.0
2009-03-13,1670.0
2009-03-16,1460.0
2009-03-17,2071.0
2009-03-18,2149.0
2009-03-19,1280.0
2009-03-20,632.0
2009-03-23,2477.0
2009-03-24,776.0
2009-03-25,1846.0
2009-03-26,2152.0
2009-03-27,580.0
2009-03-30,268.0
2009-03-31,2038.0
2009-04-01,2045.0
2009-04-02,2356.0
2009-04-03,1817.0
2009-04-06,755.0
2009-04-07,529.0
2009-04-08,1968.0
2009-04-09,2376.0
2009-04-13,1486.0
2009-04-14,787.0
2009-04-15,1898.0
2009-04-16,2099.0
2009-04-17,1787.0
2009-04-20,245.0
2009-04-21,2097.0
2009-04-22,1412.0
2009-04-23,1612.0
2009-04-24,2055.0
2009-04-27,812.0
2009-04-28,1374.0
2009-04-29,2274.0
2009-04-30,1445.0
2009-05-01,1657.0
2009-05-04,2309.0
2009-05-05,1178.0
2009-05-06,1880.0
2009-05-07,908.0
2009-05-08,2350.0
2009-05-11,721.0
2009-05-12,1091.0
2009-05-13,244.0
2009-05-14,1907.0
2009-05-15,951.0
2009-05-18,2376.0
2009-05-19,1581.0
2009-05-20,1332.0
2009-05-21,676.0
2009-05-22,1344.0
2009-05-26,2232.0
2009-05-27,747.0
2009-05-28,1754.0
2009-05-29,1985.0
2009-06-01,2186.0
2009-06-02,1579.0
2009-06-03,698.0
2009-06-04,2067.0
2009-06-05,1305.0
2009-06-08,960.0
2009-06-09,1585.0
2009-06-10,1176.0
2009-06-11,1526.0
2009-06-12,1231.0
2009-06-15,353.0
2009-06-16,724.0
2009-06-17,1102.0
2009-06-18,1550.0
2009-06-19,1646.0
2009-06-22,285.0
2009-06-23,1254.0
2009-06-24,1940.0
2009-06-25,2195.0
2009-06-26,1571.0
2009-06-29,1580.0
2009-06-30,1082.0
2009-07-01,1971.0
2009-07-02,482.0
2009-07-06,1056.0
2009-07-07,557.0
2009-07-08,900.0
2009-07-09,1609.0
2009-07-10,1284.0
2009-07-13,2218.0
2009-07-14,1859.0
2009-07-15,2465.0
2009-07-16,1881.0
2009-07-17,1284.0
2009-07-20,2073.0
2009-07-21,1405.0
2009-07-22,1493.0
2009-07-23,2267.0
2009-07-24,1670.0
2009-07-27,1722.0
2009-07-28,1270.0
2009-07-29,1011.0
2009-07-30,2172.0
2009-07-31,1690.0
2009-08-03,2246.0
2009-08-04,1636.0
2009-08-05,1195.0
2009-08-06,980.0
2009-08-07,2108.0
2009-08-10,1249.0
2009-08-11,689.0
2009-08-12,1906.0
2009-08-13,1757.0
2009-08-14,745.0
2009-08-17,287.0
2009-08-18,2164.0
2009-08-19,1620.0
2009-08-20,1964.0
2009-08-21,2205.0
2009-08-24,1349.0
2009-08-25,1599.0
2009-08-26,1250.0
2009-08-27,1395.0
2009-08-28,1299.0
2009-08-31,700.0
2009-09-01,436.0
2009-09-02,1043.0
2009-09-03,2090.0
2009-09-04,2170.0
2009-09-08,2039.0
2009-09-09,1928.0
2009-09-10,2052.0
2009-09-11,1348.0
2009-09-14,1780.0
2009-09-15,1911.0
2009-09-16,2259.0
2009-09-17,1176.0
2009-09-18,1560.0
2009-09-21,899.0
2009-09-22,1909.0
2009-09-23,899.0
2009-09-24,593.0
2009-09-25,1179.0
2009-09-28,2161.0
2009-09-29,1270.0
2009-09-30,1118.0
2009-10-01,426.0
2009-10-02,896.0
2009-10-05,2279.0
2009-10-06,2168.0
2009-10-07,1414.0
2009-10-08,1963.0
2009-10-09,1633.0
2009-10-12,1445.0
2009-10-13,1130.0
2009-10-14,2041.0
2009-10-15,1326.0
2009-10-16,934.0
2009-10-19,2044.0
2009-10-20,903.0
2009-10-21,864.0
2009-10-22,1841.0
2009-10-23,632.0
2009-10-26,628.0
2009-10-27,949.0
2009-10-28,246.0
2009-10-29,2247.0
2009-10-30,319.0
2009-11-02,1443.0
2009-11-03,1653.0
2009-11-04,1400.0
2009-11-05,2254.0
2009-11-06,1359.0
2009-11-09,2302.0
2009-11-10,1041.0
2009-11-11,1692.0
2009-11-12,501.0
2009-11-13,1977.0
2009-11-16,2255.0
2009-11-17,1219.0
2009-11-18,1202.0
2009-11-19,488.0
2009-11-20,1137.0
2009-11-23,2108.0
2009-11-24,1233.0
2009-11-25,1796.0
2009-11-27,383.0
2009-11-30,1577.0
2009-12-01,2220.0
2009-12-02,1770.0
2009-12-03,920.0
2009-12-04,1945.0
2009-12-07,1481.0
2009-12-08,823.0
2009-12-09,1485.0
2009-12-10,1601.0
2009-12-11,1696.0
2009-12-14,2034.0
2009-12-15,1035.0
2009-12-16,1758.0
2009-12-17,750.0
2009-12-18,1627.0
2009-12-21,1956.0
2009-12-22,1701.0
2009-12-23,1957.0
2009-12-24,1995.0
2009-12-28,1349.0
2009-12-29,1230.0
2009-12-30,1223.0
2009-12-31,882.0
2010-01-04,2241.0
2010-01-05,1634.0
2010-01-06,1647.0
2010-01-07,1680.0
2010-01-08,1663.0
2010-01-11,1610.0
2010-01-12,740.0
2010-01-13,1938.0
2010-01-14,1548.0
2010-01-15,827.0
2010-01-19,2175.0
2010-01-20,675.0
2010-01-21,556.0
2010-01-22,507.0
2010-01-25,1602.0
2010-01-26,964.0
2010-01-27,1340.0
2010-01-28,691.0
2010-01-29,855.0
2010-02-01,2204.0
2010-02-02,2112.0
2010-02-03,1042.0
2010-02-04,223.0
2010-02-05,1213.0
2010-02-08,966.0
2010-02-09,2161.0
2010-02-10,1257.0
2010-02-11,2142.0
2010-02-12,1470.0
2010-02-16,2311.0
2010-02-17,1815.0
2010-02-18,1905.0
2010-02-19,1620.0
2010-02-22,1362.0
2010-02-23,839.0
2010-02-24,1988.0
2010-02-25,1377.0
2010-02-26,1619.0
2010-03-01,2221.0
2010-03-02,1951.0
2010-03-03,1472.0
2010-03-04,1623.0
2010-03-05,2371.0
2010-03-08,1596.0
2010-03-09,1528.0
2010-03-10,1833.0
2010-03-11,1498.0
2010-03-12,1500.0
2010-03-15,1150.0
2010-03-16,2026.0
2010-03-17,1916.0
2010-03-18,1149.0
2010-03-19,816.0
2010-03-22,1842.0
2010-03-23,2031.0
2010-03-24,893.0
2010-03-25,1130.0
2010-03-26,1387.0
2010-03-29,1906.0
2010-03-30,1403.0
2010-03-31,1096.0
2010-04-01,2068.0
2010-04-05,2124.0
2010-04-06,1574.0
2010-04-07,963.0
2010-04-08,1441.0
2010-04-09,1889.0
2010-04-12,1547.0
2010-04-13,1351.0
2010-04-14,2120.0
2010-04-15,1324.0
2010-04-16,523.0
2010-04-19,1195.0
2010-04-20,2284.0
2010-04-21,1560.0
2010-04-22,1835.0
2010-04-23,1990.0
2010-04-26,1282.0
2010-04-27,437.0
2010-04-28,1642.0
2010-04-29,2139.0
2010-04-30,688.0
2010-05-03,2198.0
2010-05-04,381.0
2010-05-05,546.0
2010-05-06,154.0
2010-05-07,804.0
2010-05-10,2731.0
2010-05-11,1552.0
2010-05-12,2359.0
2010-05-13,958.0
2010-05-14,317.0
2010-05-17,1129.0
2010-05-18,605.0
2010-05-19,595.0
2010-05-20,124.0
2010-05-21,2187.0
2010-05-24,1064.0
2010-05-25,1014.0
2010-05-26,1691.0
2010-05-27,2656.0
2010-05-28,879.0
2010-06-01,562.0
2010-06-02,2419.0
2010-06-03,1770.0
2010-06-04,242.0
2010-06-07,745.0
2010-06-08,1699.0
2010-06-09,1423.0
2010-06-10,2486.0
2010-06-11,1915.0
2010-06-14,1748.0
2010-06-15,2450.0
2010-06-16,1122.0
2010-06-17,1358.0
2010-06-18,1559.0
2010-06-21,1152.0
2010-06-22,555.0
2010-06-23,1320.0
2010-06-24,609.0
2010-06-25,2116.0
2010-06-28,1241.0
2010-06-29,230.0
2010-06-30,1002.0
2010-07-01,1125.0
2010-07-02,1114.0
2010-07-06,1362.0
2010-07-07,2470.0
2010-07-08,2179.0
2010-07-09,2236.0
2010-07-12,959.0
2010-07-13,2402.0
2010-07-14,1214.0
2010-07-15,1341.0
2010-07-16,523.0
2010-07-19,1841.0
2010-07-20,2312.0
2010-07-21,905.0
2010-07-22,2507.0
2010-07-23,2309.0
2010-07-26,2290.0
2010-07-27,1236.0
2010-07-28,873.0
2010-07-29,1453.0
2010-07-30,1684.0
2010-08-02,2426.0
2010-08-03,1085.0
2010-08-04,2114.0
2010-08-05,1193.0
2010-08-06,1278.0
2010-08-09,2056.0
2010-08-10,744.0
2010-08-11,323.0
2010-08-12,1152.0
2010-08-13,1266.0
2010-08-16,1757.0
2010-08-17,2272.0
2010-08-18,1627.0
2010-08-19,500.0
2010-08-20,1172.0
2010-08-23,1040.0
2010-08-24,665.0
2010-08-25,1729.0
2010-08-26,984.0
2010-08-27,2443.0
2010-08-30,581.0
2010-08-31,1570.0
2010-09-01,2486.0
2010-09-02,2004.0
2010-09-03,2229.0
2010-09-07,721.0
2010-09-08,1956.0
2010-09-09,1749.0
2010-09-10,1786.0
2010-09-13,2103.0
2010-09-14,1261.0
2010-09-15,1494.0
2010-09-16,1149.0
2010-09-17,1672.0
2010-09-20,2359.0
2010-09-21,981.0
2010-09-22,1053.0
2010-09-23,841.0
2010-09-24,2380.0
2010-09-27,1149.0
2010-09-28,1948.0
2010-09-29,1548.0
2010-09-30,1431.0
2010-10-01,1946.0
2010-10-04,739.0
2010-10-05,2351.0
2010-10-06,1326.0
2010-10-07,1270.0
2010-10-08,2125.0
2010-10-11,1532.0
2010-10-12,1577.0
2010-10-13,2097.0
2010-10-14,1104.0
2010-10-15,1124.0
2010-10-18,1932.0
2010-10-19,484.0
2010-10-20,2160.0
2010-10-21,1403.0
2010-10-22,1690.0
2010-10-25,1713.0
2010-10-26,1315.0
2010-10-27,930.0
2010-10-28,1420.0
2010-10-29,1706.0
2010-11-01,1447.0
2010-11-02,2119.0
2010-11-03,1597.0
2010-11-04,2425.0
2010-11-05,1694.0
2010-11-08,1275.0
2010-11-09,737.0
2010-11-10,1734.0
2010-11-11,998.0
2010-11-12,462.0
2010-11-15,1325.0
2010-11-16,388.0
2010-11-17,1726.0
2010-11-18,2352.0
2010-11-19,1688.0
2010-11-22,1458.0
2010-11-23,633.0
2010-11-24,2401.0
2010-11-26,851.0
2010-11-29,1201.0
2010-11-30,944.0
2010-12-01,2280.0
2010-12-02,2022.0
2010-12-03,1778.0
2010-12-06,1430.0
2010-12-07,1473.0
2010-12-08,1087.0
2010-12-09,1591.0
2010-12-10,1862.0
2010-12-13,1288.0
2010-12-14,1281.0
2010-12-15,965.0
2010-12-16,1997.0
2010-12-17,1633.0
2010-12-20,1438.0
2010-12-21,1987.0
2010-12-22,1790.0
2010-12-23,1368.0
2010-12-27,1585.0
2010-12-28,1364.0
2010-12-29,1754.0
2010-12-30,1436.0
2010-12-31,1538.0
2011-01-03,2275.0
2011-01-04,1111.0
2011-01-05,1822.0
2011-01-06,1209.0
2011-01-07,1333.0
2011-01-10,1565.0
2011-01-11,1794.0
2011-01-12,2185.0
2011-01-13,1370.0
2011-01-14,1742.0
2011-01-18,1644.0
2011-01-19,699.0
2011-01-20,1140.0
2011-01-21,1597.0
2011-01-24,2143.0
2011-01-25,1628.0
2011-01-26,2114.0
2011-01-27,1703.0
2011-01-28,496.0
2011-01-31,2111.0
2011-02-01,2519.0
2011-02-02,1414.0
2011-02-03,1629.0
2011-02-04,1481.0
2011-02-07,2092.0
2011-02-08,1934.0
2011-02-09,1141.0
2011-02-10,1607.0
2011-02-11,2266.0
2011-02-14,1683.0
2011-02-15,1151.0
2011-02-16,2291.0
2011-02-17,1907.0
2011-02-18,1751.0
2011-02-22,355.0
2011-02-23,1120.0
2011-02-24,1384.0
2011-02-25,2474.0
2011-02-28,1900.0
2011-03-01,756.0
2011-03-02,1913.0
2011-03-03,2467.0
2011-03-04,1037.0
2011-03-07,736.0
2011-03-08,2299.0
2011-03-09,1379.0
2011-03-10,476.0
2011-03-11,1928.0
2011-03-14,940.0
2011-03-15,665.0
2011-03-16,754.0
2011-03-17,2267.0
2011-03-18,2168.0
2011-03-21,2477.0
2011-03-22,1302.0
2011-03-23,1588.0
2011-03-24,1990.0
2011-03-25,1980.0
2011-03-28,1314.0
2011-03-29,2070.0
2011-03-30,2225.0
2011-03-31,1781.0
2011-04-01,2106.0
2011-04-04,1610.0
2011-04-05,1672.0
2011-04-06,1720.0
2011-04-07,1145.0
2011-04-08,1018.0
2011-04-11,919.0
2011-04-12,781.0
2011-04-13,1581.0
2011-04-14,1597.0
2011-04-15,2073.0
2011-04-18,574.0
2011-04-19,2009.0
2011-04-20,2517.0
2011-04-21,1984.0
2011-04-25,1389.0
2011-04-26,2212.0
2011-04-27,1957.0
2011-04-28,1867.0
2011-04-29,1972.0
2011-05-02,1281.0
2011-05-03,1050.0
2011-05-04,895.0
2011-05-05,1167.0
2011-05-06,2044.0
2011-05-09,2130.0
2011-05-10,2479.0
2011-05-11,863.0
2011-05-12,1902.0
2011-05-13,868.0
2011-05-16,1008.0
2011-05-17,1219.0
2011-05-18,2384.0
2011-05-19,1800.0
2011-05-20,1044.0
2011-05-23,648.0
2011-05-24,1403.0
2011-05-25,2017.0
2011-05-26,2117.0
2011-05-27,2233.0
2011-05-31,2333.0
2011-06-01,588.0
2011-06-02,1442.0
2011-06-03,873.0
2011-06-06,622.0
2011-06-07,1755.0
2011-06-08,809.0
2011-06-09,1950.0
2011-06-10,610.0
2011-06-13,1404.0
2011-06-14,2557.0
2011-06-15,505.0
2011-06-16,1363.0
2011-06-17,1930.0
2011-06-20,1992.0
2011-06-21,2619.0
2011-06-22,1345.0
2011-06-23,1126.0
2011-06-24,1078.0
2011-06-27,2085.0
2011-06-28,2433.0
2011-06-29,2114.0
2011-06-30,2254.0
2011-07-01,2509.0
2011-07-05,1470.0
2011-07-06,1683.0
2011-07-07,2406.0
2011-07-08,868.0
2011-07-11,449.0
2011-07-12,1350.0
2011-07-13,2106.0
2011-07-14,684.0
2011-07-15,1811.0
2011-07-18,461.0
2011-07-19,2410.0
2011-07-20,1627.0
2011-07-21,2423.0
2011-07-22,1416.0
2011-07-25,586.0
2011-07-26,1055.0
2011-07-27,255.0
2011-07-28,1210.0
2011-07-29,1005.0
2011-08-01,1609.0
2011-08-02,711.0
2011-08-03,1728.0
2011-08-04,142.0
2011-08-05,759.0
2011-08-08,46.0
2011-08-09,2855.0
2011-08-10,798.0
2011-08-11,2840.0
2011-08-12,1963.0
2011-08-15,2821.0
2011-08-16,763.0
2011-08-17,1765.0
2011-08-18,169.0
2011-08-19,790.0
2011-08-22,1485.0
2011-08-23,2321.0
2011-08-24,2008.0
2011-08-25,700.0
2011-08-26,2490.0
2011-08-29,2794.0
2011-08-30,1776.0
2011-08-31,1833.0
2011-09-01,844.0
2011-09-02,419.0
2011-09-06,748.0
2011-09-07,2732.0
2011-09-08,666.0
2011-09-09,450.0
2011-09-12,1221.0
2011-09-13,2275.0
2011-09-14,2222.0
2011-09-15,2295.0
2011-09-16,1538.0
2011-09-19,657.0
2011-09-20,1146.0
2011-09-21,505.0
2011-09-22,332.0
2011-09-23,1871.0
2011-09-26,2164.0
2011-09-27,2568.0
2011-09-28,593.0
2011-09-29,2138.0
2011-09-30,614.0
2011-10-03,292.0
2011-10-04,1630.0
2011-10-05,2186.0
2011-10-06,2533.0
2011-10-07,919.0
2011-10-10,2784.0
2011-10-11,1630.0
2011-10-12,2437.0
2011-10-13,1056.0
2011-10-14,2496.0
2011-10-17,572.0
2011-10-18,2501.0
2011-10-19,834.0
2011-10-20,1748.0
2011-10-21,2635.0
2011-10-24,2467.0
2011-10-25,592.0
2011-10-26,2429.0
2011-10-27,2713.0
2011-10-28,1480.0
2011-10-31,562.0
2011-11-01,444.0
2011-11-02,2517.0
2011-11-03,2334.0
2011-11-04,1013.0
2011-11-07,1585.0
2011-11-08,2122.0
2011-11-09,296.0
2011-11-10,2116.0
2011-11-11,2593.0
2011-11-14,751.0
2011-11-15,1867.0
2011-11-16,719.0
2011-11-17,592.0
2011-11-18,1713.0
2011-11-21,452.0
2011-11-22,1140.0
2011-11-23,385.0
2011-11-25,1316.0
2011-11-28,2580.0
2011-11-29,1382.0
2011-11-30,2700.0
2011-12-01,1223.0
2011-12-02,1897.0
2011-12-05,2347.0
2011-12-06,1514.0
2011-12-07,1533.0
2011-12-08,405.0
2011-12-09,2576.0
2011-12-12,611.0
2011-12-13,1026.0
2011-12-14,853.0
2011-12-15,1917.0
2011-12-16,1869.0
2011-12-19,774.0
2011-12-20,2701.0
2011-12-21,1745.0
2011-12-22,2285.0
2011-12-23,2059.0
2011-12-27,1461.0
2011-12-28,629.0
2011-12-29,2365.0
2011-12-30,1474.0
2012-01-03,2388.0
2012-01-04,1501.0
2012-01-05,1766.0
2012-01-06,1393.0
2012-01-09,1846.0
2012-01-10,2344.0
2012-01-11,1688.0
2012-01-12,1800.0
2012-01-13,1012.0
2012-01-17,1891.0
2012-01-18,2246.0
2012-01-19,1974.0
2012-01-20,1662.0
2012-01-23,1798.0
2012-01-24,1611.0
2012-01-25,2268.0
2012-01-26,1488.0
2012-01-27,1960.0
2012-01-30,1087.0
2012-01-31,1757.0
2012-02-01,2494.0
2012-02-02,1527.0
2012-02-03,2361.0
2012-02-06,1255.0
2012-02-07,1686.0
2012-02-08,1758.0
2012-02-09,1530.0
2012-02-10,751.0
2012-02-13,2449.0
2012-02-14,1099.0
2012-02-15,1335.0
2012-02-16,2293.0
2012-02-17,1776.0
2012-02-21,1523.0
2012-02-22,1190.0
2012-02-23,2156.0
2012-02-24,1669.0
2012-02-27,1499.0
2012-02-28,1473.0
2012-02-29,1086.0
2012-03-01,2071.0
2012-03-02,1019.0
2012-03-05,1213.0
2012-03-06,274.0
2012-03-07,2392.0
2012-03-08,2419.0
2012-03-09,1991.0
2012-03-12,1380.0
2012-03-13,2464.0
2012-03-14,802.0
2012-03-15,1812.0
2012-03-16,1389.0
2012-03-19,1935.0
2012-03-20,984.0
2012-03-21,1512.0
2012-03-22,737.0
2012-03-23,1933.0
2012-03-26,2155.0
2012-03-27,1281.0
2012-03-28,1123.0
2012-03-29,1134.0
2012-03-30,1793.0
2012-04-02,2289.0
2012-04-03,1044.0
2012-04-04,597.0
2012-04-05,1296.0
2012-04-09,633.0
2012-04-10,481.0
2012-04-11,2442.0
2012-04-12,2267.0
2012-04-13,719.0
2012-04-16,1676.0
2012-04-17,2356.0
2012-04-18,1006.0
2012-04-19,1254.0
2012-04-20,2017.0
2012-04-23,779.0
2012-04-24,2051.0
2012-04-25,2340.0
2012-04-26,1834.0
2012-04-27,1577.0
2012-04-30,1191.0
2012-05-01,2004.0
2012-05-02,1280.0
2012-05-03,917.0
2012-05-04,758.0
2012-05-07,1608.0
2012-05-08,969.0
2012-05-09,958.0
2012-05-10,1836.0
2012-05-11,1259.0
2012-05-14,489.0
2012-05-15,1077.0
2012-05-16,1069.0
2012-05-17,435.0
2012-05-18,801.0
2012-05-21,2586.0
2012-05-22,1659.0
2012-05-23,1449.0
2012-05-24,1741.0
2012-05-25,1520.0
2012-05-29,2358.0
2012-05-30,435.0
2012-05-31,1496.0
2012-06-01,451.0
2012-06-04,1230.0
2012-06-05,2241.0
2012-06-06,2424.0
2012-06-07,1432.0
2012-06-08,2063.0
2012-06-11,726.0
2012-06-12,2361.0
2012-06-13,1025.0
2012-06-14,2112.0
2012-06-15,1979.0
2012-06-18,1716.0
2012-06-19,2592.0
2012-06-20,1511.0
2012-06-21,596.0
2012-06-22,2104.0
2012-06-25,719.0
2012-06-26,1922.0
2012-06-27,2415.0
2012-06-28,1553.0
2012-06-29,2684.0
2012-07-02,2096.0
2012-07-03,2372.0
2012-07-05,1352.0
2012-07-06,982.0
2012-07-09,1328.0
2012-07-10,1052.0
2012-07-11,1542.0
2012-07-12,1092.0
2012-07-13,2533.0
2012-07-16,1349.0
2012-07-17,2011.0
2012-07-18,1901.0
2012-07-19,1584.0
2012-07-20,1006.0
2012-07-23,702.0
2012-07-24,775.0
2012-07-25,1621.0
2012-07-26,2185.0
2012-07-27,2550.0
2012-07-30,1477.0
2012-07-31,1323.0
2012-08-01,1254.0
2012-08-02,1150.0
2012-08-03,2517.0
2012-08-06,1959.0
2012-08-07,2007.0
2012-08-08,1523.0
2012-08-09,1701.0
2012-08-10,1560.0
2012-08-13,1079.0
2012-08-14,1558.0
2012-08-15,1891.0
2012-08-16,2107.0
2012-08-17,1793.0
2012-08-20,1183.0
2012-08-21,1471.0
2012-08-22,1125.0
2012-08-23,935.0
2012-08-24,1927.0
2012-08-27,1460.0
2012-08-28,1694.0
2012-08-29,1811.0
2012-08-30,837.0
2012-08-31,2119.0
2012-09-04,1663.0
2012-09-05,1056.0
2012-09-06,2397.0
2012-09-07,2012.0
2012-09-10,1272.0
2012-09-11,2040.0
2012-09-12,1955.0
2012-09-13,2377.0
2012-09-14,2103.0
2012-09-17,917.0
2012-09-18,1332.0
2012-09-19,1753.0
2012-09-20,1175.0
2012-09-21,1845.0
2012-09-24,1234.0
2012-09-25,872.0
2012-09-26,1225.0
2012-09-27,2224.0
2012-09-28,1182.0
2012-10-01,1883.0
2012-10-02,1580.0
2012-10-03,1503.0
2012-10-04,2057.0
2012-10-05,1799.0
2012-10-08,1166.0
2012-10-09,734.0
2012-10-10,1021.0
2012-10-11,1947.0
2012-10-12,1108.0
2012-10-15,1950.0
2012-10-16,2288.0
2012-10-17,2046.0
2012-10-18,1431.0
2012-10-19,676.0
2012-10-22,1479.0
2012-10-23,783.0
2012-10-24,1346.0
2012-10-25,1732.0
2012-10-26,1218.0
2012-10-31,1772.0
2012-11-01,2203.0
2012-11-02,1042.0
2012-11-05,1487.0
2012-11-06,2144.0
2012-11-07,596.0
2012-11-08,868.0
2012-11-09,1508.0
2012-11-12,1461.0
2012-11-13,1022.0
2012-11-14,340.0
2012-11-15,994.0
2012-11-16,1906.0
2012-11-19,2728.0
2012-11-20,1674.0
2012-11-21,1791.0
2012-11-23,2088.0
2012-11-26,1257.0
2012-11-27,1458.0
2012-11-28,1812.0
2012-11-29,2140.0
2012-11-30,1607.0
2012-12-03,1192.0
2012-12-04,1360.0
2012-12-05,1647.0
2012-12-06,1582.0
2012-12-07,1544.0
2012-12-10,1679.0
2012-12-11,2100.0
2012-12-12,1435.0
2012-12-13,933.0
2012-12-14,1455.0
2012-12-17,1704.0
2012-12-18,2250.0
2012-12-19,1624.0
2012-12-20,2046.0
2012-12-21,975.0
2012-12-24,1206.0
2012-12-26,1089.0
2012-12-27,1156.0
2012-12-28,1003.0
2012-12-31,2548.0
2013-01-02,2833.0
2013-01-03,1743.0
2013-01-04,2282.0
2013-01-07,1380.0
2013-01-08,1500.0
2013-01-09,1900.0
2013-01-10,1958.0
2013-01-11,1535.0
2013-01-14,1495.0
2013-01-15,1676.0
2013-01-16,1345.0
2013-01-17,2312.0
2013-01-18,1887.0
2013-01-22,2089.0
2013-01-23,1410.0
2013-01-24,1694.0
2013-01-25,1720.0
2013-01-28,1268.0
2013-01-29,1724.0
2013-01-30,1033.0
2013-01-31,1590.0
2013-02-01,2342.0
2013-02-04,730.0
2013-02-05,2218.0
2013-02-06,1648.0
2013-02-07,1251.0
2013-02-08,2017.0
2013-02-11,1343.0
2013-02-12,1971.0
2013-02-13,1759.0
2013-02-14,1500.0
2013-02-15,1443.0
2013-02-19,2086.0
2013-02-20,771.0
2013-02-21,977.0
2013-02-22,2233.0
2013-02-25,771.0
2013-02-26,1956.0
2013-02-27,2316.0
2013-02-28,1571.0
2013-03-01,1478.0
2013-03-04,1608.0
2013-03-05,2269.0
2013-03-06,1719.0
2013-03-07,1774.0
2013-03-08,2016.0
2013-03-11,1604.0
2013-03-12,1268.0
2013-03-13,1703.0
2013-03-14,1995.0
2013-03-15,1428.0
2013-03-18,1232.0
2013-03-19,1279.0
2013-03-20,2232.0
2013-03-21,1074.0
2013-03-22,1916.0
2013-03-25,1286.0
2013-03-26,2031.0
2013-03-27,1528.0
2013-03-28,1929.0
2013-04-01,932.0
2013-04-02,1494.0
2013-04-03,680.0
2013-04-04,1844.0
2013-04-05,1399.0
2013-04-08,2025.0
2013-04-09,1781.0
2013-04-10,2345.0
2013-04-11,1876.0
2013-04-12,1163.0
2013-04-15,435.0
2013-04-16,2497.0
2013-04-17,649.0
2013-04-18,1371.0
2013-04-19,2191.0
2013-04-22,1662.0
2013-04-23,2386.0
2013-04-24,1970.0
2013-04-25,1964.0
2013-04-26,1242.0
2013-04-29,2250.0
2013-04-30,2013.0
2013-05-01,878.0
2013-05-02,2316.0
2013-05-03,2226.0
2013-05-06,1821.0
2013-05-07,2253.0
2013-05-08,1969.0
2013-05-09,1108.0
2013-05-10,1871.0
2013-05-13,1154.0
2013-05-14,2075.0
2013-05-15,1656.0
2013-05-16,1276.0
2013-05-17,2218.0
2013-05-20,1758.0
2013-05-21,1649.0
2013-05-22,741.0
2013-05-23,1171.0
2013-05-24,1294.0
2013-05-28,1869.0
2013-05-29,623.0
2013-05-30,1827.0
2013-05-31,557.0
2013-06-03,1324.0
2013-06-04,1138.0
2013-06-05,619.0
2013-06-06,2242.0
2013-06-07,2049.0
2013-06-10,1351.0
2013-06-11,428.0
2013-06-12,659.0
2013-06-13,2555.0
2013-06-14,1435.0
2013-06-17,2065.0
2013-06-18,2093.0
2013-06-19,551.0
2013-06-20,174.0
2013-06-21,1545.0
2013-06-24,399.0
2013-06-25,2496.0
2013-06-26,2412.0
2013-06-27,2637.0
2013-06-28,1599.0
2013-07-01,2245.0
2013-07-02,1199.0
2013-07-03,1147.0
2013-07-05,1688.0
2013-07-08,1796.0
2013-07-09,2249.0
2013-07-10,1625.0
2013-07-11,2704.0
2013-07-12,1481.0
2013-07-15,1925.0
2013-07-16,1094.0
2013-07-17,2037.0
2013-07-18,2106.0
2013-07-19,1518.0
2013-07-22,1746.0
2013-07-23,1775.0
2013-07-24,776.0
2013-07-25,1704.0
2013-07-26,1370.0
2013-07-29,959.0
2013-07-30,1559.0
2013-07-31,1532.0
2013-08-01,1923.0
2013-08-02,1582.0
2013-08-05,1269.0
2013-08-06,734.0
2013-08-07,909.0
2013-08-08,1981.0
2013-08-09,1504.0
2013-08-12,1596.0
2013-08-13,1225.0
2013-08-14,1066.0
2013-08-15,433.0
2013-08-16,912.0
2013-08-19,525.0
2013-08-20,2371.0
2013-08-21,873.0
2013-08-22,2597.0
2013-08-23,1982.0
2013-08-26,1406.0
2013-08-27,618.0
2013-08-28,1794.0
2013-08-29,1965.0
2013-08-30,904.0
2013-09-03,1510.0
2013-09-04,2165.0
2013-09-05,1455.0
2013-09-06,1868.0
2013-09-09,2456.0
2013-09-10,1997.0
2013-09-11,1648.0
2013-09-12,1033.0
2013-09-13,1841.0
2013-09-16,2174.0
2013-09-17,2048.0
2013-09-18,2462.0
2013-09-19,1317.0
2013-09-20,923.0
2013-09-23,1286.0
2013-09-24,1738.0
2013-09-25,1591.0
2013-09-26,1871.0
2013-09-27,1018.0
2013-09-30,1144.0
2013-10-01,2202.0
2013-10-02,1306.0
2013-10-03,673.0
2013-10-04,1754.0
2013-10-07,660.0
2013-10-08,621.0
2013-10-09,1509.0
2013-10-10,2398.0
2013-10-11,2235.0
2013-10-14,1713.0
2013-10-15,755.0
2013-10-16,2446.0
2013-10-17,2549.0
2013-10-18,2158.0
2013-10-21,1467.0
2013-10-22,2275.0
2013-10-23,1376.0
2013-10-24,1692.0
2013-10-25,1724.0
2013-10-28,1387.0
2013-10-29,1837.0
2013-10-30,929.0
2013-10-31,1254.0
2013-11-01,1384.0
2013-11-04,2013.0
2013-11-05,1002.0
2013-11-06,1629.0
2013-11-07,729.0
2013-11-08,1549.0
2013-11-11,1588.0
2013-11-12,1131.0
2013-11-13,1954.0
2013-11-14,2035.0
2013-11-15,1968.0
2013-11-18,1255.0
2013-11-19,980.0
2013-11-20,1083.0
2013-11-21,2292.0
2013-11-22,1815.0
2013-11-25,1399.0
2013-11-26,1739.0
2013-11-27,1808.0
2013-11-29,1745.0
2013-12-02,942.0
2013-12-03,1215.0
2013-12-04,1162.0
2013-12-05,1046.0
2013-12-06,2248.0
2013-12-09,1555.0
2013-12-10,1348.0
2013-12-11,618.0
2013-12-12,1350.0
2013-12-13,1776.0
2013-12-16,2075.0
2013-12-17,1440.0
2013-12-18,2439.0
2013-12-19,1325.0
2013-12-20,2364.0
2013-12-23,2219.0
2013-12-24,2024.0
2013-12-26,1665.0
2013-12-27,1609.0
2013-12-30,1431.0
2013-12-31,2012.0
2014-01-02,1054.0
2014-01-03,1991.0
2014-01-06,1461.0
2014-01-07,2060.0
2014-01-08,1351.0
2014-01-09,1503.0
2014-01-10,2170.0
2014-01-13,910.0
2014-01-14,2171.0
2014-01-15,1628.0
2014-01-16,1740.0
2014-01-17,1309.0
2014-01-21,2034.0
2014-01-22,2017.0
2014-01-23,1047.0
2014-01-24,448.0
2014-01-27,839.0
2014-01-28,2335.0
2014-01-29,746.0
2014-01-30,2372.0
2014-01-31,1197.0
2014-02-03,492.0
2014-02-04,1890.0
2014-02-05,1276.0
2014-02-06,2335.0
2014-02-07,2175.0
2014-02-10,1797.0
2014-02-11,2399.0
2014-02-12,1666.0
2014-02-13,2253.0
2014-02-14,2074.0
2014-02-18,2040.0
2014-02-19,1148.0
2014-02-20,2025.0
2014-02-21,1680.0
2014-02-24,1934.0
2014-02-25,1455.0
2014-02-26,1873.0
2014-02-27,2094.0
2014-02-28,1786.0
2014-03-03,1038.0
2014-03-04,2576.0
2014-03-05,1504.0
2014-03-06,1765.0
2014-03-07,1300.0
2014-03-10,1293.0
2014-03-11,1020.0
2014-03-12,1799.0
2014-03-13,1006.0
2014-03-14,1759.0
2014-03-17,2239.0
2014-03-18,2355.0
2014-03-19,799.0
2014-03-20,1390.0
2014-03-21,1818.0
2014-03-24,1157.0
2014-03-25,1829.0
2014-03-26,1048.0
2014-03-27,1662.0
2014-03-28,2088.0
2014-03-31,2246.0
2014-04-01,2019.0
2014-04-02,1758.0
2014-04-03,1290.0
2014-04-04,1077.0
2014-04-07,873.0
2014-04-08,2100.0
2014-04-09,2117.0
2014-04-10,716.0
2014-04-11,927.0
2014-04-14,2038.0
2014-04-15,1924.0
2014-04-16,2439.0
2014-04-17,1718.0
2014-04-21,1925.0
2014-04-22,2145.0
2014-04-23,1527.0
2014-04-24,1523.0
2014-04-25,1067.0
2014-04-28,1611.0
2014-04-29,1874.0
2014-04-30,2046.0
2014-05-01,1751.0
2014-05-02,1727.0
2014-05-05,1505.0
2014-05-06,1012.0
2014-05-07,1990.0
2014-05-08,1338.0
2014-05-09,1724.0
2014-05-12,2459.0
2014-05-13,1404.0
2014-05-14,1195.0
2014-05-15,955.0
2014-05-16,2101.0
2014-05-19,2014.0
2014-05-20,933.0
2014-05-21,2021.0
2014-05-22,1980.0
2014-05-23,2098.0
2014-05-27,2133.0
2014-05-28,1618.0
2014-05-29,2092.0
2014-05-30,1585.0
2014-06-02,1489.0
2014-06-03,1165.0
2014-06-04,1630.0
2014-06-05,2423.0
2014-06-06,2296.0
2014-06-09,1879.0
2014-06-10,1289.0
2014-06-11,1186.0
2014-06-12,1296.0
2014-06-13,1770.0
2014-06-16,1510.0
2014-06-17,1936.0
2014-06-18,2248.0
2014-06-19,1757.0
2014-06-20,1788.0
2014-06-23,1529.0
2014-06-24,1185.0
2014-06-25,2137.0
2014-06-26,1634.0
2014-06-27,2073.0
2014-06-30,1867.0
2014-07-01,2094.0
2014-07-02,1188.0
2014-07-03,1761.0
2014-07-07,990.0
2014-07-08,1240.0
2014-07-09,1809.0
2014-07-10,959.0
2014-07-11,1628.0
2014-07-14,2003.0
2014-07-15,1033.0
2014-07-16,1716.0
2014-07-17,698.0
2014-07-18,2555.0
2014-07-21,1168.0
2014-07-22,2122.0
2014-07-23,1796.0
2014-07-24,1368.0
2014-07-25,1060.0
2014-07-28,1340.0
2014-07-29,1276.0
2014-07-30,1225.0
2014-07-31,323.0
2014-08-01,1155.0
2014-08-04,1872.0
2014-08-05,939.0
2014-08-06,1666.0
2014-08-07,1488.0
2014-08-08,2175.0
2014-08-11,2311.0
2014-08-12,1286.0
2014-08-13,2304.0
2014-08-14,2121.0
2014-08-15,1526.0
2014-08-18,2473.0
2014-08-19,1989.0
2014-08-20,1554.0
2014-08-21,1867.0
2014-08-22,1179.0
2014-08-25,1925.0
2014-08-26,2028.0
2014-08-27,1745.0
2014-08-28,1307.0
2014-08-29,2173.0
2014-09-02,1494.0
2014-09-03,1411.0
2014-09-04,1063.0
2014-09-05,1925.0
2014-09-08,1114.0
2014-09-09,819.0
2014-09-10,1649.0
2014-09-11,1765.0
2014-09-12,704.0
2014-09-15,1044.0
2014-09-16,2008.0
2014-09-17,1631.0
2014-09-18,1909.0
2014-09-19,1254.0
2014-09-22,517.0
2014-09-23,914.0
2014-09-24,1813.0
2014-09-25,549.0
2014-09-26,2276.0
2014-09-29,1304.0
2014-09-30,1174.0
2014-10-01,854.0
2014-10-02,1675.0
2014-10-03,2110.0
2014-10-06,1562.0
2014-10-07,727.0
2014-10-08,2485.0
2014-10-09,393.0
2014-10-10,701.0
2014-10-13,1033.0
2014-10-14,1926.0
2014-10-15,1410.0
2014-10-16,2203.0
2014-10-17,1949.0
2014-10-20,2337.0
2014-10-21,2585.0
2014-10-22,1023.0
2014-10-23,2436.0
2014-10-24,1946.0
2014-10-27,1315.0
2014-10-28,2603.0
2014-10-29,1342.0
2014-10-30,1777.0
2014-10-31,2425.0
2014-11-03,1540.0
2014-11-04,1282.0
2014-11-05,1813.0
2014-11-06,1782.0
2014-11-07,1882.0
2014-11-10,1779.0
2014-11-11,1590.0
2014-11-12,1660.0
2014-11-13,1154.0
2014-11-14,1642.0
2014-11-17,1401.0
2014-11-18,1967.0
2014-11-19,1182.0
2014-11-20,2046.0
2014-11-21,2091.0
2014-11-24,1867.0
2014-11-25,1688.0
2014-11-26,1922.0
2014-11-28,1173.0
2014-12-01,717.0
2014-12-02,2101.0
2014-12-03,1954.0
2014-12-04,1148.0
2014-12-05,1665.0
2014-12-08,951.0
2014-12-09,1843.0
2014-12-10,581.0
2014-12-11,1829.0
2014-12-12,688.0
2014-12-15,869.0
2014-12-16,1423.0
2014-12-17,2705.0
2014-12-18,2554.0
2014-12-19,2038.0
2014-12-22,1842.0
2014-12-23,2045.0
2014-12-24,1541.0
2014-12-26,2094.0
2014-12-29,1804.0
2014-12-30,1332.0
2014-12-31,1188.0
2015-01-02,1727.0
2015-01-05,774.0
2015-01-06,1049.0
2015-01-07,2415.0
2015-01-08,2430.0
2015-01-09,1164.0
2015-01-12,1193.0
2015-01-13,1503.0
2015-01-14,1255.0
2015-01-15,1152.0
2015-01-16,2523.0
2015-01-20,1209.0
2015-01-21,1981.0
2015-01-22,2467.0
2015-01-23,1391.0
2015-01-26,2135.0
2015-01-27,1319.0
2015-01-28,868.0
2015-01-29,2062.0
2015-01-30,1016.0
2015-02-02,2249.0
2015-02-03,2504.0
2015-02-04,1130.0
2015-02-05,2179.0
2015-02-06,1204.0
2015-02-09,1326.0
2015-02-10,1757.0
2015-02-11,1436.0
2015-02-12,2403.0
2015-02-13,1898.0
2015-02-17,1332.0
2015-02-18,1686.0
2015-02-19,1509.0
2015-02-20,2050.0
2015-02-23,1554.0
2015-02-24,1927.0
2015-02-25,1757.0
2015-02-26,1437.0
2015-02-27,1617.0
2015-03-02,1831.0
2015-03-03,1284.0
2015-03-04,1186.0
2015-03-05,1692.0
2015-03-06,498.0
2015-03-09,1674.0
2015-03-10,899.0
2015-03-11,1788.0
2015-03-12,2275.0
2015-03-13,912.0
2015-03-16,1994.0
2015-03-17,1438.0
2015-03-18,2491.0
2015-03-19,1119.0
2015-03-20,2503.0
2015-03-23,1840.0
2015-03-24,1392.0
2015-03-25,880.0
2015-03-26,1212.0
2015-03-27,1871.0
2015-03-30,2251.0
2015-03-31,1268.0
2015-04-01,1604.0
2015-04-02,1998.0
2015-04-06,2242.0
2015-04-07,1396.0
2015-04-08,1856.0
2015-04-09,1535.0
2015-04-10,156.0
2015-04-13,1185.0
2015-04-14,1878.0
2015-04-15,2009.0
2015-04-16,1385.0
2015-04-17,629.0
2015-04-20,2176.0
2015-04-21,1606.0
2015-04-22,1732.0
2015-04-23,2056.0
2015-04-24,1581.0
2015-04-27,1196.0
2015-04-28,1921.0
2015-04-29,1048.0
2015-04-30,751.0
2015-05-01,1853.0
2015-05-04,1820.0
2015-05-05,681.0
2015-05-06,878.0
2015-05-07,1806.0
2015-05-08,2525.0
2015-05-11,1140.0
2015-05-12,1412.0
2015-05-13,1760.0
2015-05-14,2364.0
2015-05-15,1766.0
2015-05-18,1713.0
2015-05-19,1245.0
2015-05-20,1547.0
2015-05-21,1712.0
2015-05-22,1170.0
2015-05-26,660.0
2015-05-27,2311.0
2015-05-28,1257.0
2015-05-29,1007.0
2015-06-01,1673.0
2015-06-02,1715.0
2015-06-03,1583.0
2015-06-04,724.0
2015-06-05,1458.0
2015-06-08,956.0
2015-06-09,1100.0
2015-06-10,2052.0
2015-06-11,1909.0
2015-06-12,1043.0
2015-06-15,1045.0
2015-06-16,1976.0
2015-06-17,1627.0
2015-06-18,1927.0
2015-06-19,1314.0
2015-06-22,1916.0
2015-06-23,1811.0
2015-06-24,956.0
2015-06-25,1132.0
2015-06-26,1406.0
2015-06-29,322.0
2015-06-30,1972.0
2015-07-01,1990.0
2015-07-02,1557.0
2015-07-06,1161.0
2015-07-07,1772.0
2015-07-08,565.0
2015-07-09,1888.0
2015-07-10,2452.0
2015-07-13,2317.0
2015-07-14,1979.0
2015-07-15,1284.0
2015-07-16,2205.0
2015-07-17,1100.0
2015-07-20,1028.0
2015-07-21,1262.0
2015-07-22,1291.0
2015-07-23,1035.0
2015-07-24,883.0
2015-07-27,883.0
2015-07-28,2277.0
2015-07-29,2249.0
2015-07-30,1579.0
2015-07-31,1976.0
2015-08-03,1225.0
2015-08-04,1468.0
2015-08-05,1422.0
2015-08-06,1295.0
2015-08-07,1158.0
2015-08-10,2369.0
2015-08-11,1174.0
2015-08-12,1529.0
2015-08-13,1227.0
2015-08-14,2117.0
2015-08-17,1928.0
2015-08-18,1121.0
2015-08-19,809.0
2015-08-20,493.0
2015-08-21,462.0
2015-08-24,137.0
2015-08-25,1464.0
2015-08-26,2493.0
2015-08-27,2821.0
2015-08-28,2036.0
2015-08-31,1357.0
2015-09-01,442.0
2015-09-02,2081.0
2015-09-03,1980.0
2015-09-04,772.0
2015-09-08,2487.0
2015-09-09,874.0
2015-09-10,1651.0
2015-09-11,1615.0
2015-09-14,1017.0
2015-09-15,2148.0
2015-09-16,2406.0
2015-09-17,1912.0
2015-09-18,934.0
2015-09-21,1903.0
2015-09-22,655.0
2015-09-23,1337.0
2015-09-24,1196.0
2015-09-25,1500.0
2015-09-28,330.0
2015-09-29,1378.0
2015-09-30,2351.0
2015-10-01,1343.0
2015-10-02,1920.0
2015-10-05,2764.0
2015-10-06,1646.0
2015-10-07,2404.0
2015-10-08,2360.0
2015-10-09,1736.0
2015-10-12,1633.0
2015-10-13,880.0
2015-10-14,1262.0
2015-10-15,2294.0
2015-10-16,1842.0
2015-10-19,1456.0
2015-10-20,1901.0
2015-10-21,931.0
2015-10-22,2330.0
2015-10-23,1826.0
2015-10-26,1190.0
2015-10-27,822.0
2015-10-28,2396.0
2015-10-29,1202.0
2015-10-30,1676.0
2015-11-02,2516.0
2015-11-03,1809.0
2015-11-04,1256.0
2015-11-05,1529.0
2015-11-06,1209.0
2015-11-09,688.0
2015-11-10,1747.0
2015-11-11,1360.0
2015-11-12,623.0
2015-11-13,1178.0
2015-11-16,2211.0
2015-11-17,1217.0
2015-11-18,2396.0
2015-11-19,1637.0
2015-11-20,1746.0
2015-11-23,1644.0
2015-11-24,1903.0
2015-11-25,1900.0
2015-11-27,1849.0
2015-11-30,1393.0
2015-12-01,2204.0
2015-12-02,719.0
2015-12-03,635.0
2015-12-04,1998.0
2015-12-07,647.0
2015-12-08,1027.0
2015-12-09,1290.0
2015-12-10,1561.0
2015-12-11,387.0
2015-12-14,831.0
2015-12-15,2475.0
2015-12-16,2572.0
2015-12-17,1107.0
2015-12-18,1068.0
2015-12-21,2065.0
2015-12-22,2369.0
2015-12-23,2701.0
2015-12-24,1686.0
2015-12-28,1185.0
2015-12-29,2265.0
2015-12-30,934.0
2015-12-31,1186.0
2016-01-04,987.0
2016-01-05,1825.0
2016-01-06,824.0
2016-01-07,421.0
2016-01-08,1104.0
2016-01-11,1080.0
2016-01-12,1485.0
2016-01-13,429.0
2016-01-14,2063.0
2016-01-15,532.0
2016-01-19,1093.0
2016-01-20,651.0
2016-01-21,2031.0
2016-01-22,2830.0
2016-01-25,488.0
2016-01-26,2582.0
2016-01-27,1204.0
2016-01-28,2138.0
2016-01-29,2788.0
2016-02-01,1513.0
2016-02-02,640.0
2016-02-03,1903.0
2016-02-04,1975.0
2016-02-05,791.0
2016-02-08,628.0
2016-02-09,963.0
2016-02-10,1704.0
2016-02-11,607.0
2016-02-12,2489.0
2016-02-16,2525.0
2016-02-17,2560.0
2016-02-18,1597.0
2016-02-19,1527.0
2016-02-22,2386.0
2016-02-23,1066.0
2016-02-24,1965.0
2016-02-25,2257.0
2016-02-26,1938.0
2016-02-29,1633.0
2016-03-01,2561.0
2016-03-02,2038.0
2016-03-03,2310.0
2016-03-04,2004.0
2016-03-07,1985.0
2016-03-08,789.0
2016-03-09,2139.0
2016-03-10,1285.0
2016-03-11,38.0
2016-03-14,1356.0
2016-03-15,788.0
2016-03-16,2492.0
2016-03-17,2473.0
2016-03-18,2107.0
2016-03-21,1530.0
2016-03-22,1439.0
2016-03-23,798.0
2016-03-24,1526.0
2016-03-28,1776.0
2016-03-29,2413.0
2016-03-30,1926.0
2016-03-31,1709.0
2016-04-01,1445.0
2016-04-04,821.0
2016-04-05,960.0
2016-04-06,2288.0
2016-04-07,721.0
2016-04-08,2344.0
2016-04-11,1851.0
2016-04-12,2409.0
2016-04-13,2379.0
2016-04-14,1373.0
2016-04-15,1642.0
2016-04-18,2235.0
2016-04-19,2145.0
2016-04-20,1777.0
2016-04-21,1116.0
2016-04-22,2171.0
2016-04-25,994.0
2016-04-26,2348.0
2016-04-27,2110.0
2016-04-28,1091.0
2016-04-29,1310.0
2016-05-02,1922.0
2016-05-03,775.0
2016-05-04,1235.0
2016-05-05,1456.0
2016-05-06,1938.0
2016-05-09,1407.0
2016-05-10,2319.0
2016-05-11,1146.0
2016-05-12,1475.0
2016-05-13,1027.0
2016-05-16,2344.0
2016-05-17,1136.0
2016-05-18,1068.0
2016-05-19,900.0
2016-05-20,2480.0
2016-05-23,1539.0
2016-05-24,2354.0
2016-05-25,2065.0
2016-05-26,1658.0
2016-05-27,2060.0
2016-05-31,1586.0
2016-06-01,1975.0
2016-06-02,1982.0
2016-06-03,1649.0
2016-06-06,2137.0
2016-06-07,1912.0
2016-06-08,2060.0
2016-06-09,1164.0
2016-06-10,613.0
2016-06-13,796.0
2016-06-14,1040.0
2016-06-15,1908.0
2016-06-16,1414.0
2016-06-17,2028.0
2016-06-20,2394.0
2016-06-21,1695.0
2016-06-22,1327.0
2016-06-23,2556.0
2016-06-24,504.0
2016-06-27,600.0
2016-06-28,2656.0
2016-06-29,2667.0
2016-06-30,2435.0
2016-07-01,1950.0
2016-07-05,847.0
2016-07-06,1933.0
2016-07-07,1733.0
2016-07-08,2706.0
2016-07-11,2096.0
2016-07-12,2167.0
2016-07-13,1419.0
2016-07-14,1759.0
2016-07-15,1636.0
2016-07-18,1935.0
2016-07-19,1294.0
2016-07-20,2019.0
2016-07-21,1297.0
2016-07-22,1950.0
2016-07-25,1138.0
2016-07-26,1850.0
2016-07-27,1413.0
2016-07-28,1558.0
2016-07-29,1902.0
2016-08-01,1232.0
2016-08-02,713.0
2016-08-03,2017.0
2016-08-04,1739.0
2016-08-05,2152.0
2016-08-08,1701.0
2016-08-09,1621.0
2016-08-10,1340.0
2016-08-11,1899.0
2016-08-12,1464.0
2016-08-15,1971.0
2016-08-16,948.0
2016-08-17,1565.0
2016-08-18,2125.0
2016-08-19,1227.0
2016-08-22,1502.0
2016-08-23,2052.0
2016-08-24,934.0
2016-08-25,1699.0
2016-08-26,1257.0
2016-08-29,2197.0
2016-08-30,1457.0
2016-08-31,1171.0
2016-09-01,1407.0
2016-09-02,2423.0
2016-09-06,1788.0
2016-09-07,1892.0
2016-09-08,1373.0
2016-09-09,189.0
2016-09-12,2167.0
2016-09-13,342.0
2016-09-14,1478.0
2016-09-15,2259.0
2016-09-16,1107.0
2016-09-19,2110.0
2016-09-20,1391.0
2016-09-21,2625.0
2016-09-22,2552.0
2016-09-23,995.0
2016-09-26,888.0
2016-09-27,1752.0
2016-09-28,2305.0
2016-09-29,670.0
2016-09-30,2169.0
2016-10-03,1280.0
2016-10-04,934.0
2016-10-05,1868.0
2016-10-06,1344.0
2016-10-07,934.0
2016-10-10,2190.0
2016-10-11,423.0
2016-10-12,1377.0
2016-10-13,1024.0
2016-10-14,1563.0
2016-10-17,1239.0
2016-10-18,2331.0
2016-10-19,2140.0
2016-10-20,1262.0
2016-10-21,1531.0
2016-10-24,1815.0
2016-10-25,1182.0
2016-10-26,1114.0
2016-10-27,859.0
2016-10-28,1225.0
2016-10-31,1550.0
2016-11-01,757.0
2016-11-02,801.0
2016-11-03,1246.0
2016-11-04,1578.0
2016-11-07,2483.0
2016-11-08,1722.0
2016-11-09,1688.0
2016-11-10,1456.0
2016-11-11,1669.0
2016-11-14,1609.0
2016-11-15,2179.0
2016-11-16,1585.0
2016-11-17,1634.0
2016-11-18,1449.0
2016-11-21,2238.0
2016-11-22,2153.0
2016-11-23,1497.0
2016-11-25,1879.0
2016-11-28,1004.0
2016-11-29,1504.0
2016-11-30,1224.0
2016-12-01,1160.0
2016-12-02,1691.0
2016-12-05,2170.0
2016-12-06,2119.0
2016-12-07,2296.0
2016-12-08,1864.0
2016-12-09,1483.0
2016-12-12,1097.0
2016-12-13,1791.0
2016-12-14,669.0
2016-12-15,1713.0
2016-12-16,1909.0
2016-12-19,1918.0
2016-12-20,1907.0
2016-12-21,1462.0
2016-12-22,1247.0
2016-12-23,1761.0
2016-12-27,1854.0
2016-12-28,837.0
2016-12-29,1791.0
2016-12-30,1364.0
2017-01-03,2298.0
2017-01-04,2583.0
2017-01-05,1355.0
2017-01-06,1437.0
2017-01-09,1081.0
2017-01-10,1914.0
2017-01-11,2040.0
2017-01-12,1164.0
2017-01-13,1863.0
2017-01-17,1367.0
2017-01-18,1624.0
2017-01-19,786.0
2017-01-20,1906.0
2017-01-23,1601.0
2017-01-24,2242.0
2017-01-25,1936.0
2017-01-26,1456.0
2017-01-27,1275.0
2017-01-30,900.0
2017-01-31,1857.0
2017-02-01,1433.0
2017-02-02,1637.0
2017-02-03,2375.0
2017-02-06,1167.0
2017-02-07,1379.0
2017-02-08,1642.0
2017-02-09,1979.0
2017-02-10,2152.0
2017-02-13,1777.0
2017-02-14,1547.0
2017-02-15,1698.0
2017-02-16,1241.0
2017-02-17,1356.0
2017-02-21,2126.0
2017-02-22,1276.0
2017-02-23,1629.0
2017-02-24,1526.0
2017-02-27,1783.0
2017-02-28,1080.0
2017-03-01,2010.0
2017-03-02,826.0
2017-03-03,1522.0
2017-03-06,895.0
2017-03-07,943.0
2017-03-08,855.0
2017-03-09,926.0
2017-03-10,1980.0
2017-03-13,1762.0
2017-03-14,994.0
2017-03-15,2630.0
2017-03-16,1729.0
2017-03-17,1817.0
2017-03-20,1243.0
2017-03-21,652.0
2017-03-22,1585.0
2017-03-23,2003.0
2017-03-24,1581.0
2017-03-27,1462.0
2017-03-28,2183.0
2017-03-29,1954.0
2017-03-30,1865.0
2017-03-31,1389.0
2017-04-03,1311.0
2017-04-04,1501.0
2017-04-05,1054.0
2017-04-06,2236.0
2017-04-07,1418.0
2017-04-10,2000.0
2017-04-11,1817.0
2017-04-12,978.0
2017-04-13,896.0
2017-04-17,2210.0
2017-04-18,1395.0
2017-04-19,1414.0
2017-04-20,2121.0
2017-04-21,1339.0
2017-04-24,2114.0
2017-04-25,2054.0
2017-04-26,1758.0
2017-04-27,1497.0
2017-04-28,1156.0
2017-05-01,1700.0
2017-05-02,1494.0
2017-05-03,1022.0
2017-05-04,1097.0
2017-05-05,2140.0
2017-05-08,1364.0
2017-05-09,1311.0
2017-05-10,1923.0
2017-05-11,1085.0
2017-05-12,1322.0
2017-05-15,2241.0
2017-05-16,1322.0
2017-05-17,652.0
2017-05-18,1523.0
2017-05-19,2091.0
2017-05-22,2022.0
2017-05-23,1786.0
2017-05-24,1676.0
2017-05-25,1598.0
2017-05-26,1554.0
2017-05-30,1163.0
2017-05-31,1479.0
2017-06-01,2442.0
2017-06-02,1744.0
2017-06-05,1130.0
2017-06-06,1295.0
2017-06-07,1413.0
2017-06-08,1695.0
2017-06-09,1854.0
2017-06-12,1538.0
2017-06-13,2015.0
2017-06-14,1402.0
2017-06-15,1137.0
2017-06-16,1719.0
2017-06-19,1866.0
2017-06-20,861.0
2017-06-21,1057.0
2017-06-22,1755.0
2017-06-23,2021.0
2017-06-26,1940.0
2017-06-27,1044.0
2017-06-28,2324.0
2017-06-29,912.0
2017-06-30,1838.0
2017-07-03,2120.0
2017-07-05,1157.0
2017-07-06,603.0
2017-07-07,2025.0
2017-07-10,1549.0
2017-07-11,1571.0
2017-07-12,2281.0
2017-07-13,1547.0
2017-07-14,2132.0
2017-07-17,1668.0
2017-07-18,1412.0
2017-07-19,2217.0
2017-07-20,1501.0
2017-07-21,1403.0
2017-07-24,1277.0
2017-07-25,1810.0
2017-07-26,1526.0
2017-07-27,1308.0
2017-07-28,1593.0
2017-07-31,1589.0
2017-08-01,1776.0
2017-08-02,1179.0
2017-08-03,1275.0
2017-08-04,1676.0
2017-08-07,1359.0
2017-08-08,1122.0
2017-08-09,932.0
2017-08-10,417.0
2017-08-11,1618.0
2017-08-14,2300.0
2017-08-15,1110.0
2017-08-16,1815.0
2017-08-17,567.0
2017-08-18,1570.0
2017-08-21,1488.0
2017-08-22,2137.0
2017-08-23,1535.0
2017-08-24,1542.0
2017-08-25,1973.0
2017-08-28,1333.0
2017-08-29,1426.0
2017-08-30,1843.0
2017-08-31,2139.0
2017-09-01,2044.0
2017-09-05,931.0
2017-09-06,1827.0
2017-09-07,1510.0
2017-09-08,1389.0
2017-09-11,2333.0
2017-09-12,1845.0
2017-09-13,1513.0
2017-09-14,1622.0
2017-09-15,1864.0
2017-09-18,1688.0
2017-09-19,1561.0
2017-09-20,1653.0
2017-09-21,1286.0
2017-09-22,1881.0
2017-09-25,1652.0
2017-09-26,1693.0
2017-09-27,1676.0
2017-09-28,1726.0
2017-09-29,1787.0
2017-10-02,1877.0
2017-10-03,1621.0
2017-10-04,1438.0
2017-10-05,1810.0
2017-10-06,1065.0
2017-10-09,1284.0
2017-10-10,1910.0
2017-10-11,1732.0
2017-10-12,1581.0
2017-10-13,1766.0
2017-10-16,1454.0
2017-10-17,1286.0
2017-10-18,1522.0
2017-10-19,1482.0
2017-10-20,1800.0
2017-10-23,1067.0
2017-10-24,1610.0
2017-10-25,801.0
2017-10-26,1591.0
2017-10-27,1809.0
2017-10-30,1179.0
2017-10-31,1872.0
2017-11-01,1570.0
2017-11-02,1498.0
2017-11-03,1407.0
2017-11-06,1728.0
2017-11-07,1282.0
2017-11-08,1500.0
2017-11-09,1117.0
2017-11-10,1295.0
2017-11-13,1344.0
2017-11-14,1259.0
2017-11-15,1062.0
2017-11-16,2239.0
2017-11-17,1915.0
2017-11-20,1735.0
2017-11-21,2022.0
2017-11-22,1674.0
2017-11-24,1766.0
2017-11-27,1137.0
2017-11-28,2019.0
2017-11-29,1506.0
2017-11-30,1739.0
2017-12-01,1538.0
2017-12-04,1538.0
2017-12-05,1094.0
2017-12-06,1266.0
2017-12-07,1843.0
2017-12-08,1809.0
2017-12-11,1657.0
2017-12-12,1371.0
2017-12-13,1700.0
2017-12-14,1133.0
2017-12-15,2132.0
2017-12-18,2131.0
2017-12-19,1074.0
2017-12-20,1502.0
2017-12-21,1824.0
2017-12-22,1503.0
2017-12-26,1669.0
2017-12-27,1637.0
2017-12-28,1932.0
2017-12-29,1173.0
2018-01-02,1852.0
2018-01-03,1774.0
2018-01-04,1769.0
2018-01-05,1790.0
2018-01-08,1714.0
2018-01-09,1282.0
2018-01-10,1148.0
2018-01-11,2328.0
2018-01-12,1608.0
2018-01-16,993.0
2018-01-17,1914.0
2018-01-18,847.0
2018-01-19,1966.0
2018-01-22,1863.0
2018-01-23,1833.0
2018-01-24,1335.0
2018-01-25,1360.0
2018-01-26,1623.0
2018-01-29,581.0
2018-01-30,597.0
2018-01-31,1613.0
2018-02-01,1324.0
2018-02-02,332.0
2018-02-05,318.0
2018-02-06,2148.0
2018-02-07,1543.0
2018-02-08,378.0
2018-02-09,1788.0
2018-02-12,2193.0
2018-02-13,1710.0
2018-02-14,2068.0
2018-02-15,2046.0
2018-02-16,1761.0
2018-02-20,847.0
2018-02-21,1416.0
2018-02-22,1631.0
2018-02-23,2429.0
2018-02-26,1983.0
2018-02-27,728.0
2018-02-28,912.0
2018-03-01,1216.0
2018-03-02,1733.0
2018-03-05,2200.0
2018-03-06,1856.0
2018-03-07,1539.0
2018-03-08,1677.0
2018-03-09,2172.0
2018-03-12,1635.0
2018-03-13,1226.0
2018-03-14,1264.0
2018-03-15,1114.0
2018-03-16,1977.0
2018-03-19,659.0
2018-03-20,1313.0
2018-03-21,1750.0
2018-03-22,582.0
2018-03-23,640.0
2018-03-26,2320.0
2018-03-27,981.0
2018-03-28,1573.0
2018-03-29,2316.0
2018-04-02,605.0
2018-04-03,1973.0
2018-04-04,1989.0
2018-04-05,2046.0
2018-04-06,621.0
2018-04-09,1471.0
2018-04-10,2253.0
2018-04-11,1519.0
2018-04-12,1607.0
2018-04-13,1295.0
2018-04-16,2153.0
2018-04-17,2157.0
2018-04-18,1647.0
2018-04-19,922.0
2018-04-20,984.0
2018-04-23,1344.0
2018-04-24,1069.0
2018-04-25,1300.0
2018-04-26,2015.0
2018-04-27,1700.0
2018-04-30,1149.0
2018-05-01,1551.0
2018-05-02,1407.0
2018-05-03,1249.0
2018-05-04,2233.0
2018-05-07,1899.0
2018-05-08,1537.0
2018-05-09,1877.0
2018-05-10,2113.0
2018-05-11,1623.0
2018-05-14,1414.0
2018-05-15,1071.0
2018-05-16,1919.0
2018-05-17,1607.0
2018-05-18,1520.0
2018-05-21,2091.0
2018-05-22,1213.0
2018-05-23,1508.0
2018-05-24,1481.0
2018-05-25,1342.0
2018-05-29,1245.0
2018-05-30,2402.0
2018-05-31,1109.0
2018-06-01,2098.0
2018-06-04,1905.0
2018-06-05,1784.0
2018-06-06,1904.0
2018-06-07,1629.0
2018-06-08,1734.0
2018-06-11,1638.0
2018-06-12,1482.0
2018-06-13,1019.0
2018-06-14,1674.0
2018-06-15,1396.0
2018-06-18,1628.0
2018-06-19,872.0
2018-06-20,1853.0
2018-06-21,965.0
2018-06-22,1975.0
2018-06-25,728.0
2018-06-26,1828.0
2018-06-27,903.0
2018-06-28,1772.0
2018-06-29,1756.0
2018-07-02,1607.0
2018-07-03,1901.0
2018-07-05,2173.0
2018-07-06,2196.0
2018-07-09,1898.0
2018-07-10,1458.0
2018-07-11,866.0
2018-07-12,1831.0
2018-07-13,1477.0
2018-07-16,992.0
2018-07-17,1703.0
2018-07-18,1627.0
2018-07-19,1805.0
2018-07-20,1386.0
2018-07-23,1273.0
2018-07-24,1357.0
2018-07-25,1766.0
2018-07-26,1770.0
2018-07-27,977.0
2018-07-30,1378.0
2018-07-31,2005.0
2018-08-01,1137.0
2018-08-02,1775.0
2018-08-03,1748.0
2018-08-06,1755.0
2018-08-07,1593.0
2018-08-08,1377.0
2018-08-09,1495.0
2018-08-10,1018.0
2018-08-13,1077.0
2018-08-14,2152.0
2018-08-15,1004.0
2018-08-16,2199.0
2018-08-17,2067.0
2018-08-20,2039.0
2018-08-21,1849.0
2018-08-22,1529.0
2018-08-23,985.0
2018-08-24,2023.0
2018-08-27,1840.0
2018-08-28,1409.0
2018-08-29,1736.0
2018-08-30,1075.0
2018-08-31,1574.0
2018-09-04,1066.0
2018-09-05,1330.0
2018-09-06,1217.0
2018-09-07,991.0
2018-09-10,1817.0
2018-09-11,1523.0
2018-09-12,1640.0
2018-09-13,1685.0
2018-09-14,1520.0
2018-09-17,1131.0
2018-09-18,1656.0
2018-09-19,1325.0
2018-09-20,1998.0
2018-09-21,1496.0
2018-09-24,818.0
2018-09-25,1333.0
2018-09-26,1118.0
2018-09-27,1561.0
2018-09-28,1664.0
2018-10-01,1259.0
2018-10-02,1208.0
2018-10-03,1495.0
2018-10-04,650.0
2018-10-05,1016.0
2018-10-08,1512.0
2018-10-09,1421.0
2018-10-10,357.0
2018-10-11,700.0
2018-10-12,1736.0
2018-10-15,1774.0
2018-10-16,2564.0
2018-10-17,1113.0
2018-10-18,740.0
2018-10-19,1463.0
2018-10-22,1278.0
2018-10-23,944.0
2018-10-24,694.0
2018-10-25,2114.0
2018-10-26,861.0
2018-10-29,1300.0
2018-10-30,2092.0
2018-10-31,1806.0
2018-11-01,2241.0
2018-11-02,1295.0
2018-11-05,1951.0
2018-11-06,1865.0
2018-11-07,2257.0
2018-11-08,1419.0
2018-11-09,961.0
2018-11-12,821.0
2018-11-13,1501.0
2018-11-14,1224.0
2018-11-15,1712.0
2018-11-16,1580.0
2018-11-19,803.0
2018-11-20,486.0
2018-11-21,2218.0
2018-11-23,1299.0
2018-11-26,1896.0
2018-11-27,1199.0
2018-11-28,2397.0
2018-11-29,1419.0
2018-11-30,1656.0
2018-12-03,2197.0
2018-12-04,528.0
2018-12-06,1141.0
2018-12-07,978.0
2018-12-10,971.0
2018-12-11,1394.0
2018-12-12,1994.0
2018-12-13,1075.0
2018-12-14,709.0
2018-12-17,442.0
2018-12-18,1385.0
2018-12-19,924.0
2018-12-20,612.0
2018-12-21,689.0
2018-12-24,659.0
2018-12-26,2630.0
2018-12-27,1479.0
2018-12-28,1866.0
2018-12-31,2101.0
2019-01-02,1994.0
2019-01-03,1248.0
2019-01-04,2203.0
2019-01-07,2282.0
2019-01-08,2313.0
2019-01-09,1991.0
2019-01-10,1805.0
2019-01-11,1667.0
2019-01-14,1123.0
2019-01-15,1891.0
2019-01-16,1820.0
2019-01-17,2078.0
2019-01-18,2201.0
2019-01-22,713.0
2019-01-23,1482.0
2019-01-24,2000.0
2019-01-25,2302.0
2019-01-28,1329.0
2019-01-29,1677.0
2019-01-30,2353.0
2019-01-31,2060.0
2019-02-01,1672.0
2019-02-04,1965.0
2019-02-05,1858.0
2019-02-06,1216.0
2019-02-07,943.0
2019-02-08,1420.0
2019-02-11,1937.0
2019-02-12,2224.0
2019-02-13,1905.0
2019-02-14,1568.0
2019-02-15,2262.0
2019-02-19,1875.0
2019-02-20,1791.0
2019-02-21,1107.0
2019-02-22,2134.0
2019-02-25,1478.0
2019-02-26,1235.0
2019-02-27,1546.0
2019-02-28,1371.0
2019-03-01,1909.0
2019-03-04,1300.0
2019-03-05,1371.0
2019-03-06,788.0
2019-03-07,932.0
2019-03-08,1325.0
2019-03-11,2332.0
2019-03-12,1732.0
2019-03-13,2027.0
2019-03-14,1371.0
2019-03-15,1709.0
2019-03-18,1989.0
2019-03-19,1213.0
2019-03-20,1321.0
2019-03-21,2127.0
2019-03-22,615.0
2019-03-25,1524.0
2019-03-26,2175.0
2019-03-27,1378.0
2019-03-28,1946.0
2019-03-29,1791.0
2019-04-01,2252.0
2019-04-02,1312.0
2019-04-03,1669.0
2019-04-04,1912.0
2019-04-05,2108.0
2019-04-08,1496.0
2019-04-09,779.0
2019-04-10,2149.0
2019-04-11,1615.0
2019-04-12,1869.0
2019-04-15,1374.0
2019-04-16,1583.0
2019-04-17,1207.0
2019-04-18,1453.0
2019-04-22,1232.0
2019-04-23,2193.0
2019-04-24,1499.0
2019-04-25,1065.0
2019-04-26,1978.0
2019-04-29,1772.0
2019-04-30,1624.0
2019-05-01,1180.0
2019-05-02,1354.0
2019-05-03,2276.0
2019-05-06,1233.0
2019-05-07,592.0
2019-05-08,1401.0
2019-05-09,1190.0
2019-05-10,1897.0
2019-05-13,516.0
2019-05-14,2249.0
2019-05-15,1929.0
2019-05-16,2066.0
2019-05-17,776.0
2019-05-20,1025.0
2019-05-21,2308.0
2019-05-22,1124.0
2019-05-23,689.0
2019-05-24,1969.0
2019-05-28,993.0
2019-05-29,978.0
2019-05-30,1563.0
2019-05-31,946.0
2019-06-03,1932.0
2019-06-04,2421.0
2019-06-05,1485.0
2019-06-06,1707.0
2019-06-07,2192.0
2019-06-10,1782.0
2019-06-11,1498.0
2019-06-12,1403.0
2019-06-13,2121.0
2019-06-14,1200.0
2019-06-17,1607.0
2019-06-18,2139.0
2019-06-19,1767.0
2019-06-20,2128.0
2019-06-21,1120.0
2019-06-24,1161.0
2019-06-25,1031.0
2019-06-26,1572.0
2019-06-27,2142.0
2019-06-28,2178.0
2019-07-01,1731.0
2019-07-02,1636.0
2019-07-03,1988.0
2019-07-05,1447.0
2019-07-08,1084.0
2019-07-09,1519.0
2019-07-10,1850.0
2019-07-11,1470.0
2019-07-12,1939.0
2019-07-15,1448.0
2019-07-16,1505.0
2019-07-17,1111.0
2019-07-18,1643.0
2019-07-19,1296.0
2019-07-22,1416.0
2019-07-23,1979.0
2019-07-24,2129.0
2019-07-25,885.0
2019-07-26,2046.0
2019-07-29,1524.0
2019-07-30,1756.0
2019-07-31,1145.0
2019-08-01,1079.0
2019-08-02,1197.0
2019-08-05,340.0
2019-08-06,2073.0
2019-08-07,1399.0
2019-08-08,2429.0
2019-08-09,1004.0
2019-08-12,912.0
2019-08-13,2138.0
2019-08-14,516.0
2019-08-15,1593.0
2019-08-16,2339.0
2019-08-19,2212.0
2019-08-20,1160.0
2019-08-21,2108.0
2019-08-22,1371.0
2019-08-23,478.0
2019-08-26,1978.0
2019-08-27,1055.0
2019-08-28,2091.0
2019-08-29,2267.0
2019-08-30,1659.0
2019-09-03,1140.0
2019-09-04,2357.0
2019-09-05,1970.0
2019-09-06,1655.0
2019-09-09,1807.0
2019-09-10,1707.0
2019-09-11,2115.0
2019-09-12,1504.0
2019-09-13,1384.0
2019-09-16,1605.0
2019-09-17,1568.0
2019-09-18,1387.0
2019-09-19,1563.0
2019-09-20,1533.0
2019-09-23,1664.0
2019-09-24,951.0
2019-09-25,1870.0
2019-09-26,1308.0
2019-09-27,1384.0
2019-09-30,1707.0
2019-10-01,793.0
2019-10-02,672.0
2019-10-03,1847.0
2019-10-04,2179.0
2019-10-07,1115.0
2019-10-08,772.0
2019-10-09,1834.0
2019-10-10,1826.0
2019-10-11,2273.0
2019-10-14,1339.0
2019-10-15,1902.0
2019-10-16,1544.0
2019-10-17,1945.0
2019-10-18,1448.0
2019-10-21,1978.0
2019-10-22,1716.0
2019-10-23,1864.0
2019-10-24,1300.0
2019-10-25,1655.0
2019-10-28,1612.0
2019-10-29,1560.0
2019-10-30,1553.0
2019-10-31,1138.0
2019-11-01,2152.0
2019-11-04,1799.0
2019-11-05,1388.0
2019-11-06,1364.0
2019-11-07,1411.0
2019-11-08,1568.0
2019-11-11,1314.0
2019-11-12,1415.0
2019-11-13,1363.0
2019-11-14,1686.0
2019-11-15,1816.0
2019-11-18,1279.0
2019-11-19,1423.0
2019-11-20,1306.0
2019-11-21,1207.0
2019-11-22,1763.0
2019-11-25,2128.0
2019-11-26,1604.0
2019-11-27,1816.0
2019-11-29,1057.0
2019-12-02,823.0
2019-12-03,1136.0
2019-12-04,2018.0
2019-12-05,1588.0
2019-12-06,2196.0
2019-12-09,1479.0
2019-12-10,1515.0
2019-12-11,1857.0
2019-12-12,1902.0
2019-12-13,1515.0
2019-12-16,2022.0
2019-12-17,1840.0
2019-12-18,1817.0
2019-12-19,1778.0
2019-12-20,1755.0
2019-12-23,1607.0
2019-12-24,1662.0
2019-12-26,1773.0
2019-12-27,1338.0
2019-12-30,1296.0
2019-12-31,1887.0
2020-01-02,1816.0
2020-01-03,1394.0
2020-01-06,1563.0
2020-01-07,1163.0
2020-01-08,1771.0
2020-01-09,1679.0
2020-01-10,1385.0
2020-01-13,2034.0
2020-01-14,1696.0
2020-01-15,1630.0
2020-01-16,2053.0
2020-01-17,1496.0
2020-01-21,1181.0
2020-01-22,1461.0
2020-01-23,1466.0
2020-01-24,888.0
2020-01-27,654.0
2020-01-28,2031.0
2020-01-29,1491.0
2020-01-30,1524.0
2020-01-31,640.0
2020-02-03,1914.0
2020-02-04,1723.0
2020-02-05,2218.0
2020-02-06,1433.0
2020-02-07,1080.0
2020-02-10,1725.0
2020-02-11,2043.0
2020-02-12,1728.0
2020-02-13,1462.0
2020-02-14,1514.0
2020-02-18,1249.0
2020-02-19,1571.0
2020-02-20,1760.0
2020-02-21,923.0
2020-02-24,321.0
2020-02-25,328.0
2020-02-26,1045.0
2020-02-27,330.0
2020-02-28,793.0
2020-03-02,2466.0
2020-03-03,1073.0
2020-03-04,2533.0
2020-03-05,365.0
2020-03-06,573.0
2020-03-09,101.0
2020-03-10,2250.0
2020-03-11,191.0
2020-03-12,85.0
2020-03-13,2656.0
2020-03-16,146.0
2020-03-17,1763.0
2020-03-18,229.0
2020-03-19,2285.0
2020-03-20,1348.0
2020-03-23,757.0
2020-03-24,2790.0
2020-03-25,2464.0
2020-03-26,2664.0
2020-03-27,695.0
2020-03-30,1803.0
2020-03-31,1260.0
2020-04-01,263.0
2020-04-02,1784.0
2020-04-03,661.0
2020-04-06,2735.0
2020-04-07,2184.0
2020-04-08,2667.0
2020-04-09,2623.0
2020-04-13,826.0
2020-04-14,2263.0
2020-04-15,502.0
2020-04-16,1581.0
2020-04-17,2527.0
2020-04-20,748.0
2020-04-21,669.0
2020-04-22,2096.0
2020-04-23,1852.0
2020-04-24,1847.0
2020-04-27,2340.0
2020-04-28,2179.0
2020-04-29,2631.0
2020-04-30,790.0
2020-05-01,484.0
2020-05-04,1413.0
2020-05-05,1748.0
2020-05-06,959.0
2020-05-07,2175.0
2020-05-08,2485.0
2020-05-11,1054.0
2020-05-12,681.0
2020-05-13,387.0
2020-05-14,1626.0
2020-05-15,1656.0
2020-05-18,2666.0
2020-05-19,1197.0
2020-05-20,2385.0
2020-05-21,1620.0
2020-05-22,1683.0
2020-05-26,2520.0
2020-05-27,2384.0
2020-05-28,1278.0
2020-05-29,1490.0
2020-06-01,2195.0
2020-06-02,2185.0
2020-06-03,2389.0
2020-06-04,1608.0
2020-06-05,2536.0
2020-06-08,2415.0
2020-06-09,671.0
2020-06-10,797.0
2020-06-11,147.0
2020-06-12,2341.0
2020-06-15,2020.0
2020-06-16,2424.0
2020-06-17,1001.0
2020-06-18,1426.0
2020-06-19,1062.0
2020-06-22,1618.0
2020-06-23,1686.0
2020-06-24,393.0
2020-06-25,1910.0
2020-06-26,603.0
2020-06-29,2287.0
2020-06-30,1950.0
2020-07-01,1562.0
2020-07-02,1913.0
2020-07-06,2098.0
2020-07-07,761.0
2020-07-08,1765.0
2020-07-09,819.0
2020-07-10,2271.0
2020-07-13,1126.0
2020-07-14,2025.0
2020-07-15,2513.0
2020-07-16,1361.0
2020-07-17,1659.0
2020-07-20,1353.0
2020-07-21,2319.0
2020-07-22,1722.0
2020-07-23,1464.0
2020-07-24,1074.0
2020-07-27,1797.0
2020-07-28,1420.0
2020-07-29,2382.0
2020-07-30,1122.0
2020-07-31,1293.0
2020-08-03,1926.0
2020-08-04,1890.0
2020-08-05,2035.0
2020-08-06,1486.0
2020-08-07,1902.0
2020-08-10,2151.0
2020-08-11,1543.0
2020-08-12,1872.0
2020-08-13,1293.0
2020-08-14,1543.0
2020-08-17,1537.0
2020-08-18,1204.0
2020-08-19,1215.0
2020-08-20,1231.0
2020-08-21,1043.0
2020-08-24,2125.0
2020-08-25,1492.0
2020-08-26,1186.0
2020-08-27,1706.0
2020-08-28,2025.0
2020-08-31,926.0
2020-09-01,1867.0
2020-09-02,1931.0
2020-09-03,575.0
2020-09-04,1256.0
2020-09-08,640.0
2020-09-09,2282.0
2020-09-10,1036.0
2020-09-11,1447.0
2020-09-14,2446.0
2020-09-15,1709.0
2020-09-16,1935.0
2020-09-17,1218.0
2020-09-18,1117.0
2020-09-21,506.0
2020-09-22,1716.0
2020-09-23,356.0
2020-09-24,1575.0
2020-09-25,2163.0
2020-09-28,2614.0
2020-09-29,1166.0
2020-09-30,1651.0
2020-10-01,2084.0
2020-10-02,1796.0
2020-10-05,2278.0
2020-10-06,1213.0
2020-10-07,2248.0
2020-10-08,2340.0
2020-10-09,1581.0
2020-10-12,1881.0
2020-10-13,1058.0
2020-10-14,1234.0
2020-10-15,1728.0
2020-10-16,1304.0
2020-10-19,958.0
2020-10-20,2099.0
2020-10-21,1086.0
2020-10-22,2117.0
2020-10-23,1925.0
2020-10-26,443.0
2020-10-27,959.0
2020-10-28,345.0
2020-10-29,1914.0
2020-10-30,1261.0
2020-11-02,2292.0
2020-11-03,2477.0
2020-11-04,1747.0
2020-11-05,2387.0
2020-11-06,1231.0
2020-11-09,2460.0
2020-11-10,2039.0
2020-11-11,1552.0
2020-11-12,779.0
2020-11-13,2516.0
2020-11-16,2537.0
2020-11-17,1718.0
2020-11-18,1228.0
2020-11-19,1867.0
2020-11-20,1471.0
2020-11-23,2413.0
2020-11-24,2388.0
2020-11-25,1393.0
2020-11-27,1769.0
2020-11-30,1032.0
2020-12-01,2173.0
2020-12-02,1912.0
2020-12-03,2051.0
2020-12-04,2464.0
2020-12-07,1351.0
2020-12-08,2034.0
2020-12-09,1638.0
2020-12-10,1733.0
2020-12-11,1385.0
2020-12-14,1284.0
2020-12-15,2370.0
2020-12-16,1522.0
2020-12-17,2088.0
2020-12-18,1456.0
2020-12-21,1204.0
2020-12-22,1343.0
2020-12-23,2167.0
2020-12-24,1927.0
2020-12-28,1714.0
2020-12-29,1150.0
2020-12-30,2194.0
2020-12-31,1885.0
2021-01-04,970.0
2021-01-05,2301.0
2021-01-06,2041.0
2021-01-07,1971.0
2021-01-08,1653.0
2021-01-11,1281.0
2021-01-12,2134.0
2021-01-13,1777.0
2021-01-14,2246.0
2021-01-15,1069.0
2021-01-19,2013.0
2021-01-20,2051.0
2021-01-21,1314.0
2021-01-22,1731.0
2021-01-25,1364.0
2021-01-26,1334.0
2021-01-27,536.0
2021-01-28,2159.0
2021-01-29,903.0
2021-02-01,2550.0
2021-02-02,2446.0
2021-02-03,1893.0
2021-02-04,2326.0
2021-02-05,2195.0
2021-02-08,2335.0
2021-02-09,1905.0
2021-02-10,1442.0
2021-02-11,1503.0
2021-02-12,1855.0
2021-02-16,1564.0
2021-02-17,1490.0
2021-02-18,1085.0
2021-02-19,2134.0
2021-02-22,1545.0
2021-02-23,1311.0
2021-02-24,2149.0
2021-02-25,451.0
2021-02-26,1437.0
2021-03-01,2641.0
2021-03-02,1473.0
2021-03-03,1511.0
2021-03-04,741.0
2021-03-05,2555.0
2021-03-08,2000.0
2021-03-09,2031.0
2021-03-10,2453.0
2021-03-11,2453.0
2021-03-12,1900.0
2021-03-15,2059.0
2021-03-16,1165.0
2021-03-17,1886.0
2021-03-18,735.0
2021-03-19,1858.0
2021-03-22,1463.0
2021-03-23,799.0
2021-03-24,1454.0
2021-03-25,2171.0
2021-03-26,2533.0
2021-03-29,1087.0
2021-03-30,2087.0
2021-03-31,1889.0
2021-04-01,2663.0
2021-04-05,2113.0
2021-04-06,2002.0
2021-04-07,1472.0
2021-04-08,2091.0
2021-04-09,1796.0
2021-04-12,1640.0
2021-04-13,1603.0
2021-04-14,1991.0
2021-04-15,2060.0
2021-04-16,1825.0
2021-04-19,1137.0
2021-04-20,888.0
2021-04-21,2580.0
2021-04-22,1335.0
2021-04-23,2567.0
2021-04-26,2068.0
2021-04-27,1645.0
2021-04-28,1949.0
2021-04-29,1727.0
2021-04-30,1150.0
2021-05-03,2279.0
2021-05-04,1489.0
2021-05-05,1724.0
2021-05-06,1824.0
2021-05-07,2470.0
2021-05-10,1132.0
2021-05-11,884.0
2021-05-12,489.0
2021-05-13,2073.0
2021-05-14,2572.0
2021-05-17,1670.0
2021-05-18,1474.0
2021-05-19,1137.0
2021-05-20,2133.0
2021-05-21,1888.0
2021-05-24,2088.0
2021-05-25,1242.0
2021-05-26,2158.0
2021-05-27,1939.0
2021-05-28,1973.0
2021-06-01,2294.0
2021-06-02,1765.0
2021-06-03,1398.0
2021-06-04,2040.0
2021-06-07,1838.0
2021-06-08,2003.0
2021-06-09,1556.0
2021-06-10,1732.0
2021-06-11,2082.0
2021-06-14,1481.0
2021-06-15,1514.0
2021-06-16,1247.0
2021-06-17,1147.0
2021-06-18,856.0
2021-06-21,2315.0
2021-06-22,1739.0
2021-06-23,1703.0
2021-06-24,2121.0
2021-06-25,1666.0
2021-06-28,1374.0
2021-06-29,1495.0
2021-06-30,1912.0
2021-07-01,1979.0
2021-07-02,1608.0
2021-07-06,1165.0
2021-07-07,1502.0
2021-07-08,830.0
2021-07-09,2383.0
2021-07-12,1816.0
2021-07-13,849.0
2021-07-14,1358.0
2021-07-15,1224.0
2021-07-16,1011.0
2021-07-19,566.0
2021-07-20,2577.0
2021-07-21,2228.0
2021-07-22,1056.0
2021-07-23,1774.0
2021-07-26,1703.0
2021-07-27,1117.0
2021-07-28,1942.0
2021-07-29,1837.0
2021-07-30,1345.0
2021-08-02,1505.0
2021-08-03,1824.0
2021-08-04,1095.0
2021-08-05,1951.0
2021-08-06,1851.0
2021-08-09,1219.0
2021-08-10,1690.0
2021-08-11,2017.0
2021-08-12,1446.0
2021-08-13,1468.0
2021-08-16,1120.0
2021-08-17,841.0
2021-08-18,875.0
2021-08-19,922.0
2021-08-20,2164.0
2021-08-23,2119.0
2021-08-24,2070.0
2021-08-25,1809.0
2021-08-26,846.0
2021-08-27,2572.0
2021-08-30,1364.0
2021-08-31,1742.0
2021-09-01,1958.0
2021-09-02,1981.0
2021-09-03,1303.0
2021-09-07,1021.0
2021-09-08,1213.0
2021-09-09,1553.0
2021-09-10,1170.0
2021-09-13,1928.0
2021-09-14,1006.0
2021-09-15,2158.0
2021-09-16,1476.0
2021-09-17,1122.0
2021-09-20,544.0
2021-09-21,1609.0
2021-09-22,2426.0
2021-09-23,1912.0
2021-09-24,1240.0
2021-09-27,1830.0
2021-09-28,664.0
2021-09-29,1851.0
2021-09-30,1197.0
2021-10-01,2150.0
2021-10-04,1135.0
2021-10-05,1711.0
2021-10-06,1420.0
2021-10-07,2144.0
2021-10-08,1368.0
2021-10-11,1346.0
2021-10-12,1802.0
2021-10-13,1940.0
2021-10-14,2299.0
2021-10-15,1499.0
2021-10-18,1485.0
2021-10-19,1650.0
2021-10-20,2015.0
2021-10-21,1395.0
2021-10-22,1561.0
2021-10-25,2014.0
2021-10-26,1416.0
2021-10-27,961.0
2021-10-28,2083.0
2021-10-29,1571.0
2021-11-01,2269.0
2021-11-02,1446.0
2021-11-03,2048.0
2021-11-04,1419.0
2021-11-05,2051.0
2021-11-08,1656.0
2021-11-09,1440.0
2021-11-10,1043.0
2021-11-11,1752.0
2021-11-12,1690.0
2021-11-15,1350.0
2021-11-16,1395.0
2021-11-17,1114.0
2021-11-18,1123.0
2021-11-19,1113.0
2021-11-22,1356.0
2021-11-23,1471.0
2021-11-24,1689.0
2021-11-26,467.0
2021-11-29,1730.0
2021-11-30,741.0
2021-12-01,1028.0
2021-12-02,2263.0
2021-12-03,834.0
2021-12-06,2291.0
2021-12-07,2263.0
2021-12-08,1721.0
2021-12-09,736.0
2021-12-10,1275.0
2021-12-13,898.0
2021-12-14,934.0
2021-12-15,1841.0
2021-12-16,1346.0
2021-12-17,1245.0
2021-12-20,660.0
2021-12-21,2275.0
2021-12-22,2059.0
2021-12-23,1858.0
2021-12-27,1983.0
2021-12-28,1467.0
2021-12-29,1653.0
2021-12-30,1740.0
2021-12-31,1976.0
2022-01-03,1669.0
2022-01-04,1424.0
2022-01-05,599.0
2022-01-06,1772.0
2022-01-07,1551.0
2022-01-10,1121.0
2022-01-11,2252.0
2022-01-12,1534.0
2022-01-13,1414.0
2022-01-14,1245.0
2022-01-18,513.0
2022-01-19,1020.0
2022-01-20,792.0
2022-01-21,623.0
2022-01-24,1245.0
2022-01-25,1318.0
2022-01-26,1122.0
2022-01-27,984.0
2022-01-28,2028.0
2022-01-31,2535.0
2022-02-01,2269.0
2022-02-02,1265.0
2022-02-03,698.0
2022-02-04,1356.0
2022-02-07,1693.0
2022-02-08,1875.0
2022-02-09,2278.0
2022-02-10,849.0
2022-02-11,967.0
2022-02-14,934.0
2022-02-15,2319.0
2022-02-16,1959.0
2022-02-17,887.0
2022-02-18,1190.0
2022-02-22,820.0
2022-02-23,871.0
2022-02-24,1666.0
2022-02-25,2467.0
2022-02-28,1503.0
2022-03-01,1355.0
2022-03-02,2244.0
2022-03-03,1307.0
2022-03-04,1040.0
2022-03-07,675.0
2022-03-08,1592.0
2022-03-09,2252.0
2022-03-10,1302.0
2022-03-11,938.0
2022-03-14,864.0
2022-03-15,2063.0
2022-03-16,2392.0
2022-03-17,2403.0
2022-03-18,2133.0
2022-03-21,1304.0
2022-03-22,1924.0
2022-03-23,1196.0
2022-03-24,2032.0
2022-03-25,1628.0
2022-03-28,1586.0
2022-03-29,2600.0
2022-03-30,1439.0
2022-03-31,1425.0
2022-04-01,2053.0
2022-04-04,1805.0
2022-04-05,715.0
2022-04-06,929.0
2022-04-07,1550.0
2022-04-08,1449.0
2022-04-11,1054.0
2022-04-12,1693.0
2022-04-13,2252.0
2022-04-14,1270.0
2022-04-18,1354.0
2022-04-19,2060.0
2022-04-20,2042.0
2022-04-21,744.0
2022-04-22,649.0
2022-04-25,1520.0
2022-04-26,639.0
2022-04-27,1469.0
2022-04-28,2253.0
2022-04-29,793.0
2022-05-02,1374.0
2022-05-03,1966.0
2022-05-04,2484.0
2022-05-05,485.0
2022-05-06,1006.0
2022-05-09,435.0
2022-05-10,1351.0
2022-05-11,1051.0
2022-05-12,1589.0
2022-05-13,2469.0
2022-05-16,1671.0
2022-05-17,2241.0
2022-05-18,617.0
2022-05-19,1702.0
2022-05-20,1495.0
2022-05-23,2013.0
2022-05-24,1463.0
2022-05-25,2440.0
2022-05-26,2613.0
2022-05-27,2704.0
2022-05-31,1221.0
2022-06-01,1364.0
2022-06-02,2296.0
2022-06-03,981.0
2022-06-06,1745.0
2022-06-07,2086.0
2022-06-08,920.0
2022-06-09,621.0
2022-06-10,584.0
2022-06-13,219.0
2022-06-14,1261.0
2022-06-15,2325.0
2022-06-16,375.0
2022-06-17,1900.0
2022-06-21,2278.0
2022-06-22,1474.0
2022-06-23,1865.0
2022-06-24,2485.0
2022-06-27,1716.0
2022-06-28,1081.0
2022-06-29,1165.0
2022-06-30,1269.0
2022-07-01,2257.0
2022-07-05,1395.0
2022-07-06,1240.0
2022-07-07,2341.0
2022-07-08,1497.0
2022-07-11,1055.0
2022-07-12,1431.0
2022-07-13,1297.0
2022-07-14,941.0
2022-07-15,2483.0
2022-07-18,1711.0
2022-07-19,2514.0
2022-07-20,2103.0
2022-07-21,1813.0
2022-07-22,1341.0
2022-07-25,1740.0
2022-07-26,1293.0
2022-07-27,2476.0
2022-07-28,2332.0
2022-07-29,2142.0
2022-08-01,1747.0
2022-08-02,1511.0
2022-08-03,2086.0
2022-08-04,1491.0
2022-08-05,1465.0
2022-08-08,2074.0
2022-08-09,1121.0
2022-08-10,2549.0
2022-08-11,1897.0
2022-08-12,2404.0
2022-08-15,1604.0
2022-08-16,1659.0
2022-08-17,716.0
2022-08-18,1764.0
2022-08-19,532.0
2022-08-22,625.0
2022-08-23,1486.0
2022-08-24,1895.0
2022-08-25,2305.0
2022-08-26,507.0
2022-08-29,1136.0
2022-08-30,732.0
2022-08-31,1000.0
2022-09-01,980.0
2022-09-02,1445.0
2022-09-06,1027.0
2022-09-07,2286.0
2022-09-08,1708.0
2022-09-09,2500.0
2022-09-12,2307.0
2022-09-13,429.0
2022-09-14,1685.0
2022-09-15,908.0
2022-09-16,929.0
2022-09-19,1753.0
2022-09-20,663.0
2022-09-21,979.0
2022-09-22,656.0
2022-09-23,473.0
2022-09-26,633.0
2022-09-27,1523.0
2022-09-28,2567.0
2022-09-29,583.0
2022-09-30,1467.0
2022-10-03,2605.0
2022-10-04,2650.0
2022-10-05,1058.0
2022-10-06,995.0
2022-10-07,585.0
2022-10-10,1031.0
2022-10-11,1390.0
2022-10-12,1242.0
2022-10-13,2142.0
2022-10-14,671.0
2022-10-17,2506.0
2022-10-18,2208.0
2022-10-19,811.0
2022-10-20,993.0
2022-10-21,2120.0
2022-10-24,1717.0
2022-10-25,2431.0
2022-10-26,1864.0
2022-10-27,1610.0
2022-10-28,2236.0
2022-10-31,1535.0
2022-11-01,1774.0
2022-11-02,819.0
2022-11-03,1246.0
2022-11-04,2099.0
2022-11-07,1936.0
2022-11-08,1893.0
2022-11-09,721.0
2022-11-10,2750.0
2022-11-11,1978.0
2022-11-14,1067.0
2022-11-15,2253.0
2022-11-16,1139.0
2022-11-17,1146.0
2022-11-18,1816.0
2022-11-21,1459.0
2022-11-22,2253.0
2022-11-23,1881.0
2022-11-25,1844.0
2022-11-28,790.0
2022-11-29,1699.0
2022-11-30,2520.0
2022-12-01,1721.0
2022-12-02,1648.0
2022-12-05,592.0
2022-12-06,965.0
2022-12-07,1482.0
2022-12-08,1683.0
2022-12-09,947.0
2022-12-12,1854.0
2022-12-13,2089.0
2022-12-14,1362.0
2022-12-15,686.0
2022-12-16,1018.0
2022-12-19,969.0
2022-12-20,1606.0
2022-12-21,2223.0
2022-12-22,717.0
2022-12-23,1876.0
2022-12-27,1304.0
2022-12-28,787.0
2022-12-29,2446.0
2022-12-30,1395.0
2023-01-03,1782.0
2023-01-04,2382.0
2023-01-05,1326.0
2023-01-06,2503.0
2023-01-09,1828.0
2023-01-10,2102.0
2023-01-11,2210.0
2023-01-12,2207.0
2023-01-13,1809.0
2023-01-17,1621.0
2023-01-18,1116.0
2023-01-19,1256.0
2023-01-20,2297.0
2023-01-23,2071.0
2023-01-24,1421.0
2023-01-25,1610.0
2023-01-26,1938.0
2023-01-27,1720.0
2023-01-30,1075.0
2023-01-31,2369.0
2023-02-01,2106.0
2023-02-02,2038.0
2023-02-03,905.0
2023-02-06,842.0
2023-02-07,1726.0
2023-02-08,1120.0
2023-02-09,897.0
2023-02-10,1525.0
2023-02-13,2193.0
2023-02-14,1431.0
2023-02-15,1744.0
2023-02-16,873.0
2023-02-17,1277.0
2023-02-21,517.0
2023-02-22,1708.0
2023-02-23,1869.0
2023-02-24,927.0
2023-02-27,1833.0
2023-02-28,1422.0
2023-03-01,1297.0
2023-03-02,1550.0
2023-03-03,2338.0
2023-03-06,1094.0
2023-03-07,744.0
2023-03-08,1552.0
2023-03-09,530.0
2023-03-10,533.0
2023-03-13,896.0
2023-03-14,2174.0
2023-03-15,737.0
2023-03-16,2060.0
2023-03-17,581.0
2023-03-20,1495.0
2023-03-21,2233.0
2023-03-22,900.0
2023-03-23,1159.0
2023-03-24,1833.0
2023-03-27,2087.0
2023-03-28,1749.0
2023-03-29,2230.0
2023-03-30,1966.0
2023-03-31,2386.0
2023-04-03,1519.0
2023-04-04,957.0
2023-04-05,1121.0
2023-04-06,1595.0
2023-04-10,1862.0
2023-04-11,2106.0
2023-04-12,1317.0
2023-04-13,2020.0
2023-04-14,1071.0
2023-04-17,1801.0
2023-04-18,1360.0
2023-04-19,1338.0
2023-04-20,1107.0
2023-04-21,1357.0
2023-04-24,1530.0
2023-04-25,608.0
2023-04-26,1135.0
2023-04-27,2154.0
2023-04-28,2078.0
2023-05-01,1204.0
2023-05-02,641.0
2023-05-03,1111.0
2023-05-04,1008.0
2023-05-05,2384.0
2023-05-08,1426.0
2023-05-09,1190.0
2023-05-10,1550.0
2023-05-11,975.0
2023-05-12,1287.0
2023-05-15,1754.0
2023-05-16,657.0
2023-05-17,2100.0
2023-05-18,1624.0
2023-05-19,1107.0
2023-05-22,1676.0
2023-05-23,1146.0
2023-05-24,801.0
2023-05-25,996.0
2023-05-26,1838.0
2023-05-30,1364.0
2023-05-31,1290.0
2023-06-01,1951.0
2023-06-02,2419.0
2023-06-05,1055.0
2023-06-06,2212.0
2023-06-07,1828.0
2023-06-08,1376.0
2023-06-09,1094.0
2023-06-12,1491.0
2023-06-13,1918.0
2023-06-14,1208.0
2023-06-15,2052.0
2023-06-16,1191.0
2023-06-20,967.0
2023-06-21,1471.0
2023-06-22,1053.0
2023-06-23,922.0
2023-06-26,1851.0
2023-06-27,1926.0
2023-06-28,1651.0
2023-06-29,1822.0
2023-06-30,2007.0
2023-07-03,1945.0
2023-07-05,932.0
2023-07-06,541.0
2023-07-07,1941.0
2023-07-10,1979.0
2023-07-11,2170.0
2023-07-12,2075.0
2023-07-13,1950.0
2023-07-14,803.0
2023-07-17,1634.0
2023-07-18,1996.0
2023-07-19,1792.0
2023-07-20,1082.0
2023-07-21,1439.0
2023-07-24,1750.0
2023-07-25,1263.0
2023-07-26,1771.0
2023-07-27,779.0
2023-07-28,1920.0
2023-07-31,2011.0
2023-08-01,913.0
2023-08-02,762.0
2023-08-03,1167.0
2023-08-04,1573.0
2023-08-07,1760.0
2023-08-08,1087.0
2023-08-09,1287.0
2023-08-10,1296.0
2023-08-11,1463.0
2023-08-14,1252.0
2023-08-15,541.0
2023-08-16,829.0
2023-08-17,883.0
2023-08-18,1563.0
2023-08-21,1107.0
2023-08-22,1256.0
2023-08-23,2160.0
2023-08-24,802.0
2023-08-25,1592.0
2023-08-28,1995.0
2023-08-29,2215.0
2023-08-30,1625.0
2023-08-31,1351.0
2023-09-01,1755.0
2023-09-05,669.0
2023-09-06,1095.0
2023-09-07,1059.0
2023-09-08,1446.0
2023-09-11,1465.0
2023-09-12,1337.0
2023-09-13,1177.0
2023-09-14,2142.0
2023-09-15,1043.0
2023-09-18,1332.0
2023-09-19,1201.0
2023-09-20,1171.0
2023-09-21,503.0
2023-09-22,1395.0
2023-09-25,1372.0
2023-09-26,529.0
2023-09-27,1567.0
2023-09-28,1779.0
2023-09-29,1318.0
2023-10-02,643.0
2023-10-03,546.0
2023-10-04,1617.0
2023-10-05,1216.0
2023-10-06,1805.0
2023-10-09,1839.0
2023-10-10,2010.0
2023-10-11,1680.0
2023-10-12,538.0
2023-10-13,1088.0
2023-10-16,2039.0
2023-10-17,1553.0
2023-10-18,542.0
2023-10-19,645.0
2023-10-20,853.0
2023-10-23,1002.0
2023-10-24,1902.0
2023-10-25,715.0
2023-10-26,1508.0
2023-10-27,820.0
2023-10-30,1842.0
2023-10-31,1881.0
2023-11-01,1931.0
2023-11-02,2398.0
2023-11-03,2321.0
2023-11-06,791.0
2023-11-07,1190.0
2023-11-08,1203.0
2023-11-09,765.0
2023-11-10,1898.0
2023-11-13,1370.0
2023-11-14,2511.0
2023-11-15,1537.0
2023-11-16,1116.0
2023-11-17,1722.0
2023-11-20,1699.0
2023-11-21,973.0
2023-11-22,1647.0
2023-11-24,1816.0
2023-11-27,1271.0
2023-11-28,1461.0
2023-11-29,1852.0
2023-11-30,1740.0
2023-12-01,2334.0
2023-12-04,1373.0
2023-12-05,937.0
2023-12-06,1377.0
2023-12-07,1809.0
2023-12-08,1521.0
2023-12-11,1400.0
2023-12-12,1313.0
2023-12-13,2433.0
2023-12-14,2168.0
2023-12-15,989.0
2023-12-18,1365.0
2023-12-19,2194.0
2023-12-20,749.0
2023-12-21,2144.0
2023-12-22,1808.0
2023-12-26,1996.0
2023-12-27,1650.0
2023-12-28,1322.0
2023-12-29,853.0
2024-01-02,1423.0
2024-01-03,850.0
2024-01-04,1406.0
2024-01-05,1497.0
2024-01-08,1999.0
2024-01-09,948.0
2024-01-10,1612.0
2024-01-11,549.0
2024-01-12,1474.0
2024-01-16,712.0
2024-01-17,770.0
2024-01-18,1504.0
2024-01-19,1849.0
2024-01-22,2041.0
2024-01-23,1342.0
2024-01-24,1259.0
2024-01-25,2059.0
2024-01-26,1542.0
2024-01-29,1916.0
2024-01-30,1263.0
2024-01-31,727.0
2024-02-01,2093.0
2024-02-02,914.0
2024-02-05,519.0
2024-02-06,1892.0
2024-02-07,1439.0
2024-02-08,1630.0
2024-02-09,1779.0
2024-02-12,2052.0
2024-02-13,323.0
2024-02-14,2136.0
2024-02-15,2155.0
2024-02-16,972.0
2024-02-20,1156.0
2024-02-21,1443.0
2024-02-22,1632.0
2024-02-23,1676.0
2024-02-26,1127.0
2024-02-27,1503.0
2024-02-28,1240.0
2024-02-29,1881.0
2024-03-01,1623.0
2024-03-04,1010.0
2024-03-05,1219.0
2024-03-06,1868.0
2024-03-07,1843.0
2024-03-08,1532.0
2024-03-11,1387.0
2024-03-12,1509.0
2024-03-13,1654.0
2024-03-14,658.0
2024-03-15,1504.0
2024-03-18,1404.0
2024-03-19,1864.0
2024-03-20,2025.0
2024-03-21,1874.0
2024-03-22,1012.0
2024-03-25,1236.0
2024-03-26,1316.0
2024-03-27,2166.0
2024-03-28,1655.0
2024-04-01,1069.0
2024-04-02,763.0
2024-04-03,1592.0
2024-04-04,1076.0
2024-04-05,1602.0
2024-04-08,1646.0
2024-04-09,1555.0
2024-04-10,446.0
2024-04-11,1433.0
2024-04-12,590.0
2024-04-15,549.0
2024-04-16,1099.0
2024-04-17,1373.0
2024-04-18,1286.0
2024-04-19,1768.0
2024-04-22,1959.0
2024-04-23,2214.0
2024-04-24,1087.0
2024-04-25,933.0
2024-04-26,1786.0
2024-04-29,1885.0
2024-04-30,591.0
2024-05-01,1732.0
2024-05-02,2026.0
2024-05-03,2045.0
2024-05-06,2077.0
2024-05-07,1544.0
2024-05-08,1214.0
2024-05-09,1861.0
2024-05-10,1255.0
2024-05-13,1447.0
2024-05-14,1730.0
2024-05-15,1914.0
2024-05-16,1251.0
2024-05-17,1466.0
2024-05-20,1412.0
2024-05-21,1325.0
2024-05-22,864.0
2024-05-23,586.0
2024-05-24,1994.0
2024-05-28,1038.0
2024-05-29,565.0
2024-05-30,1955.0
2024-05-31,2118.0
2024-06-03,1321.0
2024-06-04,1190.0
2024-06-05,1763.0
2024-06-06,1259.0
2024-06-07,851.0
2024-06-10,1377.0
2024-06-11,1081.0
2024-06-12,1914.0
2024-06-13,1067.0
2024-06-14,823.0
2024-06-18,1569.0
2024-06-20,1316.0
2024-06-21,1397.0
2024-06-24,1833.0
2024-06-25,1045.0
2024-06-26,1182.0
2024-06-27,1607.0
2024-06-28,1579.0
2024-07-01,950.0
2024-07-02,1766.0
2024-07-03,1830.0
2024-07-05,1213.0
2024-07-08,1508.0
2024-07-09,1114.0
2024-07-10,1930.0
2024-07-11,2307.0
2024-07-12,1993.0
2024-07-15,1607.0
2024-07-16,2134.0
2024-07-17,1145.0
2024-07-18,748.0
2024-07-19,1133.0
2024-07-22,1946.0
2024-07-23,1372.0
2024-07-24,600.0
2024-07-25,1787.0
2024-07-26,2145.0
2024-07-29,1196.0
2024-07-30,1630.0
2024-07-31,1766.0
2024-08-01,936.0
2024-08-02,738.0
2024-08-05,355.0
2024-08-06,1920.0
2024-08-07,1206.0
2024-08-08,2101.0
2024-08-09,1415.0
2024-08-12,1007.0
2024-08-13,2062.0
2024-08-14,1604.0
2024-08-15,2062.0
2024-08-16,1762.0
2024-08-19,1974.0
2024-08-20,1017.0
2024-08-21,1947.0
2024-08-22,1003.0
2024-08-23,2352.0
2024-08-26,1505.0
2024-08-27,1171.0
2024-08-28,1065.0
2024-08-29,1830.0
2024-08-30,1726.0
2024-09-03,809.0
2024-09-04,1390.0
2024-09-05,1262.0
2024-09-06,742.0
2024-09-09,1790.0
2024-09-10,1441.0
2024-09-11,1587.0
2024-09-12,2072.0
2024-09-13,2342.0
2024-09-16,1977.0
2024-09-17,1725.0
2024-09-18,1472.0
2024-09-19,2206.0
2024-09-20,1069.0
2024-09-23,1559.0
2024-09-24,1711.0
2024-09-25,954.0
2024-09-26,1766.0
2024-09-27,1794.0
2024-09-30,1479.0
2024-10-01,1225.0
2024-10-02,1384.0
2024-10-03,1098.0
2024-10-04,1747.0
2024-10-07,853.0
2024-10-08,1472.0
2024-10-09,1594.0
2024-10-10,1216.0
2024-10-11,2177.0
2024-10-14,1661.0
2024-10-15,1465.0
2024-10-16,2088.0
2024-10-17,1327.0
2024-10-18,1553.0
2024-10-21,734.0
2024-10-22,1279.0
2024-10-23,861.0
2024-10-24,1548.0
2024-10-25,1154.0
2024-10-28,1833.0
2024-10-29,1025.0
2024-10-30,1528.0
2024-10-31,982.0
2024-11-01,1372.0
2024-11-04,1702.0
2024-11-05,2249.0
2024-11-06,1709.0
2024-11-07,1746.0
2024-11-08,1744.0
2024-11-11,1553.0
2024-11-12,681.0
2024-11-13,1255.0
2024-11-14,1145.0
2024-11-15,1088.0
2024-11-18,1675.0
2024-11-19,1393.0
2024-11-20,1327.0
2024-11-21,2166.0
2024-11-22,2078.0
2024-11-25,2044.0
2024-11-26,1080.0
2024-11-27,1746.0
2024-11-29,1816.0
2024-12-02,1297.0
2024-12-03,1216.0
2024-12-04,1449.0
2024-12-05,1266.0
2024-12-06,1354.0
2024-12-09,1336.0
2024-12-10,1144.0
2024-12-11,1521.0
2024-12-12,886.0
2024-12-13,1018.0
2024-12-16,1208.0
2024-12-17,906.0
2024-12-18,345.0
2024-12-19,1024.0
2024-12-20,2124.0
2024-12-23,1442.0
2024-12-24,1946.0
2024-12-26,1653.0
2024-12-27,679.0
2024-12-30,1033.0
2024-12-31,1704.0
2025-01-02,1642.0
2025-01-03,2125.0
2025-01-06,1329.0
2025-01-07,1040.0
2025-01-08,1245.0
2025-01-10,667.0
2025-01-13,1624.0
2025-01-14,2092.0
2025-01-15,2339.0
2025-01-16,1717.0
2025-01-17,1739.0
2025-01-21,2220.0
2025-01-22,1033.0
2025-01-23,1584.0
2025-01-24,1598.0
2025-01-27,1621.0
2025-01-28,1287.0
2025-01-29,1183.0
2025-01-30,2116.0
2025-01-31,859.0
2025-02-03,1105.0
2025-02-04,1929.0
2025-02-05,1952.0
2025-02-06,1383.0
2025-02-07,849.0
2025-02-10,1715.0
2025-02-11,1412.0
2025-02-12,958.0
2025-02-13,2111.0
2025-02-14,1632.0
2025-02-18,1631.0
2025-02-19,1250.0
2025-02-20,1293.0
2025-02-21,827.0
2025-02-24,1310.0
2025-02-25,1690.0
2025-02-26,1465.0
2025-02-27,871.0
2025-02-28,1878.0
2025-03-03,478.0
2025-03-04,218.0
2025-03-05,1875.0
2025-03-06,842.0
2025-03-07,1571.0
2025-03-10,553.0
2025-03-11,1238.0
2025-03-12,876.0
2025-03-13,955.0
2025-03-14,2291.0
2025-03-17,2225.0
2025-03-18,1101.0
2025-03-19,1992.0
2025-03-20,1235.0
2025-03-21,1091.0
2025-03-24,2033.0
2025-03-25,1344.0
2025-03-26,1015.0
2025-03-27,1214.0
2025-03-28,658.0
2025-03-31,1376.0
2025-04-01,1755.0
2025-04-02,947.0
2025-04-03,425.0
2025-04-04,309.0
2025-04-07,862.0
2025-04-08,755.0
2025-04-09,2631.0
2025-04-10,414.0
2025-04-11,1959.0
2025-04-14,2173.0
2025-04-15,1502.0
2025-04-16,1173.0
2025-04-17,2094.0
2025-04-21,570.0
2025-04-22,2527.0
2025-04-23,2155.0
2025-04-24,2314.0
2025-04-25,1534.0
2025-04-28,1681.0
2025-04-29,1732.0
2025-04-30,1307.0
2025-05-01,1562.0
2025-05-02,2215.0
2025-05-05,1034.0
2025-05-06,1397.0
2025-05-07,1716.0
2025-05-08,1840.0
2025-05-09,1571.0
2025-05-12,2134.0
2025-05-13,1692.0
2025-05-14,1003.0
2025-05-15,1809.0
2025-05-16,1627.0
2025-05-19,1326.0
2025-05-20,1182.0
2025-05-21,408.0
2025-05-22,1430.0
2025-05-23,1301.0
2025-05-27,2378.0
2025-05-28,1144.0
2025-05-29,1761.0
2025-05-30,1297.0
2025-06-02,1330.0
2025-06-03,1906.0
2025-06-04,1461.0
2025-06-05,1372.0
2025-06-06,1888.0
2025-06-09,1788.0
2025-06-10,1785.0
2025-06-11,1374.0
2025-06-12,1548.0
2025-06-13,692.0
2025-06-16,1784.0
2025-06-17,977.0
2025-06-18,1607.0
2025-06-20,1481.0
2025-06-23,1880.0
2025-06-24,2078.0
2025-06-25,937.0
2025-06-26,2230.0
2025-06-27,1564.0
2025-06-30,1598.0
2025-07-01,2111.0
2025-07-02,2020.0
2025-07-03,1868.0
2025-07-07,686.0
2025-07-08,1752.0
2025-07-09,1774.0
2025-07-10,1889.0
2025-07-11,917.0
2025-07-14,1464.0
2025-07-15,667.0
2025-07-16,1649.0
2025-07-17,1889.0
2025-07-18,1271.0
2025-07-21,1488.0
2025-07-22,1955.0
2025-07-23,1835.0
2025-07-24,1129.0
2025-07-25,1714.0
2025-07-28,1100.0
2025-07-29,1460.0
2025-07-30,936.0
2025-07-31,1201.0
2025-08-01,972.0
2025-08-04,2236.0
2025-08-05,1588.0
2025-08-06,1429.0
2025-08-07,1392.0
2025-08-08,1632.0
2025-08-11,1307.0
2025-08-12,2239.0
2025-08-13,2175.0
2025-08-14,882.0
2025-08-15,1305.0
2025-08-18,1618.0
2025-08-19,1559.0
2025-08-20,1396.0
2025-08-21,1289.0
2025-08-22,2526.0
2025-08-25,1032.0
2025-08-26,1538.0
2025-08-27,1678.0
2025-08-28,1478.0
2025-08-29,1396.0
2025-09-02,1000.0
2025-09-03,1537.0
2025-09-04,2023.0
2025-09-05,1777.0
2025-09-08,1587.0
2025-09-09,1169.0
2025-09-10,1489.0
2025-09-11,2272.0
2025-09-12,1088.0
2025-09-15,1640.0
2025-09-16,1376.0
2025-09-17,1554.0
2025-09-18,1827.0
2025-09-19,1074.0
2025-09-22,1416.0
2025-09-23,1406.0
2025-09-24,1163.0
2025-09-25,868.0
2025-09-26,1948.0
2025-09-29,1377.0
2025-09-30,1471.0
2025-10-01,1690.0
2025-10-02,1423.0
2025-10-03,1733.0
2025-10-06,1368.0
2025-10-07,1016.0
2025-10-08,1739.0
2025-10-09,834.0
2025-10-10,430.0
2025-10-13,2192.0
2025-10-14,1881.0
2025-10-15,1782.0
2025-10-16,809.0
2025-10-17,1469.0
2025-10-20,2248.0
2025-10-21,1617.0
2025-10-22,1208.0
2025-10-23,1809.0
2025-10-24,1804.0
2025-10-27,1610.0
2025-10-28,1096.0
2025-10-29,897.0
2025-10-30,1049.0
2025-10-31,1639.0
2025-11-03,1198.0
2025-11-04,915.0
2025-11-05,1923.0
2025-11-06,1048.0
2025-11-07,1715.0
2025-11-10,1899.0
2025-11-11,1821.0
2025-11-12,1428.0
2025-11-13,712.0
2025-11-14,1303.0
2025-11-17,587.0
2025-11-18,1460.0
2025-11-19,1222.0
2025-11-20,755.0
2025-11-21,2270.0
2025-11-24,1775.0
2025-11-25,2260.0
2025-11-26,1986.0
2025-11-28,1725.0
2025-12-01,1075.0
2025-12-02,1385.0
2025-12-03,1981.0
2025-12-04,1376.0
2025-12-05,1375.0
2025-12-08,1069.0
2025-12-09,1537.0
2025-12-10,1999.0
2025-12-11,1898.0
2025-12-12,1000.0
2025-12-15,1413.0
2025-12-16,1123.0
2025-12-17,1239.0
2025-12-18,1790.0
2025-12-19,1502.0
2025-12-22,1786.0
2025-12-23,1201.0
2025-12-24,1669.0
2025-12-26,1428.0
2025-12-29,1116.0
2025-12-30,1367.0
2025-12-31,823.0
2026-01-02,1933.0
2026-01-05,1943.0
2026-01-06,1826.0
2026-01-07,1109.0
2026-01-08,1927.0
2026-01-09,1795.0
2026-01-12,1588.0
2026-01-13,1521.0
2026-01-14,1783.0
2026-01-15,1905.0
2026-01-16,1234.0
2026-01-20,676.0
2026-01-21,2197.0
2026-01-22,1780.0
2026-01-23,1163.0
2026-01-26,1448.0
2026-01-27,1521.0
2026-01-28,1176.0
2026-01-29,1533.0
2026-01-30,1177.0
2026-02-02,1674.0
2026-02-03,1463.0
2026-02-04,1638.0
2026-02-05,942.0
2026-02-06,2223.0
2026-02-09,1641.0
2026-02-10,1773.0
2026-02-11,1520.0
2026-02-12,939.0
2026-02-13,1996.0
2026-02-17,1490.0
2026-02-18,1605.0
2026-02-19,1352.0
2026-02-20,1662.0
2026-02-23,785.0
2026-02-24,1803.0
2026-02-25,1602.0
2026-02-26,1621.0
2026-02-27,1149.0
2026-03-02,1546.0
2026-03-03,707.0
2026-03-04,1788.0
2026-03-05,808.0
2026-03-06,667.0
2026-03-09,1213.0
2026-03-10,1397.0
2026-03-11,996.0
2026-03-12,678.0
2026-03-13,1162.0
2026-03-16,1895.0
2026-03-17,1899.0
2026-03-18,647.0
2026-03-19,1321.0
2026-03-20,621.0
2026-03-23,2265.0
2026-03-24,1549.0
2026-03-25,1923.0
2026-03-26,936.0
2026-03-27,675.0
2026-03-30,1380.0
2026-03-31,2169.0
2026-04-01,1844.0
2026-04-02,1658.0
2026-04-06,1721.0
2026-04-07,1821.0
2026-04-08,2357.0
2026-04-09,1757.0
2026-04-10,1307.0
2026-04-13,1946.0
2026-04-14,1862.0
2026-04-15,1572.0
2026-04-16,1463.0
2026-04-17,2166.0
2026-04-20,1536.0
2026-04-21,945.0
2026-04-22,1547.0
2026-04-23,1309.0
2026-04-24,1563.0
2026-04-27,1550.0
2026-04-28,1241.0
2026-04-29,887.0
2026-04-30,2222.0
2026-05-01,1369.0
2026-05-04,902.0
2026-05-05,1922.0
2026-05-06,1864.0
2026-05-07,1075.0
2026-05-08,1661.0
2026-05-11,1156.0
2026-05-12,1155.0
2026-05-13,1137.0
2026-05-14,1701.0
2026-05-15,695.0
2026-05-18,1653.0
2026-05-19,915.0
2026-05-20,2103.0
2026-05-21,1528.0
2026-05-22,1611.0
2026-05-26,1881.0
2026-05-27,1528.0
2026-05-28,1629.0
2026-05-29,1248.0
2026-06-01,1359.0
2026-06-02,1530.0
2026-06-03,774.0
2026-06-04,1892.0
2026-06-05,847.0
2026-06-08,1378.0
2026-06-09,1756.0
2026-06-10,1113.0
2026-06-11,2041.0
2026-06-12,1835.0
2026-06-15,1582.0
2026-06-16,1508.0
2026-06-17,908.0
2026-06-18,1802.0
2026-06-22,1167.0
2026-06-23,1425.0
2026-06-24,1552.0
2026-06-25,1546.0
2026-06-26,1802.0
2026-06-29,1575.0
2026-06-30,1380.0
2026-07-01,1627.0
2026-07-02,1709.0
2026-07-06,1614.0
2026-07-07,1190.0
2026-07-08,913.0
2026-07-09,1795.0
2026-07-10,1634.0
2026-07-13,1243.0
2026-07-14,1673.0
2026-07-15,1721.0
2026-07-16,1531.0
2026-07-17,1049.0
2026-07-20,1079.0
2026-07-21,1551.0
2026-07-22,1246.0
2026-07-23,828.0
2026-07-24,1684.0
2026-07-27,1757.0
2026-07-28,1746.0
2026-07-29,924.0
2026-07-30,1578.0
2026-07-31,1321.0
2026-08-03,1953.0
2026-08-04,1869.0
2026-08-05,1186.0
2026-08-06,1166.0
2026-08-07,1833.0
2026-08-10,1128.0
2026-08-11,1496.0
2026-08-12,1545.0
2026-08-13,1808.0
2026-08-14,1496.0
2026-08-17,924.0
2026-08-18,1034.0
2026-08-19,1801.0
2026-08-20,990.0
