date,high,low,close
1971-04-05,0.0,0.0,0.0
2009-08-25,1199.0,-1094.0,265.0
2009-08-26,1258.0,-1197.0,588.0
2009-08-27,1354.0,-1062.0,366.0
2009-08-28,1055.0,-1155.0,10.0
2009-08-31,971.0,-1049.0,-77.0
2009-09-01,999.0,-1435.0,-611.0
2009-09-02,1052.0,-1168.0,-473.0
2009-09-03,1031.0,-1018.0,434.0
2009-09-04,1485.0,-1012.0,294.0
2009-09-08,1168.0,-726.0,355.0
2009-09-09,1175.0,-1238.0,398.0
2009-09-10,1373.0,-905.0,494.0
2009-09-11,1097.0,-1009.0,199.0
2009-09-14,1229.0,-876.0,90.0
2009-09-15,1045.0,-832.0,107.0
2009-09-16,1233.0,-583.0,728.0
2009-09-17,1264.0,-1051.0,396.0
2009-09-18,1038.0,-1040.0,-161.0
2009-09-21,1081.0,-953.0,380.0
2009-09-22,1132.0,-740.0,285.0
2009-09-23,1316.0,-1329.0,-206.0
2009-09-24,1108.0,-1221.0,-188.0
2009-09-25,1118.0,-1209.0,-189.0
2009-09-28,1245.0,-824.0,201.0
2009-09-29,1042.0,-1082.0,-128.0
2009-09-30,1427.0,-1306.0,-238.0
2009-10-01,837.0,-1339.0,-729.0
2009-10-02,1127.0,-1003.0,-173.0
2009-10-05,1390.0,-967.0,599.0
2009-10-06,1291.0,-1193.0,445.0
2009-10-07,1107.0,-938.0,461.0
2009-10-08,1111.0,-992.0,237.0
2009-10-09,1038.0,-869.0,325.0
2009-10-12,863.0,-1228.0,264.0
2009-10-13,1176.0,-1029.0,465.0
2009-10-14,1079.0,-782.0,386.0
2009-10-15,995.0,-851.0,379.0
2009-10-16,1172.0,-973.0,213.0
2009-10-19,959.0,-783.0,72.0
2009-10-20,969.0,-1095.0,94.0
2009-10-21,1060.0,-1360.0,-62.0
2009-10-22,1214.0,-1109.0,450.0
2009-10-23,832.0,-1168.0,-168.0
2009-10-26,1216.0,-1632.0,-15.0
2009-10-27,1043.0,-1213.0,221.0
2009-10-28,955.0,-1348.0,-500.0
2009-10-29,1184.0,-939.0,-43.0
2009-10-30,856.0,-1330.0,-570.0
2009-11-02,1206.0,-1563.0,-283.0
2009-11-03,1133.0,-1122.0,472.0
2009-11-04,1266.0,-1257.0,-251.0
2009-11-05,1189.0,-957.0,298.0
2009-11-06,1300.0,-1093.0,437.0
2009-11-09,1090.0,-552.0,478.0
2009-11-10,1102.0,-1018.0,338.0
2009-11-11,1282.0,-1081.0,457.0
2009-11-12,1007.0,-1267.0,-92.0
2009-11-13,1245.0,-1151.0,407.0
2009-11-16,1191.0,-1040.0,466.0
2009-11-17,1242.0,-950.0,220.0
2009-11-18,1052.0,-1044.0,370.0
2009-11-19,1005.0,-1202.0,68.0
2009-11-20,1197.0,-1064.0,-57.0
2009-11-23,1086.0,-1136.0,732.0
2009-11-24,1107.0,-1138.0,161.0
2009-11-25,1086.0,-737.0,161.0
2009-11-27,1225.0,-1017.0,-869.0
2009-11-30,1355.0,-1219.0,-15.0
2009-12-01,1154.0,-882.0,817.0
2009-12-02,1245.0,-1190.0,417.0
2009-12-03,1097.0,-1286.0,-123.0
2009-12-04,1157.0,-1406.0,275.0
2009-12-07,1055.0,-1115.0,-129.0
2009-12-08,1139.0,-1183.0,-37.0
2009-12-09,1185.0,-1054.0,164.0
2009-12-10,1124.0,-1003.0,442.0
2009-12-11,1093.0,-894.0,815.0
2009-12-14,1138.0,-700.0,547.0
2009-12-15,975.0,-954.0,261.0
2009-12-16,826.0,-1114.0,92.0
2009-12-17,830.0,-1206.0,57.0
2009-12-18,818.0,-1061.0,436.0
2009-12-21,831.0,-829.0,-32.0
2009-12-22,855.0,-645.0,-111.0
2009-12-23,1179.0,-783.0,705.0
2009-12-24,941.0,-298.0,931.0
2009-12-28,1022.0,-730.0,523.0
2009-12-29,667.0,-549.0,-333.0
2009-12-30,924.0,-785.0,318.0
2009-12-31,914.0,-1180.0,-653.0
2010-01-04,907.0,-653.0,432.0
2010-01-05,1124.0,-832.0,385.0
2010-01-06,1013.0,-852.0,191.0
2010-01-07,1049.0,-890.0,504.0
2010-01-08,1014.0,-560.0,832.0
2010-01-11,982.0,-1009.0,213.0
2010-01-12,835.0,-1122.0,54.0
2010-01-13,1019.0,-924.0,470.0
2010-01-14,1058.0,-651.0,444.0
2010-01-15,847.0,-1083.0,-158.0
2010-01-19,1087.0,-596.0,283.0
2010-01-20,989.0,-1090.0,-246.0
2010-01-21,942.0,-1369.0,-382.0
2010-01-22,914.0,-1412.0,-585.0
2010-01-25,775.0,-1095.0,5.0
2010-01-26,1025.0,-1229.0,-210.0
2010-01-27,1339.0,-1039.0,269.0
2010-01-28,1053.0,-1178.0,-191.0
2010-01-29,1114.0,-1207.0,-706.0
2010-02-01,948.0,-963.0,532.0
2010-02-02,1192.0,-747.0,462.0
2010-02-03,1169.0,-961.0,197.0
2010-02-04,690.0,-1359.0,-635.0
2010-02-05,1318.0,-1361.0,280.0
2010-02-08,1053.0,-1155.0,-582.0
2010-02-09,1262.0,-1207.0,15.0
2010-02-10,1159.0,-1152.0,2.0
2010-02-11,1235.0,-893.0,379.0
2010-02-12,1382.0,-1104.0,935.0
2010-02-16,1271.0,-739.0,390.0
2010-02-17,1040.0,-994.0,489.0
2010-02-18,1200.0,-616.0,433.0
2010-02-19,1407.0,-719.0,-225.0
2010-02-22,995.0,-967.0,297.0
2010-02-23,1055.0,-1064.0,-131.0
2010-02-24,1132.0,-912.0,321.0
2010-02-25,1229.0,-1032.0,1011.0
2010-02-26,1037.0,-889.0,-238.0
2010-03-01,1020.0,-773.0,107.0
2010-03-02,1290.0,-963.0,495.0
2010-03-03,1039.0,-1213.0,38.0
2010-03-04,1246.0,-923.0,136.0
2010-03-05,1270.0,-590.0,435.0
2010-03-08,726.0,-858.0,-200.0
2010-03-09,1091.0,-1148.0,230.0
2010-03-10,1292.0,-1138.0,190.0
2010-03-11,1132.0,-875.0,296.0
2010-03-12,1180.0,-872.0,489.0
2010-03-15,1093.0,-1238.0,222.0
2010-03-16,1232.0,-824.0,398.0
2010-03-17,1331.0,-991.0,521.0
2010-03-18,1041.0,-922.0,234.0
2010-03-19,926.0,-1309.0,46.0
2010-03-22,1254.0,-712.0,429.0
2010-03-23,1195.0,-960.0,383.0
2010-03-24,931.0,-1216.0,-117.0
2010-03-25,1102.0,-1456.0,-503.0
2010-03-26,938.0,-1205.0,-19.0
2010-03-29,879.0,-951.0,506.0
2010-03-30,1058.0,-1138.0,312.0
2010-03-31,942.0,-1080.0,-23.0
2010-04-01,1066.0,-1041.0,775.0
2010-04-05,948.0,-593.0,706.0
2010-04-06,1160.0,-645.0,372.0
2010-04-07,976.0,-1418.0,309.0
2010-04-08,1022.0,-766.0,80.0
2010-04-09,915.0,-910.0,875.0
2010-04-12,967.0,-886.0,334.0
2010-04-13,1163.0,-831.0,197.0
2010-04-14,975.0,-800.0,559.0
2010-04-15,917.0,-813.0,170.0
2010-04-16,1000.0,-1208.0,193.0
2010-04-19,1198.0,-1343.0,253.0
2010-04-20,1064.0,-762.0,786.0
2010-04-21,1174.0,-1009.0,702.0
2010-04-22,1246.0,-904.0,401.0
2010-04-23,1188.0,-705.0,513.0
2010-04-26,833.0,-1112.0,-270.0
2010-04-27,1005.0,-1439.0,-206.0
2010-04-28,948.0,-1103.0,310.0
2010-04-29,1154.0,-691.0,559.0
2010-04-30,828.0,-1322.0,-593.0
2010-05-03,1139.0,-927.0,333.0
2010-05-04,901.0,-1262.0,-246.0
2010-05-05,1153.0,-1291.0,-246.0
2010-05-06,924.0,-1670.0,-192.0
2010-05-07,1327.0,-1433.0,-293.0
2010-05-10,1123.0,-1217.0,625.0
2010-05-11,1431.0,-1257.0,93.0
2010-05-12,1214.0,-844.0,357.0
2010-05-13,1156.0,-1276.0,-478.0
2010-05-14,1199.0,-1449.0,587.0
2010-05-17,1307.0,-1649.0,263.0
2010-05-18,1047.0,-1515.0,-20.0
2010-05-19,1262.0,-1419.0,-304.0
2010-05-20,1220.0,-1476.0,-609.0
2010-05-21,1423.0,-1387.0,641.0
2010-05-24,1221.0,-1307.0,-362.0
2010-05-25,1537.0,-1062.0,545.0
2010-05-26,1262.0,-1542.0,-157.0
2010-05-27,1354.0,-1166.0,1080.0
2010-05-28,1345.0,-1363.0,-392.0
2010-06-01,1324.0,-1428.0,-679.0
2010-06-02,1207.0,-1027.0,827.0
2010-06-03,1237.0,-1282.0,302.0
2010-06-04,1008.0,-1609.0,259.0
2010-06-07,1223.0,-1384.0,-286.0
2010-06-08,1368.0,-1366.0,229.0
2010-06-09,1416.0,-1497.0,-327.0
2010-06-10,1229.0,-1078.0,898.0
2010-06-11,1470.0,-1166.0,602.0
2010-06-14,1213.0,-1296.0,78.0
2010-06-15,1308.0,-837.0,537.0
2010-06-16,1531.0,-1216.0,304.0
2010-06-17,1361.0,-1188.0,118.0
2010-06-18,1116.0,-1011.0,136.0
2010-06-21,1128.0,-1343.0,295.0
2010-06-22,1196.0,-1378.0,-212.0
2010-06-23,1401.0,-1317.0,85.0
2010-06-24,1332.0,-1250.0,-92.0
2010-06-25,1455.0,-1156.0,496.0
2010-06-28,1273.0,-1189.0,-319.0
2010-06-29,969.0,-1289.0,-178.0
2010-06-30,1125.0,-1227.0,-497.0
2010-07-01,1340.0,-1509.0,-45.0
2010-07-02,1328.0,-1276.0,-392.0
2010-07-06,1162.0,-1333.0,388.0
2010-07-07,1527.0,-829.0,820.0
2010-07-08,1353.0,-1223.0,812.0
2010-07-09,1316.0,-825.0,614.0
2010-07-12,1234.0,-1258.0,142.0
2010-07-13,1273.0,-911.0,21.0
2010-07-14,1412.0,-1354.0,345.0
2010-07-15,1816.0,-1424.0,143.0
2010-07-16,1233.0,-1200.0,-144.0
2010-07-19,1293.0,-1144.0,-123.0
2010-07-20,1545.0,-824.0,460.0
2010-07-21,1238.0,-1379.0,-14.0
2010-07-22,1414.0,-935.0,803.0
2010-07-23,1636.0,-952.0,661.0
2010-07-26,1356.0,-808.0,760.0
2010-07-27,1257.0,-1076.0,-108.0
2010-07-28,1026.0,-1213.0,110.0
2010-07-29,1297.0,-1370.0,323.0
2010-07-30,1497.0,-993.0,-94.0
2010-08-02,1265.0,-857.0,509.0
2010-08-03,1169.0,-976.0,44.0
2010-08-04,1093.0,-1090.0,256.0
2010-08-05,1200.0,-872.0,-57.0
2010-08-06,1283.0,-1283.0,332.0
2010-08-09,1086.0,-775.0,482.0
2010-08-10,1389.0,-1204.0,-112.0
2010-08-11,847.0,-1281.0,-489.0
2010-08-12,1270.0,-1200.0,-367.0
2010-08-13,1034.0,-1080.0,-55.0
2010-08-16,1291.0,-1166.0,260.0
2010-08-17,1170.0,-764.0,237.0
2010-08-18,1379.0,-1077.0,-21.0
2010-08-19,1407.0,-1287.0,-707.0
2010-08-20,1244.0,-1290.0,181.0
2010-08-23,1359.0,-1184.0,-666.0
2010-08-24,1283.0,-1161.0,-323.0
2010-08-25,1246.0,-1180.0,-24.0
2010-08-26,1239.0,-1357.0,-497.0
2010-08-27,1342.0,-1166.0,511.0
2010-08-30,1038.0,-1276.0,-698.0
2010-08-31,1356.0,-1277.0,196.0
2010-09-01,1286.0,-881.0,369.0
2010-09-02,1307.0,-737.0,666.0
2010-09-03,1582.0,-974.0,629.0
2010-09-07,959.0,-1248.0,85.0
2010-09-08,943.0,-1177.0,489.0
2010-09-09,918.0,-1213.0,196.0
2010-09-10,1210.0,-1013.0,706.0
2010-09-13,1198.0,-1040.0,309.0
2010-09-14,1194.0,-1088.0,-463.0
2010-09-15,1151.0,-992.0,159.0
2010-09-16,1017.0,-958.0,226.0
2010-09-17,1079.0,-1030.0,-13.0
2010-09-20,1262.0,-776.0,404.0
2010-09-21,1373.0,-1217.0,-41.0
2010-09-22,1018.0,-1031.0,312.0
2010-09-23,1218.0,-1266.0,94.0
2010-09-24,1295.0,-597.0,580.0
2010-09-27,1117.0,-991.0,427.0
2010-09-28,1442.0,-1129.0,275.0
2010-09-30,1193.0,-1200.0,-449.0
2010-10-01,22016099000.0,-547.0,90.0
2010-10-04,518.0,-628.0,-31.0
2010-10-05,675.0,-322.0,94.0
2010-10-06,332.0,-377.0,-33.0
2010-10-07,9634452900.0,-623.0,70.0
2010-10-08,554.0,-383.0,122.0
2010-10-11,434.0,-328.0,55.0
2010-10-12,634.0,-536.0,-27.0
2010-10-13,117675770.0,-394.0,-30.0
2010-10-14,1423.0,-492.0,100.0
2010-10-15,503.0,-629.0,23.0
2010-10-18,652.0,-302.0,171.0
2010-10-19,570.0,-744.0,66.0
2010-10-20,1797251.0,-498.0,-60.0
2010-10-21,436602.0,-626.0,-10.0
2010-10-22,464.0,-348.0,-13.0
2010-10-25,467.0,-622.0,74.0
2010-10-26,564.0,-422.0,113.0
2010-10-27,497.0,-472.0,-169.0
2010-10-28,603.0,-433.0,51.0
2010-10-29,438.0,-355.0,14.0
2010-11-01,588.0,-652.0,112.0
2010-11-02,595.0,-413.0,14.0
2010-11-03,421.0,-339.0,236.0
2010-11-04,11556.0,-138.0,101.0
2010-11-05,9223163.0,-275.0,154.0
2010-11-08,277630420.0,-422.0,88.0
2010-11-09,1710106.0,-313.0,39.0
2010-11-10,456.0,-329.0,95.0
2010-11-11,83716630.0,-303.0,11.0
2010-11-12,347.0,-635.0,9.0
2010-11-15,536.0,-318.0,146.0
2010-11-16,316.0,-635.0,147.0
2010-11-17,254.0,-305.0,-55.0
2010-11-18,611.0,-202.0,75.0
2010-11-19,506.0,-222.0,185.0
2010-11-22,319.0,-577.0,88.0
2010-11-23,386.0,-557.0,52.0
2010-11-24,621.0,-189.0,33.0
2010-11-26,352.0,-688.0,15.0
2010-11-29,533234240.0,-445.0,47.0
2010-11-30,311.0,-636.0,15.0
2010-12-01,603.0,-194.0,-43.0
2010-12-02,62169770.0,-175.0,97.0
2010-12-03,166518010.0,-685.0,135.0
2010-12-06,28530340.0,-475.0,-69.0
2010-12-07,473.0,-334.0,77.0
2010-12-08,249.0,-293.0,-257.0
2010-12-09,750.0,-257.0,371.0
2010-12-10,371.0,-39795.0,-49.0
2010-12-13,368.0,-195.0,84.0
2010-12-14,224.0,-254.0,-84.0
2010-12-15,2731556800.0,-514.0,-101.0
2010-12-16,726793900.0,-199.0,76.0
2010-12-17,1624.0,-208.0,-39.0
2010-12-20,338364440.0,-310.0,-57.0
2010-12-21,507.0,-162.0,162.0
2010-12-22,782256.0,-148.0,16.0
2010-12-23,258.0,-408.0,-167.0
2010-12-27,355.0,-368.0,-54.0
2010-12-28,647214.0,-321.0,-59.0
2010-12-29,199432.0,-160.0,96.0
2010-12-30,238.0,-1793174.0,37.0
2010-12-31,291001370.0,-424.0,96.0
2011-01-03,700.0,-204.0,63.0
2011-01-04,79324070.0,-230.0,116.0
2011-01-05,655.0,-481.0,195.0
2011-01-06,330033.0,-267.0,131.0
2011-01-07,460.0,-258.0,213.0
2011-01-10,586.0,-362.0,181.0
2011-01-11,21692.0,-328.0,18.0
2011-01-12,370.0,-200.0,29.0
2011-01-13,464.0,-305.0,102.0
2011-01-14,661.0,-241.0,-15.0
2011-01-18,491134370.0,-234.0,-91.0
2011-01-19,191.0,-336.0,18.0
2011-01-20,305.0,-469.0,-36.0
2011-01-21,334.0,-326.0,-108.0
2011-01-24,321.0,-202.0,-48.0
2011-01-25,322.0,-330.0,142.0
2011-01-26,327.0,-217.0,-51.0
2011-01-27,7540380.0,-193.0,247.0
2011-01-28,247.0,-491.0,-50.0
2011-01-31,344271530.0,-198.0,194.0
2011-02-01,673.0,-153.0,-33.0
2011-02-02,418.0,-274.0,108.0
2011-02-03,734910.0,-266.0,138.0
2011-02-04,14726648000.0,-286.0,132.0
2011-02-07,2803445900.0,-232.0,139.0
2011-02-08,146400850.0,-221.0,298.0
2011-02-09,354.0,-259.0,123.0
2011-02-10,596.0,-563564.0,97.0
2011-02-11,596.0,-377.0,218.0
2011-02-14,235.0,-172.0,63.0
2011-02-15,153227430.0,-576.0,-208.0
2011-02-16,505.0,-329.0,114.0
2011-02-17,1131.0,-200.0,46.0
2011-02-18,139278290.0,-209.0,179.0
2011-02-22,281559940.0,-398.0,-83.0
2011-02-23,454.0,-398.0,-138.0
2011-02-24,455.0,-434.0,218.0
2011-02-25,417.0,-304.0,68.0
2011-02-28,563.0,-388.0,138.0
2011-03-01,365.0,-490.0,-248.0
2011-03-02,562.0,-420.0,274.0
2011-03-03,615.0,-283.0,329.0
2011-03-04,460.0,-421.0,166.0
2011-03-07,487.0,-552.0,-349.0
2011-03-08,478.0,-378.0,328.0
2011-03-09,451.0,-431.0,-10.0
2011-03-10,502.0,-473.0,-78.0
2011-03-11,412.0,-406.0,-175.0
2011-03-14,504.0,-455.0,32.0
2011-03-15,572.0,-447.0,75.0
2011-03-16,478.0,-748.0,34.0
2011-03-17,368.0,-404.0,126.0
2011-03-18,372.0,-405.0,-4.0
2011-03-21,548.0,-367.0,-33.0
2011-03-22,381.0,-331.0,-150.0
2011-03-23,496.0,-469.0,337.0
2011-03-24,427.0,-418.0,-62.0
2011-03-25,401.0,-324.0,19.0
2011-03-28,344.0,-413.0,-75.0
2011-03-29,539.0,-372.0,317.0
2011-03-30,381.0,-330.0,38.0
2011-03-31,402.0,-275.0,-56.0
2011-04-01,589.0,-351.0,237.0
2011-04-04,346.0,-313.0,-9.0
2011-04-05,388.0,-408.0,22.0
2011-04-06,290.0,-300.0,11.0
2011-04-07,399.0,-646.0,-153.0
2011-04-08,313.0,-459.0,-109.0
2011-04-11,338.0,-443.0,-291.0
2011-04-12,417.0,-387.0,118.0
2011-04-13,463.0,-425.0,14.0
2011-04-14,398.0,-416.0,30.0
2011-04-15,451.0,-353.0,267.0
2011-04-18,418.0,-449.0,21.0
2011-04-19,362.0,-374.0,204.0
2011-04-20,538.0,-285.0,193.0
2011-04-21,432.0,-338.0,372.0
2011-04-25,291.0,-325.0,131.0
2011-04-26,364.0,-217.0,-15.0
2011-04-27,412.0,-217.0,333.0
2011-04-28,515.0,-258.0,186.0
2011-04-29,355.0,-205.0,13.0
2011-05-02,342.0,-411.0,-184.0
2011-05-03,351.0,-380.0,95.0
2011-05-04,452.0,-423.0,35.0
2011-05-05,499.0,-650.0,-42.0
2011-05-06,457.0,-582.0,-13.0
2011-05-09,483.0,-415.0,311.0
2011-05-10,555.0,-278.0,198.0
2011-05-11,328.0,-550.0,152.0
2011-05-12,507.0,-412.0,342.0
2011-05-13,387.0,-719.0,100.0
2011-05-16,415.0,-486.0,-102.0
2011-05-17,471.0,-550.0,97.0
2011-05-18,573.0,-363.0,243.0
2011-05-19,515.0,-438.0,28.0
2011-05-20,429.0,-455.0,-10.0
2011-05-23,431.0,-345.0,56.0
2011-05-24,442.0,-498.0,-86.0
2011-05-25,515.0,-379.0,73.0
2011-05-26,509.0,-431.0,187.0
2011-05-27,398.0,-346.0,156.0
2011-05-31,619.0,-685.0,206.0
2011-06-01,485.0,-526.0,181.0
2011-06-02,563.0,-536.0,48.0
2011-06-03,393.0,-362.0,-36.0
2011-06-06,415.0,-527.0,-81.0
2011-06-07,393.0,-503.0,-39.0
2011-06-08,584.0,-493.0,-98.0
2011-06-09,420.0,-328.0,71.0
2011-06-10,684.0,-451.0,71.0
2011-06-13,522.0,-409.0,19.0
2011-06-14,450.0,-375.0,150.0
2011-06-15,423.0,-605.0,25.0
2011-06-16,510.0,-566.0,38.0
2011-06-17,464.0,-552.0,151.0
2011-06-20,438.0,-410.0,-5.0
2011-06-21,457.0,-436.0,121.0
2011-06-22,441.0,-470.0,71.0
2011-06-23,847.0,-554.0,36.0
2011-06-24,615.0,-597.0,229.0
2011-06-27,405.0,-319.0,39.0
2011-06-28,586.0,-310.0,175.0
2011-06-29,396.0,-529.0,-147.0
2011-06-30,426.0,-273.0,19.0
2011-07-01,607.0,-256.0,141.0
2011-07-05,358.0,-476.0,148.0
2011-07-06,834.0,-346.0,161.0
2011-07-07,404.0,-290.0,108.0
2011-07-08,407.0,-487.0,103.0
2011-07-11,426.0,-433.0,141.0
2011-07-12,576.0,-493.0,73.0
2011-07-13,484.0,-494.0,57.0
2011-07-14,648.0,-603.0,-158.0
2011-07-15,549.0,-498.0,134.0
2011-07-18,444.0,-513.0,255.0
2011-07-19,654.0,-455.0,222.0
2011-07-20,329.0,-447.0,-107.0
2011-07-21,566.0,-397.0,221.0
2011-07-22,454.0,-495.0,303.0
2011-07-25,401.0,-403.0,-53.0
2011-07-26,1111.0,-425.0,398.0
2011-07-27,386.0,-572.0,-14.0
2011-07-28,389.0,-491.0,5.0
2011-07-29,614.0,-457.0,137.0
2011-08-01,545.0,-607.0,116.0
2011-08-02,372.0,-534.0,106.0
2011-08-03,732.0,-659.0,173.0
2011-08-04,508.0,-745.0,-405.0
2011-08-05,739.0,-890.0,-46.0
2011-08-08,628.0,-748.0,-190.0
2011-08-09,1037.0,-960.0,503.0
2011-08-10,700.0,-815.0,-181.0
2011-08-11,752.0,-642.0,10.0
2011-08-12,559.0,-584.0,90.0
2011-08-15,544.0,-515.0,109.0
2011-08-16,671.0,-689.0,22.0
2011-08-17,474.0,-573.0,16.0
2011-08-18,533.0,-797.0,-7.0
2011-08-19,784.0,-634.0,145.0
2011-08-22,743.0,-633.0,-37.0
2011-08-23,892.0,-584.0,71.0
2011-08-24,692.0,-581.0,357.0
2011-08-25,503.0,-683.0,103.0
2011-08-26,798.0,-611.0,106.0
2011-08-29,890.0,-347.0,25.0
2011-08-30,644.0,-560.0,128.0
2011-08-31,585.0,-689.0,98.0
2011-09-01,799.0,-687.0,-6.0
2011-09-02,559.0,-701.0,-34.0
2011-09-06,567.0,-490.0,89.0
2011-09-07,1135.0,-387.0,426.0
2011-09-08,501.0,-670.0,-8.0
2011-09-09,584.0,-719.0,-186.0
2011-09-12,806.0,-562.0,512.0
2011-09-13,495.0,-603.0,164.0
2011-09-14,627.0,-731.0,-129.0
2011-09-15,738.0,-461.0,376.0
2011-09-16,560.0,-608.0,-120.0
2011-09-19,680.0,-522.0,146.0
2011-09-20,494.0,-685.0,48.0
2011-09-21,500.0,-897.0,-464.0
2011-09-22,648.0,-643.0,136.0
2011-09-23,519.0,-477.0,92.0
2011-09-26,614.0,-528.0,215.0
2011-09-27,749.0,-564.0,-20.0
2011-09-28,572.0,-776.0,-506.0
2011-09-29,842.0,-682.0,315.0
2011-09-30,598.0,-814.0,43.0
2011-10-03,541.0,-726.0,-117.0
2011-10-04,1227.0,-657.0,359.0
2011-10-05,659.0,-536.0,371.0
2011-10-06,1098.0,-450.0,688.0
2011-10-07,692.0,-781.0,-139.0
2011-10-10,939.0,-606.0,355.0
2011-10-11,559.0,-498.0,-47.0
2011-10-12,523.0,-544.0,-52.0
2011-10-13,548.0,-504.0,128.0
2011-10-14,567.0,-455.0,140.0
2011-10-17,767.0,-560.0,-297.0
2011-10-18,806.0,-517.0,151.0
2011-10-19,559.0,-650.0,-148.0
2011-10-20,691.0,-703.0,210.0
2011-10-21,553.0,-576.0,158.0
2011-10-24,558.0,-409.0,-151.0
2011-10-25,715.0,-609.0,-119.0
2011-10-26,665.0,-719.0,329.0
2011-10-27,568.0,-604.0,148.0
2011-10-28,474.0,-521.0,-120.0
2011-10-31,455.0,-868.0,-115.0
2011-11-01,663.0,-626.0,-63.0
2011-11-02,623.0,-640.0,195.0
2011-11-03,611.0,-706.0,47.0
2011-11-04,575.0,-515.0,310.0
2011-11-07,566.0,-546.0,242.0
2011-11-08,594.0,-674.0,26.0
2011-11-09,524.0,-692.0,-101.0
2011-11-10,592.0,-585.0,204.0
2011-11-11,803.0,-371.0,432.0
2011-11-14,516.0,-604.0,133.0
2011-11-15,560.0,-526.0,205.0
2011-11-16,506.0,-687.0,-362.0
2011-11-17,890.0,-765.0,98.0
2011-11-18,533.0,-496.0,-68.0
2011-11-21,467.0,-579.0,-114.0
2011-11-22,564.0,-549.0,-240.0
2011-11-23,476.0,-522.0,-282.0
2011-11-25,570.0,-531.0,-220.0
2011-11-28,497.0,-612.0,73.0
2011-11-29,507.0,-522.0,-29.0
2011-11-30,530.0,-376.0,186.0
2011-12-01,430.0,-499.0,-14.0
2011-12-02,367.0,-440.0,-119.0
2011-12-05,548.0,-541.0,147.0
2011-12-06,480.0,-470.0,133.0
2011-12-07,511.0,-430.0,-100.0
2011-12-08,488.0,-489.0,16.0
2011-12-09,481.0,-444.0,331.0
2011-12-12,536.0,-469.0,214.0
2011-12-13,436.0,-663.0,226.0
2011-12-14,507.0,-526.0,27.0
2011-12-15,489.0,-499.0,67.0
2011-12-16,425.0,-698.0,-19.0
2011-12-19,375.0,-529.0,87.0
2011-12-20,543.0,-355.0,133.0
2011-12-21,540.0,-500.0,-96.0
2011-12-22,519.0,-443.0,103.0
2011-12-23,478.0,-294.0,259.0
2011-12-27,375.0,-338.0,195.0
2011-12-28,399.0,-491.0,-13.0
2011-12-29,407.0,-406.0,204.0
2011-12-30,389.0,-417.0,172.0
2012-01-03,468.0,-458.0,-200.0
2012-01-04,389.0,-482.0,113.0
2012-01-05,520.0,-417.0,75.0
2012-01-06,425.0,-451.0,181.0
2012-01-09,393.0,-401.0,-17.0
2012-01-10,516.0,-390.0,158.0
2012-01-11,488.0,-351.0,43.0
2012-01-12,303.0,-435.0,120.0
2012-01-13,455.0,-469.0,131.0
2012-01-17,340.0,-458.0,-100.0
2012-01-18,453.0,-228.0,221.0
2012-01-19,277.0,-288.0,77.0
2012-01-20,433.0,-262.0,122.0
2012-01-23,403.0,-397.0,89.0
2012-01-24,476.0,-265.0,248.0
2012-01-25,521.0,-308.0,172.0
2012-01-26,422.0,-442.0,-22.0
2012-01-27,465.0,-428.0,266.0
2012-01-30,503.0,-390.0,30.0
2012-01-31,496.0,-483.0,96.0
2012-02-01,458.0,-320.0,247.0
2012-02-02,367.0,-359.0,-57.0
2012-02-03,618.0,-323.0,249.0
2012-02-06,474.0,-313.0,203.0
2012-02-07,377.0,-335.0,76.0
2012-02-08,426.0,-414.0,125.0
2012-02-09,425.0,-485.0,-37.0
2012-02-10,338.0,-391.0,77.0
2012-02-13,541.0,-482.0,350.0
2012-02-14,448.0,-463.0,155.0
2012-02-15,562.0,-492.0,35.0
2012-02-16,509.0,-474.0,76.0
2012-02-17,277.0,-349.0,-3.0
2012-02-21,324.0,-475.0,34.0
2012-02-22,429.0,-402.0,-91.0
2012-02-23,505.0,-322.0,75.0
2012-02-24,388.0,-377.0,47.0
2012-02-27,613.0,-367.0,-18.0
2012-02-28,490.0,-417.0,163.0
2012-02-29,426.0,-651.0,86.0
2012-03-01,623.0,-444.0,281.0
2012-03-02,437.0,-583.0,-20.0
2012-03-05,410.0,-451.0,128.0
2012-03-06,297.0,-388.0,9.0
2012-03-07,381.0,-349.0,128.0
2012-03-08,482.0,-396.0,78.0
2012-03-09,554.0,-382.0,-12.0
2012-03-12,427.0,-441.0,139.0
2012-03-13,941.0,-399.0,572.0
2012-03-14,331.0,-403.0,328.0
2012-03-15,498.0,-402.0,346.0
2012-03-16,310.0,-377.0,125.0
2012-03-19,546.0,-363.0,134.0
2012-03-20,474.0,-347.0,17.0
2012-03-21,361.0,-507.0,-79.0
2012-03-22,430.0,-417.0,188.0
2012-03-23,439.0,-410.0,-228.0
2012-03-26,408.0,-348.0,-304.0
2012-03-27,380.0,-324.0,-94.0
2012-03-28,544.0,-551.0,96.0
2012-03-29,513.0,-466.0,12.0
2012-03-30,488.0,-677.0,-130.0
2012-04-02,559.0,-339.0,-57.0
2012-04-03,455.0,-589.0,40.0
2012-04-04,378.0,-380.0,82.0
2012-04-05,683.0,-466.0,155.0
2012-04-09,536.0,-368.0,-83.0
2012-04-10,377.0,-606.0,135.0
2012-04-11,395.0,-470.0,212.0
2012-04-12,481.0,-314.0,-39.0
2012-04-13,383.0,-528.0,-91.0
2012-04-16,513.0,-523.0,55.0
2012-04-17,440.0,-437.0,178.0
2012-04-18,435.0,-602.0,13.0
2012-04-19,629.0,-647.0,-13.0
2012-04-20,493.0,-426.0,131.0
2012-04-23,619.0,-417.0,90.0
2012-04-24,545.0,-376.0,-36.0
2012-04-25,576.0,-367.0,59.0
2012-04-26,536.0,-319.0,-93.0
2012-04-27,408.0,-469.0,-151.0
2012-04-30,892.0,-509.0,301.0
2012-05-01,550.0,-412.0,71.0
2012-05-02,472.0,-379.0,39.0
2012-05-03,339.0,-579.0,-39.0
2012-05-04,318.0,-480.0,99.0
2012-05-07,441.0,-356.0,122.0
2012-05-08,482.0,-349.0,274.0
2012-05-09,692.0,-437.0,79.0
2012-05-10,508.0,-517.0,-114.0
2012-05-11,482.0,-455.0,217.0
2012-05-14,482.0,-443.0,-74.0
2012-05-15,521.0,-494.0,-61.0
2012-05-16,428.0,-563.0,63.0
2012-05-17,437.0,-489.0,-305.0
2012-05-18,451.0,-472.0,80.0
2012-05-21,655.0,-293.0,-72.0
2012-05-22,537.0,-515.0,202.0
2012-05-23,632.0,-534.0,-121.0
2012-05-24,691.0,-590.0,373.0
2012-05-25,521.0,-496.0,111.0
2012-05-29,679.0,-649.0,265.0
2012-05-30,438.0,-605.0,-37.0
2012-05-31,756.0,-631.0,-384.0
2012-06-01,475.0,-471.0,136.0
2012-06-04,435.0,-380.0,92.0
2012-06-05,512.0,-502.0,368.0
2012-06-06,410.0,-397.0,14.0
2012-06-07,551.0,-504.0,118.0
2012-06-08,773.0,-298.0,102.0
2012-06-11,434.0,-463.0,411.0
2012-06-12,562.0,-428.0,259.0
2012-06-13,464.0,-411.0,340.0
2012-06-14,763.0,-564.0,-64.0
2012-06-15,507.0,-389.0,59.0
2012-06-18,512.0,-472.0,93.0
2012-06-19,383.0,-533.0,-32.0
2012-06-20,638.0,-590.0,270.0
2012-06-21,532.0,-451.0,111.0
2012-06-22,668.0,-803.0,141.0
2012-06-25,473.0,-299.0,-100.0
2012-06-26,411.0,-520.0,22.0
2012-06-27,568.0,-316.0,4.0
2012-06-28,826.0,-483.0,74.0
2012-06-29,745.0,-497.0,-421.0
2012-07-02,500.0,-456.0,13.0
2012-07-03,609.0,-365.0,36.0
2012-07-05,451.0,-403.0,225.0
2012-07-06,406.0,-294.0,96.0
2012-07-09,514.0,-322.0,-129.0
2012-07-10,362.0,-493.0,210.0
2012-07-11,506.0,-455.0,-239.0
2012-07-12,540.0,-359.0,105.0
2012-07-13,431.0,-254.0,213.0
2012-07-16,401.0,-337.0,-48.0
2012-07-17,462.0,-485.0,151.0
2012-07-18,439.0,-417.0,89.0
2012-07-19,312.0,-440.0,201.0
2012-07-20,378.0,-469.0,338.0
2012-07-23,475.0,-283.0,2.0
2012-07-24,447.0,-591.0,-110.0
2012-07-25,433.0,-479.0,140.0
2012-07-26,388.0,-402.0,113.0
2012-07-27,706.0,-340.0,94.0
2012-07-30,444.0,-356.0,71.0
2012-07-31,394.0,-484.0,5.0
2012-08-01,372.0,-548.0,208.0
2012-08-02,425.0,-451.0,203.0
2012-08-03,348.0,-280.0,149.0
2012-08-06,357.0,-325.0,309.0
2012-08-07,506.0,-282.0,101.0
2012-08-08,411.0,-253.0,155.0
2012-08-09,375.0,-310.0,0.0
2012-08-10,341.0,-559.0,83.0
2012-08-13,457.0,-491.0,-47.0
2012-08-14,267.0,-389.0,173.0
2012-08-15,482.0,-364.0,-42.0
2012-08-16,386.0,-244.0,168.0
2012-08-17,305.0,-204.0,-162.0
2012-08-20,415.0,-280.0,1.0
2012-08-21,308.0,-429.0,281.0
2012-08-22,496.0,-422.0,-75.0
2012-08-23,381.0,-417.0,-50.0
2012-08-24,520.0,-349.0,88.0
2012-08-27,535.0,-322.0,169.0
2012-08-28,450.0,-441.0,15.0
2012-08-29,342.0,-347.0,197.0
2012-08-30,277.0,-292.0,92.0
2012-08-31,498.0,-593.0,56.0
2012-09-04,450.0,-423.0,-195.0
2012-09-05,420.0,-378.0,171.0
2012-09-06,427.0,-264.0,44.0
2012-09-07,592.0,-255.0,387.0
2012-09-10,279.0,-263.0,107.0
2012-09-11,275.0,-288.0,157.0
2012-09-12,432.0,-288.0,118.0
2012-09-13,539.0,-433.0,437.0
2012-09-14,732.0,-346.0,155.0
2012-09-17,328.0,-302.0,-63.0
2012-09-18,285.0,-378.0,18.0
2012-09-19,363.0,-383.0,207.0
2012-09-20,435.0,-260.0,27.0
2012-09-21,442.0,-355.0,323.0
2012-09-24,480.0,-339.0,-61.0
2012-09-25,335.0,-729.0,-18.0
2012-09-26,389.0,-380.0,76.0
2012-09-27,565.0,-388.0,-102.0
2012-09-28,628.0,-357.0,494.0
2012-10-01,428.0,-532.0,186.0
2012-10-02,441.0,-550.0,-96.0
2012-10-03,377.0,-494.0,69.0
2012-10-04,578.0,-379.0,-127.0
2012-10-05,336.0,-418.0,120.0
2012-10-08,408.0,-237.0,134.0
2012-10-09,306.0,-485.0,241.0
2012-10-10,462.0,-376.0,294.0
2012-10-11,394.0,-389.0,-201.0
2012-10-12,451.0,-483.0,83.0
2012-10-15,398.0,-345.0,203.0
2012-10-16,575.0,-253.0,-57.0
2012-10-17,334.0,-289.0,-17.0
2012-10-18,411.0,-412.0,22.0
2012-10-19,380.0,-535.0,162.0
2012-10-22,430.0,-412.0,229.0
2012-10-23,460.0,-423.0,-12.0
2012-10-24,514.0,-386.0,158.0
2012-10-25,395.0,-405.0,124.0
2012-10-26,513.0,-435.0,3.0
2012-10-31,517.0,-285.0,-17.0
2012-11-01,655.0,-314.0,318.0
2012-11-02,352.0,-362.0,279.0
2012-11-05,551.0,-318.0,32.0
2012-11-06,488.0,-332.0,142.0
2012-11-07,430.0,-418.0,12.0
2012-11-08,280.0,-705.0,-111.0
2012-11-09,390.0,-491.0,183.0
2012-11-12,210.0,-383.0,-1.0
2012-11-13,424.0,-315.0,88.0
2012-11-14,386.0,-468.0,-137.0
2012-11-15,468.0,-411.0,-26.0
2012-11-16,686.0,-369.0,-140.0
2012-11-19,777.0,-221.0,37.0
2012-11-20,532.0,-510.0,292.0
2012-11-21,617.0,-255.0,26.0
2012-11-23,667.0,-274.0,-224.0
2012-11-26,428.0,-332.0,91.0
2012-11-27,404.0,-383.0,161.0
2012-11-28,598.0,-343.0,36.0
2012-11-29,622.0,-546.0,221.0
2012-11-30,504.0,-363.0,-58.0
2012-12-03,593.0,-425.0,192.0
2012-12-04,429.0,-336.0,104.0
2012-12-05,638.0,-341.0,234.0
2012-12-06,576.0,-302.0,511.0
2012-12-07,312.0,-406.0,41.0
2012-12-10,357.0,-326.0,-95.0
2012-12-11,477.0,-323.0,-56.0
2012-12-12,364.0,-335.0,9.0
2012-12-13,499.0,-324.0,226.0
2012-12-14,553.0,-327.0,79.0
2012-12-17,749.0,-230.0,131.0
2012-12-18,601.0,-218.0,326.0
2012-12-19,383.0,-272.0,311.0
2012-12-20,527.0,-286.0,457.0
2012-12-21,522.0,-367.0,-187.0
2012-12-24,463.0,-191.0,83.0
2012-12-26,386.0,-403.0,-68.0
2012-12-27,508.0,-417.0,80.0
2012-12-28,538.0,-409.0,125.0
2012-12-31,621.0,-377.0,101.0
2013-01-02,674.0,-298.0,73.0
2013-01-03,639.0,-481.0,67.0
2013-01-04,364.0,-241.0,49.0
2013-01-07,606.0,-343.0,185.0
2013-01-08,368.0,-273.0,43.0
2013-01-09,840.0,-289.0,2.0
2013-01-10,518.0,-349.0,-66.0
2013-01-11,511.0,-309.0,245.0
2013-01-14,667.0,-273.0,444.0
2013-01-15,532.0,-289.0,-11.0
2013-01-16,338.0,-256.0,142.0
2013-01-17,370.0,-213.0,183.0
2013-01-18,696.0,-257.0,8.0
2013-01-22,535.0,-184.0,415.0
2013-01-23,553.0,-204.0,-53.0
2013-01-24,312.0,-314.0,89.0
2013-01-25,953.0,-325.0,-45.0
2013-01-28,269.0,-332.0,-47.0
2013-01-29,349.0,-279.0,-173.0
2013-01-30,317.0,-324.0,125.0
2013-01-31,752.0,-457.0,508.0
2013-02-01,453.0,-198.0,20.0
2013-02-04,428.0,-292.0,206.0
2013-02-05,335.0,-228.0,-88.0
2013-02-06,351.0,-297.0,-66.0
2013-02-07,392.0,-345.0,-71.0
2013-02-08,364.0,-209.0,60.0
2013-02-11,413.0,-363.0,35.0
2013-02-12,336.0,-191.0,-26.0
2013-02-13,259.0,-353.0,-26.0
2013-02-14,455.0,-214.0,79.0
2013-02-15,283.0,-335.0,-11.0
2013-02-19,722.0,-155.0,218.0
2013-02-20,534.0,-427.0,455.0
2013-02-21,428.0,-300.0,105.0
2013-02-22,473.0,-312.0,16.0
2013-02-25,367.0,-642.0,139.0
2013-02-26,331.0,-340.0,-58.0
2013-02-27,513.0,-260.0,145.0
2013-02-28,321.0,-540.0,-150.0
2013-03-01,471.0,-306.0,-71.0
2013-03-04,393.0,-318.0,-73.0
2013-03-05,410.0,-264.0,116.0
2013-03-06,338.0,-355.0,77.0
2013-03-07,265.0,-325.0,-45.0
2013-03-08,250.0,-254.0,111.0
2013-03-11,292.0,-246.0,-38.0
2013-03-12,302.0,-230.0,184.0
2013-03-13,399.0,-347.0,172.0
2013-03-14,600.0,-204.0,-40.0
2013-03-15,519.0,-317.0,110.0
2013-03-18,540.0,-472.0,67.0
2013-03-19,604.0,-502.0,36.0
2013-03-20,475.0,-229.0,30.0
2013-03-21,558.0,-363.0,141.0
2013-03-22,575.0,-292.0,98.0
2013-03-25,524.0,-366.0,37.0
2013-03-26,572.0,-432.0,-82.0
2013-03-27,448.0,-314.0,-72.0
2013-03-28,646.0,-491.0,166.0
2013-04-01,477.0,-413.0,45.0
2013-04-02,299.0,-317.0,-88.0
2013-04-03,416.0,-370.0,22.0
2013-04-04,287.0,-383.0,-31.0
2013-04-05,350.0,-283.0,28.0
2013-04-08,373.0,-338.0,57.0
2013-04-09,353.0,-403.0,-28.0
2013-04-10,338.0,-277.0,-99.0
2013-04-11,362.0,-272.0,33.0
2013-04-12,338.0,-344.0,-48.0
2013-04-15,399.0,-546.0,-232.0
2013-04-16,431.0,-496.0,-8.0
2013-04-17,496.0,-444.0,-167.0
2013-04-18,372.0,-455.0,-25.0
2013-04-19,383.0,-481.0,-15.0
2013-04-22,431.0,-408.0,165.0
2013-04-23,350.0,-675.0,269.0
2013-04-24,596.0,-293.0,48.0
2013-04-25,355.0,-410.0,-20.0
2013-04-26,275.0,-343.0,37.0
2013-04-29,646.0,-251.0,71.0
2013-04-30,401.0,-293.0,-76.0
2013-05-01,415.0,-399.0,106.0
2013-05-02,343.0,-239.0,158.0
2013-05-03,315.0,-318.0,117.0
2013-05-06,366.0,-265.0,176.0
2013-05-07,484.0,-341.0,112.0
2013-05-08,672.0,-260.0,334.0
2013-05-09,451.0,-405.0,36.0
2013-05-10,553.0,-310.0,42.0
2013-05-13,261.0,-356.0,29.0
2013-05-14,603.0,-218.0,-100.0
2013-05-15,414.0,-345.0,163.0
2013-05-16,362.0,-425.0,36.0
2013-05-17,335.0,-238.0,-48.0
2013-05-20,493.0,-353.0,142.0
2013-05-21,386.0,-411.0,76.0
2013-05-22,435.0,-561.0,148.0
2013-05-23,440.0,-343.0,-125.0
2013-05-24,428.0,-315.0,26.0
2013-05-28,313.0,-394.0,189.0
2013-05-29,392.0,-446.0,140.0
2013-05-30,342.0,-338.0,137.0
2013-05-31,428.0,-675.0,122.0
2013-06-03,504.0,-442.0,25.0
2013-06-04,504.0,-518.0,-107.0
2013-06-05,499.0,-446.0,77.0
2013-06-06,575.0,-512.0,-92.0
2013-06-07,400.0,-389.0,-98.0
2013-06-10,616.0,-442.0,103.0
2013-06-11,397.0,-388.0,157.0
2013-06-12,357.0,-518.0,17.0
2013-06-13,701.0,-598.0,-495.0
2013-06-14,429.0,-403.0,95.0
2013-06-17,388.0,-560.0,137.0
2013-06-18,491.0,-253.0,63.0
2013-06-19,385.0,-668.0,46.0
2013-06-20,448.0,-521.0,-95.0
2013-06-21,503.0,-533.0,151.0
2013-06-24,584.0,-413.0,-128.0
2013-06-25,438.0,-507.0,186.0
2013-06-26,343.0,-351.0,101.0
2013-06-27,390.0,-306.0,352.0
2013-06-28,434.0,-392.0,22.0
2013-07-01,415.0,-383.0,-19.0
2013-07-02,348.0,-438.0,97.0
2013-07-03,376.0,-334.0,-15.0
2013-07-05,518.0,-500.0,-102.0
2013-07-08,916.0,-733.0,496.0
2013-07-09,359.0,-291.0,-62.0
2013-07-10,486.0,-464.0,41.0
2013-07-11,359.0,-271.0,78.0
2013-07-12,350.0,-251.0,-26.0
2013-07-15,391.0,-223.0,-56.0
2013-07-16,441.0,-269.0,5.0
2013-07-17,308.0,-383.0,162.0
2013-07-18,387.0,-237.0,98.0
2013-07-19,248.0,-291.0,-28.0
2013-07-22,314.0,-270.0,39.0
2013-07-23,607.0,-270.0,-187.0
2013-07-24,323.0,-505.0,282.0
2013-07-25,462.0,-276.0,40.0
2013-07-26,383.0,-367.0,-146.0
2013-07-29,537.0,-344.0,204.0
2013-07-30,358.0,-392.0,-37.0
2013-07-31,623.0,-403.0,171.0
2013-08-01,216.0,-359.0,53.0
2013-08-02,472.0,-206.0,180.0
2013-08-05,484.0,-304.0,37.0
2013-08-06,270.0,-286.0,-8.0
2013-08-07,292.0,-313.0,72.0
2013-08-08,264.0,-338.0,96.0
2013-08-09,492.0,-358.0,258.0
2013-08-12,331.0,-237.0,-38.0
2013-08-13,287.0,-380.0,67.0
2013-08-14,322.0,-337.0,124.0
2013-08-15,418.0,-397.0,55.0
2013-08-16,311.0,-389.0,-63.0
2013-08-19,263.0,-345.0,78.0
2013-08-20,367.0,-290.0,-284.0
2013-08-21,472.0,-564.0,349.0
2013-08-22,460.0,-288.0,-103.0
2013-08-23,392.0,-269.0,-185.0
2013-08-26,459.0,-553.0,416.0
2013-08-27,382.0,-490.0,100.0
2013-08-28,324.0,-337.0,231.0
2013-08-29,350.0,-318.0,-103.0
2013-08-30,547.0,-646.0,2.0
2013-09-03,404.0,-392.0,31.0
2013-09-04,368.0,-406.0,-22.0
2013-09-05,287.0,-377.0,-29.0
2013-09-06,432.0,-621.0,196.0
2013-09-09,423.0,-259.0,394.0
2013-09-10,310.0,-245.0,-50.0
2013-09-11,323.0,-229.0,30.0
2013-09-12,475.0,-272.0,349.0
2013-09-13,472.0,-214.0,26.0
2013-09-16,378.0,-483.0,296.0
2013-09-17,440.0,-206.0,-52.0
2013-09-18,660.0,-266.0,-138.0
2013-09-19,367.0,-294.0,183.0
2013-09-20,369.0,-343.0,250.0
2013-09-23,445.0,-352.0,-116.0
2013-09-24,429.0,-315.0,-160.0
2013-09-25,358.0,-412.0,27.0
2013-09-26,544.0,-439.0,-54.0
2013-09-27,385.0,-332.0,122.0
2013-09-30,837.0,-312.0,74.0
2013-10-01,401.0,-315.0,284.0
2013-10-02,420.0,-384.0,146.0
2013-10-03,440.0,-481.0,156.0
2013-10-04,436.0,-315.0,69.0
2013-10-07,352.0,-402.0,-295.0
2013-10-08,442.0,-407.0,-270.0
2013-10-09,511.0,-484.0,-122.0
2013-10-10,678.0,-305.0,91.0
2013-10-11,441.0,-295.0,296.0
2013-10-14,433.0,-401.0,272.0
2013-10-15,352.0,-453.0,-194.0
2013-10-16,474.0,-288.0,222.0
2013-10-17,867.0,-176.0,476.0
2013-10-18,359.0,-296.0,94.0
2013-10-21,317.0,-282.0,164.0
2013-10-22,363.0,-501.0,46.0
2013-10-23,468.0,-344.0,-324.0
2013-10-24,259.0,-275.0,-4.0
2013-10-25,519.0,-242.0,209.0
2013-10-28,328.0,-279.0,278.0
2013-10-29,414.0,-222.0,152.0
2013-10-30,467.0,-517.0,-115.0
2013-10-31,328.0,-692.0,-290.0
2013-11-01,386.0,-424.0,182.0
2013-11-04,297.0,-330.0,80.0
2013-11-05,405.0,-258.0,47.0
2013-11-06,293.0,-333.0,-8.0
2013-11-07,666.0,-624.0,-438.0
2013-11-08,645.0,-328.0,-183.0
2013-11-11,412.0,-344.0,99.0
2013-11-12,453.0,-388.0,233.0
2013-11-13,754.0,-217.0,199.0
2013-11-14,527.0,-348.0,292.0
2013-11-15,446.0,-269.0,309.0
2013-11-18,457.0,-382.0,-31.0
2013-11-19,426.0,-464.0,-41.0
2013-11-20,554.0,-638.0,53.0
2013-11-21,322.0,-208.0,-14.0
2013-11-22,330.0,-178.0,71.0
2013-11-25,402.0,-377.0,244.0
2013-11-26,512.0,-246.0,89.0
2013-11-27,330.0,-307.0,58.0
2013-11-29,283.0,-327.0,136.0
2013-12-02,406.0,-329.0,278.0
2013-12-03,377.0,-313.0,-119.0
2013-12-04,492.0,-577.0,-183.0
2013-12-05,358.0,-358.0,163.0
2013-12-06,365.0,-277.0,-6.0
2013-12-09,526.0,-304.0,97.0
2013-12-10,347.0,-359.0,159.0
2013-12-11,326.0,-445.0,-119.0
2013-12-12,352.0,-370.0,181.0
2013-12-13,370.0,-379.0,-147.0
2013-12-16,338.0,-289.0,199.0
2013-12-17,337.0,-334.0,144.0
2013-12-18,567.0,-334.0,395.0
2013-12-19,415.0,-243.0,61.0
2013-12-20,307.0,-182.0,49.0
2013-12-23,309.0,-231.0,164.0
2013-12-24,364.0,-216.0,170.0
2013-12-26,430.0,-258.0,224.0
2013-12-27,346.0,-286.0,-16.0
2013-12-30,367.0,-215.0,283.0
2013-12-31,366.0,-362.0,80.0
2014-01-02,361.0,-355.0,65.0
2014-01-03,562.0,-299.0,136.0
2014-01-06,365.0,-418.0,21.0
2014-01-07,278.0,-415.0,3.0
2014-01-08,477.0,-448.0,363.0
2014-01-09,339.0,-347.0,146.0
2014-01-10,375.0,-405.0,328.0
2014-01-13,492.0,-380.0,-256.0
2014-01-14,355.0,-294.0,11.0
2014-01-15,274.0,-276.0,-141.0
2014-01-16,376.0,-297.0,253.0
2014-01-17,311.0,-699.0,-463.0
2014-01-21,281.0,-469.0,65.0
2014-01-22,270.0,-250.0,138.0
2014-01-23,381.0,-301.0,49.0
2014-01-24,313.0,-468.0,-43.0
2014-01-27,439.0,-469.0,-207.0
2014-01-28,396.0,-408.0,166.0
2014-01-29,470.0,-490.0,11.0
2014-01-30,370.0,-313.0,17.0
2014-01-31,1029.0,-503.0,772.0
2014-02-03,480.0,-469.0,21.0
2014-02-04,375.0,-407.0,-55.0
2014-02-05,586.0,-405.0,331.0
2014-02-06,427.0,-358.0,308.0
2014-02-07,394.0,-403.0,-200.0
2014-02-10,299.0,-319.0,129.0
2014-02-11,938.0,-335.0,-47.0
2014-02-12,421.0,-322.0,206.0
2014-02-13,408.0,-232.0,42.0
2014-02-14,379.0,-422.0,188.0
2014-02-18,300.0,-225.0,-67.0
2014-02-19,422.0,-394.0,-54.0
2014-02-20,435.0,-386.0,62.0
2014-02-21,330.0,-339.0,153.0
2014-02-24,325.0,-319.0,-36.0
2014-02-25,420.0,-477.0,158.0
2014-02-26,442.0,-400.0,10.0
2014-02-27,417.0,-324.0,128.0
2014-02-28,430.0,-660.0,77.0
2014-03-03,420.0,-474.0,128.0
2014-03-04,355.0,-361.0,129.0
2014-03-05,370.0,-314.0,9.0
2014-03-06,325.0,-342.0,-77.0
2014-03-07,300.0,-436.0,107.0
2014-03-10,437.0,-357.0,136.0
2014-03-11,296.0,-436.0,-106.0
2014-03-12,442.0,-346.0,333.0
2014-03-13,388.0,-472.0,273.0
2014-03-14,416.0,-416.0,175.0
2014-03-17,342.0,-376.0,163.0
2014-03-18,443.0,-345.0,205.0
2014-03-19,366.0,-806.0,132.0
2014-03-20,408.0,-333.0,111.0
2014-03-21,529.0,-436.0,138.0
2014-03-24,559.0,-541.0,-251.0
2014-03-25,421.0,-441.0,31.0
2014-03-26,358.0,-466.0,4.0
2014-03-27,417.0,-448.0,-52.0
2014-03-28,479.0,-425.0,-37.0
2014-03-31,470.0,-385.0,85.0
2014-04-01,355.0,-314.0,31.0
2014-04-02,476.0,-273.0,126.0
2014-04-03,375.0,-406.0,320.0
2014-04-04,439.0,-628.0,276.0
2014-04-07,506.0,-448.0,28.0
2014-04-08,508.0,-406.0,112.0
2014-04-09,481.0,-451.0,-5.0
2014-04-10,407.0,-648.0,-90.0
2014-04-11,503.0,-495.0,-31.0
2014-04-14,485.0,-493.0,18.0
2014-04-15,636.0,-570.0,179.0
2014-04-16,456.0,-388.0,130.0
2014-04-17,336.0,-333.0,46.0
2014-04-21,459.0,-365.0,210.0
2014-04-22,397.0,-243.0,-11.0
2014-04-23,286.0,-438.0,-69.0
2014-04-24,396.0,-527.0,132.0
2014-04-25,368.0,-399.0,139.0
2014-04-28,609.0,-506.0,48.0
2014-04-29,359.0,-349.0,140.0
2014-04-30,1067.0,-480.0,378.0
2014-05-01,430.0,-429.0,128.0
2014-05-02,373.0,-487.0,7.0
2014-05-05,359.0,-311.0,196.0
2014-05-06,346.0,-411.0,18.0
2014-05-07,551.0,-458.0,71.0
2014-05-08,397.0,-559.0,46.0
2014-05-09,451.0,-377.0,319.0
2014-05-12,382.0,-287.0,230.0
2014-05-13,377.0,-418.0,-276.0
2014-05-14,367.0,-433.0,-212.0
2014-05-15,452.0,-471.0,155.0
2014-05-16,403.0,-349.0,279.0
2014-05-19,443.0,-362.0,193.0
2014-05-20,528.0,-604.0,90.0
2014-05-21,430.0,-488.0,129.0
2014-05-22,410.0,-394.0,-15.0
2014-05-23,590.0,-242.0,560.0
2014-05-27,698.0,-290.0,-61.0
2014-05-28,418.0,-410.0,71.0
2014-05-29,454.0,-364.0,190.0
2014-05-30,626.0,-437.0,83.0
2014-06-02,411.0,-451.0,106.0
2014-06-03,313.0,-544.0,52.0
2014-06-04,340.0,-399.0,177.0
2014-06-05,461.0,-320.0,392.0
2014-06-06,352.0,-227.0,139.0
2014-06-09,302.0,-389.0,31.0
2014-06-10,464.0,-291.0,203.0
2014-06-11,442.0,-354.0,137.0
2014-06-12,347.0,-366.0,-156.0
2014-06-13,476.0,-384.0,303.0
2014-06-16,404.0,-432.0,75.0
2014-06-17,384.0,-413.0,48.0
2014-06-18,430.0,-413.0,188.0
2014-06-19,336.0,-346.0,205.0
2014-06-20,503.0,-251.0,261.0
2014-06-23,252.0,-343.0,39.0
2014-06-24,490.0,-525.0,74.0
2014-06-25,685.0,-292.0,310.0
2014-06-26,466.0,-439.0,152.0
2014-06-27,902.0,-1252.0,-111.0
2014-06-30,363.0,-408.0,130.0
2014-07-01,641.0,-369.0,-153.0
2014-07-02,325.0,-337.0,43.0
2014-07-03,276.0,-355.0,118.0
2014-07-07,372.0,-346.0,242.0
2014-07-08,389.0,-411.0,243.0
2014-07-09,465.0,-512.0,154.0
2014-07-10,516.0,-363.0,85.0
2014-07-11,567.0,-292.0,164.0
2014-07-14,317.0,-465.0,84.0
2014-07-15,481.0,-508.0,5.0
2014-07-16,388.0,-366.0,32.0
2014-07-17,529.0,-528.0,331.0
2014-07-18,454.0,-290.0,200.0
2014-07-21,390.0,-306.0,-38.0
2014-07-22,388.0,-442.0,5.0
2014-07-23,399.0,-343.0,63.0
2014-07-24,382.0,-442.0,177.0
2014-07-25,269.0,-559.0,-67.0
2014-07-28,533.0,-473.0,71.0
2014-07-29,416.0,-514.0,-62.0
2014-07-30,449.0,-492.0,29.0
2014-07-31,319.0,-692.0,41.0
2014-08-01,551.0,-591.0,49.0
2014-08-04,481.0,-513.0,23.0
2014-08-05,463.0,-759.0,149.0
2014-08-06,542.0,-378.0,-7.0
2014-08-07,534.0,-512.0,78.0
2014-08-08,475.0,-337.0,154.0
2014-08-11,456.0,-443.0,41.0
2014-08-12,393.0,-434.0,-39.0
2014-08-13,366.0,-401.0,180.0
2014-08-14,311.0,-288.0,150.0
2014-08-15,500.0,-825.0,37.0
2014-08-18,469.0,-335.0,331.0
2014-08-19,300.0,-279.0,157.0
2014-08-20,430.0,-545.0,120.0
2014-08-21,358.0,-338.0,28.0
2014-08-22,352.0,-539.0,-52.0
2014-08-25,263.0,-342.0,9.0
2014-08-26,362.0,-282.0,9.0
2014-08-27,341.0,-302.0,155.0
2014-08-28,368.0,-324.0,53.0
2014-08-29,762.0,-763.0,536.0
2014-09-02,303.0,-442.0,108.0
2014-09-03,325.0,-407.0,-131.0
2014-09-04,334.0,-574.0,-212.0
2014-09-05,435.0,-474.0,113.0
2014-09-08,360.0,-557.0,144.0
2014-09-09,385.0,-573.0,85.0
2014-09-10,583.0,-377.0,179.0
2014-09-11,510.0,-400.0,175.0
2014-09-12,333.0,-415.0,-103.0
2014-09-15,444.0,-406.0,24.0
2014-09-16,487.0,-369.0,110.0
2014-09-17,554.0,-616.0,-58.0
2014-09-18,396.0,-362.0,16.0
2014-09-19,302.0,-367.0,-176.0
2014-09-22,321.0,-432.0,91.0
2014-09-23,431.0,-489.0,-5.0
2014-09-24,412.0,-411.0,59.0
2014-09-25,369.0,-601.0,-21.0
2014-09-26,436.0,-428.0,89.0
2014-09-29,543.0,-448.0,158.0
2014-09-30,536.0,-462.0,-93.0
2014-10-01,521.0,-509.0,16.0
2014-10-02,584.0,-555.0,-12.0
2014-10-03,449.0,-426.0,-66.0
2014-10-06,501.0,-524.0,-9.0
2014-10-07,569.0,-445.0,-106.0
2014-10-08,657.0,-441.0,418.0
2014-10-09,651.0,-740.0,-75.0
2014-10-10,614.0,-499.0,-310.0
2014-10-13,534.0,-776.0,-183.0
2014-10-14,562.0,-615.0,174.0
2014-10-15,876.0,-592.0,249.0
2014-10-16,788.0,-598.0,142.0
2014-10-17,598.0,-656.0,198.0
2014-10-20,541.0,-551.0,241.0
2014-10-21,444.0,-275.0,299.0
2014-10-22,462.0,-549.0,-100.0
2014-10-23,579.0,-718.0,62.0
2014-10-24,445.0,-473.0,207.0
2014-10-27,665.0,-425.0,-8.0
2014-10-28,475.0,-315.0,224.0
2014-10-29,699.0,-616.0,94.0
2014-10-30,647.0,-485.0,-101.0
2014-10-31,475.0,-537.0,316.0
2014-11-03,497.0,-458.0,-1.0
2014-11-04,523.0,-439.0,136.0
2014-11-05,466.0,-406.0,18.0
2014-11-06,501.0,-488.0,105.0
2014-11-07,324.0,-311.0,124.0
2014-11-10,354.0,-296.0,198.0
2014-11-11,316.0,-264.0,123.0
2014-11-12,407.0,-247.0,29.0
2014-11-13,472.0,-518.0,69.0
2014-11-14,328.0,-385.0,186.0
2014-11-17,505.0,-513.0,48.0
2014-11-18,360.0,-366.0,-91.0
2014-11-19,419.0,-507.0,40.0
2014-11-20,411.0,-367.0,55.0
2014-11-21,437.0,-371.0,-2.0
2014-11-24,309.0,-216.0,125.0
2014-11-25,354.0,-306.0,113.0
2014-11-26,575.0,-274.0,53.0
2014-11-28,616.0,-341.0,-307.0
2014-12-01,429.0,-414.0,-28.0
2014-12-02,422.0,-237.0,32.0
2014-12-03,449.0,-259.0,-12.0
2014-12-04,438.0,-505.0,57.0
2014-12-05,422.0,-427.0,152.0
2014-12-08,428.0,-505.0,-70.0
2014-12-09,477.0,-364.0,172.0
2014-12-10,446.0,-467.0,-22.0
2014-12-11,510.0,-600.0,-88.0
2014-12-12,518.0,-439.0,-24.0
2014-12-15,596.0,-611.0,-145.0
2014-12-16,656.0,-594.0,44.0
2014-12-17,680.0,-617.0,43.0
2014-12-18,448.0,-421.0,90.0
2014-12-19,533.0,-613.0,-177.0
2014-12-22,368.0,-333.0,192.0
2014-12-23,294.0,-315.0,25.0
2014-12-24,342.0,-243.0,106.0
2014-12-26,321.0,-323.0,-24.0
2014-12-29,337.0,-198.0,41.0
2014-12-30,378.0,-412.0,77.0
2014-12-31,518.0,-534.0,114.0
2015-01-02,591.0,-551.0,116.0
2015-01-05,509.0,-477.0,122.0
2015-01-06,582.0,-539.0,-174.0
2015-01-07,539.0,-523.0,251.0
2015-01-08,442.0,-357.0,24.0
2015-01-09,495.0,-455.0,12.0
2015-01-12,434.0,-606.0,72.0
2015-01-13,691.0,-683.0,177.0
2015-01-14,530.0,-503.0,57.0
2015-01-15,469.0,-561.0,119.0
2015-01-16,559.0,-364.0,402.0
2015-01-20,455.0,-557.0,65.0
2015-01-21,538.0,-537.0,104.0
2015-01-22,500.0,-565.0,230.0
2015-01-23,459.0,-362.0,13.0
2015-01-26,437.0,-378.0,75.0
2015-01-27,515.0,-436.0,145.0
2015-01-28,454.0,-580.0,154.0
2015-01-29,564.0,-451.0,85.0
2015-01-30,562.0,-630.0,-232.0
2015-02-02,609.0,-572.0,108.0
2015-02-03,479.0,-427.0,45.0
2015-02-04,404.0,-512.0,121.0
2015-02-05,354.0,-369.0,-138.0
2015-02-06,375.0,-546.0,115.0
2015-02-09,440.0,-513.0,62.0
2015-02-10,402.0,-400.0,20.0
2015-02-11,594.0,-446.0,-1.0
2015-02-12,346.0,-322.0,-32.0
2015-02-13,420.0,-483.0,-105.0
2015-02-17,361.0,-337.0,-5.0
2015-02-18,520.0,-411.0,51.0
2015-02-19,311.0,-488.0,-9.0
2015-02-20,573.0,-422.0,-33.0
2015-02-23,436.0,-371.0,33.0
2015-02-24,433.0,-475.0,76.0
2015-02-25,514.0,-478.0,-23.0
2015-02-26,426.0,-456.0,120.0
2015-02-27,534.0,-350.0,-121.0
2015-03-02,380.0,-377.0,165.0
2015-03-03,329.0,-529.0,184.0
2015-03-04,419.0,-433.0,143.0
2015-03-05,377.0,-330.0,85.0
2015-03-06,422.0,-498.0,83.0
2015-03-09,300.0,-320.0,10.0
2015-03-10,430.0,-407.0,283.0
2015-03-11,398.0,-421.0,-102.0
2015-03-12,375.0,-389.0,62.0
2015-03-13,489.0,-506.0,-9.0
2015-03-16,386.0,-350.0,48.0
2015-03-17,365.0,-351.0,60.0
2015-03-18,689.0,-546.0,-200.0
2015-03-19,409.0,-481.0,51.0
2015-03-20,468.0,-561.0,120.0
2015-03-23,270.0,-252.0,-19.0
2015-03-24,387.0,-357.0,-49.0
2015-03-25,350.0,-451.0,58.0
2015-03-26,462.0,-416.0,-96.0
2015-03-27,475.0,-551.0,86.0
2015-03-30,472.0,-320.0,40.0
2015-03-31,449.0,-578.0,-175.0
2015-04-01,500.0,-618.0,55.0
2015-04-02,445.0,-433.0,-102.0
2015-04-06,463.0,-351.0,72.0
2015-04-07,551.0,-395.0,122.0
2015-04-08,603.0,-549.0,33.0
2015-04-09,492.0,-427.0,56.0
2015-04-10,14.0,-18.0,0.0
2015-04-13,326.0,-443.0,-90.0
2015-04-14,509.0,-377.0,62.0
2015-04-15,357.0,-342.0,167.0
2015-04-16,355.0,-280.0,40.0
2015-04-17,400.0,-474.0,68.0
2015-04-20,444.0,-283.0,97.0
2015-04-21,423.0,-381.0,100.0
2015-04-22,475.0,-397.0,-86.0
2015-04-23,538.0,-295.0,65.0
2015-04-24,230.0,-353.0,99.0
2015-04-27,453.0,-585.0,-14.0
2015-04-28,466.0,-494.0,313.0
2015-04-29,469.0,-430.0,-54.0
2015-04-30,484.0,-687.0,442.0
2015-05-01,466.0,-417.0,-92.0
2015-05-04,292.0,-541.0,9.0
2015-05-05,553.0,-615.0,-23.0
2015-05-06,318.0,-509.0,31.0
2015-05-07,415.0,-347.0,19.0
2015-05-08,309.0,-371.0,21.0
2015-05-11,598.0,-532.0,71.0
2015-05-12,622.0,-484.0,201.0
2015-05-13,413.0,-439.0,164.0
2015-05-14,374.0,-301.0,-39.0
2015-05-15,432.0,-379.0,43.0
2015-05-18,309.0,-358.0,99.0
2015-05-19,290.0,-340.0,-19.0
2015-05-20,535.0,-409.0,-33.0
2015-05-21,388.0,-379.0,-50.0
2015-05-22,556.0,-447.0,42.0
2015-05-26,405.0,-463.0,6.0
2015-05-27,477.0,-380.0,154.0
2015-05-28,360.0,-471.0,-11.0
2015-05-29,456.0,-430.0,178.0
2015-06-01,543.0,-449.0,19.0
2015-06-02,582.0,-361.0,102.0
2015-06-03,444.0,-399.0,-3.0
2015-06-04,553.0,-521.0,105.0
2015-06-05,458.0,-426.0,56.0
2015-06-08,459.0,-373.0,55.0
2015-06-09,438.0,-436.0,85.0
2015-06-10,668.0,-279.0,-71.0
2015-06-11,313.0,-473.0,56.0
2015-06-12,520.0,-373.0,-112.0
2015-06-15,696.0,-334.0,197.0
2015-06-16,533.0,-339.0,36.0
2015-06-17,580.0,-508.0,103.0
2015-06-18,450.0,-394.0,-102.0
2015-06-19,324.0,-368.0,134.0
2015-06-22,415.0,-461.0,47.0
2015-06-23,452.0,-442.0,133.0
2015-06-24,382.0,-315.0,47.0
2015-06-25,354.0,-348.0,-16.0
2015-06-26,476.0,-520.0,74.0
2015-06-29,793.0,-498.0,-14.0
2015-06-30,600.0,-515.0,-46.0
2015-07-01,536.0,-504.0,12.0
2015-07-02,426.0,-425.0,-85.0
2015-07-06,504.0,-451.0,126.0
2015-07-07,697.0,-708.0,-17.0
2015-07-08,529.0,-421.0,-42.0
2015-07-09,454.0,-436.0,-97.0
2015-07-10,499.0,-366.0,31.0
2015-07-13,335.0,-340.0,0.0
2015-07-14,386.0,-162.0,18.0
2015-07-15,402.0,-401.0,-7.0
2015-07-16,384.0,-251.0,35.0
2015-07-17,323.0,-324.0,198.0
2015-07-20,407.0,-332.0,28.0
2015-07-21,396.0,-430.0,2.0
2015-07-22,254.0,-312.0,12.0
2015-07-23,415.0,-441.0,-154.0
2015-07-24,440.0,-438.0,199.0
2015-07-27,393.0,-352.0,2.0
2015-07-28,493.0,-515.0,61.0
2015-07-29,536.0,-430.0,0.0
2015-07-30,435.0,-326.0,15.0
2015-07-31,387.0,-379.0,140.0
2015-08-03,438.0,-406.0,-3.0
2015-08-04,424.0,-419.0,31.0
2015-08-05,330.0,-425.0,-39.0
2015-08-06,419.0,-347.0,101.0
2015-08-07,334.0,-408.0,14.0
2015-08-10,426.0,-355.0,125.0
2015-08-11,417.0,-357.0,143.0
2015-08-12,454.0,-491.0,118.0
2015-08-13,438.0,-427.0,-154.0
2015-08-14,674.0,-323.0,192.0
2015-08-17,497.0,-299.0,71.0
2015-08-18,332.0,-380.0,-103.0
2015-08-19,625.0,-555.0,30.0
2015-08-20,527.0,-445.0,-194.0
2015-08-21,531.0,-596.0,41.0
2015-08-24,741.0,-655.0,-6.0
2015-08-25,760.0,-637.0,-146.0
2015-08-26,829.0,-545.0,305.0
2015-08-27,758.0,-652.0,266.0
2015-08-28,560.0,-518.0,93.0
2015-08-31,692.0,-512.0,-79.0
2015-09-01,610.0,-543.0,70.0
2015-09-02,549.0,-720.0,-78.0
2015-09-03,600.0,-598.0,97.0
2015-09-04,580.0,-457.0,133.0
2015-09-08,419.0,-518.0,40.0
2015-09-09,829.0,-575.0,-281.0
2015-09-10,543.0,-508.0,18.0
2015-09-11,508.0,-522.0,37.0
2015-09-14,515.0,-403.0,-44.0
2015-09-15,518.0,-318.0,50.0
2015-09-16,517.0,-469.0,63.0
2015-09-17,802.0,-952.0,-32.0
2015-09-18,598.0,-434.0,11.0
2015-09-21,578.0,-582.0,-56.0
2015-09-22,543.0,-418.0,206.0
2015-09-23,681.0,-466.0,294.0
2015-09-24,681.0,-457.0,-3.0
2015-09-25,457.0,-583.0,67.0
2015-09-28,468.0,-517.0,-229.0
2015-09-29,491.0,-510.0,98.0
2015-09-30,482.0,-669.0,-283.0
2015-10-01,530.0,-663.0,-22.0
2015-10-02,589.0,-559.0,-146.0
2015-10-05,405.0,-486.0,-86.0
2015-10-06,540.0,-465.0,237.0
2015-10-07,551.0,-591.0,28.0
2015-10-08,649.0,-503.0,57.0
2015-10-09,358.0,-428.0,151.0
2015-10-12,571.0,-299.0,125.0
2015-10-13,514.0,-404.0,-49.0
2015-10-14,434.0,-557.0,-195.0
2015-10-15,630.0,-406.0,-48.0
2015-10-16,400.0,-353.0,228.0
2015-10-19,407.0,-385.0,111.0
2015-10-20,427.0,-366.0,85.0
2015-10-21,551.0,-507.0,-24.0
2015-10-22,505.0,-392.0,38.0
2015-10-23,357.0,-439.0,156.0
2015-10-26,396.0,-283.0,130.0
2015-10-27,583.0,-499.0,82.0
2015-10-28,518.0,-689.0,412.0
2015-10-29,363.0,-361.0,36.0
2015-10-30,406.0,-550.0,-351.0
2015-11-02,439.0,-262.0,92.0
2015-11-03,403.0,-332.0,-52.0
2015-11-04,401.0,-427.0,70.0
2015-11-05,427.0,-417.0,83.0
2015-11-06,454.0,-462.0,150.0
2015-11-09,347.0,-482.0,164.0
2015-11-10,482.0,-393.0,7.0
2015-11-11,411.0,-445.0,-67.0
2015-11-12,435.0,-446.0,-161.0
2015-11-13,453.0,-487.0,-155.0
2015-11-16,634.0,-398.0,41.0
2015-11-17,495.0,-403.0,150.0
2015-11-18,465.0,-338.0,153.0
2015-11-19,307.0,-329.0,93.0
2015-11-20,194.0,-217.0,131.0
2015-11-23,339.0,-363.0,95.0
2015-11-24,523.0,-379.0,141.0
2015-11-25,342.0,-274.0,106.0
2015-11-27,390.0,-288.0,151.0
2015-11-30,497.0,-387.0,-18.0
2015-12-01,412.0,-351.0,130.0
2015-12-02,363.0,-441.0,-8.0
2015-12-03,452.0,-526.0,-39.0
2015-12-04,640.0,-373.0,109.0
2015-12-07,482.0,-505.0,93.0
2015-12-08,550.0,-366.0,58.0
2015-12-09,605.0,-666.0,-13.0
2015-12-10,509.0,-453.0,61.0
2015-12-11,452.0,-490.0,67.0
2015-12-14,524.0,-638.0,-22.0
2015-12-15,485.0,-378.0,35.0
2015-12-16,582.0,-492.0,56.0
2015-12-17,477.0,-555.0,-124.0
2015-12-18,430.0,-515.0,-3.0
2015-12-21,398.0,-417.0,155.0
2015-12-22,495.0,-411.0,38.0
2015-12-23,358.0,-294.0,146.0
2015-12-24,304.0,-341.0,120.0
2015-12-28,527.0,-454.0,137.0
2015-12-29,399.0,-452.0,24.0
2015-12-30,520.0,-486.0,-14.0
2015-12-31,524.0,-460.0,-170.0
2016-01-04,571.0,-547.0,36.0
2016-01-05,539.0,-504.0,64.0
2016-01-06,533.0,-526.0,128.0
2016-01-07,394.0,-540.0,-43.0
2016-01-08,400.0,-577.0,108.0
2016-01-11,675.0,-560.0,67.0
2016-01-12,530.0,-575.0,86.0
2016-01-13,508.0,-684.0,-162.0
2016-01-14,702.0,-574.0,94.0
2016-01-15,584.0,-511.0,176.0
2016-01-19,593.0,-491.0,65.0
2016-01-20,933.0,-610.0,206.0
2016-01-21,688.0,-726.0,-71.0
2016-01-22,499.0,-536.0,267.0
2016-01-25,561.0,-592.0,-168.0
2016-01-26,531.0,-531.0,130.0
2016-01-27,606.0,-743.0,-174.0
2016-01-28,515.0,-602.0,138.0
2016-01-29,570.0,-497.0,63.0
2016-02-01,541.0,-370.0,4.0
2016-02-02,462.0,-465.0,-66.0
2016-02-03,728.0,-673.0,187.0
2016-02-04,499.0,-627.0,62.0
2016-02-05,755.0,-515.0,476.0
2016-02-08,652.0,-528.0,80.0
2016-02-09,751.0,-556.0,64.0
2016-02-10,514.0,-565.0,-10.0
2016-02-11,695.0,-543.0,-52.0
2016-02-12,483.0,-371.0,166.0
2016-02-16,508.0,-428.0,13.0
2016-02-17,488.0,-382.0,160.0
2016-02-18,479.0,-416.0,41.0
2016-02-19,535.0,-363.0,102.0
2016-02-22,331.0,-312.0,36.0
2016-02-23,381.0,-421.0,40.0
2016-02-24,510.0,-424.0,121.0
2016-02-25,435.0,-380.0,150.0
2016-02-26,360.0,-386.0,50.0
2016-02-29,526.0,-654.0,272.0
2016-03-01,412.0,-279.0,123.0
2016-03-02,405.0,-471.0,113.0
2016-03-03,374.0,-337.0,30.0
2016-03-04,358.0,-372.0,-72.0
2016-03-07,468.0,-423.0,226.0
2016-03-08,447.0,-359.0,-170.0
2016-03-09,467.0,-562.0,58.0
2016-03-10,579.0,-579.0,128.0
2016-03-11,2.0,-7.0,-6.0
2016-03-14,382.0,-459.0,81.0
2016-03-15,317.0,-361.0,-167.0
2016-03-16,632.0,-554.0,88.0
2016-03-17,376.0,-452.0,42.0
2016-03-18,289.0,-389.0,-74.0
2016-03-21,359.0,-416.0,62.0
2016-03-22,402.0,-347.0,-15.0
2016-03-23,456.0,-484.0,-36.0
2016-03-24,424.0,-389.0,28.0
2016-03-28,473.0,-365.0,10.0
2016-03-29,624.0,-449.0,27.0
2016-03-30,360.0,-365.0,8.0
2016-03-31,316.0,-387.0,-15.0
2016-04-01,525.0,-370.0,131.0
2016-04-04,327.0,-370.0,14.0
2016-04-05,419.0,-487.0,-132.0
2016-04-06,549.0,-517.0,214.0
2016-04-07,353.0,-493.0,72.0
2016-04-08,417.0,-480.0,66.0
2016-04-11,451.0,-595.0,-94.0
2016-04-12,754.0,-418.0,82.0
2016-04-13,435.0,-365.0,145.0
2016-04-14,448.0,-324.0,214.0
2016-04-15,314.0,-210.0,-41.0
2016-04-18,517.0,-262.0,296.0
2016-04-19,346.0,-309.0,81.0
2016-04-20,413.0,-409.0,148.0
2016-04-21,368.0,-408.0,-361.0
2016-04-22,477.0,-438.0,107.0
2016-04-25,471.0,-418.0,93.0
2016-04-26,380.0,-412.0,105.0
2016-04-27,464.0,-394.0,79.0
2016-04-28,917.0,-740.0,-437.0
2016-04-29,510.0,-440.0,63.0
2016-05-02,538.0,-520.0,-2.0
2016-05-03,440.0,-403.0,131.0
2016-05-04,448.0,-390.0,164.0
2016-05-05,364.0,-530.0,64.0
2016-05-06,391.0,-375.0,-54.0
2016-05-09,384.0,-334.0,14.0
2016-05-10,362.0,-245.0,-37.0
2016-05-11,411.0,-373.0,10.0
2016-05-12,436.0,-421.0,-72.0
2016-05-13,431.0,-397.0,76.0
2016-05-16,349.0,-358.0,-9.0
2016-05-17,474.0,-532.0,46.0
2016-05-18,430.0,-608.0,2.0
2016-05-19,431.0,-544.0,81.0
2016-05-20,356.0,-355.0,171.0
2016-05-23,725.0,-546.0,-499.0
2016-05-24,499.0,-283.0,94.0
2016-05-25,393.0,-336.0,105.0
2016-05-26,327.0,-268.0,249.0
2016-05-27,342.0,-448.0,121.0
2016-05-31,651.0,-814.0,375.0
2016-06-01,463.0,-387.0,126.0
2016-06-02,293.0,-316.0,175.0
2016-06-03,443.0,-302.0,169.0
2016-06-06,341.0,-547.0,55.0
2016-06-07,308.0,-344.0,78.0
2016-06-08,379.0,-249.0,220.0
2016-06-09,337.0,-260.0,37.0
2016-06-10,414.0,-337.0,-50.0
2016-06-13,374.0,-403.0,-106.0
2016-06-14,440.0,-496.0,-111.0
2016-06-15,351.0,-448.0,-76.0
2016-06-16,505.0,-803.0,-43.0
2016-06-17,474.0,-462.0,-87.0
2016-06-20,638.0,-589.0,-51.0
2016-06-21,415.0,-372.0,77.0
2016-06-22,398.0,-451.0,56.0
2016-06-23,375.0,-350.0,29.0
2016-06-24,794.0,-414.0,236.0
2016-06-27,391.0,-413.0,42.0
2016-06-28,417.0,-335.0,-47.0
2016-06-29,373.0,-290.0,-17.0
2016-06-30,450.0,-487.0,64.0
2016-07-01,343.0,-402.0,21.0
2016-07-05,417.0,-385.0,205.0
2016-07-06,486.0,-557.0,5.0
2016-07-07,376.0,-435.0,69.0
2016-07-08,431.0,-469.0,-14.0
2016-07-11,301.0,-343.0,60.0
2016-07-12,396.0,-308.0,32.0
2016-07-13,373.0,-315.0,34.0
2016-07-14,310.0,-319.0,-75.0
2016-07-15,297.0,-255.0,-75.0
2016-07-18,356.0,-310.0,115.0
2016-07-19,281.0,-366.0,87.0
2016-07-20,518.0,-249.0,-130.0
2016-07-21,254.0,-343.0,161.0
2016-07-22,385.0,-208.0,-17.0
2016-07-25,382.0,-360.0,63.0
2016-07-26,349.0,-478.0,4.0
2016-07-27,429.0,-361.0,49.0
2016-07-28,329.0,-361.0,103.0
2016-07-29,361.0,-627.0,-176.0
2016-08-01,391.0,-381.0,37.0
2016-08-02,391.0,-321.0,21.0
2016-08-03,348.0,-252.0,233.0
2016-08-04,349.0,-244.0,-7.0
2016-08-05,309.0,-238.0,19.0
2016-08-08,238.0,-271.0,-40.0
2016-08-09,232.0,-276.0,14.0
2016-08-10,295.0,-322.0,61.0
2016-08-11,310.0,-328.0,168.0
2016-08-12,298.0,-362.0,138.0
2016-08-15,232.0,-261.0,14.0
2016-08-16,309.0,-286.0,18.0
2016-08-17,423.0,-382.0,157.0
2016-08-18,351.0,-279.0,73.0
2016-08-19,284.0,-331.0,142.0
2016-08-22,441.0,-372.0,38.0
2016-08-23,313.0,-309.0,35.0
2016-08-24,311.0,-364.0,58.0
2016-08-25,396.0,-403.0,145.0
2016-08-26,431.0,-521.0,180.0
2016-08-29,310.0,-267.0,92.0
2016-08-30,290.0,-368.0,8.0
2016-08-31,659.0,-374.0,428.0
2016-09-01,461.0,-436.0,39.0
2016-09-02,305.0,-383.0,168.0
2016-09-06,399.0,-396.0,151.0
2016-09-07,285.0,-320.0,160.0
2016-09-08,381.0,-294.0,-22.0
2016-09-09,556.0,-431.0,-70.0
2016-09-12,678.0,-441.0,45.0
2016-09-13,579.0,-505.0,65.0
2016-09-14,460.0,-407.0,21.0
2016-09-15,409.0,-358.0,67.0
2016-09-16,436.0,-397.0,-27.0
2016-09-19,378.0,-451.0,68.0
2016-09-20,354.0,-382.0,-26.0
2016-09-21,523.0,-392.0,218.0
2016-09-22,354.0,-364.0,107.0
2016-09-23,358.0,-300.0,-82.0
2016-09-26,363.0,-362.0,-34.0
2016-09-27,483.0,-351.0,19.0
2016-09-28,496.0,-527.0,240.0
2016-09-29,529.0,-587.0,-180.0
2016-09-30,379.0,-392.0,-1.0
2016-10-03,383.0,-405.0,-81.0
2016-10-04,344.0,-460.0,56.0
2016-10-05,287.0,-300.0,-26.0
2016-10-06,527.0,-306.0,154.0
2016-10-07,440.0,-483.0,-25.0
2016-10-10,279.0,-269.0,183.0
2016-10-11,332.0,-395.0,-52.0
2016-10-12,448.0,-477.0,428.0
2016-10-13,460.0,-647.0,428.0
2016-10-14,551.0,-449.0,416.0
2016-10-17,291.0,-346.0,37.0
2016-10-18,284.0,-330.0,37.0
2016-10-19,322.0,-231.0,92.0
2016-10-20,390.0,-438.0,45.0
2016-10-21,401.0,-280.0,293.0
2016-10-24,253.0,-348.0,27.0
2016-10-25,324.0,-360.0,98.0
2016-10-26,337.0,-461.0,30.0
2016-10-27,336.0,-403.0,-91.0
2016-10-28,340.0,-432.0,-38.0
2016-10-31,253.0,-249.0,1.0
2016-11-01,315.0,-342.0,7.0
2016-11-02,408.0,-366.0,36.0
2016-11-03,278.0,-352.0,-52.0
2016-11-04,393.0,-255.0,-49.0
2016-11-07,299.0,-369.0,-44.0
2016-11-08,420.0,-355.0,144.0
2016-11-09,774.0,-585.0,-493.0
2016-11-10,524.0,-428.0,348.0
2016-11-11,626.0,-373.0,349.0
2016-11-14,396.0,-316.0,165.0
2016-11-15,349.0,-270.0,46.0
2016-11-16,262.0,-281.0,-2.0
2016-11-17,310.0,-392.0,31.0
2016-11-18,547.0,-651.0,-490.0
2016-11-21,302.0,-249.0,169.0
2016-11-22,763.0,-235.0,542.0
2016-11-23,406.0,-288.0,20.0
2016-11-25,315.0,-128.0,142.0
2016-11-28,266.0,-514.0,-151.0
2016-11-29,315.0,-201.0,68.0
2016-11-30,280.0,-321.0,-111.0
2016-12-01,332.0,-272.0,-17.0
2016-12-02,291.0,-277.0,146.0
2016-12-05,302.0,-260.0,-41.0
2016-12-06,291.0,-284.0,182.0
2016-12-07,420.0,-345.0,176.0
2016-12-08,366.0,-294.0,-102.0
2016-12-09,224.0,-230.0,114.0
2016-12-12,256.0,-325.0,-11.0
2016-12-13,362.0,-330.0,25.0
2016-12-14,500.0,-422.0,17.0
2016-12-15,335.0,-359.0,64.0
2016-12-16,253.0,-288.0,73.0
2016-12-19,308.0,-326.0,151.0
2016-12-20,239.0,-251.0,-1.0
2016-12-21,311.0,-166.0,39.0
2016-12-22,261.0,-252.0,5.0
2016-12-23,215.0,-309.0,125.0
2016-12-27,332.0,-269.0,186.0
2016-12-28,303.0,-327.0,58.0
2016-12-29,334.0,-265.0,79.0
2016-12-30,277.0,-269.0,-71.0
2017-01-03,367.0,-278.0,58.0
2017-01-04,422.0,-276.0,19.0
2017-01-05,322.0,-266.0,-16.0
2017-01-06,273.0,-253.0,-35.0
2017-01-09,361.0,-279.0,-5.0
2017-01-10,285.0,-299.0,118.0
2017-01-11,339.0,-365.0,56.0
2017-01-12,301.0,-499.0,147.0
2017-01-13,211.0,-284.0,76.0
2017-01-17,276.0,-339.0,21.0
2017-01-18,244.0,-259.0,191.0
2017-01-19,313.0,-393.0,139.0
2017-01-20,381.0,-415.0,63.0
2017-01-23,347.0,-352.0,47.0
2017-01-24,346.0,-318.0,114.0
2017-01-25,214.0,-213.0,-17.0
2017-01-26,232.0,-263.0,74.0
2017-01-27,260.0,-267.0,44.0
2017-01-30,313.0,-320.0,97.0
2017-01-31,275.0,-536.0,99.0
2017-02-01,298.0,-315.0,-106.0
2017-02-02,327.0,-230.0,54.0
2017-02-03,509.0,-558.0,458.0
2017-02-06,244.0,-273.0,0.0
2017-02-07,330.0,-316.0,35.0
2017-02-08,384.0,-298.0,150.0
2017-02-09,341.0,-250.0,38.0
2017-02-10,271.0,-255.0,184.0
2017-02-13,222.0,-272.0,-43.0
2017-02-14,261.0,-486.0,125.0
2017-02-15,275.0,-402.0,25.0
2017-02-16,276.0,-315.0,134.0
2017-02-17,384.0,-238.0,330.0
2017-02-21,294.0,-321.0,241.0
2017-02-22,247.0,-201.0,94.0
2017-02-23,324.0,-247.0,27.0
2017-02-24,362.0,-332.0,210.0
2017-02-27,264.0,-210.0,47.0
2017-02-28,511.0,-289.0,242.0
2017-03-01,263.0,-249.0,87.0
2017-03-02,531.0,-302.0,-132.0
2017-03-03,310.0,-349.0,145.0
2017-03-06,292.0,-294.0,138.0
2017-03-07,377.0,-321.0,123.0
2017-03-08,568.0,-386.0,-57.0
2017-03-09,375.0,-331.0,112.0
2017-03-10,340.0,-346.0,-24.0
2017-03-13,276.0,-256.0,-2.0
2017-03-14,375.0,-343.0,150.0
2017-03-15,449.0,-997.0,126.0
2017-03-16,217.0,-350.0,116.0
2017-03-17,361.0,-285.0,164.0
2017-03-20,654.0,-555.0,-37.0
2017-03-21,813.0,-562.0,718.0
2017-03-22,352.0,-385.0,-24.0
2017-03-23,412.0,-345.0,184.0
2017-03-24,471.0,-362.0,51.0
2017-03-27,362.0,-330.0,192.0
2017-03-28,490.0,-310.0,-32.0
2017-03-29,316.0,-276.0,76.0
2017-03-30,1118.0,-225.0,1065.0
2017-03-31,352.0,-239.0,-7.0
2017-04-03,292.0,-401.0,-17.0
2017-04-04,289.0,-331.0,87.0
2017-04-05,547.0,-424.0,-68.0
2017-04-06,410.0,-337.0,395.0
2017-04-07,361.0,-288.0,74.0
2017-04-10,411.0,-365.0,56.0
2017-04-11,392.0,-428.0,352.0
2017-04-12,392.0,-440.0,-73.0
2017-04-13,541.0,-456.0,198.0
2017-04-17,358.0,-349.0,165.0
2017-04-18,329.0,-359.0,174.0
2017-04-19,307.0,-413.0,-23.0
2017-04-20,283.0,-259.0,-53.0
2017-04-21,377.0,-345.0,183.0
2017-04-24,321.0,-247.0,214.0
2017-04-25,328.0,-215.0,150.0
2017-04-26,335.0,-358.0,78.0
2017-04-27,300.0,-275.0,-42.0
2017-04-28,261.0,-253.0,-113.0
2017-05-01,261.0,-409.0,180.0
2017-05-02,254.0,-260.0,-73.0
2017-05-03,215.0,-246.0,-6.0
2017-05-04,234.0,-279.0,47.0
2017-05-05,574.0,-322.0,-231.0
2017-05-08,320.0,-316.0,299.0
2017-05-09,256.0,-305.0,14.0
2017-05-10,263.0,-257.0,143.0
2017-05-11,327.0,-301.0,118.0
2017-05-12,319.0,-231.0,54.0
2017-05-15,292.0,-265.0,67.0
2017-05-16,217.0,-328.0,-13.0
2017-05-17,436.0,-409.0,-86.0
2017-05-18,402.0,-315.0,70.0
2017-05-19,354.0,-400.0,-101.0
2017-05-22,252.0,-286.0,36.0
2017-05-23,272.0,-263.0,107.0
2017-05-24,261.0,-345.0,69.0
2017-05-25,272.0,-280.0,155.0
2017-05-26,284.0,-226.0,181.0
2017-05-30,337.0,-275.0,47.0
2017-05-31,335.0,-429.0,111.0
2017-06-01,615.0,-314.0,509.0
2017-06-02,432.0,-272.0,71.0
2017-06-05,350.0,-290.0,-162.0
2017-06-06,313.0,-301.0,123.0
2017-06-07,281.0,-346.0,-27.0
2017-06-08,279.0,-350.0,163.0
2017-06-09,367.0,-359.0,159.0
2017-06-12,236.0,-300.0,86.0
2017-06-13,252.0,-282.0,121.0
2017-06-14,257.0,-370.0,3.0
2017-06-15,368.0,-406.0,161.0
2017-06-16,299.0,-366.0,261.0
2017-06-19,299.0,-268.0,108.0
2017-06-20,280.0,-286.0,-246.0
2017-06-21,331.0,-277.0,-141.0
2017-06-22,297.0,-221.0,141.0
2017-06-23,342.0,-209.0,117.0
2017-06-26,323.0,-252.0,-45.0
2017-06-27,467.0,-506.0,-102.0
2017-06-28,301.0,-228.0,126.0
2017-06-29,283.0,-394.0,81.0
2017-06-30,289.0,-279.0,146.0
2017-07-03,304.0,-212.0,231.0
2017-07-05,313.0,-722.0,-673.0
2017-07-06,332.0,-1059.0,-373.0
2017-07-07,393.0,-256.0,157.0
2017-07-10,249.0,-295.0,-76.0
2017-07-11,313.0,-439.0,55.0
2017-07-12,361.0,-360.0,64.0
2017-07-13,213.0,-344.0,126.0
2017-07-14,235.0,-199.0,60.0
2017-07-17,244.0,-294.0,52.0
2017-07-18,258.0,-327.0,-123.0
2017-07-19,700.0,-267.0,668.0
2017-07-20,275.0,-244.0,23.0
2017-07-21,273.0,-574.0,-511.0
2017-07-24,256.0,-224.0,-98.0
2017-07-25,213.0,-270.0,54.0
2017-07-26,234.0,-308.0,-203.0
2017-07-27,301.0,-454.0,-194.0
2017-07-28,399.0,-251.0,253.0
2017-07-31,230.0,-247.0,125.0
2017-08-01,475.0,-605.0,-472.0
2017-08-02,289.0,-287.0,42.0
2017-08-03,285.0,-297.0,-121.0
2017-08-04,541.0,-291.0,242.0
2017-08-07,244.0,-234.0,-45.0
2017-08-08,363.0,-386.0,94.0
2017-08-09,375.0,-358.0,-125.0
2017-08-10,456.0,-438.0,-331.0
2017-08-11,337.0,-264.0,36.0
2017-08-14,287.0,-312.0,171.0
2017-08-15,290.0,-342.0,-54.0
2017-08-16,313.0,-324.0,175.0
2017-08-17,774.0,-372.0,-240.0
2017-08-18,394.0,-280.0,33.0
2017-08-21,385.0,-293.0,104.0
2017-08-22,450.0,-208.0,326.0
2017-08-23,267.0,-313.0,43.0
2017-08-24,916.0,-337.0,713.0
2017-08-25,428.0,-281.0,330.0
2017-08-28,304.0,-270.0,26.0
2017-08-29,304.0,-262.0,17.0
2017-08-30,383.0,-215.0,54.0
2017-08-31,279.0,-215.0,187.0
2017-09-01,224.0,-272.0,146.0
2017-09-05,373.0,-364.0,78.0
2017-09-06,331.0,-248.0,-8.0
2017-09-07,240.0,-197.0,15.0
2017-09-08,204.0,-328.0,84.0
2017-09-11,289.0,-231.0,156.0
2017-09-12,372.0,-241.0,225.0
2017-09-13,218.0,-463.0,-121.0
2017-09-14,220.0,-168.0,36.0
2017-09-15,696.0,-226.0,88.0
2017-09-18,344.0,-301.0,321.0
2017-09-19,193.0,-199.0,51.0
2017-09-20,465.0,-353.0,369.0
2017-09-21,212.0,-301.0,-100.0
2017-09-22,410.0,-239.0,384.0
2017-09-25,254.0,-305.0,120.0
2017-09-26,234.0,-213.0,143.0
2017-09-27,519.0,-395.0,199.0
2017-09-28,288.0,-220.0,156.0
2017-09-29,337.0,-184.0,-19.0
2017-10-02,309.0,-361.0,286.0
2017-10-03,330.0,-220.0,273.0
2017-10-04,215.0,-224.0,63.0
2017-10-05,399.0,-203.0,350.0
2017-10-06,232.0,-213.0,90.0
2017-10-09,210.0,-233.0,-86.0
2017-10-10,258.0,-248.0,-186.0
2017-10-11,272.0,-220.0,-44.0
2017-10-12,270.0,-182.0,13.0
2017-10-13,265.0,-281.0,56.0
2017-10-16,244.0,-309.0,26.0
2017-10-17,344.0,-185.0,332.0
2017-10-18,274.0,-201.0,246.0
2017-10-19,307.0,-296.0,58.0
2017-10-20,257.0,-161.0,134.0
2017-10-23,624.0,-228.0,571.0
2017-10-24,292.0,-355.0,58.0
2017-10-25,333.0,-309.0,240.0
2017-10-26,293.0,-323.0,248.0
2017-10-27,356.0,-209.0,316.0
2017-10-30,230.0,-296.0,-153.0
2017-10-31,898.0,-191.0,405.0
2017-11-01,272.0,-317.0,70.0
2017-11-02,249.0,-232.0,86.0
2017-11-03,224.0,-224.0,212.0
2017-11-06,275.0,-252.0,-11.0
2017-11-07,615.0,-359.0,563.0
2017-11-08,262.0,-235.0,139.0
2017-11-09,268.0,-349.0,11.0
2017-11-10,210.0,-276.0,135.0
2017-11-13,236.0,-206.0,146.0
2017-11-14,233.0,-312.0,106.0
2017-11-15,263.0,-287.0,-14.0
2017-11-16,804.0,-598.0,-515.0
2017-11-17,278.0,-233.0,241.0
2017-11-20,338.0,-551.0,-426.0
2017-11-21,580.0,-742.0,-546.0
2017-11-22,254.0,-255.0,-17.0
2017-11-24,200.0,-213.0,-167.0
2017-11-27,232.0,-207.0,-49.0
2017-11-28,367.0,-288.0,270.0
2017-11-29,288.0,-244.0,38.0
2017-11-30,267.0,-706.0,-28.0
2017-12-01,310.0,-435.0,182.0
2017-12-04,409.0,-299.0,-45.0
2017-12-05,329.0,-272.0,4.0
2017-12-06,342.0,-278.0,82.0
2017-12-07,297.0,-253.0,-24.0
2017-12-08,279.0,-215.0,5.0
2017-12-11,208.0,-232.0,182.0
2017-12-12,256.0,-260.0,28.0
2017-12-13,886.0,-268.0,801.0
2017-12-14,565.0,-302.0,253.0
2017-12-15,828.0,-290.0,661.0
2017-12-18,457.0,-536.0,-401.0
2017-12-19,298.0,-270.0,-194.0
2017-12-20,230.0,-342.0,-152.0
2017-12-21,499.0,-867.0,-637.0
2017-12-22,243.0,-207.0,95.0
2017-12-26,160.0,-205.0,-142.0
2017-12-27,218.0,-248.0,-6.0
2017-12-28,196.0,-292.0,9.0
2017-12-29,453.0,-215.0,66.0
2018-01-02,269.0,-278.0,89.0
2018-01-03,1037.0,-225.0,369.0
2018-01-04,759.0,-209.0,93.0
2018-01-05,228.0,-250.0,45.0
2018-01-08,242.0,-314.0,110.0
2018-01-09,468.0,-292.0,187.0
2018-01-10,231.0,-265.0,70.0
2018-01-11,288.0,-176.0,190.0
2018-01-12,199.0,-272.0,108.0
2018-01-16,633.0,-370.0,60.0
2018-01-17,286.0,-255.0,223.0
2018-01-18,408.0,-384.0,-21.0
2018-01-19,230.0,-580.0,-107.0
2018-01-22,314.0,-371.0,189.0
2018-01-23,286.0,-268.0,111.0
2018-01-24,333.0,-329.0,-71.0
2018-01-25,283.0,-309.0,219.0
2018-01-26,333.0,-329.0,32.0
2018-01-29,388.0,-270.0,-5.0
2018-01-30,337.0,-679.0,-408.0
2018-01-31,772.0,-509.0,704.0
2018-02-01,338.0,-638.0,-451.0
2018-02-02,572.0,-378.0,-6.0
2018-02-05,664.0,-495.0,50.0
2018-02-06,647.0,-765.0,-195.0
2018-02-07,442.0,-410.0,-83.0
2018-02-08,717.0,-513.0,54.0
2018-02-09,965.0,-438.0,273.0
2018-02-12,450.0,-497.0,229.0
2018-02-13,522.0,-560.0,-18.0
2018-02-14,441.0,-344.0,252.0
2018-02-15,315.0,-385.0,135.0
2018-02-16,336.0,-460.0,20.0
2018-02-20,600.0,-370.0,443.0
2018-02-21,622.0,-396.0,33.0
2018-02-22,459.0,-417.0,36.0
2018-02-23,317.0,-421.0,93.0
2018-02-26,283.0,-332.0,40.0
2018-02-27,662.0,-374.0,94.0
2018-02-28,847.0,-350.0,118.0
2018-03-01,439.0,-477.0,-10.0
2018-03-02,450.0,-670.0,293.0
2018-03-05,1068.0,-354.0,843.0
2018-03-06,504.0,-551.0,-12.0
2018-03-07,689.0,-525.0,-501.0
2018-03-08,323.0,-308.0,130.0
2018-03-09,286.0,-427.0,64.0
2018-03-12,294.0,-268.0,52.0
2018-03-13,313.0,-353.0,-36.0
2018-03-14,414.0,-326.0,136.0
2018-03-15,348.0,-602.0,-428.0
2018-03-16,323.0,-339.0,119.0
2018-03-19,730.0,-604.0,600.0
2018-03-20,264.0,-320.0,-116.0
2018-03-21,754.0,-365.0,676.0
2018-03-22,614.0,-430.0,-88.0
2018-03-23,733.0,-707.0,-16.0
2018-03-26,865.0,-563.0,-485.0
2018-03-27,859.0,-539.0,767.0
2018-03-28,614.0,-437.0,-370.0
2018-03-29,683.0,-693.0,-14.0
2018-04-02,888.0,-729.0,840.0
2018-04-03,976.0,-436.0,503.0
2018-04-04,869.0,-591.0,-308.0
2018-04-05,408.0,-374.0,160.0
2018-04-06,738.0,-473.0,395.0
2018-04-09,768.0,-394.0,10.0
2018-04-10,429.0,-705.0,170.0
2018-04-11,459.0,-432.0,103.0
2018-04-12,328.0,-460.0,-153.0
2018-04-13,359.0,-355.0,188.0
2018-04-16,308.0,-369.0,183.0
2018-04-17,343.0,-410.0,316.0
2018-04-18,419.0,-300.0,185.0
2018-04-19,543.0,-703.0,-566.0
2018-04-20,876.0,-593.0,765.0
2018-04-23,320.0,-388.0,154.0
2018-04-24,480.0,-432.0,176.0
2018-04-25,395.0,-357.0,72.0
2018-04-26,359.0,-274.0,99.0
2018-04-27,387.0,-315.0,75.0
2018-04-30,732.0,-339.0,100.0
2018-05-01,396.0,-628.0,94.0
2018-05-02,543.0,-368.0,49.0
2018-05-03,508.0,-355.0,34.0
2018-05-04,404.0,-603.0,91.0
2018-05-07,309.0,-346.0,61.0
2018-05-08,382.0,-399.0,61.0
2018-05-09,868.0,-301.0,531.0
2018-05-10,324.0,-353.0,68.0
2018-05-11,356.0,-322.0,-127.0
2018-05-14,332.0,-325.0,43.0
2018-05-15,339.0,-309.0,105.0
2018-05-16,520.0,-289.0,-74.0
2018-05-17,291.0,-347.0,77.0
2018-05-18,288.0,-240.0,15.0
2018-05-21,234.0,-340.0,28.0
2018-05-22,545.0,-282.0,-84.0
2018-05-23,367.0,-373.0,108.0
2018-05-24,348.0,-364.0,174.0
2018-05-25,232.0,-288.0,88.0
2018-05-29,437.0,-380.0,122.0
2018-05-30,733.0,-629.0,-580.0
2018-05-31,570.0,-393.0,131.0
2018-06-01,287.0,-282.0,142.0
2018-06-04,258.0,-280.0,79.0
2018-06-05,308.0,-325.0,283.0
2018-06-06,234.0,-396.0,62.0
2018-06-07,282.0,-349.0,114.0
2018-06-08,273.0,-354.0,-31.0
2018-06-11,331.0,-270.0,314.0
2018-06-12,259.0,-279.0,44.0
2018-06-13,535.0,-322.0,-2.0
2018-06-14,262.0,-344.0,71.0
2018-06-15,292.0,-284.0,87.0
2018-06-18,344.0,-381.0,36.0
2018-06-19,360.0,-294.0,161.0
2018-06-20,593.0,-299.0,183.0
2018-06-21,342.0,-339.0,-54.0
2018-06-22,414.0,-309.0,76.0
2018-06-25,386.0,-783.0,-525.0
2018-06-26,366.0,-293.0,84.0
2018-06-27,726.0,-555.0,507.0
2018-06-28,448.0,-450.0,120.0
2018-06-29,303.0,-313.0,-92.0
2018-07-02,378.0,-664.0,202.0
2018-07-03,646.0,-453.0,-395.0
2018-07-05,375.0,-492.0,20.0
2018-07-06,296.0,-304.0,31.0
2018-07-09,210.0,-312.0,-34.0
2018-07-10,273.0,-282.0,-1.0
2018-07-11,282.0,-382.0,-98.0
2018-07-12,343.0,-339.0,50.0
2018-07-13,359.0,-343.0,120.0
2018-07-16,302.0,-301.0,-14.0
2018-07-17,439.0,-236.0,-45.0
2018-07-18,320.0,-292.0,239.0
2018-07-19,797.0,-333.0,780.0
2018-07-20,436.0,-287.0,143.0
2018-07-23,217.0,-263.0,50.0
2018-07-24,327.0,-336.0,-263.0
2018-07-25,277.0,-352.0,24.0
2018-07-26,300.0,-200.0,34.0
2018-07-27,465.0,-312.0,93.0
2018-07-30,586.0,-619.0,563.0
2018-07-31,967.0,-638.0,-516.0
2018-08-01,247.0,-319.0,51.0
2018-08-02,694.0,-191.0,494.0
2018-08-03,195.0,-252.0,38.0
2018-08-06,394.0,-212.0,204.0
2018-08-07,300.0,-201.0,8.0
2018-08-08,218.0,-250.0,7.0
2018-08-09,300.0,-214.0,39.0
2018-08-10,312.0,-261.0,118.0
2018-08-13,576.0,-372.0,101.0
2018-08-14,377.0,-263.0,-158.0
2018-08-15,730.0,-504.0,703.0
2018-08-16,274.0,-397.0,-43.0
2018-08-17,322.0,-437.0,114.0
2018-08-20,254.0,-258.0,-210.0
2018-08-21,659.0,-613.0,-605.0
2018-08-22,273.0,-221.0,180.0
2018-08-23,405.0,-275.0,220.0
2018-08-24,291.0,-276.0,252.0
2018-08-27,268.0,-274.0,140.0
2018-08-28,235.0,-375.0,95.0
2018-08-29,267.0,-329.0,-80.0
2018-08-30,371.0,-468.0,56.0
2018-08-31,564.0,-528.0,-484.0
2018-09-04,457.0,-292.0,24.0
2018-09-05,298.0,-359.0,-20.0
2018-09-06,440.0,-551.0,390.0
2018-09-07,302.0,-372.0,113.0
2018-09-10,392.0,-329.0,-88.0
2018-09-11,280.0,-263.0,25.0
2018-09-12,442.0,-315.0,172.0
2018-09-13,435.0,-353.0,81.0
2018-09-14,474.0,-329.0,-42.0
2018-09-17,234.0,-300.0,-90.0
2018-09-18,218.0,-238.0,37.0
2018-09-19,293.0,-316.0,35.0
2018-09-20,268.0,-260.0,30.0
2018-09-21,423.0,-375.0,96.0
2018-09-24,737.0,-304.0,370.0
2018-09-25,344.0,-288.0,116.0
2018-09-26,568.0,-383.0,-70.0
2018-09-27,415.0,-251.0,-73.0
2018-09-28,486.0,-337.0,-209.0
2018-10-01,614.0,-714.0,-227.0
2018-10-02,335.0,-353.0,93.0
2018-10-03,288.0,-385.0,94.0
2018-10-04,378.0,-413.0,66.0
2018-10-05,371.0,-406.0,61.0
2018-10-08,421.0,-376.0,49.0
2018-10-09,410.0,-422.0,34.0
2018-10-10,749.0,-435.0,-121.0
2018-10-11,798.0,-516.0,-1.0
2018-10-12,558.0,-481.0,85.0
2018-10-15,492.0,-439.0,157.0
2018-10-16,386.0,-466.0,37.0
2018-10-17,439.0,-479.0,89.0
2018-10-18,540.0,-512.0,19.0
2018-10-19,544.0,-495.0,75.0
2018-10-22,491.0,-480.0,29.0
2018-10-23,446.0,-485.0,5.0
2018-10-24,719.0,-470.0,39.0
2018-10-25,499.0,-390.0,-139.0
2018-10-26,527.0,-454.0,76.0
2018-10-29,648.0,-622.0,-30.0
2018-10-30,449.0,-473.0,76.0
2018-10-31,584.0,-389.0,51.0
2018-11-01,311.0,-354.0,60.0
2018-11-02,472.0,-505.0,-92.0
2018-11-05,483.0,-405.0,112.0
2018-11-06,375.0,-353.0,44.0
2018-11-07,381.0,-699.0,-130.0
2018-11-08,357.0,-353.0,46.0
2018-11-09,386.0,-418.0,131.0
2018-11-12,668.0,-395.0,-18.0
2018-11-13,516.0,-488.0,68.0
2018-11-14,505.0,-525.0,70.0
2018-11-15,540.0,-819.0,100.0
2018-11-16,516.0,-437.0,180.0
2018-11-19,475.0,-439.0,-17.0
2018-11-20,504.0,-420.0,-14.0
2018-11-21,364.0,-461.0,-260.0
2018-11-23,356.0,-363.0,-45.0
2018-11-26,469.0,-681.0,-214.0
2018-11-27,470.0,-375.0,-29.0
2018-11-28,524.0,-699.0,86.0
2018-11-29,406.0,-325.0,64.0
2018-11-30,425.0,-388.0,33.0
2018-12-03,446.0,-397.0,18.0
2018-12-04,681.0,-501.0,-20.0
2018-12-06,559.0,-630.0,361.0
2018-12-07,620.0,-510.0,165.0
2018-12-10,569.0,-520.0,98.0
2018-12-11,503.0,-461.0,-70.0
2018-12-12,541.0,-510.0,-134.0
2018-12-13,425.0,-512.0,-10.0
2018-12-14,592.0,-415.0,155.0
2018-12-17,694.0,-472.0,43.0
2018-12-18,560.0,-490.0,-76.0
2018-12-19,785.0,-554.0,6.0
2018-12-20,532.0,-701.0,35.0
2018-12-21,663.0,-482.0,-26.0
2018-12-24,559.0,-397.0,-1.0
2018-12-26,493.0,-741.0,38.0
2018-12-27,593.0,-1038.0,-112.0
2018-12-28,549.0,-535.0,82.0
2018-12-31,504.0,-668.0,-46.0
2019-01-02,577.0,-421.0,93.0
2019-01-03,550.0,-555.0,62.0
2019-01-04,432.0,-461.0,102.0
2019-01-07,465.0,-500.0,136.0
2019-01-08,372.0,-450.0,218.0
2019-01-09,408.0,-441.0,97.0
2019-01-10,467.0,-426.0,169.0
2019-01-11,404.0,-346.0,170.0
2019-01-14,373.0,-565.0,-74.0
2019-01-15,363.0,-458.0,195.0
2019-01-16,390.0,-347.0,16.0
2019-01-17,451.0,-560.0,143.0
2019-01-18,429.0,-443.0,195.0
2019-01-22,571.0,-416.0,62.0
2019-01-23,386.0,-436.0,18.0
2019-01-24,319.0,-341.0,68.0
2019-01-25,347.0,-447.0,30.0
2019-01-28,371.0,-389.0,138.0
2019-01-29,313.0,-354.0,-78.0
2019-01-30,380.0,-583.0,105.0
2019-01-31,354.0,-374.0,89.0
2019-02-01,257.0,-340.0,29.0
2019-02-04,275.0,-362.0,111.0
2019-02-05,295.0,-366.0,122.0
2019-02-06,295.0,-375.0,29.0
2019-02-07,471.0,-418.0,27.0
2019-02-08,316.0,-392.0,156.0
2019-02-11,295.0,-390.0,117.0
2019-02-12,266.0,-413.0,-32.0
2019-02-13,324.0,-326.0,108.0
2019-02-14,429.0,-477.0,60.0
2019-02-15,285.0,-327.0,2.0
2019-02-19,391.0,-280.0,98.0
2019-02-20,345.0,-431.0,84.0
2019-02-21,369.0,-343.0,21.0
2019-02-22,319.0,-432.0,55.0
2019-02-25,441.0,-323.0,-47.0
2019-02-26,327.0,-308.0,-24.0
2019-02-27,351.0,-336.0,171.0
2019-02-28,441.0,-285.0,200.0
2019-03-01,314.0,-317.0,219.0
2019-03-04,381.0,-453.0,68.0
2019-03-05,445.0,-370.0,128.0
2019-03-06,607.0,-457.0,76.0
2019-03-07,393.0,-415.0,84.0
2019-03-08,436.0,-342.0,129.0
2019-03-11,316.0,-416.0,172.0
2019-03-12,291.0,-346.0,79.0
2019-03-13,312.0,-399.0,10.0
2019-03-14,291.0,-306.0,57.0
2019-03-15,401.0,-407.0,-35.0
2019-03-18,328.0,-404.0,3.0
2019-03-19,538.0,-538.0,50.0
2019-03-20,479.0,-534.0,148.0
2019-03-21,403.0,-411.0,155.0
2019-03-22,735.0,-415.0,-9.0
2019-03-25,466.0,-426.0,170.0
2019-03-26,383.0,-370.0,20.0
2019-03-27,528.0,-527.0,68.0
2019-03-28,346.0,-394.0,142.0
2019-03-29,339.0,-510.0,86.0
2019-04-01,323.0,-396.0,120.0
2019-04-02,325.0,-349.0,14.0
2019-04-03,316.0,-346.0,76.0
2019-04-04,315.0,-450.0,97.0
2019-04-05,339.0,-349.0,112.0
2019-04-08,361.0,-380.0,18.0
2019-04-09,378.0,-463.0,67.0
2019-04-10,366.0,-458.0,34.0
2019-04-11,279.0,-560.0,37.0
2019-04-12,460.0,-353.0,-9.0
2019-04-15,319.0,-352.0,168.0
2019-04-16,239.0,-405.0,19.0
2019-04-17,329.0,-376.0,42.0
2019-04-18,338.0,-327.0,27.0
2019-04-22,393.0,-335.0,10.0
2019-04-23,359.0,-387.0,174.0
2019-04-24,311.0,-379.0,45.0
2019-04-25,376.0,-345.0,85.0
2019-04-26,311.0,-340.0,134.0
2019-04-29,282.0,-257.0,-6.0
2019-04-30,402.0,-398.0,66.0
2019-05-01,398.0,-533.0,111.0
2019-05-02,300.0,-381.0,29.0
2019-05-03,296.0,-251.0,145.0
2019-05-06,412.0,-390.0,58.0
2019-05-07,433.0,-487.0,133.0
2019-05-08,429.0,-485.0,-21.0
2019-05-09,520.0,-434.0,147.0
2019-05-10,546.0,-506.0,144.0
2019-05-13,599.0,-388.0,147.0
2019-05-14,383.0,-374.0,37.0
2019-05-15,464.0,-369.0,106.0
2019-05-16,427.0,-391.0,328.0
2019-05-17,476.0,-457.0,24.0
2019-05-20,380.0,-356.0,98.0
2019-05-21,310.0,-367.0,78.0
2019-05-22,394.0,-387.0,-80.0
2019-05-23,482.0,-372.0,197.0
2019-05-24,317.0,-378.0,78.0
2019-05-28,365.0,-433.0,-47.0
2019-05-29,499.0,-401.0,-39.0
2019-05-30,401.0,-421.0,-82.0
2019-05-31,364.0,-376.0,2.0
2019-06-03,545.0,-501.0,96.0
2019-06-04,412.0,-347.0,12.0
2019-06-05,333.0,-454.0,-2.0
2019-06-06,492.0,-392.0,96.0
2019-06-07,335.0,-387.0,11.0
2019-06-10,365.0,-577.0,-72.0
2019-06-11,350.0,-446.0,-22.0
2019-06-12,376.0,-304.0,12.0
2019-06-13,385.0,-379.0,123.0
2019-06-14,352.0,-342.0,-52.0
2019-06-17,295.0,-328.0,-53.0
2019-06-18,307.0,-405.0,58.0
2019-06-19,472.0,-438.0,-86.0
2019-06-20,319.0,-420.0,1.0
2019-06-21,398.0,-300.0,26.0
2019-06-24,336.0,-380.0,47.0
2019-06-25,352.0,-433.0,23.0
2019-06-26,316.0,-318.0,-6.0
2019-06-27,334.0,-347.0,98.0
2019-06-28,342.0,-332.0,81.0
2019-07-01,307.0,-361.0,3.0
2019-07-02,334.0,-407.0,150.0
2019-07-03,325.0,-248.0,193.0
2019-07-05,395.0,-350.0,110.0
2019-07-08,329.0,-334.0,48.0
2019-07-09,316.0,-303.0,31.0
2019-07-10,345.0,-410.0,17.0
2019-07-11,286.0,-375.0,108.0
2019-07-12,274.0,-300.0,49.0
2019-07-15,266.0,-328.0,63.0
2019-07-16,352.0,-380.0,50.0
2019-07-17,337.0,-417.0,-85.0
2019-07-18,341.0,-307.0,111.0
2019-07-19,488.0,-473.0,80.0
2019-07-22,368.0,-361.0,-7.0
2019-07-23,477.0,-291.0,137.0
2019-07-24,358.0,-266.0,120.0
2019-07-25,332.0,-454.0,1.0
2019-07-26,305.0,-318.0,111.0
2019-07-29,313.0,-271.0,11.0
2019-07-30,393.0,-273.0,100.0
2019-07-31,571.0,-579.0,11.0
2019-08-01,494.0,-560.0,-36.0
2019-08-02,576.0,-342.0,63.0
2019-08-05,553.0,-511.0,-160.0
2019-08-06,425.0,-375.0,-28.0
2019-08-07,463.0,-423.0,76.0
2019-08-08,452.0,-396.0,106.0
2019-08-09,472.0,-455.0,81.0
2019-08-12,340.0,-446.0,103.0
2019-08-13,494.0,-567.0,85.0
2019-08-14,580.0,-524.0,70.0
2019-08-15,463.0,-528.0,236.0
2019-08-16,476.0,-278.0,153.0
2019-08-19,315.0,-250.0,83.0
2019-08-20,374.0,-417.0,-72.0
2019-08-21,424.0,-448.0,139.0
2019-08-22,410.0,-506.0,37.0
2019-08-23,506.0,-574.0,138.0
2019-08-26,466.0,-342.0,69.0
2019-08-27,561.0,-466.0,45.0
2019-08-28,382.0,-445.0,15.0
2019-08-29,272.0,-600.0,127.0
2019-08-30,361.0,-459.0,121.0
2019-09-03,468.0,-396.0,201.0
2019-09-04,349.0,-370.0,158.0
2019-09-05,353.0,-382.0,63.0
2019-09-06,308.0,-330.0,57.0
2019-09-09,286.0,-398.0,80.0
2019-09-10,401.0,-310.0,60.0
2019-09-11,360.0,-275.0,197.0
2019-09-12,464.0,-475.0,50.0
2019-09-13,417.0,-371.0,84.0
2019-09-16,367.0,-315.0,58.0
2019-09-17,426.0,-269.0,92.0
2019-09-18,436.0,-381.0,174.0
2019-09-19,302.0,-455.0,37.0
2019-09-20,410.0,-600.0,58.0
2019-09-23,396.0,-324.0,74.0
2019-09-24,628.0,-567.0,92.0
2019-09-25,415.0,-459.0,125.0
2019-09-26,401.0,-407.0,110.0
2019-09-27,427.0,-507.0,120.0
2019-09-30,364.0,-455.0,-3.0
2019-10-01,432.0,-416.0,58.0
2019-10-02,529.0,-405.0,-159.0
2019-10-03,478.0,-402.0,60.0
2019-10-04,338.0,-423.0,107.0
2019-10-07,531.0,-442.0,89.0
2019-10-08,634.0,-571.0,44.0
2019-10-09,411.0,-501.0,-107.0
2019-10-10,419.0,-662.0,61.0
2019-10-11,491.0,-488.0,28.0
2019-10-14,319.0,-303.0,229.0
2019-10-15,317.0,-357.0,64.0
2019-10-16,329.0,-354.0,-3.0
2019-10-17,274.0,-401.0,100.0
2019-10-18,376.0,-525.0,10.0
2019-10-21,293.0,-307.0,119.0
2019-10-22,288.0,-386.0,97.0
2019-10-23,263.0,-281.0,7.0
2019-10-24,251.0,-392.0,42.0
2019-10-25,266.0,-326.0,77.0
2019-10-28,272.0,-259.0,73.0
2019-10-29,257.0,-408.0,82.0
2019-10-30,351.0,-303.0,48.0
2019-10-31,334.0,-315.0,39.0
2019-11-01,394.0,-256.0,388.0
2019-11-04,251.0,-278.0,152.0
2019-11-05,239.0,-256.0,117.0
2019-11-06,304.0,-411.0,-85.0
2019-11-07,433.0,-402.0,-36.0
2019-11-08,291.0,-302.0,63.0
2019-11-11,182.0,-315.0,1.0
2019-11-12,306.0,-319.0,33.0
2019-11-13,305.0,-513.0,-79.0
2019-11-14,294.0,-424.0,159.0
2019-11-15,303.0,-222.0,60.0
2019-11-18,254.0,-252.0,20.0
2019-11-19,455.0,-301.0,39.0
2019-11-20,429.0,-500.0,53.0
2019-11-21,321.0,-424.0,112.0
2019-11-22,249.0,-289.0,98.0
2019-11-25,271.0,-265.0,92.0
2019-11-26,293.0,-266.0,43.0
2019-11-27,402.0,-254.0,-37.0
2019-11-29,307.0,-318.0,101.0
2019-12-02,327.0,-521.0,91.0
2019-12-03,386.0,-311.0,11.0
2019-12-04,287.0,-259.0,128.0
2019-12-05,280.0,-349.0,81.0
2019-12-06,295.0,-281.0,114.0
2019-12-09,176.0,-304.0,-25.0
2019-12-10,295.0,-338.0,62.0
2019-12-11,326.0,-282.0,157.0
2019-12-12,568.0,-514.0,252.0
2019-12-13,345.0,-362.0,56.0
2019-12-16,234.0,-285.0,73.0
2019-12-17,226.0,-227.0,97.0
2019-12-18,273.0,-254.0,116.0
2019-12-19,302.0,-198.0,86.0
2019-12-20,258.0,-164.0,52.0
2019-12-23,227.0,-257.0,190.0
2019-12-24,240.0,-166.0,60.0
2019-12-26,320.0,-309.0,85.0
2019-12-27,422.0,-337.0,155.0
2019-12-30,313.0,-385.0,256.0
2019-12-31,321.0,-341.0,104.0
2020-01-02,363.0,-399.0,131.0
2020-01-03,358.0,-478.0,-71.0
2020-01-06,394.0,-315.0,26.0
2020-01-07,342.0,-292.0,-73.0
2020-01-08,331.0,-373.0,70.0
2020-01-09,323.0,-350.0,124.0
2020-01-10,271.0,-397.0,60.0
2020-01-13,319.0,-233.0,177.0
2020-01-14,382.0,-583.0,246.0
2020-01-15,370.0,-482.0,93.0
2020-01-16,340.0,-272.0,112.0
2020-01-17,242.0,-374.0,48.0
2020-01-21,222.0,-417.0,76.0
2020-01-22,258.0,-340.0,73.0
2020-01-23,424.0,-280.0,14.0
2020-01-24,487.0,-433.0,27.0
2020-01-27,395.0,-408.0,57.0
2020-01-28,357.0,-247.0,-41.0
2020-01-29,286.0,-400.0,45.0
2020-01-30,599.0,-428.0,75.0
2020-01-31,470.0,-530.0,67.0
2020-02-03,342.0,-392.0,157.0
2020-02-04,263.0,-392.0,-298.0
2020-02-05,304.0,-350.0,70.0
2020-02-06,274.0,-340.0,11.0
2020-02-07,292.0,-356.0,90.0
2020-02-10,257.0,-250.0,15.0
2020-02-11,280.0,-467.0,134.0
2020-02-12,219.0,-271.0,-109.0
2020-02-13,385.0,-325.0,64.0
2020-02-14,285.0,-551.0,-27.0
2020-02-18,312.0,-327.0,46.0
2020-02-19,235.0,-245.0,-70.0
2020-02-20,461.0,-561.0,57.0
2020-02-21,285.0,-369.0,46.0
2020-02-24,454.0,-402.0,-42.0
2020-02-25,446.0,-563.0,-56.0
2020-02-26,591.0,-535.0,-109.0
2020-02-27,578.0,-490.0,-27.0
2020-02-28,669.0,-466.0,-15.0
2020-03-02,520.0,-476.0,219.0
2020-03-03,675.0,-537.0,96.0
2020-03-04,744.0,-442.0,260.0
2020-03-05,506.0,-459.0,144.0
2020-03-06,600.0,-425.0,35.0
2020-03-09,484.0,-458.0,88.0
2020-03-10,568.0,-510.0,129.0
2020-03-11,518.0,-470.0,185.0
2020-03-12,607.0,-438.0,-38.0
2020-03-13,444.0,-418.0,93.0
2020-03-16,443.0,-367.0,-20.0
2020-03-17,445.0,-466.0,-207.0
2020-03-18,282.0,-502.0,142.0
2020-03-19,417.0,-278.0,3.0
2020-03-20,360.0,-418.0,57.0
2020-03-23,497.0,-384.0,-157.0
2020-03-24,433.0,-387.0,218.0
2020-03-25,460.0,-402.0,194.0
2020-03-26,600.0,-387.0,191.0
2020-03-27,487.0,-440.0,135.0
2020-03-30,396.0,-361.0,158.0
2020-03-31,400.0,-331.0,-155.0
2020-04-01,392.0,-395.0,376.0
2020-04-02,659.0,-397.0,218.0
2020-04-03,458.0,-352.0,72.0
2020-04-06,619.0,-284.0,187.0
2020-04-07,442.0,-437.0,152.0
2020-04-08,406.0,-446.0,47.0
2020-04-09,440.0,-430.0,149.0
2020-04-13,415.0,-384.0,152.0
2020-04-14,383.0,-369.0,149.0
2020-04-15,383.0,-431.0,24.0
2020-04-16,467.0,-438.0,318.0
2020-04-17,286.0,-336.0,-18.0
2020-04-20,420.0,-373.0,273.0
2020-04-21,491.0,-495.0,182.0
2020-04-22,391.0,-320.0,25.0
2020-04-23,480.0,-535.0,32.0
2020-04-24,418.0,-362.0,79.0
2020-04-27,349.0,-337.0,75.0
2020-04-28,431.0,-466.0,84.0
2020-04-29,414.0,-342.0,186.0
2020-04-30,404.0,-471.0,2.0
2020-05-01,545.0,-397.0,225.0
2020-05-04,444.0,-402.0,314.0
2020-05-05,387.0,-497.0,195.0
2020-05-06,381.0,-429.0,115.0
2020-05-07,395.0,-421.0,185.0
2020-05-08,370.0,-322.0,252.0
2020-05-11,402.0,-407.0,116.0
2020-05-12,392.0,-429.0,-96.0
2020-05-13,421.0,-502.0,117.0
2020-05-14,578.0,-451.0,164.0
2020-05-15,408.0,-499.0,59.0
2020-05-18,394.0,-372.0,117.0
2020-05-19,583.0,-538.0,114.0
2020-05-20,424.0,-470.0,99.0
2020-05-21,533.0,-383.0,110.0
2020-05-22,421.0,-394.0,19.0
2020-05-26,404.0,-456.0,137.0
2020-05-27,474.0,-591.0,223.0
2020-05-28,431.0,-432.0,65.0
2020-05-29,584.0,-599.0,189.0
2020-06-01,372.0,-363.0,160.0
2020-06-02,512.0,-419.0,230.0
2020-06-03,533.0,-402.0,245.0
2020-06-04,381.0,-529.0,65.0
2020-06-05,450.0,-586.0,144.0
2020-06-08,353.0,-534.0,242.0
2020-06-09,433.0,-576.0,64.0
2020-06-10,585.0,-515.0,79.0
2020-06-11,518.0,-447.0,172.0
2020-06-12,558.0,-628.0,140.0
2020-06-15,663.0,-473.0,226.0
2020-06-16,517.0,-622.0,-23.0
2020-06-17,452.0,-474.0,-5.0
2020-06-18,463.0,-549.0,235.0
2020-06-19,445.0,-574.0,43.0
2020-06-22,487.0,-447.0,40.0
2020-06-23,378.0,-479.0,-70.0
2020-06-24,553.0,-521.0,6.0
2020-06-25,526.0,-499.0,123.0
2020-06-26,668.0,-538.0,-55.0
2020-06-29,480.0,-537.0,259.0
2020-06-30,476.0,-435.0,-32.0
2020-07-01,480.0,-418.0,105.0
2020-07-02,413.0,-583.0,60.0
2020-07-06,385.0,-503.0,296.0
2020-07-07,397.0,-395.0,52.0
2020-07-08,409.0,-464.0,112.0
2020-07-09,531.0,-529.0,71.0
2020-07-10,444.0,-434.0,100.0
2020-07-13,439.0,-536.0,-78.0
2020-07-14,501.0,-431.0,129.0
2020-07-15,459.0,-501.0,147.0
2020-07-16,385.0,-404.0,63.0
2020-07-17,383.0,-406.0,38.0
2020-07-20,358.0,-304.0,121.0
2020-07-21,409.0,-407.0,140.0
2020-07-22,421.0,-440.0,-17.0
2020-07-23,550.0,-468.0,84.0
2020-07-24,449.0,-525.0,44.0
2020-07-27,369.0,-352.0,106.0
2020-07-28,400.0,-311.0,67.0
2020-07-29,418.0,-378.0,169.0
2020-07-30,523.0,-371.0,6.0
2020-07-31,413.0,-501.0,169.0
2020-08-03,306.0,-378.0,85.0
2020-08-04,333.0,-324.0,182.0
2020-08-05,311.0,-284.0,99.0
2020-08-06,441.0,-332.0,71.0
2020-08-07,407.0,-356.0,289.0
2020-08-10,357.0,-418.0,107.0
2020-08-11,379.0,-534.0,-13.0
2020-08-12,363.0,-500.0,-11.0
2020-08-13,383.0,-420.0,38.0
2020-08-14,356.0,-365.0,-4.0
2020-08-17,288.0,-310.0,44.0
2020-08-18,352.0,-319.0,187.0
2020-08-19,319.0,-431.0,-51.0
2020-08-20,443.0,-496.0,92.0
2020-08-21,379.0,-400.0,66.0
2020-08-24,301.0,-296.0,86.0
2020-08-25,327.0,-452.0,112.0
2020-08-26,316.0,-293.0,65.0
2020-08-27,454.0,-461.0,85.0
2020-08-28,366.0,-330.0,125.0
2020-08-31,350.0,-333.0,-89.0
2020-09-01,412.0,-383.0,206.0
2020-09-02,327.0,-374.0,98.0
2020-09-03,585.0,-563.0,-210.0
2020-09-04,602.0,-641.0,-72.0
2020-09-08,527.0,-552.0,-96.0
2020-09-09,456.0,-368.0,20.0
2020-09-10,514.0,-484.0,-64.0
2020-09-11,476.0,-543.0,121.0
2020-09-14,448.0,-452.0,192.0
2020-09-15,309.0,-387.0,52.0
2020-09-16,380.0,-558.0,51.0
2020-09-17,562.0,-525.0,123.0
2020-09-18,662.0,-566.0,336.0
2020-09-21,491.0,-434.0,114.0
2020-09-22,474.0,-546.0,57.0
2020-09-23,486.0,-562.0,-25.0
2020-09-24,655.0,-604.0,46.0
2020-09-25,505.0,-436.0,114.0
2020-09-28,490.0,-493.0,92.0
2020-09-29,447.0,-496.0,134.0
2020-09-30,604.0,-588.0,-34.0
2020-10-01,499.0,-577.0,102.0
2020-10-02,477.0,-480.0,38.0
2020-10-05,330.0,-283.0,-4.0
2020-10-06,373.0,-581.0,80.0
2020-10-07,355.0,-385.0,173.0
2020-10-08,345.0,-451.0,111.0
2020-10-09,523.0,-292.0,180.0
2020-10-12,299.0,-308.0,97.0
2020-10-13,364.0,-444.0,87.0
2020-10-14,418.0,-546.0,24.0
2020-10-15,436.0,-367.0,200.0
2020-10-16,294.0,-379.0,-35.0
2020-10-19,425.0,-478.0,202.0
2020-10-20,487.0,-505.0,-47.0
2020-10-21,437.0,-407.0,-115.0
2020-10-22,442.0,-325.0,148.0
2020-10-23,399.0,-458.0,136.0
2020-10-26,420.0,-415.0,108.0
2020-10-27,276.0,-396.0,-48.0
2020-10-28,469.0,-350.0,33.0
2020-10-29,491.0,-323.0,-248.0
2020-10-30,381.0,-419.0,153.0
2020-11-02,590.0,-446.0,-9.0
2020-11-03,601.0,-415.0,-53.0
2020-11-04,446.0,-358.0,11.0
2020-11-05,329.0,-358.0,54.0
2020-11-06,336.0,-409.0,116.0
2020-11-09,427.0,-381.0,37.0
2020-11-10,371.0,-398.0,35.0
2020-11-11,323.0,-368.0,54.0
2020-11-12,346.0,-486.0,-48.0
2020-11-13,339.0,-329.0,25.0
2020-11-16,336.0,-401.0,-36.0
2020-11-17,371.0,-379.0,-22.0
2020-11-18,287.0,-402.0,6.0
2020-11-19,403.0,-340.0,-13.0
2020-11-20,307.0,-341.0,99.0
2020-11-23,381.0,-319.0,152.0
2020-11-24,442.0,-343.0,104.0
2020-11-25,270.0,-277.0,170.0
2020-11-27,327.0,-289.0,35.0
2020-11-30,410.0,-459.0,17.0
2020-12-01,298.0,-430.0,13.0
2020-12-02,311.0,-279.0,-26.0
2020-12-03,264.0,-415.0,185.0
2020-12-04,368.0,-257.0,135.0
2020-12-07,253.0,-361.0,91.0
2020-12-08,287.0,-250.0,181.0
2020-12-09,327.0,-384.0,21.0
2020-12-10,308.0,-335.0,91.0
2020-12-11,337.0,-407.0,-84.0
2020-12-14,298.0,-368.0,22.0
2020-12-15,318.0,-257.0,66.0
2020-12-16,316.0,-354.0,150.0
2020-12-17,278.0,-391.0,60.0
2020-12-18,280.0,-340.0,179.0
2020-12-21,417.0,-344.0,-38.0
2020-12-22,402.0,-334.0,-3.0
2020-12-23,262.0,-311.0,68.0
2020-12-24,287.0,-235.0,-30.0
2020-12-28,286.0,-283.0,181.0
2020-12-29,340.0,-407.0,25.0
2020-12-30,234.0,-380.0,-57.0
2020-12-31,476.0,-246.0,34.0
2021-01-04,528.0,-488.0,17.0
2021-01-05,443.0,-330.0,142.0
2021-01-06,473.0,-457.0,144.0
2021-01-07,284.0,-278.0,-25.0
2021-01-08,443.0,-482.0,201.0
2021-01-11,295.0,-366.0,18.0
2021-01-12,333.0,-357.0,59.0
2021-01-13,308.0,-313.0,59.0
2021-01-14,247.0,-300.0,115.0
2021-01-15,351.0,-447.0,-87.0
2021-01-19,328.0,-313.0,160.0
2021-01-20,271.0,-294.0,66.0
2021-01-21,252.0,-341.0,35.0
2021-01-22,292.0,-263.0,90.0
2021-01-25,323.0,-474.0,37.0
2021-01-26,520.0,-421.0,-45.0
2021-01-27,312.0,-440.0,-166.0
2021-01-28,295.0,-358.0,-100.0
2021-01-29,475.0,-484.0,88.0
2021-02-01,481.0,-455.0,60.0
2021-02-02,505.0,-388.0,99.0
2021-02-03,276.0,-350.0,170.0
2021-02-04,284.0,-266.0,147.0
2021-02-05,435.0,-327.0,162.0
2021-02-08,302.0,-280.0,83.0
2021-02-09,328.0,-271.0,328.0
2021-02-10,365.0,-469.0,-80.0
2021-02-11,354.0,-498.0,17.0
2021-02-12,285.0,-422.0,130.0
2021-02-16,336.0,-388.0,18.0
2021-02-17,304.0,-527.0,88.0
2021-02-18,284.0,-362.0,36.0
2021-02-19,333.0,-419.0,94.0
2021-02-22,293.0,-370.0,71.0
2021-02-23,403.0,-399.0,1.0
2021-02-24,376.0,-329.0,39.0
2021-02-25,400.0,-506.0,-202.0
2021-02-26,519.0,-467.0,29.0
2021-03-01,622.0,-535.0,98.0
2021-03-02,422.0,-389.0,111.0
2021-03-03,386.0,-396.0,27.0
2021-03-04,505.0,-597.0,-157.0
2021-03-05,616.0,-492.0,30.0
2021-03-08,370.0,-518.0,233.0
2021-03-09,318.0,-285.0,32.0
2021-03-10,343.0,-473.0,41.0
2021-03-11,341.0,-304.0,188.0
2021-03-12,289.0,-346.0,110.0
2021-03-15,308.0,-326.0,92.0
2021-03-16,276.0,-396.0,13.0
2021-03-17,427.0,-372.0,106.0
2021-03-18,305.0,-469.0,2.0
2021-03-19,389.0,-453.0,-45.0
2021-03-22,350.0,-324.0,0.0
2021-03-23,361.0,-480.0,-27.0
2021-03-24,421.0,-511.0,-42.0
2021-03-25,464.0,-443.0,120.0
2021-03-26,566.0,-573.0,118.0
2021-03-29,728.0,-420.0,251.0
2021-03-30,323.0,-383.0,76.0
2021-03-31,354.0,-358.0,30.0
2021-04-01,271.0,-365.0,138.0
2021-04-05,441.0,-460.0,72.0
2021-04-06,294.0,-313.0,-5.0
2021-04-07,258.0,-346.0,20.0
2021-04-08,336.0,-267.0,95.0
2021-04-09,348.0,-272.0,59.0
2021-04-12,312.0,-294.0,-24.0
2021-04-13,332.0,-314.0,-71.0
2021-04-14,313.0,-560.0,158.0
2021-04-15,406.0,-284.0,110.0
2021-04-16,433.0,-285.0,146.0
2021-04-19,397.0,-345.0,30.0
2021-04-20,350.0,-331.0,-11.0
2021-04-21,327.0,-222.0,118.0
2021-04-22,413.0,-578.0,-17.0
2021-04-23,353.0,-266.0,86.0
2021-04-26,357.0,-421.0,59.0
2021-04-27,326.0,-397.0,106.0
2021-04-28,417.0,-517.0,205.0
2021-04-29,380.0,-375.0,-25.0
2021-04-30,307.0,-393.0,-11.0
2021-05-03,384.0,-334.0,20.0
2021-05-04,426.0,-382.0,19.0
2021-05-05,300.0,-439.0,70.0
2021-05-06,323.0,-444.0,109.0
2021-05-07,320.0,-371.0,118.0
2021-05-10,249.0,-473.0,-38.0
2021-05-11,489.0,-396.0,120.0
2021-05-12,367.0,-471.0,66.0
2021-05-13,480.0,-456.0,66.0
2021-05-14,318.0,-313.0,174.0
2021-05-17,367.0,-372.0,92.0
2021-05-18,317.0,-387.0,20.0
2021-05-19,584.0,-569.0,-66.0
2021-05-20,396.0,-434.0,180.0
2021-05-21,358.0,-429.0,6.0
2021-05-24,331.0,-266.0,99.0
2021-05-25,280.0,-381.0,29.0
2021-05-26,284.0,-257.0,43.0
2021-05-27,229.0,-332.0,8.0
2021-05-28,437.0,-302.0,172.0
2021-06-01,278.0,-278.0,108.0
2021-06-02,287.0,-388.0,91.0
2021-06-03,304.0,-350.0,58.0
2021-06-04,267.0,-221.0,143.0
2021-06-07,238.0,-228.0,148.0
2021-06-08,293.0,-325.0,157.0
2021-06-09,262.0,-346.0,51.0
2021-06-10,325.0,-415.0,22.0
2021-06-11,259.0,-261.0,135.0
2021-06-14,259.0,-331.0,199.0
2021-06-15,274.0,-279.0,17.0
2021-06-16,441.0,-480.0,70.0
2021-06-17,412.0,-356.0,-29.0
2021-06-18,387.0,-356.0,60.0
2021-06-21,587.0,-311.0,16.0
2021-06-22,406.0,-320.0,163.0
2021-06-23,270.0,-337.0,167.0
2021-06-24,387.0,-255.0,16.0
2021-06-25,296.0,-241.0,25.0
2021-06-28,302.0,-303.0,108.0
2021-06-29,244.0,-288.0,93.0
2021-06-30,251.0,-266.0,49.0
2021-07-01,497.0,-237.0,88.0
2021-07-02,399.0,-247.0,61.0
2021-07-06,386.0,-318.0,79.0
2021-07-07,375.0,-268.0,25.0
2021-07-08,503.0,-441.0,72.0
2021-07-09,401.0,-355.0,-20.0
2021-07-12,350.0,-336.0,105.0
2021-07-13,307.0,-347.0,37.0
2021-07-14,411.0,-386.0,142.0
2021-07-15,380.0,-361.0,-12.0
2021-07-16,327.0,-309.0,19.0
2021-07-19,489.0,-363.0,219.0
2021-07-20,429.0,-335.0,93.0
2021-07-21,311.0,-375.0,100.0
2021-07-22,312.0,-347.0,18.0
2021-07-23,272.0,-309.0,9.0
2021-07-26,311.0,-315.0,33.0
2021-07-27,420.0,-434.0,188.0
2021-07-28,400.0,-370.0,103.0
2021-07-29,311.0,-224.0,76.0
2021-07-30,252.0,-310.0,35.0
2021-08-02,362.0,-327.0,49.0
2021-08-03,392.0,-308.0,15.0
2021-08-04,294.0,-530.0,55.0
2021-08-05,226.0,-246.0,37.0
2021-08-06,341.0,-230.0,88.0
2021-08-09,224.0,-321.0,-36.0
2021-08-10,293.0,-368.0,222.0
2021-08-11,361.0,-223.0,130.0
2021-08-12,260.0,-266.0,113.0
2021-08-13,251.0,-276.0,87.0
2021-08-16,314.0,-256.0,20.0
2021-08-17,376.0,-388.0,35.0
2021-08-18,359.0,-463.0,-51.0
2021-08-19,416.0,-444.0,35.0
2021-08-20,352.0,-333.0,124.0
2021-08-23,280.0,-321.0,138.0
2021-08-24,295.0,-262.0,-14.0
2021-08-25,257.0,-271.0,104.0
2021-08-26,371.0,-501.0,-111.0
2021-08-27,325.0,-223.0,-2.0
2021-08-30,291.0,-291.0,49.0
2021-08-31,317.0,-402.0,179.0
2021-09-01,338.0,-341.0,106.0
2021-09-02,411.0,-278.0,37.0
2021-09-03,295.0,-287.0,69.0
2021-09-07,241.0,-352.0,-26.0
2021-09-08,392.0,-395.0,-54.0
2021-09-09,423.0,-504.0,61.0
2021-09-10,372.0,-415.0,11.0
2021-09-13,429.0,-423.0,69.0
2021-09-14,339.0,-386.0,108.0
2021-09-15,338.0,-332.0,96.0
2021-09-16,409.0,-384.0,70.0
2021-09-17,338.0,-448.0,10.0
2021-09-20,520.0,-545.0,162.0
2021-09-21,499.0,-481.0,-19.0
2021-09-22,472.0,-503.0,17.0
2021-09-23,289.0,-315.0,95.0
2021-09-24,347.0,-298.0,45.0
2021-09-27,255.0,-314.0,100.0
2021-09-28,525.0,-385.0,36.0
2021-09-29,465.0,-277.0,117.0
2021-09-30,488.0,-412.0,82.0
2021-10-01,449.0,-376.0,63.0
2021-10-04,401.0,-488.0,-55.0
2021-10-05,309.0,-354.0,-23.0
2021-10-06,469.0,-444.0,116.0
2021-10-07,366.0,-388.0,108.0
2021-10-08,316.0,-359.0,110.0
2021-10-11,280.0,-362.0,-16.0
2021-10-12,315.0,-351.0,62.0
2021-10-13,482.0,-350.0,51.0
2021-10-14,385.0,-305.0,90.0
2021-10-15,446.0,-315.0,53.0
2021-10-18,291.0,-299.0,-6.0
2021-10-19,265.0,-289.0,94.0
2021-10-20,337.0,-362.0,59.0
2021-10-21,341.0,-329.0,64.0
2021-10-22,313.0,-397.0,75.0
2021-10-25,320.0,-227.0,66.0
2021-10-26,275.0,-351.0,81.0
2021-10-27,310.0,-332.0,-13.0
2021-10-28,315.0,-322.0,5.0
2021-10-29,272.0,-317.0,93.0
2021-11-01,326.0,-260.0,-77.0
2021-11-02,249.0,-251.0,27.0
2021-11-03,402.0,-289.0,149.0
2021-11-04,291.0,-358.0,68.0
2021-11-05,392.0,-391.0,41.0
2021-11-08,254.0,-268.0,29.0
2021-11-09,262.0,-346.0,87.0
2021-11-10,340.0,-446.0,72.0
2021-11-11,269.0,-279.0,100.0
2021-11-12,264.0,-266.0,68.0
2021-11-15,222.0,-272.0,13.0
2021-11-16,241.0,-245.0,-16.0
2021-11-17,310.0,-285.0,73.0
2021-11-18,290.0,-358.0,41.0
2021-11-19,259.0,-294.0,74.0
2021-11-22,299.0,-421.0,50.0
2021-11-23,450.0,-345.0,-36.0
2021-11-24,299.0,-357.0,87.0
2021-11-26,439.0,-319.0,172.0
2021-11-29,430.0,-330.0,129.0
2021-11-30,467.0,-418.0,11.0
2021-12-01,350.0,-556.0,85.0
2021-12-02,414.0,-459.0,77.0
2021-12-03,445.0,-415.0,61.0
2021-12-06,409.0,-388.0,85.0
2021-12-07,261.0,-268.0,69.0
2021-12-08,262.0,-227.0,96.0
2021-12-09,208.0,-268.0,-2.0
2021-12-10,210.0,-355.0,83.0
2021-12-13,275.0,-243.0,92.0
2021-12-14,284.0,-305.0,70.0
2021-12-15,389.0,-311.0,104.0
2021-12-16,323.0,-367.0,1.0
2021-12-17,398.0,-338.0,98.0
2021-12-20,413.0,-424.0,122.0
2021-12-21,267.0,-308.0,75.0
2021-12-22,297.0,-290.0,95.0
2021-12-23,262.0,-219.0,30.0
2021-12-27,299.0,-289.0,17.0
2021-12-28,288.0,-407.0,85.0
2021-12-29,291.0,-301.0,103.0
2021-12-30,352.0,-315.0,23.0
2021-12-31,391.0,-297.0,107.0
2022-01-03,270.0,-302.0,24.0
2022-01-04,202.0,-302.0,80.0
2022-01-05,274.0,-473.0,83.0
2022-01-06,425.0,-348.0,54.0
2022-01-07,303.0,-338.0,3.0
2022-01-10,409.0,-356.0,126.0
2022-01-11,395.0,-361.0,74.0
2022-01-12,296.0,-381.0,24.0
2022-01-13,318.0,-407.0,24.0
2022-01-14,414.0,-340.0,79.0
2022-01-18,302.0,-395.0,-56.0
2022-01-19,305.0,-401.0,-28.0
2022-01-20,306.0,-406.0,-57.0
2022-01-21,402.0,-422.0,-58.0
2022-01-24,500.0,-474.0,-28.0
2022-01-25,526.0,-415.0,93.0
2022-01-26,455.0,-797.0,26.0
2022-01-27,521.0,-563.0,-17.0
2022-01-28,518.0,-375.0,78.0
2022-01-31,424.0,-555.0,103.0
2022-02-01,382.0,-463.0,165.0
2022-02-02,364.0,-388.0,30.0
2022-02-03,404.0,-436.0,67.0
2022-02-04,446.0,-386.0,-51.0
2022-02-07,466.0,-477.0,89.0
2022-02-08,388.0,-439.0,7.0
2022-02-09,340.0,-404.0,26.0
2022-02-10,446.0,-539.0,42.0
2022-02-11,494.0,-578.0,34.0
2022-02-14,615.0,-496.0,-78.0
2022-02-15,449.0,-403.0,84.0
2022-02-16,459.0,-479.0,57.0
2022-02-17,367.0,-411.0,-25.0
2022-02-18,451.0,-468.0,-29.0
2022-02-22,628.0,-540.0,56.0
2022-02-23,399.0,-469.0,-98.0
2022-02-24,515.0,-359.0,75.0
2022-02-25,472.0,-379.0,-8.0
2022-02-28,499.0,-478.0,-105.0
2022-03-01,574.0,-520.0,140.0
2022-03-02,520.0,-458.0,51.0
2022-03-03,589.0,-436.0,-90.0
2022-03-04,465.0,-410.0,19.0
2022-03-07,424.0,-389.0,-5.0
2022-03-08,546.0,-540.0,74.0
2022-03-09,436.0,-417.0,-2.0
2022-03-10,530.0,-402.0,27.0
2022-03-11,339.0,-467.0,-37.0
2022-03-14,420.0,-466.0,22.0
2022-03-15,355.0,-522.0,13.0
2022-03-16,462.0,-527.0,-13.0
2022-03-17,418.0,-395.0,29.0
2022-03-18,359.0,-321.0,70.0
2022-03-21,461.0,-496.0,14.0
2022-03-22,325.0,-334.0,84.0
2022-03-23,375.0,-370.0,93.0
2022-03-24,404.0,-337.0,-19.0
2022-03-25,367.0,-475.0,123.0
2022-03-28,278.0,-376.0,15.0
2022-03-29,384.0,-400.0,197.0
2022-03-30,312.0,-396.0,-4.0
2022-03-31,351.0,-389.0,-43.0
2022-04-01,470.0,-415.0,65.0
2022-04-04,345.0,-296.0,57.0
2022-04-05,334.0,-507.0,-22.0
2022-04-06,537.0,-442.0,-14.0
2022-04-07,421.0,-436.0,123.0
2022-04-08,471.0,-411.0,77.0
2022-04-11,363.0,-421.0,-151.0
2022-04-12,478.0,-461.0,173.0
2022-04-13,405.0,-311.0,22.0
2022-04-14,415.0,-447.0,-71.0
2022-04-18,452.0,-425.0,91.0
2022-04-19,371.0,-397.0,-49.0
2022-04-20,444.0,-456.0,-48.0
2022-04-21,432.0,-477.0,21.0
2022-04-22,493.0,-436.0,56.0
2022-04-25,583.0,-484.0,79.0
2022-04-26,484.0,-486.0,-158.0
2022-04-27,499.0,-517.0,106.0
2022-04-28,539.0,-402.0,-7.0
2022-04-29,498.0,-415.0,218.0
2022-05-02,612.0,-560.0,39.0
2022-05-03,625.0,-591.0,120.0
2022-05-04,686.0,-490.0,75.0
2022-05-05,576.0,-526.0,-21.0
2022-05-06,546.0,-525.0,115.0
2022-05-09,444.0,-488.0,-105.0
2022-05-10,624.0,-539.0,-16.0
2022-05-11,592.0,-584.0,-129.0
2022-05-12,528.0,-552.0,146.0
2022-05-13,556.0,-582.0,134.0
2022-05-16,567.0,-535.0,-5.0
2022-05-17,555.0,-522.0,-168.0
2022-05-18,492.0,-528.0,-47.0
2022-05-19,602.0,-526.0,63.0
2022-05-20,574.0,-525.0,97.0
2022-05-23,436.0,-508.0,-48.0
2022-05-24,570.0,-476.0,128.0
2022-05-25,593.0,-585.0,20.0
2022-05-26,406.0,-476.0,58.0
2022-05-27,372.0,-343.0,27.0
2022-05-31,472.0,-536.0,186.0
2022-06-01,539.0,-425.0,51.0
2022-06-02,432.0,-480.0,24.0
2022-06-03,536.0,-487.0,27.0
2022-06-06,457.0,-544.0,51.0
2022-06-07,451.0,-434.0,2.0
2022-06-08,364.0,-507.0,-72.0
2022-06-09,487.0,-437.0,-17.0
2022-06-10,522.0,-451.0,27.0
2022-06-13,612.0,-475.0,-55.0
2022-06-14,523.0,-550.0,102.0
2022-06-15,814.0,-627.0,174.0
2022-06-16,517.0,-516.0,92.0
2022-06-17,604.0,-547.0,91.0
2022-06-21,404.0,-437.0,86.0
2022-06-22,478.0,-483.0,27.0
2022-06-23,511.0,-480.0,68.0
2022-06-24,456.0,-334.0,167.0
2022-06-27,437.0,-490.0,69.0
2022-06-28,429.0,-543.0,136.0
2022-06-29,499.0,-488.0,92.0
2022-06-30,601.0,-557.0,-46.0
2022-07-01,518.0,-503.0,172.0
2022-07-05,533.0,-413.0,17.0
2022-07-06,574.0,-509.0,94.0
2022-07-07,322.0,-352.0,-18.0
2022-07-08,548.0,-455.0,129.0
2022-07-11,482.0,-514.0,102.0
2022-07-12,496.0,-498.0,-16.0
2022-07-13,651.0,-534.0,-58.0
2022-07-14,542.0,-424.0,19.0
2022-07-15,451.0,-449.0,105.0
2022-07-18,368.0,-564.0,57.0
2022-07-19,365.0,-325.0,121.0
2022-07-20,478.0,-526.0,-2.0
2022-07-21,467.0,-487.0,84.0
2022-07-22,378.0,-539.0,71.0
2022-07-25,412.0,-431.0,21.0
2022-07-26,414.0,-410.0,80.0
2022-07-27,734.0,-391.0,141.0
2022-07-28,440.0,-355.0,171.0
2022-07-29,357.0,-400.0,20.0
2022-08-01,482.0,-389.0,144.0
2022-08-02,440.0,-507.0,80.0
2022-08-03,347.0,-462.0,252.0
2022-08-04,278.0,-381.0,94.0
2022-08-05,353.0,-398.0,53.0
2022-08-08,405.0,-542.0,153.0
2022-08-09,299.0,-415.0,56.0
2022-08-10,303.0,-372.0,180.0
2022-08-11,333.0,-476.0,136.0
2022-08-12,390.0,-336.0,140.0
2022-08-15,370.0,-329.0,-60.0
2022-08-16,324.0,-510.0,152.0
2022-08-17,462.0,-510.0,-18.0
2022-08-18,349.0,-351.0,20.0
2022-08-19,363.0,-510.0,-20.0
2022-08-22,320.0,-408.0,19.0
2022-08-23,397.0,-477.0,101.0
2022-08-24,471.0,-554.0,8.0
2022-08-25,442.0,-492.0,87.0
2022-08-26,606.0,-636.0,-73.0
2022-08-29,470.0,-445.0,-4.0
2022-08-30,565.0,-510.0,-32.0
2022-08-31,528.0,-582.0,-85.0
2022-09-01,528.0,-474.0,96.0
2022-09-02,556.0,-695.0,209.0
2022-09-06,579.0,-531.0,-7.0
2022-09-07,511.0,-455.0,-139.0
2022-09-08,509.0,-615.0,-57.0
2022-09-09,400.0,-403.0,92.0
2022-09-12,403.0,-530.0,146.0
2022-09-13,449.0,-491.0,231.0
2022-09-14,496.0,-502.0,112.0
2022-09-15,623.0,-614.0,-1.0
2022-09-16,550.0,-423.0,279.0
2022-09-19,529.0,-506.0,88.0
2022-09-20,512.0,-475.0,76.0
2022-09-21,739.0,-664.0,16.0
2022-09-22,494.0,-491.0,148.0
2022-09-23,609.0,-492.0,12.0
2022-09-26,515.0,-563.0,-20.0
2022-09-27,556.0,-577.0,92.0
2022-09-28,578.0,-415.0,75.0
2022-09-29,645.0,-467.0,87.0
2022-09-30,527.0,-480.0,79.0
2022-10-03,530.0,-505.0,184.0
2022-10-04,433.0,-600.0,-15.0
2022-10-05,507.0,-520.0,-15.0
2022-10-06,497.0,-557.0,65.0
2022-10-07,434.0,-476.0,-10.0
2022-10-10,635.0,-594.0,36.0
2022-10-11,645.0,-703.0,12.0
2022-10-12,478.0,-551.0,94.0
2022-10-13,888.0,-593.0,124.0
2022-10-14,511.0,-643.0,-45.0
2022-10-17,430.0,-562.0,89.0
2022-10-18,538.0,-619.0,189.0
2022-10-19,456.0,-606.0,-57.0
2022-10-20,481.0,-674.0,101.0
2022-10-21,563.0,-537.0,-32.0
2022-10-24,422.0,-480.0,75.0
2022-10-25,375.0,-348.0,-50.0
2022-10-26,449.0,-509.0,104.0
2022-10-27,476.0,-502.0,-110.0
2022-10-28,387.0,-395.0,97.0
2022-10-31,472.0,-526.0,127.0
2022-11-01,571.0,-609.0,98.0
2022-11-02,635.0,-785.0,83.0
2022-11-03,520.0,-419.0,42.0
2022-11-04,507.0,-626.0,125.0
2022-11-07,458.0,-444.0,67.0
2022-11-08,542.0,-623.0,158.0
2022-11-09,505.0,-524.0,45.0
2022-11-10,465.0,-555.0,47.0
2022-11-11,387.0,-487.0,-6.0
2022-11-14,748.0,-530.0,198.0
2022-11-15,680.0,-554.0,-23.0
2022-11-16,504.0,-438.0,56.0
2022-11-17,516.0,-363.0,70.0
2022-11-18,358.0,-438.0,37.0
2022-11-21,356.0,-480.0,-23.0
2022-11-22,353.0,-290.0,-3.0
2022-11-23,522.0,-505.0,41.0
2022-11-25,340.0,-284.0,47.0
2022-11-28,525.0,-569.0,-16.0
2022-11-29,473.0,-409.0,88.0
2022-11-30,616.0,-381.0,19.0
2022-12-01,403.0,-500.0,7.0
2022-12-02,469.0,-434.0,98.0
2022-12-05,371.0,-502.0,111.0
2022-12-06,474.0,-484.0,-61.0
2022-12-07,438.0,-482.0,84.0
2022-12-08,430.0,-520.0,64.0
2022-12-09,386.0,-449.0,5.0
2022-12-12,514.0,-396.0,-106.0
2022-12-13,566.0,-602.0,-8.0
2022-12-14,600.0,-664.0,31.0
2022-12-15,528.0,-459.0,-45.0
2022-12-16,547.0,-515.0,5.0
2022-12-19,417.0,-391.0,68.0
2022-12-20,411.0,-420.0,76.0
2022-12-21,398.0,-349.0,36.0
2022-12-22,499.0,-503.0,81.0
2022-12-23,453.0,-470.0,60.0
2022-12-27,562.0,-427.0,-15.0
2022-12-28,463.0,-530.0,66.0
2022-12-29,390.0,-377.0,21.0
2022-12-30,485.0,-534.0,36.0
2023-01-03,659.0,-538.0,52.0
2023-01-04,607.0,-591.0,86.0
2023-01-05,594.0,-482.0,54.0
2023-01-06,471.0,-388.0,76.0
2023-01-09,329.0,-500.0,108.0
2023-01-10,455.0,-465.0,72.0
2023-01-11,273.0,-395.0,18.0
2023-01-12,472.0,-541.0,94.0
2023-01-13,393.0,-367.0,6.0
2023-01-17,379.0,-476.0,8.0
2023-01-18,420.0,-520.0,-19.0
2023-01-19,560.0,-394.0,100.0
2023-01-20,481.0,-466.0,85.0
2023-01-23,425.0,-575.0,53.0
2023-01-24,483.0,-485.0,18.0
2023-01-25,503.0,-420.0,99.0
2023-01-26,354.0,-470.0,99.0
2023-01-27,373.0,-490.0,57.0
2023-01-30,526.0,-440.0,147.0
2023-01-31,383.0,-415.0,-87.0
2023-02-01,638.0,-669.0,72.0
2023-02-02,362.0,-580.0,94.0
2023-02-03,456.0,-539.0,33.0
2023-02-06,455.0,-408.0,124.0
2023-02-07,626.0,-721.0,41.0
2023-02-08,465.0,-409.0,60.0
2023-02-09,502.0,-505.0,53.0
2023-02-10,546.0,-388.0,109.0
2023-02-13,774.0,-333.0,164.0
2023-02-14,570.0,-546.0,-41.0
2023-02-15,457.0,-507.0,156.0
2023-02-16,441.0,-652.0,135.0
2023-02-17,447.0,-433.0,167.0
2023-02-21,380.0,-438.0,17.0
2023-02-22,410.0,-471.0,46.0
2023-02-23,521.0,-501.0,53.0
2023-02-24,562.0,-380.0,72.0
2023-02-27,506.0,-541.0,143.0
2023-02-28,431.0,-379.0,59.0
2023-03-01,521.0,-547.0,27.0
2023-03-02,585.0,-457.0,48.0
2023-03-03,401.0,-474.0,100.0
2023-03-06,323.0,-396.0,126.0
2023-03-07,671.0,-533.0,191.0
2023-03-08,455.0,-455.0,54.0
2023-03-09,462.0,-566.0,33.0
2023-03-10,603.0,-531.0,58.0
2023-03-13,634.0,-531.0,77.0
2023-03-14,424.0,-697.0,2.0
2023-03-15,670.0,-501.0,46.0
2023-03-16,633.0,-464.0,31.0
2023-03-17,627.0,-472.0,40.0
2023-03-20,471.0,-573.0,-29.0
2023-03-21,391.0,-531.0,25.0
2023-03-22,645.0,-646.0,55.0
2023-03-23,739.0,-658.0,38.0
2023-03-24,663.0,-512.0,148.0
2023-03-27,459.0,-455.0,53.0
2023-03-28,388.0,-430.0,67.0
2023-03-29,436.0,-417.0,96.0
2023-03-30,380.0,-421.0,45.0
2023-03-31,452.0,-316.0,85.0
2023-04-03,332.0,-367.0,68.0
2023-04-04,455.0,-434.0,232.0
2023-04-05,400.0,-391.0,85.0
2023-04-06,431.0,-321.0,83.0
2023-04-10,456.0,-440.0,72.0
2023-04-11,341.0,-374.0,100.0
2023-04-12,407.0,-504.0,-89.0
2023-04-13,374.0,-326.0,65.0
2023-04-14,495.0,-534.0,21.0
2023-04-17,329.0,-393.0,27.0
2023-04-18,344.0,-501.0,54.0
2023-04-19,507.0,-296.0,93.0
2023-04-20,459.0,-399.0,-5.0
2023-04-21,507.0,-461.0,-6.0
2023-04-24,344.0,-425.0,13.0
2023-04-25,371.0,-488.0,83.0
2023-04-26,376.0,-481.0,45.0
2023-04-27,544.0,-269.0,129.0
2023-04-28,445.0,-465.0,167.0
2023-05-01,401.0,-551.0,61.0
2023-05-02,409.0,-489.0,137.0
2023-05-03,545.0,-558.0,-64.0
2023-05-04,547.0,-453.0,161.0
2023-05-05,357.0,-361.0,18.0
2023-05-08,410.0,-583.0,85.0
2023-05-09,352.0,-514.0,59.0
2023-05-10,378.0,-452.0,76.0
2023-05-11,444.0,-394.0,147.0
2023-05-12,406.0,-396.0,127.0
2023-05-15,412.0,-358.0,42.0
2023-05-16,483.0,-328.0,-16.0
2023-05-17,450.0,-321.0,-81.0
2023-05-18,367.0,-478.0,144.0
2023-05-19,383.0,-541.0,87.0
2023-05-22,463.0,-474.0,46.0
2023-05-23,381.0,-558.0,161.0
2023-05-24,458.0,-364.0,69.0
2023-05-25,677.0,-477.0,-35.0
2023-05-26,466.0,-328.0,65.0
2023-05-30,327.0,-466.0,9.0
2023-05-31,458.0,-385.0,84.0
2023-06-01,439.0,-371.0,52.0
2023-06-02,414.0,-398.0,30.0
2023-06-05,364.0,-463.0,60.0
2023-06-06,389.0,-382.0,98.0
2023-06-07,352.0,-372.0,48.0
2023-06-08,336.0,-341.0,20.0
2023-06-09,422.0,-502.0,76.0
2023-06-12,309.0,-348.0,102.0
2023-06-13,338.0,-441.0,79.0
2023-06-14,530.0,-543.0,89.0
2023-06-15,387.0,-344.0,14.0
2023-06-16,420.0,-402.0,5.0
2023-06-20,338.0,-395.0,39.0
2023-06-21,374.0,-392.0,97.0
2023-06-22,360.0,-469.0,194.0
2023-06-23,309.0,-533.0,-28.0
2023-06-26,344.0,-412.0,31.0
2023-06-27,351.0,-309.0,-2.0
2023-06-28,348.0,-402.0,141.0
2023-06-29,375.0,-398.0,25.0
2023-06-30,326.0,-325.0,102.0
2023-07-03,331.0,-301.0,116.0
2023-07-05,361.0,-468.0,99.0
2023-07-06,331.0,-407.0,75.0
2023-07-07,487.0,-408.0,-38.0
2023-07-10,382.0,-442.0,87.0
2023-07-11,328.0,-468.0,116.0
2023-07-12,333.0,-510.0,152.0
2023-07-13,302.0,-292.0,106.0
2023-07-14,291.0,-440.0,112.0
2023-07-17,446.0,-326.0,122.0
2023-07-18,354.0,-316.0,101.0
2023-07-19,302.0,-417.0,25.0
2023-07-20,324.0,-340.0,22.0
2023-07-21,333.0,-342.0,-10.0
2023-07-24,350.0,-375.0,44.0
2023-07-25,355.0,-310.0,-58.0
2023-07-26,434.0,-545.0,-41.0
2023-07-27,285.0,-441.0,65.0
2023-07-28,325.0,-396.0,55.0
2023-07-31,302.0,-327.0,51.0
2023-08-01,242.0,-358.0,7.0
2023-08-02,299.0,-403.0,81.0
2023-08-03,281.0,-309.0,128.0
2023-08-04,359.0,-442.0,8.0
2023-08-07,319.0,-282.0,136.0
2023-08-08,367.0,-365.0,40.0
2023-08-09,377.0,-361.0,59.0
2023-08-10,405.0,-560.0,47.0
2023-08-11,429.0,-394.0,91.0
2023-08-14,263.0,-372.0,43.0
2023-08-15,246.0,-483.0,-26.0
2023-08-16,431.0,-491.0,-56.0
2023-08-17,438.0,-412.0,-41.0
2023-08-18,406.0,-338.0,89.0
2023-08-21,320.0,-428.0,57.0
2023-08-22,320.0,-416.0,11.0
2023-08-23,324.0,-252.0,107.0
2023-08-24,440.0,-429.0,141.0
2023-08-25,620.0,-463.0,147.0
2023-08-28,467.0,-508.0,3.0
2023-08-29,391.0,-307.0,97.0
2023-08-30,391.0,-390.0,-5.0
2023-08-31,317.0,-379.0,-2.0
2023-09-01,333.0,-390.0,40.0
2023-09-05,287.0,-420.0,-20.0
2023-09-06,311.0,-414.0,88.0
2023-09-07,335.0,-304.0,76.0
2023-09-08,364.0,-412.0,-7.0
2023-09-11,383.0,-376.0,44.0
2023-09-12,326.0,-314.0,-25.0
2023-09-13,223.0,-474.0,113.0
2023-09-14,335.0,-357.0,135.0
2023-09-15,530.0,-369.0,165.0
2023-09-18,315.0,-351.0,46.0
2023-09-19,455.0,-329.0,49.0
2023-09-20,407.0,-461.0,-71.0
2023-09-21,352.0,-381.0,3.0
2023-09-22,423.0,-408.0,5.0
2023-09-25,477.0,-442.0,63.0
2023-09-26,407.0,-564.0,-58.0
2023-09-27,434.0,-446.0,64.0
2023-09-28,410.0,-486.0,53.0
2023-09-29,529.0,-539.0,-4.0
2023-10-02,468.0,-476.0,176.0
2023-10-03,468.0,-565.0,101.0
2023-10-04,571.0,-477.0,39.0
2023-10-05,446.0,-401.0,30.0
2023-10-06,624.0,-375.0,56.0
2023-10-09,623.0,-392.0,-55.0
2023-10-10,458.0,-449.0,26.0
2023-10-11,448.0,-445.0,14.0
2023-10-12,389.0,-546.0,71.0
2023-10-13,522.0,-542.0,16.0
2023-10-16,433.0,-540.0,81.0
2023-10-17,415.0,-540.0,30.0
2023-10-18,561.0,-425.0,20.0
2023-10-19,629.0,-604.0,-48.0
2023-10-20,566.0,-393.0,-39.0
2023-10-23,446.0,-477.0,94.0
2023-10-24,359.0,-401.0,76.0
2023-10-25,423.0,-362.0,-55.0
2023-10-26,435.0,-413.0,113.0
2023-10-27,361.0,-471.0,132.0
2023-10-30,417.0,-383.0,-7.0
2023-10-31,413.0,-419.0,-9.0
2023-11-01,512.0,-470.0,63.0
2023-11-02,312.0,-276.0,56.0
2023-11-03,331.0,-393.0,-14.0
2023-11-06,328.0,-434.0,-72.0
2023-11-07,324.0,-372.0,62.0
2023-11-08,388.0,-389.0,44.0
2023-11-09,402.0,-645.0,-11.0
2023-11-10,467.0,-397.0,16.0
2023-11-13,392.0,-323.0,76.0
2023-11-14,405.0,-372.0,96.0
2023-11-15,300.0,-428.0,103.0
2023-11-16,396.0,-350.0,62.0
2023-11-17,639.0,-314.0,95.0
2023-11-20,481.0,-400.0,40.0
2023-11-21,325.0,-404.0,72.0
2023-11-22,322.0,-567.0,36.0
2023-11-24,295.0,-326.0,60.0
2023-11-27,243.0,-373.0,114.0
2023-11-28,423.0,-543.0,59.0
2023-11-29,280.0,-436.0,32.0
2023-11-30,344.0,-373.0,105.0
2023-12-01,461.0,-386.0,118.0
2023-12-04,354.0,-412.0,123.0
2023-12-05,419.0,-393.0,82.0
2023-12-06,375.0,-397.0,58.0
2023-12-07,399.0,-395.0,37.0
2023-12-08,416.0,-403.0,86.0
2023-12-11,332.0,-282.0,128.0
2023-12-12,393.0,-285.0,58.0
2023-12-13,583.0,-364.0,71.0
2023-12-14,361.0,-537.0,62.0
2023-12-15,372.0,-418.0,7.0
2023-12-18,355.0,-371.0,62.0
2023-12-19,353.0,-350.0,60.0
2023-12-20,436.0,-760.0,106.0
2023-12-21,488.0,-489.0,144.0
2023-12-22,448.0,-681.0,132.0
2023-12-26,405.0,-401.0,-35.0
2023-12-27,513.0,-595.0,26.0
2023-12-28,399.0,-551.0,23.0
2023-12-29,385.0,-553.0,-123.0
2024-01-02,417.0,-416.0,53.0
2024-01-03,610.0,-399.0,78.0
2024-01-04,424.0,-418.0,105.0
2024-01-05,448.0,-579.0,134.0
2024-01-08,358.0,-473.0,125.0
2024-01-09,473.0,-495.0,62.0
2024-01-10,479.0,-490.0,193.0
2024-01-11,311.0,-254.0,34.0
2024-01-12,415.0,-534.0,70.0
2024-01-16,480.0,-607.0,83.0
2024-01-17,373.0,-591.0,105.0
2024-01-18,463.0,-442.0,96.0
2024-01-19,451.0,-398.0,154.0
2024-01-22,381.0,-481.0,202.0
2024-01-23,397.0,-431.0,129.0
2024-01-24,407.0,-423.0,93.0
2024-01-25,519.0,-439.0,67.0
2024-01-26,345.0,-438.0,150.0
2024-01-29,542.0,-288.0,95.0
2024-01-30,358.0,-357.0,90.0
2024-01-31,595.0,-691.0,-24.0
2024-02-01,480.0,-499.0,91.0
2024-02-02,491.0,-475.0,-42.0
2024-02-05,363.0,-447.0,32.0
2024-02-06,381.0,-404.0,143.0
2024-02-07,442.0,-400.0,38.0
2024-02-08,370.0,-346.0,84.0
2024-02-09,442.0,-312.0,69.0
2024-02-12,357.0,-533.0,57.0
2024-02-13,406.0,-557.0,148.0
2024-02-14,455.0,-477.0,100.0
2024-02-15,411.0,-361.0,52.0
2024-02-16,358.0,-564.0,-27.0
2024-02-20,370.0,-456.0,133.0
2024-02-21,459.0,-533.0,34.0
2024-02-22,291.0,-369.0,15.0
2024-02-23,345.0,-374.0,21.0
2024-02-26,320.0,-427.0,153.0
2024-02-27,339.0,-284.0,69.0
2024-02-28,335.0,-405.0,27.0
2024-02-29,318.0,-470.0,-3.0
2024-03-01,356.0,-313.0,66.0
2024-03-04,291.0,-275.0,-87.0
2024-03-05,320.0,-411.0,6.0
2024-03-06,411.0,-512.0,77.0
2024-03-07,248.0,-348.0,123.0
2024-03-08,409.0,-488.0,120.0
2024-03-11,303.0,-331.0,98.0
2024-03-12,387.0,-377.0,104.0
2024-03-13,396.0,-571.0,61.0
2024-03-14,320.0,-432.0,117.0
2024-03-15,471.0,-304.0,17.0
2024-03-18,300.0,-322.0,74.0
2024-03-19,391.0,-319.0,13.0
2024-03-20,515.0,-501.0,100.0
2024-03-21,365.0,-299.0,62.0
2024-03-22,198.0,-338.0,56.0
2024-03-25,213.0,-286.0,124.0
2024-03-26,237.0,-369.0,48.0
2024-03-27,372.0,-350.0,81.0
2024-03-28,252.0,-331.0,58.0
2024-04-01,285.0,-362.0,123.0
2024-04-02,295.0,-408.0,96.0
2024-04-03,416.0,-526.0,97.0
2024-04-04,314.0,-574.0,52.0
2024-04-05,405.0,-398.0,-8.0
2024-04-08,290.0,-397.0,182.0
2024-04-09,484.0,-470.0,53.0
2024-04-10,529.0,-509.0,32.0
2024-04-11,541.0,-450.0,161.0
2024-04-12,359.0,-455.0,-23.0
2024-04-15,359.0,-525.0,76.0
2024-04-16,619.0,-643.0,50.0
2024-04-17,481.0,-549.0,36.0
2024-04-18,441.0,-498.0,19.0
2024-04-19,456.0,-521.0,-15.0
2024-04-22,492.0,-427.0,72.0
2024-04-23,413.0,-316.0,127.0
2024-04-24,366.0,-464.0,59.0
2024-04-25,497.0,-411.0,85.0
2024-04-26,272.0,-358.0,134.0
2024-04-29,303.0,-556.0,66.0
2024-04-30,313.0,-507.0,49.0
2024-05-01,626.0,-545.0,188.0
2024-05-02,396.0,-333.0,32.0
2024-05-03,330.0,-433.0,83.0
2024-05-06,257.0,-236.0,97.0
2024-05-07,509.0,-425.0,102.0
2024-05-08,228.0,-358.0,129.0
2024-05-09,307.0,-213.0,134.0
2024-05-10,268.0,-381.0,127.0
2024-05-13,255.0,-422.0,1.0
2024-05-14,334.0,-245.0,121.0
2024-05-15,292.0,-244.0,91.0
2024-05-16,192.0,-367.0,102.0
2024-05-17,308.0,-233.0,88.0
2024-05-20,238.0,-489.0,225.0
2024-05-21,307.0,-345.0,167.0
2024-05-22,517.0,-447.0,60.0
2024-05-23,348.0,-476.0,139.0
2024-05-24,404.0,-473.0,124.0
2024-05-28,306.0,-452.0,33.0
2024-05-29,304.0,-421.0,35.0
2024-05-30,343.0,-427.0,91.0
2024-05-31,336.0,-386.0,57.0
2024-06-03,287.0,-316.0,181.0
2024-06-04,366.0,-396.0,87.0
2024-06-05,323.0,-275.0,37.0
2024-06-06,342.0,-434.0,11.0
2024-06-07,339.0,-387.0,88.0
2024-06-10,383.0,-380.0,152.0
2024-06-11,235.0,-273.0,83.0
2024-06-12,444.0,-520.0,99.0
2024-06-13,315.0,-313.0,48.0
2024-06-14,260.0,-478.0,102.0
2024-06-18,282.0,-343.0,79.0
2024-06-20,253.0,-429.0,173.0
2024-06-21,229.0,-364.0,90.0
2024-06-24,316.0,-350.0,54.0
2024-06-25,205.0,-266.0,145.0
2024-06-26,367.0,-424.0,-30.0
2024-06-27,222.0,-358.0,77.0
2024-06-28,278.0,-403.0,78.0
2024-07-01,214.0,-401.0,103.0
2024-07-02,269.0,-257.0,25.0
2024-07-03,295.0,-281.0,103.0
2024-07-05,307.0,-289.0,19.0
2024-07-08,249.0,-319.0,149.0
2024-07-09,323.0,-425.0,58.0
2024-07-10,272.0,-241.0,152.0
2024-07-11,348.0,-376.0,127.0
2024-07-12,284.0,-335.0,234.0
2024-07-15,316.0,-371.0,171.0
2024-07-16,295.0,-312.0,54.0
2024-07-17,369.0,-341.0,79.0
2024-07-18,357.0,-532.0,128.0
2024-07-19,415.0,-600.0,149.0
2024-07-22,394.0,-352.0,104.0
2024-07-23,317.0,-397.0,-13.0
2024-07-24,364.0,-441.0,96.0
2024-07-25,525.0,-623.0,-161.0
2024-07-26,415.0,-448.0,107.0
2024-07-29,321.0,-382.0,50.0
2024-07-30,327.0,-362.0,104.0
2024-07-31,450.0,-431.0,158.0
2024-08-01,359.0,-395.0,60.0
2024-08-02,387.0,-367.0,22.0
2024-08-05,537.0,-381.0,80.0
2024-08-06,445.0,-486.0,-10.0
2024-08-07,452.0,-494.0,-34.0
2024-08-08,328.0,-344.0,193.0
2024-08-09,336.0,-394.0,71.0
2024-08-12,336.0,-470.0,63.0
2024-08-13,356.0,-317.0,59.0
2024-08-14,337.0,-466.0,67.0
2024-08-15,321.0,-368.0,49.0
2024-08-16,406.0,-270.0,112.0
2024-08-19,299.0,-262.0,94.0
2024-08-20,313.0,-345.0,43.0
2024-08-21,363.0,-330.0,65.0
2024-08-22,320.0,-468.0,105.0
2024-08-23,444.0,-526.0,76.0
2024-08-26,317.0,-465.0,95.0
2024-08-27,348.0,-446.0,56.0
2024-08-28,460.0,-465.0,18.0
2024-08-29,411.0,-451.0,74.0
2024-08-30,410.0,-472.0,106.0
2024-09-03,387.0,-431.0,48.0
2024-09-04,364.0,-410.0,10.0
2024-09-05,371.0,-463.0,105.0
2024-09-06,530.0,-528.0,24.0
2024-09-09,327.0,-411.0,147.0
2024-09-10,396.0,-473.0,105.0
2024-09-11,503.0,-557.0,93.0
2024-09-12,472.0,-665.0,18.0
2024-09-13,370.0,-523.0,241.0
2024-09-16,364.0,-361.0,115.0
2024-09-17,419.0,-688.0,107.0
2024-09-18,591.0,-752.0,-3.0
2024-09-19,324.0,-540.0,180.0
2024-09-20,402.0,-466.0,31.0
2024-09-23,332.0,-396.0,54.0
2024-09-24,295.0,-473.0,107.0
2024-09-25,313.0,-441.0,109.0
2024-09-26,381.0,-474.0,158.0
2024-09-27,395.0,-532.0,145.0
2024-09-30,479.0,-534.0,125.0
2024-10-01,528.0,-477.0,47.0
2024-10-02,367.0,-457.0,50.0
2024-10-03,373.0,-547.0,173.0
2024-10-04,501.0,-544.0,4.0
2024-10-07,365.0,-586.0,51.0
2024-10-08,501.0,-375.0,-10.0
2024-10-09,366.0,-414.0,40.0
2024-10-10,339.0,-553.0,168.0
2024-10-11,351.0,-277.0,233.0
2024-10-14,377.0,-271.0,128.0
2024-10-15,379.0,-433.0,136.0
2024-10-16,312.0,-336.0,0.0
2024-10-17,270.0,-412.0,67.0
2024-10-18,307.0,-331.0,-1.0
2024-10-21,344.0,-474.0,75.0
2024-10-22,294.0,-290.0,78.0
2024-10-23,422.0,-509.0,81.0
2024-10-24,303.0,-389.0,81.0
2024-10-25,353.0,-556.0,105.0
2024-10-28,273.0,-359.0,131.0
2024-10-29,362.0,-356.0,79.0
2024-10-30,432.0,-402.0,39.0
2024-10-31,336.0,-380.0,85.0
2024-11-01,322.0,-442.0,61.0
2024-11-04,314.0,-433.0,14.0
2024-11-05,362.0,-251.0,25.0
2024-11-06,288.0,-293.0,14.0
2024-11-07,385.0,-407.0,-15.0
2024-11-08,281.0,-271.0,15.0
2024-11-11,213.0,-388.0,36.0
2024-11-12,269.0,-413.0,-118.0
2024-11-13,292.0,-452.0,44.0
2024-11-14,417.0,-465.0,94.0
2024-11-15,331.0,-320.0,23.0
2024-11-18,273.0,-358.0,113.0
2024-11-19,326.0,-393.0,54.0
2024-11-20,364.0,-397.0,65.0
2024-11-21,373.0,-333.0,90.0
2024-11-22,312.0,-456.0,96.0
2024-11-25,320.0,-372.0,3.0
2024-11-26,300.0,-283.0,138.0
2024-11-27,290.0,-348.0,113.0
2024-11-29,359.0,-297.0,21.0
2024-12-02,290.0,-369.0,69.0
2024-12-03,273.0,-298.0,-2.0
2024-12-04,278.0,-329.0,135.0
2024-12-05,325.0,-282.0,73.0
2024-12-06,219.0,-322.0,8.0
2024-12-09,233.0,-300.0,87.0
2024-12-10,250.0,-325.0,149.0
2024-12-11,324.0,-261.0,-10.0
2024-12-12,215.0,-303.0,80.0
2024-12-13,224.0,-356.0,84.0
2024-12-16,322.0,-263.0,95.0
2024-12-17,294.0,-387.0,99.0
2024-12-18,424.0,-500.0,96.0
2024-12-19,385.0,-415.0,0.0
2024-12-20,451.0,-409.0,162.0
2024-12-23,351.0,-389.0,96.0
2024-12-24,377.0,-279.0,71.0
2024-12-26,358.0,-415.0,84.0
2024-12-27,456.0,-513.0,157.0
2024-12-30,417.0,-377.0,23.0
2024-12-31,438.0,-507.0,31.0
2025-01-02,520.0,-548.0,91.0
2025-01-03,353.0,-294.0,102.0
2025-01-06,274.0,-380.0,56.0
2025-01-07,411.0,-524.0,78.0
2025-01-08,463.0,-465.0,25.0
2025-01-10,367.0,-445.0,81.0
2025-01-13,351.0,-358.0,101.0
2025-01-14,462.0,-381.0,133.0
2025-01-15,308.0,-321.0,71.0
2025-01-16,322.0,-310.0,73.0
2025-01-17,275.0,-340.0,27.0
2025-01-21,321.0,-231.0,185.0
2025-01-22,261.0,-295.0,91.0
2025-01-23,333.0,-336.0,108.0
2025-01-24,302.0,-334.0,68.0
2025-01-27,308.0,-308.0,83.0
2025-01-28,245.0,-409.0,84.0
2025-01-29,499.0,-540.0,106.0
2025-01-30,284.0,-545.0,153.0
2025-01-31,451.0,-588.0,-9.0
2025-02-03,613.0,-443.0,104.0
2025-02-04,331.0,-348.0,65.0
2025-02-05,296.0,-264.0,69.0
2025-02-06,306.0,-387.0,110.0
2025-02-07,392.0,-563.0,-30.0
2025-02-10,260.0,-257.0,56.0
2025-02-11,278.0,-263.0,-2.0
2025-02-12,365.0,-360.0,12.0
2025-02-13,309.0,-366.0,166.0
2025-02-14,268.0,-280.0,105.0
2025-02-18,330.0,-270.0,174.0
2025-02-19,454.0,-323.0,70.0
2025-02-20,369.0,-251.0,111.0
2025-02-21,317.0,-389.0,60.0
2025-02-24,308.0,-299.0,-79.0
2025-02-25,385.0,-369.0,121.0
2025-02-26,320.0,-439.0,87.0
2025-02-27,105.0,-188.0,-47.0
2025-02-28,370.0,-324.0,86.0
2025-03-03,81.0,-68.0,10.0
2025-03-04,27.0,-30.0,-11.0
2025-03-05,438.0,-511.0,110.0
2025-03-06,542.0,-513.0,-52.0
2025-03-07,521.0,-427.0,67.0
2025-03-10,123.0,-193.0,-62.0
2025-03-11,537.0,-407.0,147.0
2025-03-12,84.0,-29.0,61.0
2025-03-13,463.0,-464.0,-8.0
2025-03-14,325.0,-304.0,83.0
2025-03-17,334.0,-373.0,3.0
2025-03-18,388.0,-399.0,106.0
2025-03-19,506.0,-588.0,11.0
2025-03-20,370.0,-449.0,-34.0
2025-03-21,349.0,-445.0,7.0
2025-03-24,289.0,-373.0,100.0
2025-03-25,240.0,-373.0,158.0
2025-03-26,255.0,-472.0,1.0
2025-03-27,357.0,-455.0,40.0
2025-03-28,306.0,-418.0,-26.0
2025-03-31,367.0,-359.0,10.0
2025-04-01,427.0,-540.0,63.0
2025-04-02,489.0,-434.0,-197.0
2025-04-03,410.0,-371.0,16.0
2025-04-04,584.0,-501.0,-12.0
2025-04-07,703.0,-658.0,129.0
2025-04-08,559.0,-671.0,-45.0
2025-04-09,482.0,-385.0,215.0
2025-04-10,644.0,-647.0,-11.0
2025-04-11,635.0,-517.0,111.0
2025-04-14,600.0,-506.0,98.0
2025-04-15,370.0,-545.0,38.0
2025-04-16,463.0,-482.0,74.0
2025-04-17,560.0,-415.0,105.0
2025-04-21,509.0,-507.0,52.0
2025-04-22,646.0,-643.0,256.0
2025-04-23,433.0,-506.0,169.0
2025-04-24,365.0,-314.0,62.0
2025-04-25,393.0,-484.0,76.0
2025-04-28,318.0,-411.0,36.0
2025-04-29,429.0,-449.0,53.0
2025-04-30,456.0,-403.0,-40.0
2025-05-01,399.0,-479.0,40.0
2025-05-02,409.0,-366.0,34.0
2025-05-05,295.0,-356.0,6.0
2025-05-06,554.0,-467.0,102.0
2025-05-07,573.0,-509.0,13.0
2025-05-08,464.0,-409.0,-10.0
2025-05-09,437.0,-409.0,8.0
2025-05-12,420.0,-397.0,115.0
2025-05-13,326.0,-361.0,93.0
2025-05-14,383.0,-419.0,23.0
2025-05-15,295.0,-284.0,59.0
2025-05-16,399.0,-268.0,-88.0
2025-05-19,359.0,-316.0,122.0
2025-05-20,312.0,-477.0,59.0
2025-05-21,407.0,-618.0,25.0
2025-05-22,456.0,-388.0,-8.0
2025-05-23,477.0,-357.0,19.0
2025-05-27,451.0,-210.0,-17.0
2025-05-28,327.0,-554.0,258.0
2025-05-29,439.0,-520.0,-13.0
2025-05-30,511.0,-623.0,51.0
2025-06-02,427.0,-388.0,21.0
2025-06-03,301.0,-358.0,55.0
2025-06-04,314.0,-379.0,0.0
2025-06-05,420.0,-647.0,-30.0
2025-06-06,339.0,-533.0,94.0
2025-06-09,334.0,-222.0,59.0
2025-06-10,448.0,-492.0,46.0
2025-06-11,359.0,-604.0,75.0
2025-06-12,422.0,-448.0,-5.0
2025-06-13,446.0,-533.0,137.0
2025-06-16,349.0,-425.0,-51.0
2025-06-17,359.0,-530.0,-13.0
2025-06-18,505.0,-546.0,43.0
2025-06-20,328.0,-422.0,80.0
2025-06-23,535.0,-517.0,85.0
2025-06-24,323.0,-254.0,97.0
2025-06-25,261.0,-398.0,73.0
2025-06-26,304.0,-278.0,31.0
2025-06-27,299.0,-553.0,-16.0
2025-06-30,350.0,-489.0,54.0
2025-07-01,384.0,-442.0,163.0
2025-07-02,317.0,-323.0,22.0
2025-07-03,326.0,-272.0,114.0
2025-07-07,363.0,-565.0,88.0
2025-07-08,441.0,-384.0,60.0
2025-07-09,315.0,-307.0,23.0
2025-07-10,304.0,-286.0,28.0
2025-07-11,315.0,-372.0,44.0
2025-07-14,334.0,-415.0,21.0
2025-07-15,322.0,-473.0,21.0
2025-07-16,512.0,-555.0,-6.0
2025-07-17,363.0,-338.0,105.0
2025-07-18,313.0,-384.0,110.0
2025-07-21,338.0,-513.0,47.0
2025-07-22,301.0,-329.0,54.0
2025-07-23,489.0,-482.0,22.0
2025-07-24,300.0,-330.0,33.0
2025-07-25,300.0,-340.0,48.0
2025-07-28,273.0,-385.0,98.0
2025-07-29,329.0,-312.0,70.0
2025-07-30,337.0,-554.0,10.0
2025-07-31,425.0,-491.0,70.0
2025-08-01,431.0,-478.0,75.0
2025-08-04,429.0,-280.0,-36.0
2025-08-05,327.0,-408.0,68.0
2025-08-06,334.0,-416.0,53.0
2025-08-07,381.0,-507.0,9.0
2025-08-08,325.0,-291.0,96.0
2025-08-11,419.0,-416.0,8.0
2025-08-12,397.0,-309.0,57.0
2025-08-13,312.0,-264.0,80.0
2025-08-14,344.0,-338.0,118.0
2025-08-15,262.0,-368.0,38.0
2025-08-18,306.0,-301.0,94.0
2025-08-19,294.0,-392.0,61.0
2025-08-20,370.0,-400.0,114.0
2025-08-21,383.0,-397.0,67.0
2025-08-22,487.0,-354.0,117.0
2025-08-25,228.0,-385.0,74.0
2025-08-26,284.0,-337.0,66.0
2025-08-27,317.0,-382.0,-10.0
2025-08-28,381.0,-415.0,67.0
2025-08-29,357.0,-337.0,34.0
2025-09-02,408.0,-308.0,39.0
2025-09-03,319.0,-380.0,18.0
2025-09-04,300.0,-318.0,101.0
2025-09-05,400.0,-428.0,67.0
2025-09-08,344.0,-398.0,85.0
2025-09-09,350.0,-327.0,1.0
2025-09-10,343.0,-292.0,85.0
2025-09-11,357.0,-290.0,55.0
2025-09-12,335.0,-355.0,54.0
2025-09-15,325.0,-353.0,37.0
2025-09-16,372.0,-355.0,73.0
2025-09-17,531.0,-666.0,155.0
2025-09-18,428.0,-388.0,135.0
2025-09-19,380.0,-354.0,77.0
2025-09-22,314.0,-360.0,43.0
2025-09-23,354.0,-366.0,139.0
2025-09-24,218.0,-387.0,35.0
2025-09-25,393.0,-451.0,-8.0
2025-09-26,368.0,-424.0,47.0
2025-09-29,237.0,-359.0,-18.0
2025-09-30,381.0,-341.0,-9.0
2025-10-01,359.0,-264.0,-41.0
2025-10-02,309.0,-307.0,81.0
2025-10-03,325.0,-434.0,48.0
2025-10-06,267.0,-339.0,23.0
2025-10-07,302.0,-316.0,-38.0
2025-10-08,245.0,-289.0,60.0
2025-10-09,245.0,-402.0,106.0
2025-10-10,497.0,-701.0,-88.0
2025-10-13,362.0,-386.0,47.0
2025-10-14,528.0,-579.0,136.0
2025-10-15,315.0,-496.0,68.0
2025-10-16,393.0,-507.0,-29.0
2025-10-17,434.0,-419.0,57.0
2025-10-20,293.0,-272.0,68.0
2025-10-21,271.0,-358.0,-10.0
2025-10-22,486.0,-555.0,52.0
2025-10-23,371.0,-323.0,96.0
2025-10-24,284.0,-264.0,131.0
2025-10-27,240.0,-287.0,8.0
2025-10-28,379.0,-272.0,24.0
2025-10-29,393.0,-624.0,9.0
2025-10-30,263.0,-367.0,9.0
2025-10-31,270.0,-339.0,9.0
2025-11-03,293.0,-289.0,2.0
2025-11-04,253.0,-427.0,2.0
2025-11-05,370.0,-214.0,31.0
2025-11-06,264.0,-335.0,-39.0
2025-11-07,395.0,-344.0,57.0
2025-11-10,280.0,-294.0,48.0
2025-11-11,248.0,-230.0,103.0
2025-11-12,254.0,-282.0,61.0
2025-11-13,270.0,-414.0,76.0
2025-11-14,373.0,-368.0,43.0
2025-11-17,349.0,-446.0,95.0
2025-11-18,439.0,-402.0,49.0
2025-11-19,389.0,-456.0,32.0
2025-11-20,549.0,-527.0,139.0
2025-11-21,579.0,-362.0,151.0
2025-11-24,363.0,-305.0,259.0
2025-11-25,296.0,-270.0,70.0
2025-11-26,340.0,-352.0,56.0
2025-11-28,285.0,-330.0,-63.0
2025-12-01,259.0,-320.0,43.0
2025-12-02,321.0,-299.0,113.0
2025-12-03,253.0,-227.0,41.0
2025-12-04,257.0,-393.0,77.0
2025-12-05,329.0,-298.0,125.0
2025-12-08,243.0,-273.0,78.0
2025-12-09,289.0,-273.0,33.0
2025-12-10,431.0,-331.0,18.0
2025-12-11,366.0,-274.0,41.0
2025-12-12,278.0,-371.0,19.0
2025-12-15,329.0,-355.0,70.0
2025-12-16,343.0,-418.0,44.0
2025-12-17,271.0,-353.0,5.0
2025-12-18,391.0,-364.0,51.0
2025-12-19,316.0,-281.0,75.0
2025-12-22,252.0,-270.0,127.0
2025-12-23,210.0,-211.0,60.0
2025-12-24,291.0,-382.0,-179.0
2025-12-26,316.0,-275.0,-37.0
2025-12-29,255.0,-237.0,9.0
2025-12-30,303.0,-285.0,-25.0
2025-12-31,254.0,-290.0,72.0
2026-01-02,440.0,-297.0,37.0
2026-01-05,319.0,-229.0,22.0
2026-01-06,323.0,-283.0,104.0
2026-01-07,216.0,-280.0,33.0
2026-01-08,343.0,-327.0,53.0
2026-01-09,286.0,-263.0,19.0
2026-01-12,193.0,-330.0,56.0
2026-01-13,333.0,-261.0,-25.0
2026-01-14,350.0,-330.0,16.0
2026-01-15,247.0,-348.0,166.0
2026-01-16,225.0,-254.0,34.0
2026-01-20,344.0,-395.0,76.0
2026-01-21,501.0,-382.0,60.0
2026-01-22,258.0,-344.0,71.0
2026-01-23,277.0,-341.0,-17.0
2026-01-26,207.0,-269.0,63.0
2026-01-27,219.0,-328.0,75.0
2026-01-28,364.0,-364.0,29.0
2026-01-29,427.0,-423.0,-28.0
2026-01-30,477.0,-407.0,-37.0
2026-02-02,249.0,-334.0,38.0
2026-02-03,285.0,-433.0,62.0
2026-02-04,422.0,-373.0,77.0
2026-02-05,403.0,-329.0,23.0
2026-02-06,256.0,-217.0,25.0
2026-02-09,229.0,-334.0,27.0
2026-02-10,217.0,-269.0,50.0
2026-02-11,308.0,-330.0,64.0
2026-02-12,276.0,-345.0,118.0
2026-02-13,378.0,-329.0,25.0
2026-02-17,397.0,-360.0,10.0
2026-02-18,227.0,-401.0,35.0
2026-02-19,301.0,-314.0,12.0
2026-02-20,476.0,-407.0,40.0
2026-02-23,261.0,-333.0,36.0
2026-02-24,268.0,-302.0,77.0
2026-02-25,287.0,-206.0,7.0
2026-02-26,333.0,-294.0,71.0
2026-02-27,329.0,-372.0,61.0
2026-03-02,401.0,-342.0,13.0
2026-03-03,442.0,-359.0,20.0
2026-03-04,334.0,-284.0,44.0
2026-03-05,366.0,-348.0,159.0
2026-03-06,452.0,-409.0,8.0
2026-03-09,480.0,-421.0,-33.0
2026-03-10,439.0,-492.0,39.0
2026-03-11,426.0,-548.0,-141.0
2026-03-12,473.0,-441.0,-27.0
2026-03-13,384.0,-390.0,125.0
2026-03-16,372.0,-415.0,-7.0
2026-03-17,308.0,-361.0,73.0
2026-03-18,338.0,-492.0,50.0
2026-03-19,631.0,-499.0,124.0
2026-03-20,455.0,-549.0,112.0
2026-03-23,520.0,-493.0,125.0
2026-03-24,491.0,-529.0,135.0
2026-03-25,432.0,-534.0,27.0
2026-03-26,337.0,-435.0,47.0
2026-03-27,447.0,-312.0,47.0
2026-03-30,408.0,-482.0,-63.0
2026-03-31,595.0,-358.0,148.0
2026-04-01,399.0,-405.0,12.0
2026-04-02,577.0,-401.0,52.0
2026-04-06,388.0,-412.0,-39.0
2026-04-07,644.0,-510.0,245.0
2026-04-08,297.0,-422.0,43.0
2026-04-09,485.0,-508.0,22.0
2026-04-10,220.0,-325.0,77.0
2026-04-13,500.0,-252.0,119.0
2026-04-14,237.0,-345.0,-13.0
2026-04-15,324.0,-236.0,46.0
2026-04-16,370.0,-348.0,40.0
2026-04-17,314.0,-410.0,20.0
2026-04-20,295.0,-332.0,84.0
2026-04-21,459.0,-464.0,81.0
2026-04-22,329.0,-290.0,31.0
2026-04-23,291.0,-437.0,52.0
2026-04-24,418.0,-262.0,28.0
2026-04-27,256.0,-285.0,130.0
2026-04-28,221.0,-247.0,-17.0
2026-04-29,257.0,-373.0,-22.0
2026-04-30,299.0,-180.0,119.0
2026-05-01,305.0,-316.0,-8.0
2026-05-04,398.0,-620.0,74.0
2026-05-05,266.0,-211.0,81.0
2026-05-06,297.0,-201.0,6.0
2026-05-07,215.0,-360.0,-74.0
2026-05-08,288.0,-258.0,92.0
2026-05-11,284.0,-333.0,35.0
2026-05-12,311.0,-306.0,102.0
2026-05-13,275.0,-241.0,49.0
2026-05-14,285.0,-296.0,94.0
2026-05-15,297.0,-268.0,73.0
2026-05-18,461.0,-381.0,58.0
2026-05-19,328.0,-326.0,15.0
2026-05-20,560.0,-280.0,-2.0
2026-05-21,444.0,-427.0,-1.0
2026-05-22,423.0,-318.0,44.0
2026-05-26,260.0,-255.0,52.0
2026-05-27,233.0,-314.0,28.0
2026-05-28,414.0,-172.0,-11.0
2026-05-29,312.0,-281.0,89.0
2026-06-01,328.0,-233.0,60.0
2026-06-02,267.0,-188.0,-8.0
2026-06-03,207.0,-278.0,-44.0
2026-06-04,235.0,-221.0,-33.0
2026-06-05,269.0,-336.0,40.0
2026-06-08,282.0,-317.0,89.0
2026-06-09,336.0,-475.0,41.0
2026-06-10,284.0,-437.0,-65.0
2026-06-11,527.0,-424.0,35.0
2026-06-12,415.0,-322.0,74.0
2026-06-15,165.0,-242.0,58.0
2026-06-16,262.0,-282.0,134.0
2026-06-17,359.0,-499.0,157.0
2026-06-18,267.0,-244.0,59.0
2026-06-22,192.0,-252.0,-29.0
2026-06-23,262.0,-278.0,-17.0
2026-06-24,325.0,-347.0,26.0
2026-06-25,290.0,-423.0,19.0
2026-06-26,596.0,-755.0,-29.0
2026-06-29,259.0,-278.0,40.0
2026-06-30,243.0,-234.0,47.0
2026-07-01,229.0,-210.0,108.0
2026-07-02,297.0,-439.0,24.0
2026-07-06,274.0,-264.0,78.0
2026-07-07,201.0,-312.0,11.0
2026-07-08,366.0,-293.0,58.0
2026-07-09,296.0,-240.0,-8.0
2026-07-10,267.0,-453.0,71.0
2026-07-13,296.0,-382.0,-27.0
2026-07-14,356.0,-353.0,62.0
2026-07-15,348.0,-330.0,4.0
2026-07-16,245.0,-277.0,-17.0
2026-07-17,241.0,-300.0,68.0
2026-07-20,232.0,-387.0,31.0
2026-07-21,261.0,-254.0,53.0
2026-07-22,212.0,-227.0,-26.0
2026-07-23,286.0,-280.0,60.0
2026-07-24,342.0,-219.0,20.0
2026-07-27,326.0,-299.0,37.0
2026-07-28,287.0,-228.0,-19.0
2026-07-29,441.0,-427.0,-8.0
2026-07-30,332.0,-256.0,51.0
2026-07-31,340.0,-258.0,-46.0
2026-08-03,267.0,-157.0,44.0
2026-08-04,301.0,-238.0,6.0
2026-08-05,251.0,-365.0,39.0
2026-08-06,195.0,-304.0,30.0
2026-08-07,295.0,-244.0,35.0
2026-08-10,244.0,-329.0,34.0
2026-08-11,243.0,-314.0,125.0
2026-08-12,217.0,-222.0,87.0
2026-08-13,271.0,-280.0,35.0
2026-08-14,206.0,-307.0,65.0
2026-08-17,192.0,-254.0,-3.0
2026-08-18,248.0,-244.0,22.0
2026-08-19,240.0,-226.0,3.0
2026-08-20,350.0,-238.0,66.0
2026-08-21,238.0,-199.0,34.0
