date,close
1992-01-02,85214000.0
1992-01-03,63513000.0
1992-01-06,101466000.0
1992-01-07,108105000.0
1992-01-08,115446000.0
1992-01-09,114366000.0
1992-01-10,139862000.0
1992-01-13,90054000.0
1992-01-14,33402000.0
1992-01-15,96666000.0
1992-01-16,153652000.0
1992-01-17,117163000.0
1992-01-20,93789000.0
1992-01-21,147042000.0
1992-01-22,58843000.0
1992-01-23,121791000.0
1992-01-24,82994000.0
1992-01-27,80725000.0
1992-01-28,85722000.0
1992-01-29,159666000.0
1992-01-30,70373000.0
1992-01-31,105376000.0
1992-02-03,71102000.0
1992-02-04,55199000.0
1992-02-05,103351000.0
1992-02-06,88031000.0
1992-02-07,123317000.0
1992-02-11,79262000.0
1992-02-12,60122000.0
1992-02-13,140254000.0
1992-02-14,93939000.0
1992-02-18,136808000.0
1992-02-19,98887000.0
1992-02-20,57871000.0
1992-02-21,136764000.0
1992-02-24,81152000.0
1992-02-25,110885000.0
1992-02-26,47976000.0
1992-02-27,95670000.0
1992-02-28,94879000.0
1992-03-02,74724000.0
1992-03-03,69966000.0
1992-03-04,126352000.0
1992-03-05,141759000.0
1992-03-06,104482000.0
1992-03-09,60796000.0
1992-03-10,56622000.0
1992-03-11,123774000.0
1992-03-12,96861000.0
1992-03-13,57949000.0
1992-03-16,65260000.0
1992-03-17,42495000.0
1992-03-18,80852000.0
1992-03-19,70428000.0
1992-03-20,84882000.0
1992-03-23,78317000.0
1992-03-24,99844000.0
1992-03-25,78365000.0
1992-03-26,78507000.0
1992-03-27,123114000.0
1992-03-30,65023000.0
1992-03-31,74804000.0
1992-04-01,91516000.0
1992-04-02,120996000.0
1992-04-03,92558000.0
1992-04-06,44369000.0
1992-04-07,160655000.0
1992-04-08,176469000.0
1992-04-09,42773000.0
1992-04-10,51213000.0
1992-04-13,44557000.0
1992-04-14,42447000.0
1992-04-15,66252000.0
1992-04-16,106523000.0
1992-04-20,135132000.0
1992-04-21,94169000.0
1992-04-22,80659000.0
1992-04-23,102492000.0
1992-04-24,92158000.0
1992-04-27,75462000.0
1992-04-29,60626000.0
1992-04-30,63555000.0
1992-05-01,98064000.0
1992-05-04,33728000.0
1992-05-05,71489000.0
1992-05-06,61531000.0
1992-05-07,76926000.0
1992-05-08,64693000.0
1992-05-12,100462000.0
1992-05-14,124650000.0
1992-05-29,80607000.0
1992-06-01,56506000.0
1992-06-02,108870000.0
1992-06-03,72799000.0
1992-06-04,98731000.0
1992-06-05,90528000.0
1992-06-08,70989000.0
1992-06-09,132780000.0
1992-06-10,129357000.0
1992-06-11,69478000.0
1992-06-12,65734000.0
1992-06-15,69483000.0
1992-06-16,92590000.0
1992-06-17,183362000.0
1992-06-18,118741000.0
1992-06-19,61689000.0
1992-06-22,97839000.0
1992-06-23,59197000.0
1992-06-24,95433000.0
1992-06-25,83494000.0
1992-06-26,65417000.0
1992-06-29,37730000.0
1992-06-30,69077000.0
1992-07-01,44307000.0
1992-07-02,94809000.0
1992-07-06,72808000.0
1992-07-07,136849000.0
1992-07-08,85158000.0
1992-07-20,93380000.0
1992-07-21,71559000.0
1992-07-22,110267000.0
1992-07-23,64419000.0
1992-07-24,73526000.0
1992-07-27,62794000.0
1992-07-28,28892000.0
1992-07-29,53875000.0
1992-07-30,59691000.0
1992-07-31,65283000.0
1992-08-03,58521000.0
1992-08-04,80780000.0
1992-08-05,93934000.0
1992-08-06,92502000.0
1992-08-07,99818000.0
1992-08-10,63794000.0
1992-08-11,84549000.0
1992-08-12,89861000.0
1992-08-13,79589000.0
1992-08-14,47960000.0
1992-08-17,49758000.0
1992-08-18,66937000.0
1992-08-19,116408000.0
1992-08-21,123122000.0
1992-08-24,129387000.0
1992-08-25,82367000.0
1992-08-26,51217000.0
1992-08-27,56268000.0
1992-08-28,53078000.0
1992-08-31,69061000.0
1992-09-01,56018000.0
1992-09-02,45784000.0
1992-09-03,76984000.0
1992-09-04,57682000.0
1992-09-08,91945000.0
1992-09-09,58283000.0
1992-09-10,54403000.0
1992-09-11,78937000.0
1992-09-14,33505000.0
1992-09-16,96941000.0
1992-09-17,86207000.0
1992-09-18,58572000.0
1992-09-21,72899000.0
1992-09-22,127399000.0
1992-09-23,97958000.0
1992-09-25,142546000.0
1992-09-28,62420000.0
1992-09-29,54850000.0
1992-09-30,58399000.0
1992-10-01,118600000.0
1992-10-02,149591000.0
1992-10-05,193334000.0
1992-10-06,81215000.0
1992-10-07,95071000.0
1992-10-08,64687000.0
1992-10-09,127968000.0
1992-10-12,26533000.0
1992-10-13,56680000.0
1992-10-14,74362000.0
1992-10-15,78506000.0
1992-10-16,89478000.0
1992-10-19,52001000.0
1992-10-20,94392000.0
1992-10-21,87969000.0
1992-10-22,101288000.0
1992-10-23,86270000.0
1992-10-26,42796000.0
1992-10-27,75936000.0
1992-10-28,52322000.0
1992-10-29,70592000.0
1992-10-30,94193000.0
1992-11-02,47655000.0
1992-11-03,104930000.0
1992-11-04,105296000.0
1992-11-05,73532000.0
1992-11-06,78126000.0
1992-11-09,74307000.0
1992-11-10,81367000.0
1992-11-11,61283000.0
1992-11-12,90917000.0
1992-11-13,78352000.0
1992-11-16,96566000.0
1992-11-17,95904000.0
1992-11-18,49582000.0
1992-11-19,69406000.0
1992-11-20,63584000.0
1992-11-23,88678000.0
1992-11-24,78504000.0
1992-11-25,72562000.0
1992-11-27,29719000.0
1992-11-30,61915000.0
1992-12-01,121177000.0
1992-12-02,113275000.0
1992-12-03,89749000.0
1992-12-04,71063000.0
1992-12-07,53527000.0
1992-12-08,80694000.0
1992-12-09,125413000.0
1992-12-10,123242000.0
1992-12-11,69730000.0
1992-12-14,87406000.0
1992-12-15,111587000.0
1992-12-16,117439000.0
1992-12-17,63863000.0
1992-12-18,70703000.0
1992-12-21,99069000.0
1992-12-22,100487000.0
1992-12-23,113858000.0
1992-12-24,33163000.0
1992-12-28,64583000.0
1992-12-29,80728000.0
1992-12-30,53930000.0
1992-12-31,61115000.0
1993-01-04,97854000.0
1993-01-05,109359000.0
1993-01-06,120309000.0
1993-01-07,184155000.0
1993-01-08,154780000.0
1993-01-11,66947000.0
1993-01-12,98853000.0
1993-01-13,85623000.0
1993-01-14,77310000.0
1993-01-15,98179000.0
1993-01-18,71408000.0
1993-01-19,110321000.0
1993-01-20,124374000.0
1993-01-21,93383000.0
1993-01-22,96554000.0
1993-01-25,73447000.0
1993-01-26,122723000.0
1993-01-27,151414000.0
1993-01-28,114243000.0
1993-01-29,95746000.0
1993-02-01,59540000.0
1993-02-02,121408000.0
1993-02-03,59271000.0
1993-02-04,98639000.0
1993-02-05,139726000.0
1993-02-08,110723000.0
1993-02-09,144240000.0
1993-02-10,85547000.0
1993-02-11,92444000.0
1993-02-12,122374000.0
1993-02-16,289695000.0
1993-02-17,155903000.0
1993-02-18,142612000.0
1993-02-19,122930000.0
1993-02-22,154277000.0
1993-02-23,153056000.0
1993-02-24,63681000.0
1993-02-25,95250000.0
1993-02-26,83338000.0
1993-03-01,98911000.0
1993-03-08,40874000.0
1993-03-10,75170000.0
1993-03-11,124624000.0
1993-03-12,156102000.0
1993-03-15,55444000.0
1993-03-16,91879000.0
1993-03-17,144349000.0
1993-03-18,69857000.0
1993-03-19,146654000.0
1993-03-22,132959000.0
1993-03-23,99837000.0
1993-03-24,143178000.0
1993-03-25,64567000.0
1993-03-26,105360000.0
1993-03-29,61984000.0
1993-03-30,83022000.0
1993-03-31,92815000.0
1993-04-01,121698000.0
1993-04-02,280698000.0
1993-04-05,100782000.0
1993-04-06,166206000.0
1993-04-07,121975000.0
1993-04-08,136012000.0
1993-04-12,50069000.0
1993-04-13,88966000.0
1993-04-14,122093000.0
1993-04-15,131245000.0
1993-04-16,119294000.0
1993-04-19,114437000.0
1993-04-20,174847000.0
1993-04-21,135297000.0
1993-04-22,177563000.0
1993-04-23,142976000.0
1993-04-26,170984000.0
1993-04-27,85649000.0
1993-04-28,110260000.0
1993-04-29,99662000.0
1993-04-30,67661000.0
1993-05-03,61069000.0
1993-05-04,85894000.0
1993-05-05,94565000.0
1993-05-06,108941000.0
1993-05-07,104418000.0
1993-05-10,79201000.0
1993-05-11,71580000.0
1993-05-13,155449000.0
1993-05-14,105314000.0
1993-05-17,107599000.0
1993-05-18,108732000.0
1993-05-19,71011000.0
1993-05-20,78427000.0
1993-05-21,170543000.0
1993-05-24,67944000.0
1993-05-25,70447000.0
1993-05-26,68127000.0
1993-05-27,115491000.0
1993-05-28,92167000.0
1993-06-01,55984000.0
1993-06-02,110426000.0
1993-06-03,118287000.0
1993-06-04,133744000.0
1993-06-07,145996000.0
1993-06-08,158038000.0
1993-06-09,88726000.0
1993-06-10,118193000.0
1993-06-11,87428000.0
1993-06-14,83975000.0
1993-06-15,102747000.0
1993-06-16,99145000.0
1993-06-17,86703000.0
1993-06-18,194245000.0
1993-06-21,78794000.0
1993-06-22,124805000.0
1993-06-23,145457000.0
1993-06-24,63969000.0
1993-06-25,61862000.0
1993-06-28,56504000.0
1993-06-29,106027000.0
1993-06-30,113414000.0
1993-07-01,118565000.0
1993-07-02,119805000.0
1993-07-06,129964000.0
1993-07-07,96211000.0
1993-07-08,71837000.0
1993-07-09,90869000.0
1993-07-12,73116000.0
1993-07-14,95017000.0
1993-07-15,112819000.0
1993-07-16,163184000.0
1993-07-19,101458000.0
1993-07-20,112155000.0
1993-07-21,116612000.0
1993-07-22,144289000.0
1993-07-23,67417000.0
1993-07-26,63312000.0
1993-07-27,127220000.0
1993-07-28,132115000.0
1993-07-29,78883000.0
1993-07-30,115367000.0
1993-08-09,66984000.0
1993-08-10,105057000.0
1993-08-11,115633000.0
1993-08-12,140147000.0
1993-08-13,78988000.0
1993-08-16,68902000.0
1993-08-17,86147000.0
1993-08-18,89515000.0
1993-09-16,114697000.0
1993-09-23,83623000.0
1993-09-24,96504000.0
1993-09-27,60053000.0
1993-09-28,94685000.0
1993-09-29,130700000.0
1993-09-30,134525000.0
1993-10-01,83485000.0
1993-10-04,82736000.0
1993-10-05,129728000.0
1993-10-06,110349000.0
1993-10-08,83821000.0
1993-10-11,60304000.0
1993-10-12,84430000.0
1993-10-13,113826000.0
1993-10-14,116334000.0
1993-10-15,110653000.0
1993-10-18,156938000.0
1993-10-19,172915000.0
1993-10-20,138298000.0
1993-10-21,125647000.0
1993-10-22,134924000.0
1993-10-25,110320000.0
1993-10-26,127815000.0
1993-10-27,106687000.0
1993-10-28,85486000.0
1993-10-29,92094000.0
1993-11-01,89088000.0
1993-11-02,134347000.0
1993-11-03,230793000.0
1993-11-04,222013000.0
1993-11-05,123093000.0
1993-11-08,81975000.0
1993-11-09,110597000.0
1993-11-10,83462000.0
1993-11-11,112386000.0
1993-11-12,82748000.0
1993-11-15,135755000.0
1993-11-16,117097000.0
1993-11-17,178810000.0
1993-11-18,160309000.0
1993-11-19,157624000.0
1993-11-22,186919000.0
1993-11-23,82206000.0
1993-11-24,77082000.0
1993-11-26,31732000.0
1993-12-01,108232000.0
1993-12-02,91481000.0
1993-12-03,78843000.0
1993-12-06,122974000.0
1993-12-07,106311000.0
1993-12-08,125226000.0
1993-12-09,131823000.0
1993-12-10,100460000.0
1993-12-13,82638000.0
1993-12-14,174506000.0
1993-12-15,160010000.0
1993-12-16,108024000.0
1993-12-20,104850000.0
1993-12-21,130692000.0
1993-12-22,90860000.0
1993-12-23,74013000.0
1993-12-27,41359000.0
1993-12-28,63954000.0
1993-12-29,105161000.0
1993-12-30,90304000.0
1994-01-03,133003000.0
1994-01-04,110830000.0
1994-01-05,143394000.0
1994-01-06,167216000.0
1994-01-07,100080000.0
1994-01-10,84690000.0
1994-01-11,135939000.0
1994-01-12,131557000.0
1994-01-13,129669000.0
1994-01-14,84527000.0
1994-01-17,95106000.0
1994-01-18,114764000.0
1994-01-19,139972000.0
1994-01-20,130765000.0
1994-01-21,149150000.0
1994-01-24,157680000.0
1994-01-25,174149000.0
1994-01-26,116221000.0
1994-01-27,92987000.0
1994-01-28,88786000.0
1994-01-31,81394000.0
1994-02-01,145167000.0
1994-02-02,110975000.0
1994-02-03,138423000.0
1994-02-04,339476000.0
1994-02-07,131738000.0
1994-02-08,131693000.0
1994-02-09,117900000.0
1994-02-10,197745000.0
1994-02-11,104094000.0
1994-02-14,113558000.0
1994-02-15,87372000.0
1994-02-16,129052000.0
1994-02-17,183530000.0
1994-02-18,172225000.0
1994-02-22,81611000.0
1994-02-23,128737000.0
1994-02-24,256059000.0
1994-02-25,91347000.0
1994-02-28,84336000.0
1994-03-01,186394000.0
1994-03-02,172830000.0
1994-03-03,132178000.0
1994-03-04,89943000.0
1994-03-07,86222000.0
1994-03-08,151347000.0
1994-03-09,127433000.0
1994-03-10,177476000.0
1994-03-11,97509000.0
1994-03-14,85225000.0
1994-03-15,124125000.0
1994-03-16,74196000.0
1994-03-17,108088000.0
1994-03-18,203406000.0
1994-03-21,148278000.0
1994-03-22,100077000.0
1994-03-23,112788000.0
1994-03-24,207496000.0
1994-03-25,141066000.0
1994-03-28,181331000.0
1994-03-29,261888000.0
1994-03-30,304916000.0
1994-03-31,205504000.0
1994-04-05,25998000.0
1994-04-07,82435000.0
1994-04-08,157258000.0
1994-04-11,80434000.0
1994-04-12,140443000.0
1994-04-13,172935000.0
1994-04-14,118743000.0
1994-04-15,130508000.0
1994-04-18,176794000.0
1994-04-19,188266000.0
1994-04-20,215243000.0
1994-04-21,75011000.0
1994-04-22,125855000.0
1994-04-25,57403000.0
1994-04-26,114352000.0
1994-04-28,161121000.0
1994-04-29,81915000.0
1994-05-02,92983000.0
1994-05-03,136325000.0
1994-05-04,135090000.0
1994-05-05,120962000.0
1994-05-06,177376000.0
1994-05-09,183060000.0
1994-05-10,92621000.0
1994-05-11,180366000.0
1994-05-12,90608000.0
1994-05-13,100577000.0
1994-05-16,102287000.0
1994-05-17,87518000.0
1994-05-18,70788000.0
1994-05-19,73993000.0
1994-05-20,131341000.0
1994-05-23,119466000.0
1994-05-24,95452000.0
1994-05-25,91216000.0
1994-05-26,98691000.0
1994-05-27,73944000.0
1994-05-31,100900000.0
1994-06-01,96713000.0
1994-06-02,100199000.0
1994-06-03,90133000.0
1994-06-06,110926000.0
1994-06-07,126265000.0
1994-06-08,139847000.0
1994-06-09,128060000.0
1994-06-10,73713000.0
1994-06-13,77606000.0
1994-06-14,75280000.0
1994-06-16,100012000.0
1994-06-17,237191000.0
1994-06-20,156785000.0
1994-06-21,204504000.0
1994-06-22,81818000.0
1994-06-23,156290000.0
1994-06-24,201048000.0
1994-06-27,69581000.0
1994-06-28,132400000.0
1994-06-29,86196000.0
1994-06-30,179318000.0
1994-07-01,57283000.0
1994-07-05,78467000.0
1994-07-06,105564000.0
1994-07-07,81196000.0
1994-07-08,84499000.0
1994-07-11,102928000.0
1994-07-12,102207000.0
1994-07-13,96744000.0
1994-07-14,62294000.0
1994-07-18,73344000.0
1994-07-19,127824000.0
1994-07-20,156876000.0
1994-07-21,115272000.0
1994-07-22,98865000.0
1994-07-25,78314000.0
1994-07-26,100370000.0
1994-07-27,129215000.0
1994-07-28,89157000.0
1994-07-29,47641000.0
1994-08-01,60127000.0
1994-08-02,98502000.0
1994-08-03,98842000.0
1994-08-04,151488000.0
1994-08-05,117356000.0
1994-08-08,73664000.0
1994-08-09,96542000.0
1994-08-10,88952000.0
1994-08-11,140655000.0
1994-08-12,75099000.0
1994-08-15,89453000.0
1994-08-16,72429000.0
1994-08-17,106394000.0
1994-08-18,148423000.0
1994-08-19,93443000.0
1994-08-22,101790000.0
1994-08-23,84385000.0
1994-08-24,72602000.0
1994-08-25,122782000.0
1994-08-26,54743000.0
1994-08-29,82311000.0
1994-08-30,82380000.0
1994-08-31,143667000.0
1994-09-01,162989000.0
1994-09-02,98939000.0
1994-09-06,82192000.0
1994-09-07,135765000.0
1994-09-08,86039000.0
1994-09-09,200538000.0
1994-09-12,124709000.0
1994-09-13,113273000.0
1994-09-14,120576000.0
1994-09-15,44942000.0
1994-09-16,249492000.0
1994-09-19,118909000.0
1994-09-20,246645000.0
1994-09-21,195605000.0
1994-09-22,137093000.0
1994-09-23,155784000.0
1994-09-26,116150000.0
1994-09-27,115495000.0
1994-09-28,104485000.0
1994-09-29,165359000.0
1994-09-30,96527000.0
1994-10-03,136127000.0
1994-10-04,260799000.0
1994-10-05,229089000.0
1994-10-06,125903000.0
1994-10-07,85532000.0
1994-10-10,47241000.0
1994-10-11,75319000.0
1994-10-12,107930000.0
1994-10-13,117355000.0
1994-10-14,92642000.0
1994-10-17,102672000.0
1994-10-18,128984000.0
1994-10-19,95167000.0
1994-10-20,195713000.0
1994-10-21,172898000.0
1994-10-24,172431000.0
1994-10-25,161253000.0
1994-10-26,133163000.0
1994-10-27,101696000.0
1994-10-28,57990000.0
1994-10-31,151982000.0
1994-11-01,193978000.0
1994-11-02,159718000.0
1994-11-03,98616000.0
1994-11-04,174036000.0
1994-11-07,114014000.0
1994-11-08,86894000.0
1994-11-09,152525000.0
1994-11-10,138445000.0
1994-11-11,130974000.0
1994-11-14,79082000.0
1994-11-15,138183000.0
1994-11-16,134140000.0
1994-11-17,191002000.0
1994-11-18,214525000.0
1994-11-21,177326000.0
1994-11-22,310211000.0
1994-11-23,196390000.0
1994-11-25,20971000.0
1994-11-28,95294000.0
1994-11-29,90682000.0
1994-11-30,132246000.0
1994-12-01,205208000.0
1994-12-02,88088000.0
1994-12-05,104376000.0
1994-12-06,139471000.0
1994-12-07,171270000.0
1994-12-08,283777000.0
1994-12-09,133930000.0
1994-12-12,107601000.0
1994-12-13,106501000.0
1994-12-14,65828000.0
1994-12-15,125636000.0
1994-12-16,132724000.0
1994-12-19,133018000.0
1994-12-20,144531000.0
1994-12-21,131006000.0
1994-12-22,172957000.0
1994-12-23,70882000.0
1994-12-27,86676000.0
1994-12-28,120087000.0
1994-12-29,85318000.0
1994-12-30,108813000.0
1995-01-03,122210000.0
1995-01-04,126691000.0
1995-01-05,116591000.0
1995-01-06,124256000.0
1995-01-09,102564000.0
1995-01-10,160718000.0
1995-01-11,132210000.0
1995-01-12,119941000.0
1995-01-13,60857000.0
1995-01-16,75358000.0
1995-01-17,120199000.0
1995-01-18,169547000.0
1995-01-23,146976000.0
1995-01-24,104114000.0
1995-01-25,133710000.0
1995-01-26,128750000.0
1995-01-27,130417000.0
1995-01-30,180001000.0
1995-01-31,153420000.0
1995-02-01,153628000.0
1995-02-02,95978000.0
1995-02-03,71894000.0
1995-02-06,103320000.0
1995-02-07,142420000.0
1995-02-08,125368000.0
1995-02-09,132802000.0
1995-02-10,88001000.0
1995-02-13,109025000.0
1995-02-14,115501000.0
1995-02-15,126175000.0
1995-02-16,154567000.0
1995-02-17,210524000.0
1995-02-21,138439000.0
1995-02-22,103506000.0
1995-02-23,132342000.0
1995-02-24,125306000.0
1995-02-27,204480000.0
1995-02-28,64125000.0
1995-03-01,174939000.0
1995-03-02,160266000.0
1995-03-03,149138000.0
1995-03-06,153212000.0
1995-03-07,220485000.0
1995-03-08,140898000.0
1995-03-09,126949000.0
1995-03-10,69038000.0
1995-03-13,108839000.0
1995-03-14,114781000.0
1995-03-15,131666000.0
1995-03-16,93763000.0
1995-03-17,188112000.0
1995-03-20,132620000.0
1995-03-21,158713000.0
1995-03-22,127755000.0
1995-03-23,119919000.0
1995-03-24,57525000.0
1995-03-27,73667000.0
1995-03-28,120161000.0
1995-03-29,166781000.0
1995-03-30,116289000.0
1995-03-31,189825000.0
1995-04-03,106375000.0
1995-04-04,107717000.0
1995-04-05,110462000.0
1995-04-06,125910000.0
1995-04-07,132592000.0
1995-04-10,101611000.0
1995-04-11,142280000.0
1995-04-12,98220000.0
1995-04-13,107407000.0
1995-04-17,166160000.0
1995-04-18,170787000.0
1995-04-19,201917000.0
1995-04-20,153085000.0
1995-04-21,114962000.0
1995-04-24,71628000.0
1995-04-25,164879000.0
1995-04-26,140534000.0
1995-04-27,151687000.0
1995-04-28,133658000.0
1995-05-01,131458000.0
1995-05-02,114447000.0
1995-05-03,86580000.0
1995-05-04,191197000.0
1995-05-05,144840000.0
1995-05-08,74971000.0
1995-05-09,128179000.0
1995-05-10,121691000.0
1995-05-11,127107000.0
1995-05-12,116624000.0
1995-05-15,97694000.0
1995-05-16,149985000.0
1995-05-17,165674000.0
1995-05-18,262690000.0
1995-05-19,166929000.0
1995-05-22,69774000.0
1995-05-23,87209000.0
1995-05-24,163232000.0
1995-05-25,155204000.0
1995-05-26,194634000.0
1995-05-30,134942000.0
1995-05-31,44914000.0
1995-06-01,114733000.0
1995-06-02,155686000.0
1995-06-05,85583000.0
1995-06-06,134737000.0
1995-06-07,178021000.0
1995-06-08,127831000.0
1995-06-09,212190000.0
1995-06-12,82168000.0
1995-06-13,62031000.0
1995-06-14,145586000.0
1995-06-15,120969000.0
1995-06-16,160773000.0
1995-06-19,87307000.0
1995-06-20,165125000.0
1995-06-21,176518000.0
1995-06-22,82336000.0
1995-06-23,159123000.0
1995-06-26,210712000.0
1995-06-27,178087000.0
1995-06-28,150982000.0
1995-06-29,131728000.0
1995-06-30,95076000.0
1995-07-03,28389000.0
1995-07-05,120574000.0
1995-07-06,76977000.0
1995-07-07,129798000.0
1995-07-10,153647000.0
1995-07-11,204085000.0
1995-07-12,89243000.0
1995-07-13,156741000.0
1995-07-14,156217000.0
1995-07-17,116281000.0
1995-07-18,230397000.0
1995-07-19,402020000.0
1995-07-20,108823000.0
1995-07-21,174952000.0
1995-07-24,92297000.0
1995-07-25,100804000.0
1995-07-26,152571000.0
1995-07-27,91136000.0
1995-07-28,149227000.0
1995-07-31,123300000.0
1995-08-01,162197000.0
1995-08-02,155521000.0
1995-08-03,154129000.0
1995-08-04,111151000.0
1995-08-07,105944000.0
1995-08-08,137956000.0
1995-08-09,149625000.0
1995-08-10,136524000.0
1995-08-11,142278000.0
1995-08-14,81627000.0
1995-08-15,146876000.0
1995-08-16,143434000.0
1995-08-17,132553000.0
1995-08-18,112998000.0
1995-08-21,115986000.0
1995-08-22,113925000.0
1995-08-23,157875000.0
1995-08-24,130418000.0
1995-08-25,87866000.0
1995-08-28,117304000.0
1995-08-29,145338000.0
1995-08-30,112256000.0
1995-08-31,105056000.0
1995-09-01,74721000.0
1995-09-05,72746000.0
1995-09-06,121144000.0
1995-09-07,128827000.0
1995-09-08,97292000.0
1995-09-11,111521000.0
1995-09-12,116142000.0
1995-09-13,163378000.0
1995-09-14,131214000.0
1995-09-15,210765000.0
1995-09-18,159676000.0
1995-09-19,155327000.0
1995-09-20,139146000.0
1995-09-21,216093000.0
1995-09-22,199632000.0
1995-09-25,143976000.0
1995-09-26,155083000.0
1995-09-27,198855000.0
1995-09-28,80001000.0
1995-09-29,142065000.0
1995-10-02,166868000.0
1995-10-03,206723000.0
1995-10-04,191503000.0
1995-10-05,129030000.0
1995-10-06,127459000.0
1995-10-09,193832000.0
1995-10-10,220725000.0
1995-10-11,86673000.0
1995-10-12,98482000.0
1995-10-13,120462000.0
1995-10-16,155486000.0
1995-10-17,128128000.0
1995-10-18,172735000.0
1995-10-19,196982000.0
1995-10-20,234326000.0
1995-10-23,185921000.0
1995-10-24,185689000.0
1995-10-25,281133000.0
1995-10-26,342395000.0
1995-10-27,127220000.0
1995-10-30,94691000.0
1995-10-31,192556000.0
1995-11-01,127333000.0
1995-11-02,84356000.0
1995-11-03,123479000.0
1995-11-06,143471000.0
1995-11-07,203574000.0
1995-11-08,121608000.0
1995-11-09,143013000.0
1995-11-10,138901000.0
1995-11-13,134042000.0
1995-11-14,200846000.0
1995-11-15,131913000.0
1995-11-16,119293000.0
1995-11-17,111065000.0
1995-11-20,189096000.0
1995-11-21,150950000.0
1995-11-22,158440000.0
1995-11-24,29948000.0
1995-11-27,126977000.0
1995-11-28,138908000.0
1995-11-29,117410000.0
1995-11-30,179476000.0
1995-12-01,162955000.0
1995-12-04,102440000.0
1995-12-05,151586000.0
1995-12-06,152137000.0
1995-12-07,219421000.0
1995-12-08,119161000.0
1995-12-11,134533000.0
1995-12-12,178153000.0
1995-12-13,157152000.0
1995-12-14,269753000.0
1995-12-15,332460000.0
1995-12-18,327595000.0
1995-12-19,139562000.0
1995-12-20,202413000.0
1995-12-21,122241000.0
1995-12-22,94226000.0
1995-12-26,78083000.0
1995-12-27,89887000.0
1995-12-28,123679000.0
1995-12-29,94943000.0
1996-01-02,118604000.0
1996-01-03,160303000.0
1996-01-04,298650000.0
1996-01-05,202215000.0
1996-01-08,40771000.0
1996-01-09,297570000.0
1996-01-10,379429000.0
1996-01-11,105046000.0
1996-01-12,197314000.0
1996-01-15,166552000.0
1996-01-16,113554000.0
1996-01-17,205093000.0
1996-01-18,171791000.0
1996-01-19,155825000.0
1996-01-22,121320000.0
1996-01-23,173553000.0
1996-01-24,152363000.0
1996-01-26,117688000.0
1996-01-29,109206000.0
1996-01-30,121297000.0
1996-01-31,131271000.0
1996-02-01,137821000.0
1996-02-02,187309000.0
1996-02-05,101550000.0
1996-02-06,133699000.0
1996-02-07,187457000.0
1996-02-08,150206000.0
1996-02-09,218673000.0
1996-02-12,118940000.0
1996-02-13,206973000.0
1996-02-14,201036000.0
1996-02-15,208082000.0
1996-02-16,225767000.0
1996-02-20,291106000.0
1996-02-21,85516000.0
1996-02-22,63767000.0
1996-02-23,185488000.0
1996-02-26,262021000.0
1996-02-27,242494000.0
1996-02-28,199995000.0
1996-02-29,269945000.0
1996-03-01,186458000.0
1996-03-04,108863000.0
1996-03-05,158896000.0
1996-03-06,208207000.0
1996-03-07,183609000.0
1996-03-08,482428000.0
1996-03-11,133584000.0
1996-03-12,238493000.0
1996-03-13,123047000.0
1996-03-14,167055000.0
1996-03-15,232043000.0
1996-03-18,82222000.0
1996-03-19,196883000.0
1996-03-20,206262000.0
1996-03-21,162688000.0
1996-03-22,126262000.0
1996-03-25,151646000.0
1996-03-26,156795000.0
1996-03-27,181331000.0
1996-03-28,149266000.0
1996-03-29,216521000.0
1996-04-01,123232000.0
1996-04-02,167069000.0
1996-04-03,160076000.0
1996-04-04,134407000.0
1996-04-08,316520000.0
1996-04-09,167918000.0
1996-04-10,276606000.0
1996-04-11,286174000.0
1996-04-12,117089000.0
1996-04-15,83677000.0
1996-04-16,158551000.0
1996-04-17,237132000.0
1996-04-18,132017000.0
1996-04-19,150430000.0
1996-04-22,129842000.0
1996-04-23,136909000.0
1996-04-24,203049000.0
1996-04-25,147204000.0
1996-04-26,149504000.0
1996-04-29,152462000.0
1996-04-30,163954000.0
1996-05-01,121361000.0
1996-05-02,329966000.0
1996-05-03,195601000.0
1996-05-06,185270000.0
1996-05-07,217061000.0
1996-05-08,146758000.0
1996-05-09,155875000.0
1996-05-10,94825000.0
1996-05-13,69281400.0
1996-05-14,133589000.0
1996-05-15,184057000.0
1996-05-16,174296000.0
1996-05-17,118420000.0
1996-05-20,118420000.0
1996-05-21,188053000.0
1996-05-22,122033000.0
1996-05-23,239064000.0
1996-05-24,130097000.0
1996-05-28,213388000.0
1996-05-29,202992000.0
1996-05-30,116648000.0
1996-05-31,175035000.0
1996-06-03,175035000.0
1996-06-04,109400000.0
1996-06-05,107148000.0
1996-06-06,278683000.0
1996-06-07,235976000.0
1996-06-10,137699000.0
1996-06-11,178245000.0
1996-06-12,162054000.0
1996-06-13,173743000.0
1996-06-14,194482000.0
1996-06-17,145316000.0
1996-06-18,192340000.0
1996-06-19,171988000.0
1996-06-20,218832000.0
1996-06-21,143953000.0
1996-06-24,106851000.0
1996-06-25,188445000.0
1996-06-26,241299000.0
1996-06-27,132288000.0
1996-06-28,135185000.0
1996-07-01,93150900.0
1996-07-02,183261000.0
1996-07-03,167389000.0
1996-07-05,158694000.0
1996-07-08,248491000.0
1996-07-09,133837000.0
1996-07-10,211589000.0
1996-07-11,417476000.0
1996-07-12,173262000.0
1996-07-15,369517000.0
1996-07-16,426454000.0
1996-07-17,145246000.0
1996-07-18,90892500.0
1996-07-19,240573000.0
1996-07-22,227104000.0
1996-07-23,227104000.0
1996-07-24,251257000.0
1996-07-25,107541000.0
1996-07-26,88648000.0
1996-07-29,170051000.0
1996-07-30,108047000.0
1996-07-31,137461000.0
1996-08-01,65290800.0
1996-08-02,50804100.0
1996-08-05,136398000.0
1996-08-06,129132000.0
1996-08-07,133410000.0
1996-08-08,135616000.0
1996-08-09,137986000.0
1996-08-12,104481400.0
1996-08-13,220928000.0
1996-08-14,87073300.0
1996-08-15,116581000.0
1996-08-16,104413700.0
1996-08-19,93401900.0
1996-08-20,129602000.0
1996-08-21,146539000.0
1996-08-22,84806200.0
1996-08-23,158948000.0
1996-08-26,143618000.0
1996-08-27,85648900.0
1996-08-28,117066000.0
1996-08-29,217399000.0
1996-08-30,163033000.0
1996-09-03,151834000.0
1996-09-04,127427000.0
1996-09-05,251786000.0
1996-09-06,74229000.0
1996-09-09,59150100.0
1996-09-10,163306000.0
1996-09-11,114925000.0
1996-09-12,110630000.0
1996-09-13,99586200.0
1996-09-16,119904000.0
1996-09-17,190542000.0
1996-09-18,197183000.0
1996-09-19,147233000.0
1996-09-20,144148000.0
1996-09-23,136431000.0
1996-09-24,188256000.0
1996-09-25,179550000.0
1996-09-26,204604000.0
1996-09-27,170240000.0
1996-09-30,134026000.0
1996-10-01,173072000.0
1996-10-02,115777000.0
1996-10-03,174616000.0
1996-10-04,106642000.0
1996-10-07,144060000.0
1996-10-08,220513000.0
1996-10-09,233886000.0
1996-10-10,172570000.0
1996-10-11,114222000.0
1996-10-14,110813000.0
1996-10-15,214559000.0
1996-10-16,189146000.0
1996-10-17,178492000.0
1996-10-18,176774000.0
1996-10-21,196237000.0
1996-10-22,228528000.0
1996-10-23,190519000.0
1996-10-24,225967000.0
1996-10-25,158129000.0
1996-10-28,224423000.0
1996-10-29,161092000.0
1996-10-30,188090000.0
1996-10-31,165895000.0
1996-11-01,224099000.0
1996-11-04,148641000.0
1996-11-05,120936000.0
1996-11-06,96565900.0
1996-11-07,184111000.0
1996-11-08,132227000.0
1996-11-11,125061000.0
1996-11-12,199948000.0
1996-11-13,175540000.0
1996-11-14,142311000.0
1996-11-15,205282000.0
1996-11-18,156806000.0
1996-11-19,151187000.0
1996-11-20,187853000.0
1996-11-21,237623000.0
1996-11-22,146052000.0
1996-11-25,125678000.0
1996-11-26,254476000.0
1996-11-27,147280000.0
1996-11-29,41959600.0
1996-12-02,179475000.0
1996-12-03,273079000.0
1996-12-04,244237000.0
1996-12-05,213796000.0
1996-12-06,313892000.0
1996-12-09,72117600.0
1996-12-10,212752000.0
1996-12-11,357723000.0
1996-12-12,308506000.0
1996-12-13,220651000.0
1996-12-16,281602000.0
1996-12-17,204313000.0
1996-12-18,139742000.0
1996-12-19,110862000.0
1996-12-20,227803000.0
1996-12-23,171125000.0
1996-12-24,45333400.0
1996-12-26,65912400.0
1996-12-27,84159800.0
1996-12-30,140031000.0
1996-12-31,210370000.0
1997-01-02,290263000.0
1997-01-03,95266300.0
1997-01-06,239919000.0
1997-01-07,146581000.0
1997-01-08,275343000.0
1997-01-09,153717000.0
1997-01-10,161187000.0
1997-01-13,199922000.0
1997-01-14,122404000.0
1997-01-15,230951000.0
1997-01-16,199143000.0
1997-01-17,147680000.0
1997-01-20,194116000.0
1997-01-21,204738000.0
1997-01-22,248642000.0
1997-01-23,358559000.0
1997-01-24,350027000.0
1997-01-27,269701000.0
1997-01-28,220669000.0
1997-01-29,176540000.0
1997-01-30,120743000.0
1997-01-31,242533000.0
1997-02-03,221150000.0
1997-02-04,218038000.0
1997-02-05,389054000.0
1997-02-06,214873000.0
1997-02-07,161643000.0
1997-02-10,252453000.0
1997-02-11,172201000.0
1997-02-12,101490000.0
1997-02-13,163562000.0
1997-02-14,215976000.0
1997-02-18,145732000.0
1997-02-19,258084000.0
1997-02-20,321040000.0
1997-02-21,185400000.0
1997-02-24,131952000.0
1997-02-25,196256000.0
1997-02-26,357663000.0
1997-02-27,308130000.0
1997-02-28,259780000.0
1997-03-03,153939000.0
1997-03-04,224583000.0
1997-03-05,105042000.0
1997-03-06,235901000.0
1997-03-07,129933000.0
1997-03-10,115967000.0
1997-03-11,215370000.0
1997-03-12,280974000.0
1997-03-13,379397000.0
1997-03-14,177811000.0
1997-03-17,258231000.0
1997-03-18,293472000.0
1997-03-19,311760000.0
1997-03-20,257399000.0
1997-03-21,215331000.0
1997-03-24,169465000.0
1997-03-25,209113000.0
1997-03-26,183133000.0
1997-03-27,387336000.0
1997-03-31,452517000.0
1997-04-01,212407000.0
1997-04-02,326399000.0
1997-04-03,240758000.0
1997-04-04,164298000.0
1997-04-07,123487000.0
1997-04-08,158014000.0
1997-04-09,239409000.0
1997-04-10,214679000.0
1997-04-11,382600000.0
1997-04-14,169284000.0
1997-04-15,113522000.0
1997-04-16,157895000.0
1997-04-17,238515000.0
1997-04-18,176374000.0
1997-04-21,247410000.0
1997-04-22,150089000.0
1997-04-23,230739000.0
1997-04-24,239663000.0
1997-04-25,268503000.0
1997-04-28,143058000.0
1997-04-29,52799600.0
1997-04-30,116373000.0
1997-05-01,185635000.0
1997-05-02,74910900.0
1997-05-05,66510900.0
1997-05-06,276276000.0
1997-05-07,312876000.0
1997-05-08,174359000.0
1997-05-09,121889000.0
1997-05-12,85094000.0
1997-05-13,251235000.0
1997-05-14,161658000.0
1997-05-15,150264000.0
1997-05-16,313333000.0
1997-05-19,129032000.0
1997-05-20,128488000.0
1997-05-21,256363000.0
1997-05-22,190139000.0
1997-05-23,70748900.0
1997-05-27,157849000.0
1997-05-28,220333000.0
1997-05-29,216682000.0
1997-05-30,166656000.0
1997-06-02,177231000.0
1997-06-03,225120000.0
1997-06-04,241605000.0
1997-06-05,131781000.0
1997-06-06,99975300.0
1997-06-09,143137000.0
1997-06-10,190126000.0
1997-06-11,182049000.0
1997-06-12,111216000.0
1997-06-13,129953000.0
1997-06-16,173418000.0
1997-06-17,205788000.0
1997-06-18,267240000.0
1997-06-19,136608000.0
1997-06-20,310281000.0
1997-06-23,381192000.0
1997-06-24,133745000.0
1997-06-25,337872000.0
1997-06-26,274375000.0
1997-06-27,166247000.0
1997-06-30,256779000.0
1997-07-01,176592000.0
1997-07-02,128695000.0
1997-07-03,59096500.0
1997-07-07,272262000.0
1997-07-08,148309000.0
1997-07-09,386721000.0
1997-07-10,177553000.0
1997-07-11,174085000.0
1997-07-14,232666000.0
1997-07-15,239682000.0
1997-07-16,203858000.0
1997-07-17,355960000.0
1997-07-18,438936000.0
1997-07-21,269748000.0
1997-07-22,82015500.0
1997-07-23,231200000.0
1997-07-24,236068000.0
1997-07-25,254739000.0
1997-07-28,220782000.0
1997-07-29,185522000.0
1997-07-30,112202000.0
1997-07-31,212383000.0
1997-08-01,303032000.0
1997-08-04,186210000.0
1997-08-05,177341000.0
1997-08-06,165146000.0
1997-08-07,321567000.0
1997-08-08,462384000.0
1997-08-11,218692000.0
1997-08-12,307353000.0
1997-08-13,312272000.0
1997-08-14,228393000.0
1997-08-15,431911000.0
1997-08-18,189527000.0
1997-08-19,121524000.0
1997-08-20,107569000.0
1997-08-21,328488000.0
1997-08-22,238536000.0
1997-08-25,158777000.0
1997-08-26,251086000.0
1997-08-27,217029000.0
1997-08-28,326326000.0
1997-08-29,230181000.0
1997-09-02,71749000.0
1997-09-03,218882000.0
1997-09-04,201300000.0
1997-09-05,242340000.0
1997-09-08,186007000.0
1997-09-09,212740000.0
1997-09-10,343944000.0
1997-09-11,358585000.0
1997-09-12,130190000.0
1997-09-15,228424000.0
1997-09-16,136733000.0
1997-09-17,279217000.0
1997-09-18,194468000.0
1997-09-19,245516000.0
1997-09-22,162651000.0
1997-09-23,296286000.0
1997-09-24,333833000.0
1997-09-25,282074000.0
1997-09-26,159670000.0
1997-09-29,147824000.0
1997-09-30,278295000.0
1997-10-01,193975000.0
1997-10-02,180052000.0
1997-10-03,231639000.0
1997-10-06,158453000.0
1997-10-07,203432000.0
1997-10-08,330966000.0
1997-10-09,265096000.0
1997-10-10,223185000.0
1997-10-13,158294000.0
1997-10-14,229913000.0
1997-10-15,261225000.0
1997-10-16,411283000.0
1997-10-17,466216000.0
1997-10-20,126459000.0
1997-10-21,115479000.0
1997-10-22,358263000.0
1997-10-23,589834000.0
1997-10-24,428245000.0
1997-10-27,683362000.0
1997-10-28,165889000.0
1997-10-29,336711000.0
1997-10-30,557374000.0
1997-10-31,138908000.0
1997-11-03,59050300.0
1997-11-04,210591000.0
1997-11-05,206891000.0
1997-11-06,311706000.0
1997-11-07,467098000.0
1997-11-10,260236000.0
1997-11-11,216411000.0
1997-11-12,473896000.0
1997-11-13,233163000.0
1997-11-14,174234000.0
1997-11-17,87248000.0
1997-11-18,340488000.0
1997-11-19,240940000.0
1997-11-20,102816200.0
1997-11-21,192068000.0
1997-11-24,410812000.0
1997-11-25,245033000.0
1997-11-26,218583000.0
1997-11-28,66150600.0
1997-12-01,171051000.0
1997-12-02,266308000.0
1997-12-03,266476000.0
1997-12-04,325335000.0
1997-12-05,152433000.0
1997-12-08,214885000.0
1997-12-09,349803000.0
1997-12-10,419083000.0
1997-12-11,504846000.0
1997-12-12,315912000.0
1997-12-15,250710000.0
1997-12-16,231917000.0
1997-12-17,258566000.0
1997-12-18,427747000.0
1997-12-19,534925000.0
1997-12-22,220838000.0
1997-12-23,335951000.0
1997-12-24,141857000.0
1997-12-26,61534100.0
1997-12-29,78547300.0
1997-12-30,80368500.0
1997-12-31,144584000.0
1998-01-02,161959000.0
1998-01-05,295728000.0
1998-01-06,445867000.0
1998-01-07,362604000.0
1998-01-08,438213000.0
1998-01-09,700332000.0
1998-01-12,318095000.0
1998-01-13,131106000.0
1998-01-14,187314000.0
1998-01-15,319267000.0
1998-01-16,140199000.0
1998-01-20,149026000.0
1998-01-21,360262000.0
1998-01-22,428497000.0
1998-01-23,397163000.0
1998-01-26,280253000.0
1998-01-27,223627000.0
1998-01-28,238837000.0
1998-01-29,212722000.0
1998-01-30,307703000.0
1998-02-02,121052000.0
1998-02-03,226097000.0
1998-02-04,254673000.0
1998-02-05,268727000.0
1998-02-06,196130000.0
1998-02-09,240786000.0
1998-02-10,168572000.0
1998-02-11,241805000.0
1998-02-12,251883000.0
1998-02-13,266773000.0
1998-02-17,265247000.0
1998-02-18,176589000.0
1998-02-19,321535000.0
1998-02-20,232164000.0
1998-02-23,248755000.0
1998-02-24,377047000.0
1998-02-25,151558000.0
1998-02-26,212218000.0
1998-02-27,234189000.0
1998-03-02,253388000.0
1998-03-03,237355000.0
1998-03-04,348562000.0
1998-03-05,442990000.0
1998-03-06,116997000.0
1998-03-09,341496000.0
1998-03-10,138033000.0
1998-03-11,226033000.0
1998-03-12,243502000.0
1998-03-13,264239000.0
1998-03-16,187594000.0
1998-03-17,334350000.0
1998-03-18,241800000.0
1998-03-19,237738000.0
1998-03-20,242860000.0
1998-03-23,277809000.0
1998-03-24,199450000.0
1998-03-25,338367000.0
1998-03-26,261816000.0
1998-03-27,291516000.0
1998-03-30,275690000.0
1998-03-31,228444000.0
1998-04-01,260977000.0
1998-04-02,207373000.0
1998-04-03,283756000.0
1998-04-06,337059000.0
1998-04-07,466783000.0
1998-04-08,318983000.0
1998-04-09,169896000.0
1998-04-13,301065000.0
1998-04-14,165315000.0
1998-04-15,259138000.0
1998-04-16,500177000.0
1998-04-17,190942000.0
1998-04-20,269398000.0
1998-04-21,280708000.0
1998-04-22,324519000.0
1998-04-23,424039000.0
1998-04-24,429469000.0
1998-04-27,610471000.0
1998-04-28,271845000.0
1998-04-29,190088000.0
1998-04-30,147719000.0
1998-05-01,176096000.0
1998-05-04,215579000.0
1998-05-05,316582000.0
1998-05-06,384237000.0
1998-05-07,356474000.0
1998-05-08,158465000.0
1998-05-11,307246000.0
1998-05-12,243133000.0
1998-05-13,277301000.0
1998-05-14,308530000.0
1998-05-15,396501000.0
1998-05-18,346364000.0
1998-05-19,229842000.0
1998-05-20,255722000.0
1998-05-21,302120000.0
1998-05-22,267029000.0
1998-05-26,431504000.0
1998-05-27,416440000.0
1998-05-28,193638000.0
1998-05-29,293146000.0
1998-06-01,311813000.0
1998-06-02,296133000.0
1998-06-03,331721000.0
1998-06-04,117693000.0
1998-06-05,104909000.0
1998-06-08,171852000.0
1998-06-09,257886000.0
1998-06-10,396309000.0
1998-06-11,485853000.0
1998-06-12,330573000.0
1998-06-15,483483000.0
1998-06-16,227460000.0
1998-06-17,154123000.0
1998-06-18,322221000.0
1998-06-19,406581000.0
1998-06-22,207539000.0
1998-06-23,176033000.0
1998-06-24,227927000.0
1998-06-25,342457000.0
1998-06-26,234205000.0
1998-06-29,183821000.0
1998-06-30,346835000.0
1998-07-01,174335000.0
1998-07-02,244014000.0
1998-07-06,172379000.0
1998-07-07,311867000.0
1998-07-08,203537000.0
1998-07-09,384766000.0
1998-07-10,257816000.0
1998-07-13,294528000.0
1998-07-14,215424000.0
1998-07-15,377806000.0
1998-07-16,237726000.0
1998-07-17,279961000.0
1998-07-20,306129000.0
1998-07-21,457412000.0
1998-07-22,447830000.0
1998-07-23,567509000.0
1998-07-24,384834000.0
1998-07-27,325442000.0
1998-07-28,514753000.0
1998-07-29,340504000.0
1998-07-30,18320400.0
1998-07-31,491476000.0
1998-08-03,385114000.0
1998-08-04,748995000.0
1998-08-05,409022000.0
1998-08-06,306948000.0
1998-08-07,272494000.0
1998-08-10,382304000.0
1998-08-11,618023000.0
1998-08-12,138767000.0
1998-08-13,412096000.0
1998-08-14,401568000.0
1998-08-17,178894000.0
1998-08-18,138106000.0
1998-08-19,356955000.0
1998-08-20,367417000.0
1998-08-21,548365000.0
1998-08-24,245118000.0
1998-08-25,330294000.0
1998-08-26,494747000.0
1998-08-27,882303000.0
1998-08-28,562642000.0
1998-08-31,876057000.0
1998-09-01,289803000.0
1998-09-02,382123000.0
1998-09-03,557666000.0
1998-09-04,444241000.0
1998-09-08,69682200.0
1998-09-09,526859000.0
1998-09-10,684746000.0
1998-09-11,151888000.0
1998-09-14,138339000.0
1998-09-15,260101000.0
1998-09-16,254524000.0
1998-09-17,560525000.0
1998-09-18,370676000.0
1998-09-21,314538000.0
1998-09-22,288432000.0
1998-09-23,161504000.0
1998-09-24,612526000.0
1998-09-25,352666000.0
1998-09-28,279216000.0
1998-09-29,430402000.0
1998-09-30,642345000.0
1998-10-01,728678000.0
1998-10-02,302020000.0
1998-10-05,586127000.0
1998-10-06,461494000.0
1998-10-07,631802000.0
1998-10-08,753624000.0
1998-10-09,216428000.0
1998-10-12,193329000.0
1998-10-13,443423000.0
1998-10-14,281433000.0
1998-10-15,91822800.0
1998-10-16,303900000.0
1998-10-19,250647000.0
1998-10-20,304515000.0
1998-10-21,334454000.0
1998-10-22,274455000.0
1998-10-23,359305000.0
1998-10-26,247050000.0
1998-10-27,411832000.0
1998-10-28,309270000.0
1998-10-29,182102000.0
1998-10-30,176007000.0
1998-11-02,178655000.0
1998-11-03,324331000.0
1998-11-04,250046000.0
1998-11-05,221922000.0
1998-11-06,255093000.0
1998-11-09,391724000.0
1998-11-10,385491000.0
1998-11-11,408222000.0
1998-11-12,345489000.0
1998-11-13,222851000.0
1998-11-16,220146000.0
1998-11-17,316814000.0
1998-11-18,282176000.0
1998-11-19,250798000.0
1998-11-20,210414000.0
1998-11-23,182428000.0
1998-11-24,400796000.0
1998-11-25,248401000.0
1998-11-27,92580900.0
1998-11-30,510713000.0
1998-12-01,372260000.0
1998-12-02,395848000.0
1998-12-03,521395000.0
1998-12-04,148749000.0
1998-12-07,211338000.0
1998-12-08,416405000.0
1998-12-09,318277000.0
1998-12-10,563761000.0
1998-12-11,381432000.0
1998-12-14,529479000.0
1998-12-15,257216000.0
1998-12-16,315056000.0
1998-12-17,250431000.0
1998-12-18,373979000.0
1998-12-21,246356000.0
1998-12-22,343191000.0
1998-12-23,160685000.0
1998-12-24,101155600.0
1998-12-28,279165000.0
1998-12-29,191828000.0
1998-12-30,285255000.0
1998-12-31,167662000.0
1999-01-04,468226000.0
1999-01-05,260083000.0
1999-01-06,187050000.0
1999-01-07,433284000.0
1999-01-08,406497000.0
1999-01-11,467047000.0
1999-01-12,584965000.0
1999-01-13,623282000.0
1999-01-14,613211000.0
1999-01-15,133728000.0
1999-01-19,385780000.0
1999-01-20,431058000.0
1999-01-21,596857000.0
1999-01-22,466054000.0
1999-01-25,288833000.0
1999-01-26,380783000.0
1999-01-27,539712000.0
1999-01-28,310791000.0
1999-01-29,332516000.0
1999-02-01,415401000.0
1999-02-02,479076000.0
1999-02-03,279985000.0
1999-02-04,548342000.0
1999-02-05,480092000.0
1999-02-08,339901000.0
1999-02-09,540838000.0
1999-02-10,331617000.0
1999-02-11,239710000.0
1999-02-12,493895000.0
1999-02-16,266418000.0
1999-02-17,508742000.0
1999-02-18,252131000.0
1999-02-19,317458000.0
1999-02-22,122632000.0
1999-02-23,398419000.0
1999-02-24,479896000.0
1999-02-25,472989000.0
1999-02-26,428695000.0
1999-03-01,350078000.0
1999-03-02,399254000.0
1999-03-03,365107000.0
1999-03-04,231197000.0
1999-03-05,148881000.0
1999-03-08,288805000.0
1999-03-09,441031000.0
1999-03-10,310810000.0
1999-03-11,323638000.0
1999-03-12,384126000.0
1999-03-15,299088000.0
1999-03-16,359528000.0
1999-03-17,359178000.0
1999-03-18,254158000.0
1999-03-19,595542000.0
1999-03-22,321856000.0
1999-03-23,676555000.0
1999-03-24,329294000.0
1999-03-25,196009000.0
1999-03-26,368830000.0
1999-03-29,166273000.0
1999-03-30,447576000.0
1999-03-31,560152000.0
1999-04-01,321469000.0
1999-04-05,189006000.0
1999-04-06,408546000.0
1999-04-07,381413000.0
1999-04-08,254529000.0
1999-04-09,254819000.0
1999-04-12,329500000.0
1999-04-13,378398000.0
1999-04-14,417924000.0
1999-04-15,485147000.0
1999-04-16,362912000.0
1999-04-19,587248000.0
1999-04-20,409739000.0
1999-04-21,277600000.0
1999-04-22,349441000.0
1999-04-23,403994000.0
1999-04-26,334361000.0
1999-04-27,310619000.0
1999-04-28,437226000.0
1999-04-29,436804000.0
1999-04-30,521166000.0
1999-05-03,164294000.0
1999-05-04,532018000.0
1999-05-05,338052000.0
1999-05-06,458386000.0
1999-05-07,297239000.0
1999-05-10,345518000.0
1999-05-11,293321000.0
1999-05-12,339695000.0
1999-05-13,269631000.0
1999-05-14,580448000.0
1999-05-17,397761000.0
1999-05-18,400308000.0
1999-05-19,267218000.0
1999-05-20,324705000.0
1999-05-21,345882000.0
1999-05-24,565232000.0
1999-05-25,588432000.0
1999-05-26,293986000.0
1999-05-27,557336000.0
1999-05-28,175222000.0
1999-06-01,340691000.0
1999-06-02,383252000.0
1999-06-03,250571200.0
1999-06-04,191521800.0
1999-06-07,238912100.0
1999-06-08,422229400.0
1999-06-09,315183600.0
1999-06-10,447115000.0
1999-06-11,375571200.0
1999-06-14,358704000.0
1999-06-15,258795000.0
1999-06-16,210506000.0
1999-06-17,247442000.0
1999-06-18,388737000.0
1999-06-21,288977000.0
1999-06-22,423058100.0
1999-06-23,392054000.0
1999-06-24,507356100.0
1999-06-25,287578500.0
1999-06-28,210740100.0
1999-06-29,214128100.0
1999-06-30,316112200.0
1999-07-01,300521000.0
1999-07-02,220334900.0
1999-07-06,343948700.0
1999-07-07,388968800.0
1999-07-08,453393500.0
1999-07-09,248923600.0
1999-07-12,344985300.0
1999-07-13,421002500.0
1999-07-14,324281000.0
1999-07-15,298096300.0
1999-07-16,302319100.0
1999-07-19,397355900.0
1999-07-20,565631200.0
1999-07-21,342813100.0
1999-07-22,473343600.0
1999-07-23,391912400.0
1999-07-26,363613400.0
1999-07-27,232842100.0
1999-07-28,302147600.0
1999-07-29,560908100.0
1999-07-30,424117700.0
1999-08-02,316165800.0
1999-08-03,471513900.0
1999-08-04,540989300.0
1999-08-05,399681200.0
1999-08-06,460599700.0
1999-08-09,324557900.0
1999-08-10,614467900.0
1999-08-11,142710100.0
1999-08-12,333685700.0
1999-08-13,177268500.0
1999-08-16,268645300.0
1999-08-17,231684900.0
1999-08-18,414156400.0
1999-08-19,367800600.0
1999-08-20,216116700.0
1999-08-23,172968500.0
1999-08-24,365983600.0
1999-08-25,342400700.0
1999-08-26,461804800.0
1999-08-27,377056200.0
1999-08-30,465056300.0
1999-08-31,507805500.0
1999-09-01,260861500.0
1999-09-02,475140800.0
1999-09-03,106428000.0
1999-09-07,364807700.0
1999-09-08,453626000.0
1999-09-09,343830600.0
1999-09-10,368906000.0
1999-09-13,353088600.0
1999-09-14,470561000.0
1999-09-15,521169000.0
1999-09-16,409630100.0
1999-09-17,283161300.0
1999-09-20,324011500.0
1999-09-21,632838300.0
1999-09-22,423167900.0
1999-09-23,655849500.0
1999-09-24,491947300.0
1999-09-27,300307900.0
1999-09-28,492416100.0
1999-09-29,453142800.0
1999-09-30,388137200.0
1999-10-01,375108400.0
1999-10-04,244862300.0
1999-10-05,534635100.0
1999-10-06,203614800.0
1999-10-07,462860500.0
1999-10-08,433665300.0
1999-10-11,268683500.0
1999-10-12,571363600.0
1999-10-13,621715200.0
1999-10-14,469606800.0
1999-10-15,715777600.0
1999-10-18,413282600.0
1999-10-19,381351100.0
1999-10-20,305951500.0
1999-10-21,584864400.0
1999-10-22,260505600.0
1999-10-25,452625700.0
1999-10-26,525920300.0
1999-10-27,360098700.0
1999-10-28,161488000.0
1999-10-29,310101900.0
1999-11-01,449912900.0
1999-11-02,452201000.0
1999-11-03,390969800.0
1999-11-04,393479400.0
1999-11-05,457490300.0
1999-11-08,333547500.0
1999-11-09,477138200.0
1999-11-10,352462700.0
1999-11-11,397116600.0
1999-11-12,335485300.0
1999-11-15,329172500.0
1999-11-16,273835900.0
1999-11-17,476651600.0
1999-11-18,345838600.0
1999-11-19,473373200.0
1999-11-22,516243600.0
1999-11-23,621769900.0
1999-11-24,276563600.0
1999-11-26,123578800.0
1999-11-29,513215600.0
1999-11-30,503025400.0
1999-12-01,391036700.0
1999-12-02,409172000.0
1999-12-03,285607800.0
1999-12-06,569933500.0
1999-12-07,705447600.0
1999-12-08,542352400.0
1999-12-09,580745500.0
1999-12-10,393693800.0
1999-12-13,551179100.0
1999-12-14,592293300.0
1999-12-15,488981600.0
1999-12-16,499840900.0
1999-12-17,669591000.0
1999-12-20,507281700.0
1999-12-21,373697300.0
1999-12-22,400405600.0
1999-12-23,159037100.0
1999-12-27,383788300.0
1999-12-28,287088000.0
1999-12-29,168993700.0
1999-12-30,230204200.0
1999-12-31,130860000.0
2000-01-03,623137200.0
2000-01-04,811603500.0
2000-01-05,500408400.0
2000-01-06,380312100.0
2000-01-07,367427400.0
2000-01-10,453048700.0
2000-01-11,623378100.0
2000-01-12,512192500.0
2000-01-13,290486100.0
2000-01-14,414509100.0
2000-01-18,591176200.0
2000-01-19,497410600.0
2000-01-20,656240700.0
2000-01-21,660026500.0
2000-01-24,786830200.0
2000-01-25,583599600.0
2000-01-26,489871000.0
2000-01-27,537204500.0
2000-01-28,821631500.0
2000-01-31,314699800.0
2000-02-01,375547100.0
2000-02-02,455588700.0
2000-02-03,461163300.0
2000-02-04,569545300.0
2000-02-07,536471700.0
2000-02-08,433779100.0
2000-02-09,743047200.0
2000-02-10,544595400.0
2000-02-11,725148100.0
2000-02-14,471494400.0
2000-02-15,378550800.0
2000-02-16,602577900.0
2000-02-17,526356100.0
2000-02-18,867821900.0
2000-02-22,399859500.0
2000-02-23,584453200.0
2000-02-24,730178900.0
2000-02-25,650099700.0
2000-02-28,341365100.0
2000-02-29,431599600.0
2000-03-01,428927300.0
2000-03-02,586494600.0
2000-03-03,351091600.0
2000-03-06,622158800.0
2000-03-07,959113400.0
2000-03-08,536971500.0
2000-03-09,314770300.0
2000-03-10,575048200.0
2000-03-13,526543200.0
2000-03-14,615639300.0
2000-03-15,349874600.0
2000-03-16,113763500.0
2000-03-17,646894400.0
2000-03-20,463222500.0
2000-03-21,281371700.0
2000-03-22,498427300.0
2000-03-23,341035500.0
2000-03-24,512210300.0
2000-03-27,489293000.0
2000-03-28,519724800.0
2000-03-29,464453600.0
2000-03-30,570687600.0
2000-03-31,428835100.0
2000-04-03,358430000.0
2000-04-04,930769200.0
2000-04-05,469989100.0
2000-04-06,288658300.0
2000-04-07,421368500.0
2000-04-10,420386100.0
2000-04-11,432038900.0
2000-04-12,542087000.0
2000-04-13,682564200.0
2000-04-14,1192145000.0
2000-04-17,474805800.0
2000-04-18,263032300.0
2000-04-19,449709800.0
2000-04-20,368220000.0
2000-04-24,417136400.0
2000-04-25,201663300.0
2000-04-26,531534900.0
2000-04-27,543634200.0
2000-04-28,518557200.0
2000-05-01,275812900.0
2000-05-02,546045300.0
2000-05-03,799797800.0
2000-05-04,423586900.0
2000-05-05,240700800.0
2000-05-08,329405600.0
2000-05-09,505812900.0
2000-05-10,679628800.0
2000-05-11,248023500.0
2000-05-12,240524200.0
2000-05-15,189972800.0
2000-05-16,388272900.0
2000-05-17,524511200.0
2000-05-18,400584500.0
2000-05-19,635575900.0
2000-05-22,546108700.0
2000-05-23,487194800.0
2000-05-24,469959200.0
2000-05-25,598304700.0
2000-05-26,359611800.0
2000-05-30,168242200.0
2000-05-31,425783400.0
2000-06-01,275013100.0
2000-06-02,391555600.0
2000-06-05,484545300.0
2000-06-06,499615800.0
2000-06-07,372984900.0
2000-06-08,484198300.0
2000-06-09,399718000.0
2000-06-12,401792400.0
2000-06-13,341215800.0
2000-06-14,369827400.0
2000-06-15,497405500.0
2000-06-16,773569400.0
2000-06-19,372240000.0
2000-06-20,605597100.0
2000-06-21,434416900.0
2000-06-22,696044700.0
2000-06-23,449385900.0
2000-06-26,405288400.0
2000-06-27,442962400.0
2000-06-28,506459700.0
2000-06-29,589141800.0
2000-06-30,785669200.0
2000-07-03,108083300.0
2000-07-05,532392100.0
2000-07-06,420495200.0
2000-07-07,273908900.0
2000-07-10,338350000.0
2000-07-11,386262300.0
2000-07-12,413881400.0
2000-07-13,470876200.0
2000-07-14,393972900.0
2000-07-17,455936800.0
2000-07-18,542990600.0
2000-07-19,487632400.0
2000-07-20,545143700.0
2000-07-21,606550400.0
2000-07-24,540687800.0
2000-07-25,420292400.0
2000-07-26,774810700.0
2000-07-27,575348300.0
2000-07-28,621388700.0
2000-07-31,367474200.0
2000-08-01,285061100.0
2000-08-02,416655000.0
2000-08-03,544648600.0
2000-08-04,304429100.0
2000-08-07,270192100.0
2000-08-08,390032400.0
2000-08-09,566837900.0
2000-08-10,462040800.0
2000-08-11,235144400.0
2000-08-14,202573200.0
2000-08-15,495565600.0
2000-08-16,452423300.0
2000-08-17,279056200.0
2000-08-18,411713700.0
2000-08-21,323577400.0
2000-08-22,346064500.0
2000-08-23,460971600.0
2000-08-24,402057400.0
2000-08-25,299313200.0
2000-08-28,291969700.0
2000-08-29,393719400.0
2000-08-30,412167000.0
2000-08-31,462361300.0
2000-09-01,305654400.0
2000-09-05,396739300.0
2000-09-06,466329500.0
2000-09-07,478502900.0
2000-09-08,499209200.0
2000-09-11,379763500.0
2000-09-12,508828100.0
2000-09-13,520721800.0
2000-09-14,483359600.0
2000-09-15,751757200.0
2000-09-18,710805600.0
2000-09-19,494948700.0
2000-09-20,776025600.0
2000-09-21,621985700.0
2000-09-22,576997800.0
2000-09-25,488056200.0
2000-09-26,640798500.0
2000-09-27,542724600.0
2000-09-28,292745000.0
2000-09-29,601171100.0
2000-10-02,459209600.0
2000-10-03,584351400.0
2000-10-04,539481700.0
2000-10-05,581382100.0
2000-10-06,851044100.0
2000-10-09,384624100.0
2000-10-10,618996500.0
2000-10-11,964343800.0
2000-10-12,1004225000.0
2000-10-13,330572500.0
2000-10-16,446644500.0
2000-10-17,896059300.0
2000-10-18,788055900.0
2000-10-19,341420300.0
2000-10-20,433550000.0
2000-10-23,503551900.0
2000-10-24,514619200.0
2000-10-25,898833900.0
2000-10-26,644014800.0
2000-10-27,337432400.0
2000-10-30,276983700.0
2000-10-31,326003100.0
2000-11-01,626297700.0
2000-11-02,512348200.0
2000-11-03,482879100.0
2000-11-06,393411700.0
2000-11-07,407341300.0
2000-11-08,476622700.0
2000-11-09,735310300.0
2000-11-10,683568100.0
2000-11-13,656062500.0
2000-11-14,295804900.0
2000-11-15,431382600.0
2000-11-16,553762200.0
2000-11-17,643839900.0
2000-11-20,663681700.0
2000-11-21,570963500.0
2000-11-22,678363000.0
2000-11-24,98503600.0
2000-11-27,360252100.0
2000-11-28,615840500.0
2000-11-29,549678400.0
2000-11-30,1058426000.0
2000-12-01,423768500.0
2000-12-04,419208600.0
2000-12-05,315105400.0
2000-12-06,846251800.0
2000-12-07,633359200.0
2000-12-08,335839100.0
2000-12-11,416492200.0
2000-12-12,531226800.0
2000-12-13,624382300.0
2000-12-14,659207400.0
2000-12-15,1055367000.0
2000-12-18,411394600.0
2000-12-19,641977500.0
2000-12-20,1085455000.0
2000-12-21,608369600.0
2000-12-22,247859800.0
2000-12-26,309166300.0
2000-12-27,272044500.0
2000-12-28,319217600.0
2000-12-29,543374900.0
2001-01-02,823553200.0
2001-01-03,526814900.0
2001-01-04,1089006000.0
2001-01-05,969862600.0
2001-01-08,550970700.0
2001-01-09,568777600.0
2001-01-10,440905400.0
2001-01-11,475677300.0
2001-01-12,625183300.0
2001-01-16,442790700.0
2001-01-17,606696700.0
2001-01-18,549033500.0
2001-01-19,786362500.0
2001-01-22,475960600.0
2001-01-23,332756400.0
2001-01-24,543147000.0
2001-01-25,547447300.0
2001-01-26,601586500.0
2001-01-29,360322800.0
2001-01-30,379430500.0
2001-01-31,583787300.0
2001-02-01,459688300.0
2001-02-02,660268800.0
2001-02-05,445327500.0
2001-02-06,488820900.0
2001-02-07,664087300.0
2001-02-08,621028900.0
2001-02-09,645087400.0
2001-02-12,320134700.0
2001-02-13,578142600.0
2001-02-14,648480700.0
2001-02-15,432053100.0
2001-02-16,842373500.0
2001-02-20,730948600.0
2001-02-21,896417100.0
2001-02-22,729050800.0
2001-02-23,805535900.0
2001-02-26,234821200.0
2001-02-27,579632200.0
2001-02-28,758100800.0
2001-03-01,700964200.0
2001-03-02,505656000.0
2001-03-05,342444700.0
2001-03-06,366301700.0
2001-03-07,417595800.0
2001-03-08,456099900.0
2001-03-09,841850300.0
2001-03-12,1121201000.0
2001-03-13,660269800.0
2001-03-14,1207375000.0
2001-03-15,486782600.0
2001-03-16,1266762000.0
2001-03-19,242749600.0
2001-03-20,880510800.0
2001-03-21,999020600.0
2001-03-22,1314777000.0
2001-03-23,302675900.0
2001-03-26,290377700.0
2001-03-27,323514400.0
2001-03-28,1002749000.0
2001-03-29,658006100.0
2001-03-30,430596400.0
2001-04-02,850013000.0
2001-04-03,1243065000.0
2001-04-04,716428300.0
2001-04-05,169411900.0
2001-04-06,1013696000.0
2001-04-09,307954700.0
2001-04-10,227734700.0
2001-04-11,766441100.0
2001-04-12,306504600.0
2001-04-16,514315800.0
2001-04-17,392055400.0
2001-04-18,404416300.0
2001-04-19,573142000.0
2001-04-20,863422500.0
2001-04-23,679264800.0
2001-04-24,677857900.0
2001-04-25,348536500.0
2001-04-26,375336800.0
2001-04-27,250746300.0
2001-04-30,579411000.0
2001-05-01,385150200.0
2001-05-02,649247900.0
2001-05-03,798467700.0
2001-05-04,280266300.0
2001-05-07,493009100.0
2001-05-08,560110900.0
2001-05-09,537540800.0
2001-05-10,430775300.0
2001-05-11,568473600.0
2001-05-14,386130600.0
2001-05-15,460324700.0
2001-05-16,194210200.0
2001-05-17,450410100.0
2001-05-18,417178900.0
2001-05-21,279593800.0
2001-05-22,661512700.0
2001-05-23,887457100.0
2001-05-24,586177000.0
2001-05-25,549735600.0
2001-05-29,640274400.0
2001-05-30,884394000.0
2001-05-31,349323700.0
2001-06-01,459721200.0
2001-06-04,292903300.0
2001-06-05,322662500.0
2001-06-06,758620600.0
2001-06-07,518788200.0
2001-06-08,458945600.0
2001-06-11,605361100.0
2001-06-12,661968800.0
2001-06-13,725917600.0
2001-06-14,997425200.0
2001-06-15,904082500.0
2001-06-18,687703000.0
2001-06-19,609731800.0
2001-06-20,604809600.0
2001-06-21,547728000.0
2001-06-22,722679300.0
2001-06-25,678155900.0
2001-06-26,602042600.0
2001-06-27,184744600.0
2001-06-28,150916200.0
2001-06-29,174553200.0
2001-07-02,176767700.0
2001-07-03,309817100.0
2001-07-05,620426900.0
2001-07-06,840316400.0
2001-07-09,524284700.0
2001-07-10,837831900.0
2001-07-11,825825700.0
2001-07-12,393815700.0
2001-07-13,388793500.0
2001-07-16,698647400.0
2001-07-17,436992400.0
2001-07-18,719112800.0
2001-07-19,484515400.0
2001-07-20,633640800.0
2001-07-23,702413400.0
2001-07-24,1016506000.0
2001-07-25,319487500.0
2001-07-26,381810200.0
2001-07-27,378517700.0
2001-07-30,417801900.0
2001-07-31,436795500.0
2001-08-01,639221700.0
2001-08-02,494201400.0
2001-08-03,486536700.0
2001-08-06,625350100.0
2001-08-07,436708100.0
2001-08-08,845941300.0
2001-08-09,611890600.0
2001-08-10,369701500.0
2001-08-13,420516800.0
2001-08-14,446155900.0
2001-08-15,607888000.0
2001-08-16,499381400.0
2001-08-17,775466000.0
2001-08-20,373954400.0
2001-08-21,657908700.0
2001-08-22,407189900.0
2001-08-23,578985000.0
2001-08-24,288838900.0
2001-08-27,478899000.0
2001-08-28,690683100.0
2001-08-29,669750500.0
2001-08-30,930357700.0
2001-08-31,324915600.0
2001-09-04,579790200.0
2001-09-05,931610500.0
2001-09-06,1093434000.0
2001-09-07,1087597000.0
2001-09-10,669528000.0
2001-09-17,1993998000.0
2001-09-18,1047363000.0
2001-09-19,1553360000.0
2001-09-20,1620850000.0
2001-09-21,1510757000.0
2001-09-24,267494500.0
2001-09-25,625625800.0
2001-09-26,1006412000.0
2001-09-27,523769600.0
2001-09-28,268509400.0
2001-10-01,720188900.0
2001-10-02,393489900.0
2001-10-03,369160800.0
2001-10-04,706208300.0
2001-10-05,678276500.0
2001-10-08,612484400.0
2001-10-09,684209400.0
2001-10-10,223618100.0
2001-10-11,460820300.0
2001-10-12,845199300.0
2001-10-15,560789600.0
2001-10-16,401132700.0
2001-10-17,1025274000.0
2001-10-18,894761000.0
2001-10-19,598065000.0
2001-10-22,323536500.0
2001-10-23,711192700.0
2001-10-24,729855800.0
2001-10-25,453635100.0
2001-10-26,450528400.0
2001-10-29,871670200.0
2001-10-30,1081746000.0
2001-10-31,613295600.0
2001-11-01,330433200.0
2001-11-02,508862000.0
2001-11-05,317135400.0
2001-11-06,424608100.0
2001-11-07,787756600.0
2001-11-08,710191000.0
2001-11-09,512134200.0
2001-11-12,534715600.0
2001-11-13,224174600.0
2001-11-14,518644500.0
2001-11-15,724573800.0
2001-11-16,594898000.0
2001-11-19,323215700.0
2001-11-20,824372100.0
2001-11-21,666607300.0
2001-11-23,76107020.0
2001-11-26,407960900.0
2001-11-27,740944000.0
2001-11-28,1161488000.0
2001-11-29,583193000.0
2001-11-30,719571000.0
2001-12-03,682654300.0
2001-12-04,281438600.0
2001-12-05,266450800.0
2001-12-06,737796700.0
2001-12-07,721821000.0
2001-12-10,906609400.0
2001-12-11,767618400.0
2001-12-12,767763000.0
2001-12-13,936586100.0
2001-12-14,569627000.0
2001-12-17,489870600.0
2001-12-18,482285000.0
2001-12-19,606159400.0
2001-12-20,853530100.0
2001-12-21,606299900.0
2001-12-24,204049700.0
2001-12-26,261022400.0
2001-12-27,244621300.0
2001-12-28,267397200.0
2001-12-31,610380200.0
2002-01-02,564244100.0
2002-01-03,600459800.0
2002-01-04,484951400.0
2002-01-07,772397600.0
2002-01-08,788187000.0
2002-01-09,829529500.0
2002-01-10,714940600.0
2002-01-11,820244700.0
2002-01-14,905426600.0
2002-01-15,639873800.0
2002-01-16,1167055000.0
2002-01-17,561106300.0
2002-01-18,816164000.0
2002-01-22,806203200.0
2002-01-23,423354300.0
2002-01-24,581971500.0
2002-01-25,574295600.0
2002-01-28,583004700.0
2002-01-29,1494898000.0
2002-01-30,696517900.0
2002-01-31,360688500.0
2002-02-01,856942900.0
2002-02-04,1225530000.0
2002-02-05,1240082000.0
2002-02-06,1018574000.0
2002-02-07,638612300.0
2002-02-08,320104800.0
2002-02-11,219383300.0
2002-02-12,650081000.0
2002-02-13,411683400.0
2002-02-14,724680200.0
2002-02-15,875045600.0
2002-02-19,979615000.0
2002-02-20,489872000.0
2002-02-21,906007900.0
2002-02-22,596632200.0
2002-02-25,353892300.0
2002-02-26,527743200.0
2002-02-27,534428600.0
2002-02-28,728695200.0
2002-03-01,335763000.0
2002-03-04,294522600.0
2002-03-05,849818000.0
2002-03-06,290056500.0
2002-03-07,800689500.0
2002-03-08,539713600.0
2002-03-11,461820400.0
2002-03-12,696461100.0
2002-03-13,939306000.0
2002-03-14,674830100.0
2002-03-15,411516000.0
2002-03-18,530017000.0
2002-03-19,503915600.0
2002-03-20,928187100.0
2002-03-21,614735300.0
2002-03-22,711307400.0
2002-03-25,828179600.0
2002-03-26,509201400.0
2002-03-27,335165900.0
2002-03-28,436924000.0
2002-04-01,582393000.0
2002-04-02,753998900.0
2002-04-03,931209700.0
2002-04-04,662859700.0
2002-04-05,577742900.0
2002-04-08,487356800.0
2002-04-09,633899100.0
2002-04-10,483276000.0
2002-04-11,1285551000.0
2002-04-12,473821900.0
2002-04-15,655183100.0
2002-04-16,185864100.0
2002-04-17,593984900.0
2002-04-18,754209700.0
2002-04-19,555464000.0
2002-04-22,886563200.0
2002-04-23,718698000.0
2002-04-24,793938700.0
2002-04-25,802307000.0
2002-04-26,1021697000.0
2002-04-29,945608800.0
2002-04-30,367111900.0
2002-05-01,396268300.0
2002-05-02,702210000.0
2002-05-03,778591700.0
2002-05-06,890478600.0
2002-05-07,822688100.0
2002-05-08,274560100.0
2002-05-09,828994600.0
2002-05-10,960574500.0
2002-05-13,302670300.0
2002-05-14,278298500.0
2002-05-15,779496100.0
2002-05-16,607321600.0
2002-05-17,471201900.0
2002-05-20,621710100.0
2002-05-21,789282700.0
2002-05-22,539994900.0
2002-05-23,300458500.0
2002-05-24,627141200.0
2002-05-28,646135900.0
2002-05-29,706130200.0
2002-05-30,830104900.0
2002-05-31,462939400.0
2002-06-03,1142945000.0
2002-06-04,945769900.0
2002-06-05,514509600.0
2002-06-06,1312990000.0
2002-06-07,836518800.0
2002-06-10,544262100.0
2002-06-11,1041183000.0
2002-06-12,985160500.0
2002-06-13,928428800.0
2002-06-14,949608900.0
2002-06-17,132484000.0
2002-06-18,530738100.0
2002-06-19,935392500.0
2002-06-20,987610600.0
2002-06-21,1298741000.0
2002-06-24,843495200.0
2002-06-25,1095083000.0
2002-06-26,1358690000.0
2002-06-27,603451300.0
2002-06-28,821976400.0
2002-07-01,1122080000.0
2002-07-02,1611550000.0
2002-07-03,816639600.0
2002-07-05,39945440.0
2002-07-08,827639100.0
2002-07-09,1086651000.0
2002-07-10,1554774000.0
2002-07-11,960794100.0
2002-07-12,893334700.0
2002-07-15,1267419000.0
2002-07-16,1193615000.0
2002-07-17,921281200.0
2002-07-18,1375900000.0
2002-07-19,2213263000.0
2002-07-22,1878968000.0
2002-07-23,1948296000.0
2002-07-24,503063100.0
2002-07-25,1382633000.0
2002-07-26,787349300.0
2002-07-29,142420000.0
2002-07-30,734843300.0
2002-07-31,966587500.0
2002-08-01,1290784000.0
2002-08-02,1229834000.0
2002-08-05,1239075000.0
2002-08-06,262305800.0
2002-08-07,461921300.0
2002-08-08,370551400.0
2002-08-09,477981500.0
2002-08-12,663756000.0
2002-08-13,1054324000.0
2002-08-14,2225786000.0
2002-08-15,398237200.0
2002-08-16,650051100.0
2002-08-19,186680800.0
2002-08-20,819073800.0
2002-08-21,345102500.0
2002-08-22,308102300.0
2002-08-23,898526100.0
2002-08-26,264314400.0
2002-08-27,838622300.0
2002-08-28,958499400.0
2002-08-29,554914900.0
2002-08-30,421989700.0
2002-09-03,1180733000.0
2002-09-04,320233800.0
2002-09-05,981651200.0
2002-09-06,330296400.0
2002-09-09,336022200.0
2002-09-10,479244900.0
2002-09-11,364838200.0
2002-09-12,1004134000.0
2002-09-13,637619500.0
2002-09-16,545186600.0
2002-09-17,1186153000.0
2002-09-18,1015031000.0
2002-09-19,1292728000.0
2002-09-20,766120400.0
2002-09-23,1050633000.0
2002-09-24,1370022000.0
2002-09-25,347816900.0
2002-09-26,470546400.0
2002-09-27,1287175000.0
2002-09-30,1163102000.0
2002-10-01,339572400.0
2002-10-02,1331258000.0
2002-10-03,1082483000.0
2002-10-04,1520663000.0
2002-10-07,1266866000.0
2002-10-08,802158400.0
2002-10-09,1544417000.0
2002-10-10,394662700.0
2002-10-11,191612200.0
2002-10-14,499332100.0
2002-10-15,228989600.0
2002-10-16,1300830000.0
2002-10-17,503131800.0
2002-10-18,643738200.0
2002-10-21,249956600.0
2002-10-22,1028194000.0
2002-10-23,542435600.0
2002-10-24,989681500.0
2002-10-25,368817600.0
2002-10-28,767660900.0
2002-10-29,979737700.0
2002-10-30,455025000.0
2002-10-31,849696200.0
2002-11-01,365698000.0
2002-11-04,516812100.0
2002-11-05,549684900.0
2002-11-06,420762200.0
2002-11-07,1167286000.0
2002-11-08,1067837000.0
2002-11-11,960765900.0
2002-11-12,428864100.0
2002-11-13,699830500.0
2002-11-14,215076500.0
2002-11-15,412502000.0
2002-11-18,747088000.0
2002-11-19,787165600.0
2002-11-20,373520900.0
2002-11-21,384021000.0
2002-11-22,798513900.0
2002-11-25,614533100.0
2002-11-26,1193970000.0
2002-11-27,172209800.0
2002-11-29,325864900.0
2002-12-02,680020800.0
2002-12-03,1113391000.0
2002-12-04,966276200.0
2002-12-05,867997000.0
2002-12-06,485080400.0
2002-12-09,1040829000.0
2002-12-10,277431500.0
2002-12-11,645156600.0
2002-12-12,596115600.0
2002-12-13,898192600.0
2002-12-16,191098200.0
2002-12-17,872738000.0
2002-12-18,1064493000.0
2002-12-19,921228800.0
2002-12-20,428600200.0
2002-12-23,545147500.0
2002-12-24,318011300.0
2002-12-26,304705900.0
2002-12-27,650798200.0
2002-12-30,424006100.0
2002-12-31,406519200.0
2003-01-02,75717860.0
2003-01-03,577492600.0
2003-01-06,266134200.0
2003-01-07,880760600.0
2003-01-08,1043478000.0
2003-01-09,234867000.0
2003-01-10,614565400.0
2003-01-13,671462500.0
2003-01-14,430661400.0
2003-01-15,1024031000.0
2003-01-16,817159500.0
2003-01-17,1017640000.0
2003-01-21,1106503000.0
2003-01-22,1038222000.0
2003-01-23,565250400.0
2003-01-24,1255110000.0
2003-01-27,1280946000.0
2003-01-28,371624300.0
2003-01-29,624578300.0
2003-01-30,1200897000.0
2003-01-31,383751100.0
2003-02-03,538268400.0
2003-02-04,1058291000.0
2003-02-05,933605800.0
2003-02-06,989389800.0
2003-02-07,946998300.0
2003-02-10,401962000.0
2003-02-11,887221000.0
2003-02-12,980361400.0
2003-02-13,934153600.0
2003-02-14,290680600.0
2003-02-18,168962600.0
2003-02-19,730169800.0
2003-02-20,753390800.0
2003-02-21,377639700.0
2003-02-24,987117200.0
2003-02-25,550993000.0
2003-02-26,857058800.0
2003-02-27,340986700.0
2003-02-28,476139000.0
2003-03-03,742307300.0
2003-03-04,1035334000.0
2003-03-05,494408500.0
2003-03-06,843007400.0
2003-03-07,478978500.0
2003-03-10,1145941000.0
2003-03-11,963327900.0
2003-03-12,776898800.0
2003-03-13,307269000.0
2003-03-14,708863900.0
2003-03-17,119754000.0
2003-03-18,479129300.0
2003-03-19,504157000.0
2003-03-20,543053600.0
2003-03-21,365519100.0
2003-03-24,1217094000.0
2003-03-25,225057900.0
2003-03-26,832873200.0
2003-03-27,618770100.0
2003-03-28,660945800.0
2003-03-31,1067886000.0
2003-04-01,412363300.0
2003-04-02,207141200.0
2003-04-03,807780000.0
2003-04-04,566105500.0
2003-04-07,526672600.0
2003-04-08,770035900.0
2003-04-09,924156200.0
2003-04-10,492095600.0
2003-04-11,552294700.0
2003-04-14,149226400.0
2003-04-15,458362600.0
2003-04-16,1024770000.0
2003-04-17,207512200.0
2003-04-21,481740700.0
2003-04-22,246186700.0
2003-04-23,516162900.0
2003-04-24,1004164000.0
2003-04-25,1008512000.0
2003-04-28,159661400.0
2003-04-29,512266700.0
2003-04-30,756420300.0
2003-05-01,722494200.0
2003-05-02,237912800.0
2003-05-05,628605500.0
2003-05-06,422440000.0
2003-05-07,886133900.0
2003-05-08,962202000.0
2003-05-09,275001300.0
2003-05-12,203820500.0
2003-05-13,705298500.0
2003-05-14,643335800.0
2003-05-15,446525400.0
2003-05-16,669944200.0
2003-05-19,1193858000.0
2003-05-20,797049400.0
2003-05-21,471829700.0
2003-05-22,322547500.0
2003-05-23,412772600.0
2003-05-27,244542400.0
2003-05-28,695205300.0
2003-05-29,1010669000.0
2003-05-30,362774100.0
2003-06-02,535273900.0
2003-06-03,731933200.0
2003-06-04,225364900.0
2003-06-05,531966300.0
2003-06-06,999800500.0
2003-06-09,1071658000.0
2003-06-10,342451700.0
2003-06-11,354470700.0
2003-06-12,724295900.0
2003-06-13,927982600.0
2003-06-16,197809000.0
2003-06-17,650572700.0
2003-06-18,795697300.0
2003-06-19,1118126000.0
2003-06-20,882959100.0
2003-06-23,1183318000.0
2003-06-24,631352400.0
2003-06-25,822815900.0
2003-06-26,402885700.0
2003-06-27,840306200.0
2003-06-30,792996900.0
2003-07-01,534866300.0
2003-07-02,267701600.0
2003-07-03,546974400.0
2003-07-07,260875000.0
2003-07-08,606928200.0
2003-07-09,792886300.0
2003-07-10,1176921000.0
2003-07-11,361559300.0
2003-07-14,498052100.0
2003-07-15,987865100.0
2003-07-16,1140754000.0
2003-07-17,1290884000.0
2003-07-18,253243200.0
2003-07-21,946480800.0
2003-07-22,358649000.0
2003-07-23,668500800.0
2003-07-24,892599600.0
2003-07-25,334316500.0
2003-07-28,621790100.0
2003-07-29,948558000.0
2003-07-30,797651100.0
2003-07-31,654283200.0
2003-08-01,990845800.0
2003-08-04,672807900.0
2003-08-05,1071819000.0
2003-08-06,634688300.0
2003-08-07,510752100.0
2003-08-08,363337800.0
2003-08-11,353535900.0
2003-08-12,262356600.0
2003-08-13,667965900.0
2003-08-14,388269500.0
2003-08-15,280594100.0
2003-08-18,268549500.0
2003-08-19,397422500.0
2003-08-20,578107000.0
2003-08-21,442657500.0
2003-08-22,958530400.0
2003-08-25,574711300.0
2003-08-26,418905400.0
2003-08-27,375501300.0
2003-08-28,294377400.0
2003-08-29,243011600.0
2003-09-02,235719000.0
2003-09-03,591692000.0
2003-09-04,655094500.0
2003-09-05,826585200.0
2003-09-08,277710800.0
2003-09-09,1012614000.0
2003-09-10,1207945000.0
2003-09-11,368151900.0
2003-09-12,497469200.0
2003-09-15,724239800.0
2003-09-16,207850000.0
2003-09-17,660272800.0
2003-09-18,334253800.0
2003-09-19,764373100.0
2003-09-22,992360600.0
2003-09-23,430367300.0
2003-09-24,1262905000.0
2003-09-25,1081596000.0
2003-09-26,997425100.0
2003-09-29,355660000.0
2003-09-30,1001066000.0
2003-10-01,210297400.0
2003-10-02,422155700.0
2003-10-03,371204800.0
2003-10-06,323650900.0
2003-10-07,437995600.0
2003-10-08,748920200.0
2003-10-09,500777800.0
2003-10-10,542135600.0
2003-10-13,249482200.0
2003-10-14,530705800.0
2003-10-15,925303300.0
2003-10-16,507227600.0
2003-10-17,980266900.0
2003-10-20,485507000.0
2003-10-21,656746900.0
2003-10-22,1234709000.0
2003-10-23,773767800.0
2003-10-24,916283000.0
2003-10-27,482472300.0
2003-10-28,390274600.0
2003-10-29,514396400.0
2003-10-30,803049600.0
2003-10-31,648453200.0
2003-11-03,318242200.0
2003-11-04,855281500.0
2003-11-05,654513800.0
2003-11-06,494352200.0
2003-11-07,683602800.0
2003-11-10,868630900.0
2003-11-11,702854900.0
2003-11-12,204859300.0
2003-11-13,656673000.0
2003-11-14,862667500.0
2003-11-17,1061634000.0
2003-11-18,901870800.0
2003-11-19,458208800.0
2003-11-20,917151400.0
2003-11-21,504439300.0
2003-11-24,186250200.0
2003-11-25,399370800.0
2003-11-26,294388800.0
2003-11-28,193114700.0
2003-12-01,245573800.0
2003-12-02,773515800.0
2003-12-03,772591400.0
2003-12-04,724626000.0
2003-12-05,820312600.0
2003-12-08,438267100.0
2003-12-09,987243700.0
2003-12-10,879540300.0
2003-12-11,185059400.0
2003-12-12,419741100.0
2003-12-15,928001100.0
2003-12-16,557342500.0
2003-12-17,598293200.0
2003-12-18,208480600.0
2003-12-19,747900200.0
2003-12-22,404853600.0
2003-12-23,423078300.0
2003-12-24,279001200.0
2003-12-26,105792200.0
2003-12-29,103652300.0
2003-12-30,413367600.0
2003-12-31,433622700.0
2004-01-02,519249200.0
2004-01-05,368652000.0
2004-01-06,687346200.0
2004-01-07,709981800.0
2004-01-08,604903200.0
2004-01-09,1028472000.0
2004-01-12,535385200.0
2004-01-13,913099900.0
2004-01-14,380750600.0
2004-01-15,798026400.0
2004-01-16,446567300.0
2004-01-20,590502600.0
2004-01-21,717724100.0
2004-01-22,983119500.0
2004-01-23,759336700.0
2004-01-26,409399200.0
2004-01-27,985985800.0
2004-01-28,1447199000.0
2004-01-29,1081747000.0
2004-01-30,736783700.0
2004-02-02,655395600.0
2004-02-03,819915400.0
2004-02-04,1180424000.0
2004-02-05,650872700.0
2004-02-06,194183000.0
2004-02-09,609618100.0
2004-02-10,526191300.0
2004-02-11,347929600.0
2004-02-12,815467100.0
2004-02-13,865348200.0
2004-02-17,288253000.0
2004-02-18,906252200.0
2004-02-19,912297200.0
2004-02-20,1037937000.0
2004-02-23,928622900.0
2004-02-24,864680400.0
2004-02-25,380923600.0
2004-02-26,467615400.0
2004-02-27,590856400.0
2004-03-01,259533200.0
2004-03-02,923589900.0
2004-03-03,653525900.0
2004-03-04,434662200.0
2004-03-05,533863200.0
2004-03-08,860548200.0
2004-03-09,1196385000.0
2004-03-10,1443668000.0
2004-03-11,1601321000.0
2004-03-12,177141100.0
2004-03-15,1340419000.0
2004-03-16,498394000.0
2004-03-17,277445700.0
2004-03-18,756190200.0
2004-03-19,1065656000.0
2004-03-22,1307437000.0
2004-03-23,671148200.0
2004-03-24,1017996000.0
2004-03-25,215810700.0
2004-03-26,575811800.0
2004-03-29,163223900.0
2004-03-30,362921000.0
2004-03-31,620482400.0
2004-04-01,470995500.0
2004-04-02,494644900.0
2004-04-05,484500500.0
2004-04-06,850439400.0
2004-04-07,939490300.0
2004-04-08,693890800.0
2004-04-12,481680900.0
2004-04-13,1254965000.0
2004-04-14,1036503000.0
2004-04-15,776618800.0
2004-04-16,510919700.0
2004-04-19,586381200.0
2004-04-20,1202040000.0
2004-04-21,639125600.0
2004-04-22,356371500.0
2004-04-23,834426400.0
2004-04-26,809766300.0
2004-04-27,723382200.0
2004-04-28,1604184000.0
2004-04-29,1432948000.0
2004-04-30,1134187000.0
2004-05-03,538210000.0
2004-05-04,603839900.0
2004-05-05,634302200.0
2004-05-06,1202000000.0
2004-05-07,1446424000.0
2004-05-10,1619251000.0
2004-05-11,303786600.0
2004-05-12,807422800.0
2004-05-13,738999400.0
2004-05-14,685294400.0
2004-05-17,1203739000.0
2004-05-18,316642600.0
2004-05-19,719383600.0
2004-05-20,668444400.0
2004-05-21,402369200.0
2004-05-24,375462900.0
2004-05-25,162659400.0
2004-05-26,543662900.0
2004-05-27,384981900.0
2004-05-28,519875900.0
2004-06-01,619902700.0
2004-06-02,521672200.0
2004-06-03,984719800.0
2004-06-04,275705200.0
2004-06-07,99464400.0
2004-06-08,590808100.0
2004-06-09,978252200.0
2004-06-10,451634400.0
2004-06-14,995963100.0
2004-06-15,285654300.0
2004-06-16,511462400.0
2004-06-17,552156400.0
2004-06-18,577162300.0
2004-06-21,654742300.0
2004-06-22,481733600.0
2004-06-23,295358700.0
2004-06-24,774754800.0
2004-06-25,943000300.0
2004-06-28,767737200.0
2004-06-29,600556700.0
2004-06-30,395085400.0
2004-07-01,1154015000.0
2004-07-02,655150700.0
2004-07-06,981235600.0
2004-07-07,511504600.0
2004-07-08,1094861000.0
2004-07-09,436461000.0
2004-07-12,560219700.0
2004-07-13,532394200.0
2004-07-14,868706800.0
2004-07-15,833286700.0
2004-07-16,876451500.0
2004-07-19,722146900.0
2004-07-20,443110300.0
2004-07-21,1392077000.0
2004-07-22,918723300.0
2004-07-23,1031916000.0
2004-07-26,987950400.0
2004-07-27,496824100.0
2004-07-28,825531100.0
2004-07-29,408520100.0
2004-07-30,548691400.0
2004-08-02,473784500.0
2004-08-03,875253100.0
2004-08-04,770587700.0
2004-08-05,1209244000.0
2004-08-06,1258710000.0
2004-08-09,530530000.0
2004-08-10,182601700.0
2004-08-11,879007000.0
2004-08-12,1208961000.0
2004-08-13,534642500.0
2004-08-16,114947000.0
2004-08-17,456991100.0
2004-08-18,142134900.0
2004-08-19,693842200.0
2004-08-20,211349300.0
2004-08-23,636923400.0
2004-08-24,524729800.0
2004-08-25,299265600.0
2004-08-26,443907500.0
2004-08-27,271539200.0
2004-08-30,675822600.0
2004-08-31,365612400.0
2004-09-01,409376300.0
2004-09-02,166080900.0
2004-09-03,527291100.0
2004-09-07,309739000.0
2004-09-08,804256800.0
2004-09-09,507779100.0
2004-09-10,411955000.0
2004-09-13,472670900.0
2004-09-14,561182100.0
2004-09-15,903382200.0
2004-09-16,366597500.0
2004-09-17,561841500.0
2004-09-20,719328000.0
2004-09-21,340791600.0
2004-09-22,1157642000.0
2004-09-23,827541100.0
2004-09-24,567276700.0
2004-09-27,934254400.0
2004-09-28,427704700.0
2004-09-29,549883600.0
2004-09-30,662843900.0
2004-10-01,214681200.0
2004-10-04,492733600.0
2004-10-05,824672800.0
2004-10-06,352581200.0
2004-10-07,1083534000.0
2004-10-08,905484200.0
2004-10-11,476638300.0
2004-10-12,852245600.0
2004-10-13,1132121000.0
2004-10-14,1031701000.0
2004-10-15,636294600.0
2004-10-18,603410900.0
2004-10-19,1206008000.0
2004-10-20,810518600.0
2004-10-21,576699200.0
2004-10-22,976778300.0
2004-10-25,693788600.0
2004-10-26,313589700.0
2004-10-27,455703700.0
2004-10-28,789555400.0
2004-10-29,578943400.0
2004-11-01,656440500.0
2004-11-02,797440100.0
2004-11-03,319196700.0
2004-11-04,323893400.0
2004-11-05,602329400.0
2004-11-08,745334200.0
2004-11-09,647022500.0
2004-11-10,635426000.0
2004-11-11,348100900.0
2004-11-12,344996800.0
2004-11-15,664500900.0
2004-11-16,969938000.0
2004-11-17,416633000.0
2004-11-18,693223900.0
2004-11-19,1145538000.0
2004-11-22,427557600.0
2004-11-23,618106900.0
2004-11-24,320997800.0
2004-11-26,190238100.0
2004-11-29,799968400.0
2004-11-30,875956500.0
2004-12-01,368119600.0
2004-12-02,1022720000.0
2004-12-03,687288900.0
2004-12-06,740510100.0
2004-12-07,1256055000.0
2004-12-08,692634400.0
2004-12-09,652869800.0
2004-12-10,744369700.0
2004-12-13,368482000.0
2004-12-14,527803000.0
2004-12-15,541885100.0
2004-12-16,981263600.0
2004-12-17,1448795000.0
2004-12-20,723213700.0
2004-12-21,301947300.0
2004-12-22,492625300.0
2004-12-23,388070100.0
2004-12-27,569792100.0
2004-12-28,176301400.0
2004-12-29,383295000.0
2004-12-30,363443100.0
2004-12-31,387789500.0
2005-01-03,1145098000.0
2005-01-04,1471336000.0
2005-01-05,1277426000.0
2005-01-06,587338600.0
2005-01-07,918340100.0
2005-01-10,530190600.0
2005-01-11,1110950000.0
2005-01-12,607685100.0
2005-01-13,942847400.0
2005-01-14,361204100.0
2005-01-18,370215300.0
2005-01-19,1109781000.0
2005-01-20,1237546000.0
2005-01-21,1030802000.0
2005-01-24,976781500.0
2005-01-25,709303300.0
2005-01-26,505587800.0
2005-01-27,665462700.0
2005-01-28,977367700.0
2005-01-31,347624700.0
2005-02-01,506030900.0
2005-02-02,522304700.0
2005-02-03,902643700.0
2005-02-04,376791700.0
2005-02-07,710863300.0
2005-02-08,658666200.0
2005-02-09,1119829000.0
2005-02-10,607618200.0
2005-02-11,348681900.0
2005-02-14,581968100.0
2005-02-15,584588000.0
2005-02-16,743986900.0
2005-02-17,1092101000.0
2005-02-18,783033700.0
2005-02-22,1452939000.0
2005-02-23,445237500.0
2005-02-24,403507200.0
2005-02-25,307079900.0
2005-02-28,1222831000.0
2005-03-01,553918100.0
2005-03-02,784177600.0
2005-03-03,821874200.0
2005-03-04,405931000.0
2005-03-07,584200300.0
2005-03-08,1047397000.0
2005-03-09,1316789000.0
2005-03-10,810242400.0
2005-03-11,892458700.0
2005-03-14,432941800.0
2005-03-15,1096134000.0
2005-03-16,1197897000.0
2005-03-17,635754000.0
2005-03-18,1375627000.0
2005-03-21,967162200.0
2005-03-22,1204163000.0
2005-03-23,1141744000.0
2005-03-24,569276100.0
2005-03-28,708161300.0
2005-03-29,1339840000.0
2005-03-30,255866800.0
2005-03-31,745590300.0
2005-04-01,1153991000.0
2005-04-04,795900500.0
2005-04-05,573886100.0
2005-04-06,617894200.0
2005-04-07,450765700.0
2005-04-08,1004230000.0
2005-04-11,682334500.0
2005-04-12,554610500.0
2005-04-13,1299993000.0
2005-04-14,1514454000.0
2005-04-15,1816003000.0
2005-04-18,688078500.0
2005-04-19,431003200.0
2005-04-20,1497165000.0
2005-04-21,286994900.0
2005-04-22,1115759000.0
2005-04-25,298830900.0
2005-04-26,1217246000.0
2005-04-27,785801500.0
2005-04-28,1439779000.0
2005-04-29,549199900.0
2005-05-02,505726600.0
2005-05-03,874764700.0
2005-05-04,232213400.0
2005-05-05,886599400.0
2005-05-06,663635800.0
2005-05-09,305961000.0
2005-05-10,1187392000.0
2005-05-11,557599500.0
2005-05-12,1257998000.0
2005-05-13,1239788000.0
2005-05-16,388694200.0
2005-05-17,370599200.0
2005-05-18,315155500.0
2005-05-19,412428400.0
2005-05-20,732457800.0
2005-05-23,380855300.0
2005-05-24,633581300.0
2005-05-25,823432900.0
2005-05-26,272396600.0
2005-05-27,372620000.0
2005-05-31,875870400.0
2005-06-01,307241300.0
2005-06-02,586515400.0
2005-06-03,836073200.0
2005-06-06,535949600.0
2005-06-07,655561800.0
2005-06-08,709320000.0
2005-06-09,488344800.0
2005-06-10,595926000.0
2005-06-13,409214900.0
2005-06-14,459881600.0
2005-06-15,494914400.0
2005-06-16,386718500.0
2005-06-17,613192600.0
2005-06-20,692985700.0
2005-06-21,722606000.0
2005-06-22,566724800.0
2005-06-23,1098499000.0
2005-06-24,1408631000.0
2005-06-27,777575700.0
2005-06-28,287588100.0
2005-06-29,619944000.0
2005-06-30,1102062000.0
2005-07-01,446916000.0
2005-07-05,409905600.0
2005-07-06,951924600.0
2005-07-07,740074600.0
2005-07-08,285005800.0
2005-07-11,306708400.0
2005-07-12,564090900.0
2005-07-13,651560900.0
2005-07-14,711919800.0
2005-07-15,656805800.0
2005-07-18,808301400.0
2005-07-19,501321300.0
2005-07-20,527103000.0
2005-07-21,1233806000.0
2005-07-22,445207100.0
2005-07-25,864044800.0
2005-07-26,612454600.0
2005-07-27,556679300.0
2005-07-28,420178300.0
2005-07-29,930576000.0
2005-08-01,537940900.0
2005-08-02,470235200.0
2005-08-03,757324400.0
2005-08-04,1065605000.0
2005-08-05,1169960000.0
2005-08-08,770904300.0
2005-08-09,453330900.0
2005-08-10,764013600.0
2005-08-11,386605300.0
2005-08-12,877987200.0
2005-08-15,463276600.0
2005-08-16,1146995000.0
2005-08-17,746421900.0
2005-08-18,878425500.0
2005-08-19,571299300.0
2005-08-22,485628500.0
2005-08-23,762183700.0
2005-08-24,905053500.0
2005-08-25,453014300.0
2005-08-26,926304200.0
2005-08-29,376453500.0
2005-08-30,862731200.0
2005-08-31,317850000.0
2005-09-01,739282700.0
2005-09-02,731216600.0
2005-09-06,242655600.0
2005-09-07,568475500.0
2005-09-08,920012200.0
2005-09-09,351337400.0
2005-09-12,718005300.0
2005-09-13,1100713000.0
2005-09-14,879672700.0
2005-09-15,766665200.0
2005-09-16,861967700.0
2005-09-19,1060725000.0
2005-09-20,1348667000.0
2005-09-21,1436943000.0
2005-09-22,894183900.0
2005-09-23,650248800.0
2005-09-26,678156200.0
2005-09-27,825867300.0
2005-09-28,699469500.0
2005-09-29,409732800.0
2005-09-30,529666100.0
2005-10-03,715395900.0
2005-10-04,1240138000.0
2005-10-05,1720380000.0
2005-10-06,1480841000.0
2005-10-07,563393500.0
2005-10-10,1278173000.0
2005-10-11,1088558000.0
2005-10-12,1416892000.0
2005-10-13,1037250000.0
2005-10-14,400988900.0
2005-10-17,517266600.0
2005-10-18,1265002000.0
2005-10-19,514331500.0
2005-10-20,1620668000.0
2005-10-21,733691900.0
2005-10-24,219263100.0
2005-10-25,1024244000.0
2005-10-26,1171049000.0
2005-10-27,1430232000.0
2005-10-28,276062500.0
2005-10-31,424107200.0
2005-11-01,1027376000.0
2005-11-02,383244600.0
2005-11-03,850352300.0
2005-11-04,735664900.0
2005-11-07,600235300.0
2005-11-08,893294500.0
2005-11-09,629260400.0
2005-11-10,641612700.0
2005-11-11,406993500.0
2005-11-14,768003900.0
2005-11-15,1055948000.0
2005-11-16,747686600.0
2005-11-17,307739000.0
2005-11-18,574905800.0
2005-11-21,492649500.0
2005-11-22,549000400.0
2005-11-23,495005800.0
2005-11-25,197730400.0
2005-11-28,1081636000.0
2005-11-29,755507200.0
2005-11-30,1117565000.0
2005-12-01,363872600.0
2005-12-02,803711600.0
2005-12-05,969873300.0
2005-12-06,624722700.0
2005-12-07,1006633000.0
2005-12-08,789749500.0
2005-12-09,554089000.0
2005-12-12,584849200.0
2005-12-13,684263600.0
2005-12-14,534817300.0
2005-12-15,941073400.0
2005-12-16,1049587000.0
2005-12-19,1152698000.0
2005-12-20,769985400.0
2005-12-21,507607100.0
2005-12-22,450064400.0
2005-12-23,386351200.0
2005-12-27,894951500.0
2005-12-28,432102500.0
2005-12-29,559366600.0
2005-12-30,774130300.0
2006-01-03,366545200.0
2006-01-04,523453660.0
2006-01-05,872950200.0
2006-01-06,373414430.0
2006-01-09,562792600.0
2006-01-10,837486200.0
2006-01-11,686063600.0
2006-01-12,1174464100.0
2006-01-13,786713200.0
2006-01-17,1098137000.0
2006-01-18,1005781800.0
2006-01-19,481595360.0
2006-01-20,1768959700.0
2006-01-23,600329000.0
2006-01-24,648750330.0
2006-01-25,1040954400.0
2006-01-26,633028730.0
2006-01-27,663722400.0
2006-01-30,796283600.0
2006-01-31,1106794200.0
2006-02-01,758873500.0
2006-02-02,1430050000.0
2006-02-03,1108545700.0
2006-02-06,594080690.0
2006-02-07,1314179300.0
2006-02-08,618311440.0
2006-02-09,962138900.0
2006-02-10,893465400.0
2006-02-13,889608200.0
2006-02-14,478993870.0
2006-02-15,624561340.0
2006-02-16,324010870.0
2006-02-17,747496200.0
2006-02-21,847128300.0
2006-02-22,541045480.0
2006-02-23,975305100.0
2006-02-24,605290360.0
2006-02-27,593723010.0
2006-02-28,1416486100.0
2006-03-01,353194930.0
2006-03-02,967093600.0
2006-03-03,863290800.0
2006-03-06,1114835400.0
2006-03-07,1178147900.0
2006-03-08,828260500.0
2006-03-09,958155300.0
2006-03-10,386938320.0
2006-03-13,568639370.0
2006-03-14,269071000.0
2006-03-15,512177540.0
2006-03-16,664168090.0
2006-03-17,885700400.0
2006-03-20,819876700.0
2006-03-21,1121778200.0
2006-03-22,407047920.0
2006-03-23,738134500.0
2006-03-24,505099700.0
2006-03-27,731719200.0
2006-03-28,1094429200.0
2006-03-29,322002200.0
2006-03-30,817223500.0
2006-03-31,962257600.0
2006-04-03,676860900.0
2006-04-04,506660520.0
2006-04-05,543853290.0
2006-04-06,794230200.0
2006-04-07,1265981300.0
2006-04-10,735905300.0
2006-04-11,1251163100.0
2006-04-12,590903000.0
2006-04-13,558523230.0
2006-04-17,706644200.0
2006-04-18,176289310.0
2006-04-19,623997390.0
2006-04-20,789402100.0
2006-04-21,865022900.0
2006-04-24,976277600.0
2006-04-25,1025969600.0
2006-04-26,760002200.0
2006-04-27,1021096200.0
2006-04-28,734347900.0
2006-05-01,953830300.0
2006-05-02,507712740.0
2006-05-03,1051408000.0
2006-05-04,654749100.0
2006-05-05,340865650.0
2006-05-08,717032500.0
2006-05-09,700204500.0
2006-05-10,901664900.0
2006-05-11,1526216600.0
2006-05-12,1536394600.0
2006-05-15,1061814700.0
2006-05-16,917223600.0
2006-05-17,1858966700.0
2006-05-18,1351292800.0
2006-05-19,835431400.0
2006-05-22,1555180100.0
2006-05-23,1068508500.0
2006-05-24,1367419400.0
2006-05-25,238943200.0
2006-05-26,278068600.0
2006-05-30,1371106700.0
2006-05-31,318624320.0
2006-06-01,267580780.0
2006-06-02,607289420.0
2006-06-05,1478405600.0
2006-06-06,1252581700.0
2006-06-07,1229282300.0
2006-06-08,1462613700.0
2006-06-09,980867300.0
2006-06-12,1435043800.0
2006-06-13,1906658200.0
2006-06-14,656372330.0
2006-06-15,86783050.0
2006-06-16,1382800900.0
2006-06-19,1208346600.0
2006-06-20,816711100.0
2006-06-21,298812700.0
2006-06-22,984946200.0
2006-06-23,609662710.0
2006-06-26,405160860.0
2006-06-27,1231312200.0
2006-06-28,517140850.0
2006-06-29,144449250.0
2006-06-30,964533400.0
2006-07-03,194193900.0
2006-07-05,1150403000.0
2006-07-06,550907210.0
2006-07-07,1002195100.0
2006-07-10,550837500.0
2006-07-11,690789200.0
2006-07-12,1121277700.0
2006-07-13,1547878000.0
2006-07-14,1200238400.0
2006-07-17,859770900.0
2006-07-18,806551300.0
2006-07-19,137343760.0
2006-07-20,1247589300.0
2006-07-21,1490982200.0
2006-07-24,163366250.0
2006-07-25,466205320.0
2006-07-26,837024400.0
2006-07-27,1140875100.0
2006-07-28,320292160.0
2006-07-31,853690400.0
2006-08-01,1019914100.0
2006-08-02,540216460.0
2006-08-03,824852200.0
2006-08-04,898948500.0
2006-08-07,822802400.0
2006-08-08,1062154400.0
2006-08-09,1082416400.0
2006-08-10,642805830.0
2006-08-11,929402300.0
2006-08-14,631709090.0
2006-08-15,275682.104
2006-08-16,324707200.0
2006-08-17,702665500.0
2006-08-18,501394740.0
2006-08-21,711337600.0
2006-08-22,511306610.0
2006-08-23,841122300.0
2006-08-24,617453630.0
2006-08-25,536323450.0
2006-08-28,332302950.0
2006-08-29,420763730.0
2006-08-30,550166940.0
2006-08-31,574972600.0
2006-09-01,289841850.0
2006-09-05,498195080.0
2006-09-06,1182977300.0
2006-09-07,953872830.0
2006-09-08,520227750.0
2006-09-11,920302680.0
2006-09-12,412637170.0
2006-09-13,509741000.0
2006-09-14,888000780.0
2006-09-15,964799120.0
2006-09-18,647875820.0
2006-09-19,945823900.0
2006-09-20,594619700.0
2006-09-21,1043910310.0
2006-09-22,891459640.0
2006-09-25,515053480.0
2006-09-26,464760200.0
2006-09-27,740157210.0
2006-09-28,709252920.0
2006-09-29,810639200.0
2006-10-02,835933230.0
2006-10-03,868646060.0
2006-10-04,319851560.0
2006-10-05,585889600.0
2006-10-06,1020357100.0
2006-10-09,495435290.0
2006-10-10,536420700.0
2006-10-11,909969370.0
2006-10-12,257553370.0
2006-10-13,552723070.0
2006-10-16,450809840.0
2006-10-17,1035124440.0
2006-10-18,822886150.0
2006-10-19,740490510.0
2006-10-20,880191750.0
2006-10-23,507744400.0
2006-10-24,693309640.0
2006-10-25,616386820.0
2006-10-26,580795100.0
2006-10-27,1147833470.0
2006-10-30,730623680.0
2006-10-31,914513850.0
2006-11-01,1359371880.0
2006-11-02,874004520.0
2006-11-03,831807220.0
2006-11-06,251019410.0
2006-11-07,715218460.0
2006-11-08,722382930.0
2006-11-09,1087204560.0
2006-11-10,611785740.0
2006-11-13,588051030.0
2006-11-14,422660310.0
2006-11-15,539692150.0
2006-11-16,659444650.0
2006-11-17,830493150.0
2006-11-20,791257610.0
2006-11-21,580542900.0
2006-11-22,466191020.0
2006-11-24,277892350.0
2006-11-27,1420000870.0
2006-11-28,594366640.0
2006-11-29,283803750.0
2006-11-30,1139089600.0
2006-12-01,1009553710.0
2006-12-04,342088730.0
2006-12-05,525160490.0
2006-12-06,835055280.0
2006-12-07,898773710.0
2006-12-08,622667060.0
2006-12-11,575740250.0
2006-12-12,951997780.0
2006-12-13,695496680.0
2006-12-14,375101640.0
2006-12-15,1065641040.0
2006-12-18,931460600.0
2006-12-19,650746890.0
2006-12-20,642552240.0
2006-12-21,876734940.0
2006-12-22,670634970.0
2006-12-26,218182650.0
2006-12-27,129293020.0
2006-12-28,517696890.0
2006-12-29,720610320.0
2007-01-03,1031339640.0
2007-01-04,938290670.0
2007-01-05,1283309160.0
2007-01-08,617419010.0
2007-01-09,917643870.0
2007-01-10,673272380.0
2007-01-11,473359800.0
2007-01-12,458014200.0
2007-01-16,758037820.0
2007-01-17,646828780.0
2007-01-18,969463000.0
2007-01-19,474794110.0
2007-01-22,1008715440.0
2007-01-23,541903700.0
2007-01-24,388783530.0
2007-01-25,1280275600.0
2007-01-26,706788810.0
2007-01-29,800297530.0
2007-01-30,434342570.0
2007-01-31,485044120.0
2007-02-01,385047870.0
2007-02-02,624586390.0
2007-02-05,698060930.0
2007-02-06,619140280.0
2007-02-07,676036060.0
2007-02-08,831422910.0
2007-02-09,1187192330.0
2007-02-12,848022360.0
2007-02-13,292830110.0
2007-02-14,363027760.0
2007-02-15,584088830.0
2007-02-16,673137970.0
2007-02-20,504076130.0
2007-02-21,738007750.0
2007-02-22,779952650.0
2007-02-23,832837300.0
2007-02-26,744912710.0
2007-02-27,2331185720.0
2007-02-28,745178900.0
2007-03-01,1409699190.0
2007-03-02,1608078060.0
2007-03-05,1797172830.0
2007-03-06,112647970.0
2007-03-07,826926160.0
2007-03-08,366321330.0
2007-03-09,605610520.0
2007-03-12,581033130.0
2007-03-13,1829050250.0
2007-03-14,620654270.0
2007-03-15,388045830.0
2007-03-16,1348066760.0
2007-03-19,211426200.0
2007-03-20,374560450.0
2007-03-21,142524420.0
2007-03-22,848334510.0
2007-03-23,548030140.0
2007-03-26,724051370.0
2007-03-27,980352610.0
2007-03-28,1119493330.0
2007-03-29,544257560.0
2007-03-30,814892470.0
2007-04-02,528630160.0
2007-04-03,325306200.0
2007-04-04,608421360.0
2007-04-05,403031360.0
2007-04-09,523042700.0
2007-04-10,482723870.0
2007-04-11,1079992500.0
2007-04-12,387077270.0
2007-04-13,471695020.0
2007-04-16,290185050.0
2007-04-17,742496950.0
2007-04-18,821152030.0
2007-04-19,953774970.0
2007-04-20,363586620.0
2007-04-23,772322570.0
2007-04-24,856753850.0
2007-04-25,304148510.0
2007-04-26,902458370.0
2007-04-27,911400490.0
2007-04-30,1351461850.0
2007-05-01,768642850.0
2007-05-02,296147490.0
2007-05-03,550757500.0
2007-05-04,594527500.0
2007-05-07,508060550.0
2007-05-08,902349720.0
2007-05-09,476400990.0
2007-05-10,1353114040.0
2007-05-11,244409360.0
2007-05-14,832639830.0
2007-05-15,949967000.0
2007-05-16,414467420.0
2007-05-17,761311490.0
2007-05-18,410349000.0
2007-05-21,560532460.0
2007-05-22,714091680.0
2007-05-23,818212400.0
2007-05-24,1434140170.0
2007-05-25,313064280.0
2007-05-29,584259080.0
2007-05-30,320214930.0
2007-05-31,802645290.0
2007-06-01,425209140.0
2007-06-04,552275710.0
2007-06-05,1153315500.0
2007-06-06,1319048150.0
2007-06-07,1787519460.0
2007-06-08,196142530.0
2007-06-11,622129740.0
2007-06-12,1420382920.0
2007-06-13,186038860.0
2007-06-14,416452190.0
2007-06-15,398451900.0
2007-06-18,681082050.0
2007-06-19,613509050.0
2007-06-20,1319532200.0
2007-06-21,455585390.0
2007-06-22,1920364600.0
2007-06-25,1272454590.0
2007-06-26,1165649260.0
2007-06-27,369298800.0
2007-06-28,695979630.0
2007-06-29,932800360.0
2007-07-02,218335800.0
2007-07-03,271248950.0
2007-07-05,672756460.0
2007-07-06,346219560.0
2007-07-09,651591600.0
2007-07-10,1392960490.0
2007-07-11,527914610.0
2007-07-12,204601390.0
2007-07-13,512669150.0
2007-07-16,884360020.0
2007-07-17,829029350.0
2007-07-18,1073301300.0
2007-07-19,577750030.0
2007-07-20,1734305700.0
2007-07-23,651003010.0
2007-07-24,1840074740.0
2007-07-25,1072039510.0
2007-07-26,2574756120.0
2007-07-27,1825620220.0
2007-07-30,487938130.0
2007-07-31,1672580400.0
2007-08-01,1114920920.0
2007-08-02,725056990.0
2007-08-03,1968877930.0
2007-08-06,641599900.0
2007-08-07,765381070.0
2007-08-08,621112390.0
2007-08-09,2367156310.0
2007-08-10,1375281690.0
2007-08-13,832180810.0
2007-08-14,1629655000.0
2007-08-15,1717413230.0
2007-08-16,1663788890.0
2007-08-17,230611820.0
2007-08-20,700943540.0
2007-08-21,553670360.0
2007-08-22,233829230.0
2007-08-23,720946610.0
2007-08-24,168962640.0
2007-08-27,840963530.0
2007-08-28,1331129290.0
2007-08-29,59503830.0
2007-08-30,873651320.0
2007-08-31,120633520.0
2007-09-04,290767360.0
2007-09-05,1123060420.0
2007-09-06,447550430.0
2007-09-07,1309144830.0
2007-09-10,899697930.0
2007-09-11,198908840.0
2007-09-12,671931760.0
2007-09-13,347451090.0
2007-09-14,519173640.0
2007-09-17,775159720.0
2007-09-18,53352300.0
2007-09-19,526925270.0
2007-09-20,888561240.0
2007-09-21,682106160.0
2007-09-24,870225850.0
2007-09-25,760485540.0
2007-09-26,407149830.0
2007-09-27,392132700.0
2007-09-28,808859350.0
2007-10-01,268397270.0
2007-10-02,553224120.0
2007-10-03,767701610.0
2007-10-04,432896720.0
2007-10-05,188226920.0
2007-10-08,600520720.0
2007-10-09,282756440.0
2007-10-10,636571900.0
2007-10-11,877653020.0
2007-10-12,415722400.0
2007-10-15,968328550.0
2007-10-16,983640650.0
2007-10-17,709077510.0
2007-10-18,662849070.0
2007-10-19,1703635630.0
2007-10-22,544801250.0
2007-10-23,412201510.0
2007-10-24,954518330.0
2007-10-25,826880070.0
2007-10-26,235512870.0
2007-10-29,424914150.0
2007-10-30,827013040.0
2007-10-31,327422120.0
2007-11-01,1656660060.0
2007-11-02,939783360.0
2007-11-05,1145559790.0
2007-11-06,403478240.0
2007-11-07,1554507070.0
2007-11-08,1056158560.0
2007-11-09,1263578850.0
2007-11-12,1100837340.0
2007-11-13,109036770.0
2007-11-14,1003204310.0
2007-11-15,1171870650.0
2007-11-16,834698530.0
2007-11-19,1495526940.0
2007-11-20,951900220.0
2007-11-21,1345265120.0
2007-11-23,46504250.0
2007-11-26,1291274450.0
2007-11-27,399156660.0
2007-11-28,80166640.0
2007-11-29,691760010.0
2007-11-30,489006550.0
2007-12-03,870391160.0
2007-12-04,914401900.0
2007-12-05,277861440.0
2007-12-06,201967420.0
2007-12-07,550848220.0
2007-12-10,319238190.0
2007-12-11,1444124830.0
2007-12-12,726278700.0
2007-12-13,921592250.0
2007-12-14,1111784200.0
2007-12-17,1156086070.0
2007-12-18,499430640.0
2007-12-19,755770400.0
2007-12-20,607537180.0
2007-12-21,327582620.0
2007-12-24,119796300.0
2007-12-26,407160040.0
2007-12-27,870760500.0
2007-12-28,531580900.0
2007-12-31,656252140.0
2008-01-02,1099817340.0
2008-01-03,777746480.0
2008-01-04,1536306890.0
2008-01-07,826208970.0
2008-01-08,1462965390.0
2008-01-09,758888330.0
2008-01-10,493715170.0
2008-01-11,1309701660.0
2008-01-14,399624480.0
2008-01-15,1674069660.0
2008-01-16,1093270290.0
2008-01-17,1956170220.0
2008-01-18,1468162900.0
2008-01-22,1443826380.0
2008-01-23,743342620.0
2008-01-24,792806460.0
2008-01-25,1365008380.0
2008-01-28,207556606.0
2008-01-29,504083820.0
2008-01-30,1131573880.0
2008-01-31,375964700.0
2008-02-01,282678020.0
2008-02-04,928753640.0
2008-02-05,1547692950.0
2008-02-06,1063607030.0
2008-02-07,616067620.0
2008-02-08,923526010.0
2008-02-11,532329020.0
2008-02-12,515219120.0
2008-02-13,314911960.0
2008-02-14,1157370770.0
2008-02-15,754445350.0
2008-02-19,700172550.0
2008-02-20,421968910.0
2008-02-21,1137970560.0
2008-02-22,383393640.0
2008-02-25,203133300.0
2008-02-26,413322400.0
2008-02-27,727875990.0
2008-02-28,1067286050.0
2008-02-29,1660011230.0
2008-03-03,825904480.0
2008-03-04,1206354160.0
2008-03-05,594384420.0
2008-03-06,1524340950.0
2008-03-07,1117972340.0
2008-03-10,1436561280.0
2008-03-11,190049530.0
2008-03-12,1069989930.0
2008-03-13,703607370.0
2008-03-14,1699215030.0
2008-03-17,1532237750.0
2008-03-18,92880970.0
2008-03-19,1580300960.0
2008-03-20,641686860.0
2008-03-24,307160270.0
2008-03-25,569999240.0
2008-03-26,972523850.0
2008-03-27,1055000650.0
2008-03-28,1022025200.0
2008-03-31,512494980.0
2008-04-01,156925938.0
2008-04-02,592706630.0
2008-04-03,489056890.0
2008-04-04,607744190.0
2008-04-07,471239040.0
2008-04-08,730357310.0
2008-04-09,949177720.0
2008-04-10,492009090.0
2008-04-11,1129415930.0
2008-04-14,728685150.0
2008-04-15,418240450.0
2008-04-16,189521210.0
2008-04-17,585394800.0
2008-04-18,283017230.0
2008-04-21,612763700.0
2008-04-22,961640520.0
2008-04-23,695239440.0
2008-04-24,493373310.0
2008-04-25,394661660.0
2008-04-28,569408020.0
2008-04-29,712408940.0
2008-04-30,788536930.0
2008-05-01,321343400.0
2008-05-02,511230380.0
2008-05-05,640712070.0
2008-05-06,378589500.0
2008-05-07,1048387400.0
2008-05-08,553052450.0
2008-05-09,692075760.0
2008-05-12,250222093.0
2008-05-13,552670020.0
2008-05-14,414766750.0
2008-05-15,243316485.0
2008-05-16,663145130.0
2008-05-19,555358980.0
2008-05-20,884050770.0
2008-05-21,1140389900.0
2008-05-22,537685870.0
2008-05-23,920922190.0
2008-05-27,442793520.0
2008-05-28,459856920.0
2008-05-29,455485030.0
2008-05-30,626762390.0
2008-06-02,860124360.0
2008-06-03,790117120.0
2008-06-04,719823690.0
2008-06-05,180844334.0
2008-06-06,1364473780.0
2008-06-09,850065550.0
2008-06-10,790988090.0
2008-06-11,1169491920.0
2008-06-12,546943370.0
2008-06-13,240605750.0
2008-06-16,483572480.0
2008-06-17,696639890.0
2008-06-18,953110010.0
2008-06-19,562913050.0
2008-06-20,1752567920.0
2008-06-23,686699620.0
2008-06-24,725017260.0
2008-06-25,401131540.0
2008-06-26,1410957100.0
2008-06-27,1366487760.0
2008-06-30,900852600.0
2008-07-01,816505080.0
2008-07-02,1255046050.0
2008-07-03,545653520.0
2008-07-07,1054054320.0
2008-07-08,431004890.0
2008-07-09,1205359590.0
2008-07-10,736227940.0
2008-07-11,1224636270.0
2008-07-14,1010868710.0
2008-07-15,1307450310.0
2008-07-16,366566280.0
2008-07-17,547874400.0
2008-07-18,704201030.0
2008-07-21,560137030.0
2008-07-22,471410660.0
2008-07-23,590385200.0
2008-07-24,1420962010.0
2008-07-25,591227590.0
2008-07-28,936371230.0
2008-07-29,236777120.0
2008-07-30,417278020.0
2008-07-31,990823570.0
2008-08-01,681017180.0
2008-08-04,812632730.0
2008-08-05,259670100.0
2008-08-06,506150190.0
2008-08-07,1042148120.0
2008-08-08,267744740.0
2008-08-11,435746800.0
2008-08-12,811166140.0
2008-08-13,688609490.0
2008-08-14,330133120.0
2008-08-15,428760900.0
2008-08-18,816622390.0
2008-08-19,743364160.0
2008-08-20,414349850.0
2008-08-21,432604470.0
2008-08-22,233998220.0
2008-08-25,762040510.0
2008-08-26,310291750.0
2008-08-27,173275860.0
2008-08-28,170765150.0
2008-08-29,700702330.0
2008-09-02,508219220.0
2008-09-03,609116770.0
2008-09-04,1192715200.0
2008-09-05,477602620.0
2008-09-08,609965570.0
2008-09-09,1489899000.0
2008-09-10,712011200.0
2008-09-11,495317470.0
2008-09-12,524821930.0
2008-09-15,1718238830.0
2008-09-16,769279490.0
2008-09-17,2028349110.0
2008-09-18,257038180.0
2008-09-19,422293860.0
2008-09-22,1050771140.0
2008-09-23,877320030.0
2008-09-24,650922630.0
2008-09-25,339739130.0
2008-09-26,704983470.0
2008-09-29,1970961140.0
2008-09-30,165691121.0
2008-10-01,665683690.0
2008-10-02,1339831030.0
2008-10-03,977019150.0
2008-10-06,1822352980.0
2008-10-07,1651963680.0
2008-10-08,1406031060.0
2008-10-09,1939345120.0
2008-10-10,1866446880.0
2008-10-13,91266500.0
2008-10-14,1011811580.0
2008-10-15,1635880370.0
2008-10-16,411852830.0
2008-10-17,913441100.0
2008-10-20,154824110.0
2008-10-21,913250760.0
2008-10-22,1503626070.0
2008-10-23,929372110.0
2008-10-24,1354328300.0
2008-10-27,1178293640.0
2008-10-28,80707600.0
2008-10-29,757899000.0
2008-10-30,224142060.0
2008-10-31,401331100.0
2008-11-03,518586470.0
2008-11-04,162508120.0
2008-11-05,1229179810.0
2008-11-06,1453571320.0
2008-11-07,225539400.0
2008-11-10,789897620.0
2008-11-11,1046214360.0
2008-11-12,1398233040.0
2008-11-13,144157033.0
2008-11-14,1286033780.0
2008-11-17,1075034490.0
2008-11-18,854412950.0
2008-11-19,1606371010.0
2008-11-20,2094572750.0
2008-11-21,474258620.0
2008-11-24,137547074.0
2008-11-25,645109680.0
2008-11-26,134391580.0
2008-11-28,247466540.0
2008-12-01,1614009910.0
2008-12-02,172526700.0
2008-12-03,354712990.0
2008-12-04,1142764120.0
2008-12-05,232488870.0
2008-12-08,245686360.0
2008-12-09,1047475430.0
2008-12-10,367270040.0
2008-12-11,1233982640.0
2008-12-12,408196930.0
2008-12-15,870871670.0
2008-12-16,86195490.0
2008-12-17,693737540.0
2008-12-18,1073140360.0
2008-12-19,1029521330.0
2008-12-22,952182980.0
2008-12-23,663049780.0
2008-12-24,150094751.0
2008-12-26,137639663.0
2008-12-29,592009190.0
2008-12-30,89404857.0
2008-12-31,230158290.0
2009-01-02,118569910.0
2009-01-05,599194760.0
2009-01-06,317645760.0
2009-01-07,1085083440.0
2009-01-08,429664450.0
2009-01-09,983577470.0
2009-01-12,1159830260.0
2009-01-13,556646370.0
2009-01-14,1370247580.0
2009-01-15,730601770.0
2009-01-16,572764840.0
2009-01-20,1667127770.0
2009-01-21,186355630.0
2009-01-22,1204503370.0
2009-01-23,476678310.0
2009-01-26,552628290.0
2009-01-27,342286690.0
2009-01-28,166268950.0
2009-01-29,1311363140.0
2009-01-30,1293051030.0
2009-02-02,763248790.0
2009-02-03,516355040.0
2009-02-04,821052080.0
2009-02-05,430726140.0
2009-02-06,122517000.0
2009-02-09,563213730.0
2009-02-10,1703385050.0
2009-02-11,432644220.0
2009-02-12,761050770.0
2009-02-13,870082510.0
2009-02-17,1528834340.0
2009-02-18,932524650.0
2009-02-19,1072492630.0
2009-02-20,1597816000.0
2009-02-23,1273646280.0
2009-02-24,125977390.0
2009-02-25,1109580490.0
2009-02-26,836119890.0
2009-02-27,1735653430.0
2009-03-02,1914647710.0
2009-03-03,1011444620.0
2009-03-04,501137010.0
2009-03-05,1755853480.0
2009-03-06,929039660.0
2009-03-09,833205170.0
2009-03-10,78045050.0
2009-03-11,675394600.0
2009-03-12,87601300.0
2009-03-13,601285830.0
2009-03-16,801294050.0
2009-03-17,133570400.0
2009-03-18,214112150.0
2009-03-19,1172372390.0
2009-03-20,1948132210.0
2009-03-23,44686460.0
2009-03-24,1358789310.0
2009-03-25,587446350.0
2009-03-26,481068660.0
2009-03-27,1246167300.0
2009-03-30,1438989710.0
2009-03-31,375743910.0
2009-04-01,254475090.0
2009-04-02,160360420.0
2009-04-03,300188240.0
2009-04-06,891818150.0
2009-04-07,1053294310.0
2009-04-08,346077480.0
2009-04-09,115466030.0
2009-04-13,461726910.0
2009-04-14,1211397260.0
2009-04-15,401128950.0
2009-04-16,329815620.0
2009-04-17,789701800.0
2009-04-20,1694863600.0
2009-04-21,209850563.0
2009-04-22,1011383420.0
2009-04-23,555326770.0
2009-04-24,409307460.0
2009-04-27,1082543260.0
2009-04-28,716698180.0
2009-04-29,164067290.0
2009-04-30,800338970.0
2009-05-01,541215640.0
2009-05-04,83878640.0
2009-05-05,706289870.0
2009-05-06,448261220.0
2009-05-07,1357452750.0
2009-05-08,211339270.0
2009-05-11,1237517980.0
2009-05-12,1147234520.0
2009-05-13,1622352570.0
2009-05-14,310960300.0
2009-05-15,1178543680.0
2009-05-18,92319760.0
2009-05-19,588473620.0
2009-05-20,843046390.0
2009-05-21,1110246460.0
2009-05-22,624829730.0
2009-05-26,207973290.0
2009-05-27,1066632860.0
2009-05-28,339145450.0
2009-05-29,456816370.0
2009-06-01,332994090.0
2009-06-02,664380550.0
2009-06-03,1152945300.0
2009-06-04,357988910.0
2009-06-05,768514590.0
2009-06-08,608653110.0
2009-06-09,430469340.0
2009-06-10,697164840.0
2009-06-11,405898220.0
2009-06-12,458561170.0
2009-06-15,1076678940.0
2009-06-16,942800630.0
2009-06-17,899493660.0
2009-06-18,394232490.0
2009-06-19,758697270.0
2009-06-22,1305454830.0
2009-06-23,480093480.0
2009-06-24,295477950.0
2009-06-25,187844424.0
2009-06-26,1094587040.0
2009-06-29,350225810.0
2009-06-30,901434250.0
2009-07-01,329089610.0
2009-07-02,684884930.0
2009-07-06,664730000.0
2009-07-07,885411500.0
2009-07-08,1009024650.0
2009-07-09,317192890.0
2009-07-10,613122580.0
2009-07-13,104859380.0
2009-07-14,301295210.0
2009-07-15,47002070.0
2009-07-16,430081990.0
2009-07-17,730401020.0
2009-07-20,261743530.0
2009-07-21,727578700.0
2009-07-22,454630050.0
2009-07-23,225171100.0
2009-07-24,357193590.0
2009-07-27,374855350.0
2009-07-28,618080150.0
2009-07-29,667378700.0
2009-07-30,400963630.0
2009-07-31,480676020.0
2009-08-03,123327730.0
2009-08-04,404207460.0
2009-08-05,532827020.0
2009-08-06,693677340.0
2009-08-07,291425270.0
2009-08-10,529654570.0
2009-08-11,966223260.0
2009-08-12,244053800.0
2009-08-13,194441740.0
2009-08-14,860583210.0
2009-08-17,1135949170.0
2009-08-18,153092590.0
2009-08-19,396869680.0
2009-08-20,162897682.0
2009-08-21,95071410.0
2009-08-24,540401800.0
2009-08-25,460565270.0
2009-08-26,564415220.0
2009-08-27,354475060.0
2009-08-28,470014190.0
2009-08-31,1094373590.0
2009-09-01,1536750240.0
2009-09-02,798357850.0
2009-09-03,172641550.0
2009-09-04,126322590.0
2009-09-08,446225300.0
2009-09-09,409058190.0
2009-09-10,251918110.0
2009-09-11,688108900.0
2009-09-14,375734880.0
2009-09-15,616137790.0
2009-09-16,241286380.0
2009-09-17,936778440.0
2009-09-18,1134858840.0
2009-09-21,717990870.0
2009-09-22,303854690.0
2009-09-23,1050517170.0
2009-09-24,1178494200.0
2009-09-25,795758600.0
2009-09-28,125232980.0
2009-09-29,573538980.0
2009-09-30,1035568380.0
2009-10-01,1513571610.0
2009-10-02,949574190.0
2009-10-05,111181380.0
2009-10-06,205515080.0
2009-10-07,565052810.0
2009-10-08,313095060.0
2009-10-09,384391130.0
2009-10-12,301072210.0
2009-10-13,651748960.0
2009-10-14,164937320.0
2009-10-15,623222390.0
2009-10-16,1040166170.0
2009-10-19,326947480.0
2009-10-20,951800570.0
2009-10-21,1005037390.0
2009-10-22,335848160.0
2009-10-23,1066784310.0
2009-10-26,1213377990.0
2009-10-27,913097210.0
2009-10-28,1521007490.0
2009-10-29,150077000.0
2009-10-30,1572618020.0
2009-11-02,684992820.0
2009-11-03,440702920.0
2009-11-04,720641980.0
2009-11-05,173112140.0
2009-11-06,500591550.0
2009-11-09,64068220.0
2009-11-10,606587300.0
2009-11-11,358941240.0
2009-11-12,877129340.0
2009-11-13,273453340.0
2009-11-16,135643140.0
2009-11-17,454988070.0
2009-11-18,490531370.0
2009-11-19,955196710.0
2009-11-20,698540290.0
2009-11-23,171687340.0
2009-11-24,530601150.0
2009-11-25,231057425.0
2009-11-27,631421120.0
2009-11-30,564296870.0
2009-12-01,193856333.0
2009-12-02,387574340.0
2009-12-03,797953740.0
2009-12-04,383020000.0
2009-12-07,580152030.0
2009-12-08,970723600.0
2009-12-09,514550100.0
2009-12-10,382664730.0
2009-12-11,327073120.0
2009-12-14,308113520.0
2009-12-15,770820780.0
2009-12-16,519329840.0
2009-12-17,1504348870.0
2009-12-18,814843350.0
2009-12-21,189401932.0
2009-12-22,383059740.0
2009-12-23,295757200.0
2009-12-24,56146270.0
2009-12-28,304657530.0
2009-12-29,387486610.0
2009-12-30,393352210.0
2009-12-31,546456520.0
2010-01-04,135203270.0
2010-01-05,361764870.0
2010-01-06,368195350.0
2010-01-07,375503510.0
2010-01-08,474326920.0
2010-01-11,379521010.0
2010-01-12,888657890.0
2010-01-13,256453150.0
2010-01-14,390116280.0
2010-01-15,1153714250.0
2010-01-19,159052160.0
2010-01-20,815405220.0
2010-01-21,1298835270.0
2010-01-22,1312509980.0
2010-01-25,424663960.0
2010-01-26,768354010.0
2010-01-27,552578940.0
2010-01-28,776575140.0
2010-01-29,1075348210.0
2010-02-01,111607142.0
2010-02-02,192880231.0
2010-02-03,781213120.0
2010-02-04,1439263300.0
2010-02-05,712275110.0
2010-02-08,836999410.0
2010-02-09,181251510.0
2010-02-10,554354180.0
2010-02-11,218665060.0
2010-02-12,758697280.0
2010-02-16,99164817.0
2010-02-17,331124000.0
2010-02-18,237501290.0
2010-02-19,438431960.0
2010-02-22,469895540.0
2010-02-23,934952490.0
2010-02-24,238511890.0
2010-02-25,584111700.0
2010-02-26,497101000.0
2010-03-01,177346680.0
2010-03-02,365293540.0
2010-03-03,399989450.0
2010-03-04,349898370.0
2010-03-05,73133500.0
2010-03-08,393732630.0
2010-03-09,415785370.0
2010-03-10,276149340.0
2010-03-11,268125680.0
2010-03-12,593603490.0
2010-03-15,420120210.0
2010-03-16,165027900.0
2010-03-17,304557080.0
2010-03-18,585804870.0
2010-03-19,1476829930.0
2010-03-22,249983680.0
2010-03-23,217396983.0
2010-03-24,582047160.0
2010-03-25,645517640.0
2010-03-26,406363210.0
2010-03-29,310050380.0
2010-03-30,517904470.0
2010-03-31,740237370.0
2010-04-01,128932210.0
2010-04-05,155009322.0
2010-04-06,335017420.0
2010-04-07,704632870.0
2010-04-08,383556640.0
2010-04-09,271670640.0
2010-04-12,343763020.0
2010-04-13,613534450.0
2010-04-14,195825970.0
2010-04-15,677722190.0
2010-04-16,1616702880.0
2010-04-19,548036830.0
2010-04-20,201847380.0
2010-04-21,681481620.0
2010-04-22,518800530.0
2010-04-23,398688920.0
2010-04-26,743494770.0
2010-04-27,1584876260.0
2010-04-28,405801080.0
2010-04-29,287272470.0
2010-04-30,1368070120.0
2010-05-03,257955510.0
2010-05-04,1428333980.0
2010-05-05,1163284400.0
2010-05-06,2467684700.0
2010-05-07,2059600150.0
2010-05-10,60849000.0
2010-05-11,846867630.0
2010-05-12,169022200.0
2010-05-13,940833760.0
2010-05-14,1454743090.0
2010-05-17,823945900.0
2010-05-18,1353709630.0
2010-05-19,1043022790.0
2010-05-20,2095709680.0
2010-05-21,222778569.0
2010-05-24,988746610.0
2010-05-25,809168040.0
2010-05-26,882613810.0
2010-05-27,38156230.0
2010-05-28,1195818900.0
2010-06-01,1314542440.0
2010-06-02,63767830.0
2010-06-03,445425080.0
2010-06-04,1620408180.0
2010-06-07,1195644450.0
2010-06-08,398280200.0
2010-06-09,849984230.0
2010-06-10,29695060.0
2010-06-11,334720290.0
2010-06-14,509012950.0
2010-06-15,45508820.0
2010-06-16,704313460.0
2010-06-17,691945630.0
2010-06-18,752271940.0
2010-06-21,600591450.0
2010-06-22,1034463420.0
2010-06-23,621164570.0
2010-06-24,1144407060.0
2010-06-25,776873040.0
2010-06-28,544504710.0
2010-06-29,1577576670.0
2010-06-30,1024125660.0
2010-07-01,909368080.0
2010-07-02,783195060.0
2010-07-06,547336100.0
2010-07-07,61733860.0
2010-07-08,214770621.0
2010-07-09,155952400.0
2010-07-12,478153090.0
2010-07-13,86490210.0
2010-07-14,619926330.0
2010-07-15,558921170.0
2010-07-16,1427835820.0
2010-07-19,311076010.0
2010-07-20,174010089.0
2010-07-21,962812710.0
2010-07-22,108156460.0
2010-07-23,229792380.0
2010-07-26,128691919.0
2010-07-27,615021840.0
2010-07-28,729279450.0
2010-07-29,631338700.0
2010-07-30,533542940.0
2010-08-02,71734174.0
2010-08-03,691160510.0
2010-08-04,296513130.0
2010-08-05,508384140.0
2010-08-06,610504440.0
2010-08-09,223113798.0
2010-08-10,770728840.0
2010-08-11,1133100400.0
2010-08-12,617012210.0
2010-08-13,506247750.0
2010-08-16,367515460.0
2010-08-17,159376467.0
2010-08-18,327930740.0
2010-08-19,979997450.0
2010-08-20,789690390.0
2010-08-23,536588220.0
2010-08-24,1013615090.0
2010-08-25,463138140.0
2010-08-26,793522510.0
2010-08-27,87311330.0
2010-08-30,753937030.0
2010-08-31,550860790.0
2010-09-01,46374441.0
2010-09-02,159716388.0
2010-09-03,83632755.0
2010-09-07,697555170.0
2010-09-08,226833086.0
2010-09-09,261509436.0
2010-09-10,222451372.0
2010-09-13,130862268.0
2010-09-14,497984140.0
2010-09-15,397267060.0
2010-09-16,475924190.0
2010-09-17,1028937580.0
2010-09-20,67294526.0
2010-09-21,707579560.0
2010-09-22,637794780.0
2010-09-23,709905390.0
2010-09-24,107428844.0
2010-09-27,560693680.0
2010-09-28,229138883.0
2010-09-29,513467520.0
2010-09-30,703655180.0
2010-10-01,261829033.0
2010-10-04,735996000.0
2010-10-05,74667690.0
2010-10-06,521268230.0
2010-10-07,526285900.0
2010-10-08,231872667.0
2010-10-11,426036610.0
2010-10-12,312542480.0
2010-10-13,288651670.0
2010-10-14,759222480.0
2010-10-15,906504110.0
2010-10-18,264860840.0
2010-10-19,1131330080.0
2010-10-20,273381550.0
2010-10-21,568485410.0
2010-10-22,298668110.0
2010-10-25,353210360.0
2010-10-26,494835400.0
2010-10-27,639234670.0
2010-10-28,496948430.0
2010-10-29,436822140.0
2010-11-01,496194210.0
2010-11-02,238279364.0
2010-11-03,398826450.0
2010-11-04,135969950.0
2010-11-05,406041070.0
2010-11-08,485513280.0
2010-11-09,886418260.0
2010-11-10,335106570.0
2010-11-11,579620500.0
2010-11-12,902540140.0
2010-11-15,446121580.0
2010-11-16,1262422070.0
2010-11-17,440114110.0
2010-11-18,158410525.0
2010-11-19,445800640.0
2010-11-22,544075290.0
2010-11-23,926607150.0
2010-11-24,73956752.0
2010-11-26,345715840.0
2010-11-29,467598790.0
2010-11-30,961674450.0
2010-12-01,79059140.0
2010-12-02,163005167.0
2010-12-03,260923957.0
2010-12-06,389571400.0
2010-12-07,548289280.0
2010-12-08,434426710.0
2010-12-09,282532300.0
2010-12-10,221648526.0
2010-12-13,405737520.0
2010-12-14,533572340.0
2010-12-15,833249760.0
2010-12-16,262072591.0
2010-12-17,794617210.0
2010-12-20,296687610.0
2010-12-21,169222585.0
2010-12-22,311589020.0
2010-12-23,383207500.0
2010-12-27,200504958.0
2010-12-28,253863061.0
2010-12-29,199299106.0
2010-12-30,266763171.0
2010-12-31,267926374.0
2011-01-03,167294522.0
2011-01-04,593296670.0
2011-01-05,304396410.0
2011-01-06,725699880.0
2011-01-07,641815590.0
2011-01-10,516149530.0
2011-01-11,332520390.0
2011-01-12,164240468.0
2011-01-13,557507130.0
2011-01-14,289177180.0
2011-01-18,687334380.0
2011-01-19,958288710.0
2011-01-20,636633290.0
2011-01-21,534883630.0
2011-01-24,325213220.0
2011-01-25,624989360.0
2011-01-26,420340700.0
2011-01-27,389524140.0
2011-01-28,1178055580.0
2011-01-31,367745600.0
2011-02-01,128751612.0
2011-02-02,600087050.0
2011-02-03,384271750.0
2011-02-04,436704210.0
2011-02-07,212157093.0
2011-02-08,308315280.0
2011-02-09,597965430.0
2011-02-10,530935720.0
2011-02-11,257177692.0
2011-02-14,325739160.0
2011-02-15,489797720.0
2011-02-16,270561260.0
2011-02-17,271735200.0
2011-02-18,567921490.0
2011-02-22,1205801240.0
2011-02-23,865559690.0
2011-02-24,699341640.0
2011-02-25,133015217.0
2011-02-28,414134320.0
2011-03-01,1047760350.0
2011-03-02,381674090.0
2011-03-03,123357389.0
2011-03-04,776770340.0
2011-03-07,832524960.0
2011-03-08,228920037.0
2011-03-09,448562280.0
2011-03-10,1034070780.0
2011-03-11,184849856.0
2011-03-14,669226680.0
2011-03-15,1041200650.0
2011-03-16,1326529440.0
2011-03-17,197606804.0
2011-03-18,556665440.0
2011-03-21,264509566.0
2011-03-22,550799160.0
2011-03-23,416432990.0
2011-03-24,189249809.0
2011-03-25,285088610.0
2011-03-28,479944610.0
2011-03-29,255309375.0
2011-03-30,194509744.0
2011-03-31,624071560.0
2011-04-01,228706877.0
2011-04-04,368709210.0
2011-04-05,329061810.0
2011-04-06,330051260.0
2011-04-07,514517270.0
2011-04-08,551464450.0
2011-04-11,546781500.0
2011-04-12,634215570.0
2011-04-13,472390980.0
2011-04-14,444772690.0
2011-04-15,376327770.0
2011-04-18,832168830.0
2011-04-19,244529554.0
2011-04-20,221376824.0
2011-04-21,286631220.0
2011-04-25,417611920.0
2011-04-26,272863820.0
2011-04-27,281821240.0
2011-04-28,364438830.0
2011-04-29,365253430.0
2011-05-02,565310080.0
2011-05-03,609241900.0
2011-05-04,801530860.0
2011-05-05,810528520.0
2011-05-06,309024120.0
2011-05-09,240588977.0
2011-05-10,168135849.0
2011-05-11,811543270.0
2011-05-12,420011200.0
2011-05-13,723855720.0
2011-05-16,595777600.0
2011-05-17,505918940.0
2011-05-18,189206330.0
2011-05-19,382279650.0
2011-05-20,727749860.0
2011-05-23,882431850.0
2011-05-24,406858730.0
2011-05-25,388915210.0
2011-05-26,219803250.0
2011-05-27,160882660.0
2011-05-31,296434950.0
2011-06-01,1131419790.0
2011-06-02,550583140.0
2011-06-03,763329050.0
2011-06-06,883949460.0
2011-06-07,435363170.0
2011-06-08,758823840.0
2011-06-09,218963476.0
2011-06-10,850427190.0
2011-06-13,460013170.0
2011-06-14,101964484.0
2011-06-15,980460750.0
2011-06-16,534464300.0
2011-06-17,528726890.0
2011-06-20,226801878.0
2011-06-21,90849015.0
2011-06-22,594060360.0
2011-06-23,717438910.0
2011-06-24,1378835110.0
2011-06-27,186687045.0
2011-06-28,122026326.0
2011-06-29,178022144.0
2011-06-30,229727331.0
2011-07-01,74305266.0
2011-07-05,554178290.0
2011-07-06,387841580.0
2011-07-07,142779889.0
2011-07-08,625002770.0
2011-07-11,800894060.0
2011-07-12,614330870.0
2011-07-13,262288520.0
2011-07-14,751516710.0
2011-07-15,458841940.0
2011-07-18,792612210.0
2011-07-19,124395684.0
2011-07-20,332972800.0
2011-07-21,150569321.0
2011-07-22,374193030.0
2011-07-25,587923590.0
2011-07-26,513776400.0
2011-07-27,1032702270.0
2011-07-28,627495810.0
2011-07-29,842568290.0
2011-08-01,689445900.0
2011-08-02,1178772990.0
2011-08-03,546370820.0
2011-08-04,1800715540.0
2011-08-05,1387538380.0
2011-08-08,2517647410.0
2011-08-09,68033299.0
2011-08-10,2008712260.0
2011-08-11,47231526.0
2011-08-12,488852560.0
2011-08-15,40041362.0
2011-08-16,933352630.0
2011-08-17,389028080.0
2011-08-18,1572150070.0
2011-08-19,1260206020.0
2011-08-22,621105320.0
2011-08-23,148791293.0
2011-08-24,251059944.0
2011-08-25,942853290.0
2011-08-26,112200375.0
2011-08-29,26342380.0
2011-08-30,421475000.0
2011-08-31,352933420.0
2011-09-01,862159710.0
2011-09-02,929195680.0
2011-09-06,883877640.0
2011-09-07,44652375.0
2011-09-08,799291530.0
2011-09-09,1168537590.0
2011-09-12,459335120.0
2011-09-13,229062991.0
2011-09-14,158390166.0
2011-09-15,106639788.0
2011-09-16,785924950.0
2011-09-19,780823160.0
2011-09-20,580599470.0
2011-09-21,1158182900.0
2011-09-22,1633179240.0
2011-09-23,403616040.0
2011-09-26,118029602.0
2011-09-27,253538475.0
2011-09-28,995936550.0
2011-09-29,274900510.0
2011-09-30,1239636550.0
2011-10-03,1360578480.0
2011-10-04,243054194.0
2011-10-05,187565990.0
2011-10-06,65991848.0
2011-10-07,907209540.0
2011-10-10,36874599.0
2011-10-11,366397050.0
2011-10-12,168303644.0
2011-10-13,577429930.0
2011-10-14,97505911.0
2011-10-17,811342200.0
2011-10-18,77412430.0
2011-10-19,797810500.0
2011-10-20,786233230.0
2011-10-21,153972983.0
2011-10-24,116086500.0
2011-10-25,916854850.0
2011-10-26,193065031.0
2011-10-27,69838544.0
2011-10-28,475128080.0
2011-10-31,1028924380.0
2011-11-01,1241971440.0
2011-11-02,98363738.0
2011-11-03,157505425.0
2011-11-04,549676910.0
2011-11-07,283956070.0
2011-11-08,156188606.0
2011-11-09,1098015240.0
2011-11-10,246978985.0
2011-11-11,55365368.0
2011-11-14,603793080.0
2011-11-15,268693920.0
2011-11-16,770782090.0
2011-11-17,942548600.0
2011-11-18,440566620.0
2011-11-21,867511520.0
2011-11-22,634313420.0
2011-11-23,841289750.0
2011-11-25,252077284.0
2011-11-28,23875457.0
2011-11-29,458789640.0
2011-11-30,64526793.0
2011-12-01,482915360.0
2011-12-02,357017160.0
2011-12-05,127394481.0
2011-12-06,396873870.0
2011-12-07,389682870.0
2011-12-08,899984370.0
2011-12-09,66016568.0
2011-12-12,696197370.0
2011-12-13,754023460.0
2011-12-14,722202340.0
2011-12-15,308025570.0
2011-12-16,579442620.0
2011-12-19,697990490.0
2011-12-20,21909595.0
2011-12-21,244142818.0
2011-12-22,155052926.0
2011-12-23,102797251.0
2011-12-27,274640090.0
2011-12-28,511090880.0
2011-12-29,43767621.0
2011-12-30,347370380.0
2012-01-03,164262681.0
2012-01-04,369490970.0
2012-01-05,346267400.0
2012-01-06,434862030.0
2012-01-09,241284534.0
2012-01-10,166009540.0
2012-01-11,287007700.0
2012-01-12,300457790.0
2012-01-13,595884210.0
2012-01-17,345729030.0
2012-01-18,112423918.0
2012-01-19,276676700.0
2012-01-20,394072180.0
2012-01-23,306027280.0
2012-01-24,343066630.0
2012-01-25,176949187.0
2012-01-26,565460600.0
2012-01-27,413741700.0
2012-01-30,519706040.0
2012-01-31,495381310.0
2012-02-01,138275316.0
2012-02-02,347914750.0
2012-02-03,125239278.0
2012-02-06,365184480.0
2012-02-07,342235050.0
2012-02-08,306842610.0
2012-02-09,347292600.0
2012-02-10,600130990.0
2012-02-13,155259585.0
2012-02-14,470348880.0
2012-02-15,515191170.0
2012-02-16,112995235.0
2012-02-17,392744490.0
2012-02-21,387023680.0
2012-02-22,476899490.0
2012-02-23,225226651.0
2012-02-24,306106580.0
2012-02-27,326216110.0
2012-02-28,335350790.0
2012-02-29,781242880.0
2012-03-01,228807303.0
2012-03-02,457373440.0
2012-03-05,466331610.0
2012-03-06,839961210.0
2012-03-07,142393000.0
2012-03-08,109758561.0
2012-03-09,232698971.0
2012-03-12,379003440.0
2012-03-13,80766042.0
2012-03-14,529272870.0
2012-03-15,191468639.0
2012-03-16,728721260.0
2012-03-19,319860170.0
2012-03-20,460304330.0
2012-03-21,389543400.0
2012-03-22,638241600.0
2012-03-23,199715100.0
2012-03-26,111188158.0
2012-03-27,504995830.0
2012-03-28,576062960.0
2012-03-29,470743360.0
2012-03-30,322038610.0
2012-04-02,151498550.0
2012-04-03,572898940.0
2012-04-04,709424880.0
2012-04-05,481664080.0
2012-04-09,647672500.0
2012-04-10,902513210.0
2012-04-11,153876838.0
2012-04-12,69797081.0
2012-04-13,651973500.0
2012-04-16,336348260.0
2012-04-17,81569812.0
2012-04-18,474186330.0
2012-04-19,528349020.0
2012-04-20,406554850.0
2012-04-23,656221190.0
2012-04-24,223861055.0
2012-04-25,169878139.0
2012-04-26,249053470.0
2012-04-27,321902930.0
2012-04-30,565797380.0
2012-05-01,216349661.0
2012-05-02,524271190.0
2012-05-03,674244290.0
2012-05-04,717720440.0
2012-05-07,348058240.0
2012-05-08,656074260.0
2012-05-09,648299120.0
2012-05-10,301367620.0
2012-05-11,520841920.0
2012-05-14,720925940.0
2012-05-15,698759070.0
2012-05-16,628274920.0
2012-05-17,869317080.0
2012-05-18,803528530.0
2012-05-21,136850382.0
2012-05-22,446463870.0
2012-05-23,329415940.0
2012-05-24,379154810.0
2012-05-25,269382260.0
2012-05-29,80949081.0
2012-05-30,736086510.0
2012-05-31,735512180.0
2012-06-01,974144980.0
2012-06-04,532193000.0
2012-06-05,134356023.0
2012-06-06,72305775.0
2012-06-07,471106790.0
2012-06-08,194650331.0
2012-06-11,695380650.0
2012-06-12,105220973.0
2012-06-13,527368880.0
2012-06-14,155472525.0
2012-06-15,314227800.0
2012-06-18,356192260.0
2012-06-19,121601375.0
2012-06-20,387907370.0
2012-06-21,855169350.0
2012-06-22,522349510.0
2012-06-25,690834300.0
2012-06-26,243129866.0
2012-06-27,131814726.0
2012-06-28,433673540.0
2012-06-29,119926955.0
2012-07-02,259938129.0
2012-07-03,104065418.0
2012-07-05,480107480.0
2012-07-06,482210890.0
2012-07-09,437398000.0
2012-07-10,594806610.0
2012-07-11,379114690.0
2012-07-12,564756600.0
2012-07-13,72969937.0
2012-07-16,369121450.0
2012-07-17,198393954.0
2012-07-18,275291190.0
2012-07-19,366767900.0
2012-07-20,767015680.0
2012-07-23,556614300.0
2012-07-24,657690650.0
2012-07-25,407250820.0
2012-07-26,173015174.0
2012-07-27,45829027.0
2012-07-30,312551540.0
2012-07-31,610245030.0
2012-08-01,652117110.0
2012-08-02,663227800.0
2012-08-03,81564735.0
2012-08-06,221277090.0
2012-08-07,218278145.0
2012-08-08,243301714.0
2012-08-09,218805756.0
2012-08-10,207294626.0
2012-08-13,309778230.0
2012-08-14,304011020.0
2012-08-15,179787228.0
2012-08-16,132080401.0
2012-08-17,277145980.0
2012-08-20,279792590.0
2012-08-21,340478340.0
2012-08-22,318959140.0
2012-08-23,466518480.0
2012-08-24,149798442.0
2012-08-27,294478190.0
2012-08-28,278309230.0
2012-08-29,223208932.0
2012-08-30,408676970.0
2012-08-31,178532501.0
2012-09-04,309587150.0
2012-09-05,324048800.0
2012-09-06,49529360.0
2012-09-07,191560707.0
2012-09-10,422024870.0
2012-09-11,160708929.0
2012-09-12,237060220.0
2012-09-13,75220632.0
2012-09-14,237955413.0
2012-09-17,482981620.0
2012-09-18,403161660.0
2012-09-19,261332084.0
2012-09-20,447010110.0
2012-09-21,936072740.0
2012-09-24,385283450.0
2012-09-25,677029690.0
2012-09-26,467106800.0
2012-09-27,111071263.0
2012-09-28,590556280.0
2012-10-01,260011169.0
2012-10-02,291018470.0
2012-10-03,309325430.0
2012-10-04,141888866.0
2012-10-05,290608640.0
2012-10-08,280882430.0
2012-10-09,447392470.0
2012-10-10,410696620.0
2012-10-11,197844397.0
2012-10-12,463688400.0
2012-10-15,173848416.0
2012-10-16,127082857.0
2012-10-17,180428182.0
2012-10-18,329278570.0
2012-10-19,877025090.0
2012-10-22,324357780.0
2012-10-23,600980330.0
2012-10-24,415856540.0
2012-10-25,288548040.0
2012-10-26,523492930.0
2012-10-31,369228380.0
2012-11-01,156682234.0
2012-11-02,597082100.0
2012-11-05,277517160.0
2012-11-06,122398495.0
2012-11-07,842934520.0
2012-11-08,614400130.0
2012-11-09,347588590.0
2012-11-12,159228937.0
2012-11-13,466173870.0
2012-11-14,767661400.0
2012-11-15,462322640.0
2012-11-16,294452160.0
2012-11-19,46596253.0
2012-11-20,284401300.0
2012-11-21,160596682.0
2012-11-23,25203904.0
2012-11-26,378412430.0
2012-11-27,488350420.0
2012-11-28,143177376.0
2012-11-29,166701144.0
2012-11-30,480421660.0
2012-12-03,433255780.0
2012-12-04,345611510.0
2012-12-05,243505969.0
2012-12-06,259808130.0
2012-12-07,178093519.0
2012-12-10,269312610.0
2012-12-11,200726581.0
2012-12-12,298722220.0
2012-12-13,469537520.0
2012-12-14,346121010.0
2012-12-17,132778197.0
2012-12-18,118185820.0
2012-12-19,472331990.0
2012-12-20,156506316.0
2012-12-21,1502674890.0
2012-12-24,172126570.0
2012-12-26,268302537.0
2012-12-27,356285190.0
2012-12-28,444336990.0
2012-12-31,25542417.0
2013-01-02,72296213.0
2013-01-03,332972900.0
2013-01-04,128034572.0
2013-01-07,366443540.0
2013-01-08,422151660.0
2013-01-09,287034820.0
2013-01-10,166166044.0
2013-01-11,364643250.0
2013-01-14,320071570.0
2013-01-15,205754818.0
2013-01-16,342927690.0
2013-01-17,222151561.0
2013-01-18,377256000.0
2013-01-22,177443547.0
2013-01-23,357102810.0
2013-01-24,277689910.0
2013-01-25,189858719.0
2013-01-28,385074240.0
2013-01-29,250723441.0
2013-01-30,470106720.0
2013-01-31,459187560.0
2013-02-01,147401117.0
2013-02-04,588427940.0
2013-02-05,157408765.0
2013-02-06,247899851.0
2013-02-07,418719750.0
2013-02-08,195890750.0
2013-02-11,251728698.0
2013-02-12,202171716.0
2013-02-13,320264300.0
2013-02-14,320739790.0
2013-02-15,562743200.0
2013-02-19,221512709.0
2013-02-20,735109140.0
2013-02-21,613465310.0
2013-02-22,125645345.0
2013-02-25,753229620.0
2013-02-26,218294721.0
2013-02-27,87256949.0
2013-02-28,493069280.0
2013-03-01,338493490.0
2013-03-04,262976462.0
2013-03-05,130068110.0
2013-03-06,223648719.0
2013-03-07,265429368.0
2013-03-08,215561385.0
2013-03-11,230952396.0
2013-03-12,353492690.0
2013-03-13,264791527.0
2013-03-14,172358087.0
2013-03-15,988612840.0
2013-03-18,483407010.0
2013-03-19,449447540.0
2013-03-20,151906125.0
2013-03-21,497646750.0
2013-03-22,202191702.0
2013-03-25,439816740.0
2013-03-26,150840034.0
2013-03-27,304871880.0
2013-03-28,303345830.0
2013-04-01,424090430.0
2013-04-02,332259360.0
2013-04-03,695911980.0
2013-04-04,194679540.0
2013-04-05,376455060.0
2013-04-08,127047002.0
2013-04-09,231627071.0
2013-04-10,156951639.0
2013-04-11,233751476.0
2013-04-12,472139410.0
2013-04-15,923742500.0
2013-04-16,99888148.0
2013-04-17,791727050.0
2013-04-18,434606900.0
2013-04-19,233998346.0
2013-04-22,232561533.0
2013-04-23,131740789.0
2013-04-24,215299599.0
2013-04-25,246984985.0
2013-04-26,439389810.0
2013-04-29,128276382.0
2013-04-30,331802730.0
2013-05-01,599097440.0
2013-05-02,161817772.0
2013-05-03,152859734.0
2013-05-06,211125695.0
2013-05-07,171078606.0
2013-05-08,226380538.0
2013-05-09,441615130.0
2013-05-10,214194728.0
2013-05-13,346510080.0
2013-05-14,148685319.0
2013-05-15,246346187.0
2013-05-16,482148750.0
2013-05-17,156412604.0
2013-05-20,267084065.0
2013-05-21,316872230.0
2013-05-22,662671360.0
2013-05-23,489435460.0
2013-05-24,347238720.0
2013-05-28,247630320.0
2013-05-29,477696730.0
2013-05-30,245466636.0
2013-05-31,1021874830.0
2013-06-03,349406720.0
2013-06-04,533673780.0
2013-06-05,669784390.0
2013-06-06,124025039.0
2013-06-07,186726767.0
2013-06-10,311144400.0
2013-06-11,587739490.0
2013-06-12,555382900.0
2013-06-13,94826950.0
2013-06-14,427820030.0
2013-06-17,176723921.0
2013-06-18,140408820.0
2013-06-19,712182980.0
2013-06-20,1037305310.0
2013-06-21,947609010.0
2013-06-24,878312370.0
2013-06-25,100411183.0
2013-06-26,181490087.0
2013-06-27,138501620.0
2013-06-28,983027170.0
2013-07-01,229832926.0
2013-07-02,430657530.0
2013-07-03,252405662.0
2013-07-05,205501362.0
2013-07-08,393900450.0
2013-07-09,140273335.0
2013-07-10,352587290.0
2013-07-11,84906240.0
2013-07-12,334041100.0
2013-07-15,201736815.0
2013-07-16,393084770.0
2013-07-17,221837162.0
2013-07-18,183468465.0
2013-07-19,376656670.0
2013-07-22,204774195.0
2013-07-23,262538369.0
2013-07-24,496239920.0
2013-07-25,257093669.0
2013-07-26,306884640.0
2013-07-29,389583500.0
2013-07-30,336489460.0
2013-07-31,478538550.0
2013-08-01,180322156.0
2013-08-02,328793400.0
2013-08-05,299188860.0
2013-08-06,504962890.0
2013-08-07,435212240.0
2013-08-08,182259186.0
2013-08-09,309725250.0
2013-08-12,294476440.0
2013-08-13,344896170.0
2013-08-14,374333610.0
2013-08-15,548808560.0
2013-08-16,575343380.0
2013-08-19,542096200.0
2013-08-20,155753306.0
2013-08-21,533208930.0
2013-08-22,84821407.0
2013-08-23,164956454.0
2013-08-26,362668090.0
2013-08-27,621539220.0
2013-08-28,257006361.0
2013-08-29,196182233.0
2013-08-30,564198970.0
2013-09-03,295293340.0
2013-09-04,155902682.0
2013-09-05,238379207.0
2013-09-06,257721480.0
2013-09-09,75409137.0
2013-09-10,203892657.0
2013-09-11,247449173.0
2013-09-12,457836610.0
2013-09-13,208298435.0
2013-09-16,197946777.0
2013-09-17,154834351.0
2013-09-18,95721454.0
2013-09-19,476290280.0
2013-09-20,1660749500.0
2013-09-23,460387310.0
2013-09-24,346495410.0
2013-09-25,322636920.0
2013-09-26,237476990.0
2013-09-27,469170350.0
2013-09-30,620918940.0
2013-10-01,152912367.0
2013-10-02,291541790.0
2013-10-03,570922970.0
2013-10-04,164662414.0
2013-10-07,465294330.0
2013-10-08,653115010.0
2013-10-09,349869580.0
2013-10-10,51903863.0
2013-10-11,194053622.0
2013-10-14,186714822.0
2013-10-15,520804390.0
2013-10-16,104537375.0
2013-10-17,135716157.0
2013-10-18,292414100.0
2013-10-21,387527520.0
2013-10-22,221188088.0
2013-10-23,477042160.0
2013-10-24,300961790.0
2013-10-25,251057582.0
2013-10-28,401488350.0
2013-10-29,245860568.0
2013-10-30,450006000.0
2013-10-31,593622890.0
2013-11-01,365163380.0
2013-11-04,158457808.0
2013-11-05,521354200.0
2013-11-06,289991470.0
2013-11-07,774588200.0
2013-11-08,218233415.0
2013-11-11,238016200.0
2013-11-12,387782210.0
2013-11-13,136071244.0
2013-11-14,170493235.0
2013-11-15,228086115.0
2013-11-18,408217910.0
2013-11-19,444826530.0
2013-11-20,407284550.0
2013-11-21,171174871.0
2013-11-22,201399373.0
2013-11-25,350557050.0
2013-11-26,422041890.0
2013-11-27,195148253.0
2013-11-29,229428602.0
2013-12-02,426129460.0
2013-12-03,510770830.0
2013-12-04,377820860.0
2013-12-05,471796410.0
2013-12-06,169313556.0
2013-12-09,243091492.0
2013-12-10,386087800.0
2013-12-11,633668480.0
2013-12-12,421075120.0
2013-12-13,286763830.0
2013-12-16,171613991.0
2013-12-17,383625310.0
2013-12-18,139620483.0
2013-12-19,368952250.0
2013-12-20,567396490.0
2013-12-23,150265746.0
2013-12-24,59177474.0
2013-12-26,136937727.0
2013-12-27,156410572.0
2013-12-30,231821313.0
2013-12-31,159316718.0
2014-01-02,438478200.0
2014-01-03,238006458.0
2014-01-06,371685760.0
2014-01-07,261269486.0
2014-01-08,380132000.0
2014-01-09,341389050.0
2014-01-10,209924910.0
2014-01-13,601470840.0
2014-01-14,128538277.0
2014-01-15,220884139.0
2014-01-16,334726550.0
2014-01-17,594483210.0
2014-01-21,296247180.0
2014-01-22,251482620.0
2014-01-23,591327640.0
2014-01-24,838659600.0
2014-01-27,526395800.0
2014-01-28,104063897.0
2014-01-29,571963060.0
2014-01-30,163375438.0
2014-01-31,653113250.0
2014-02-03,878952710.0
2014-02-04,191120615.0
2014-02-05,434195590.0
2014-02-06,125673044.0
2014-02-07,124128145.0
2014-02-10,331728720.0
2014-02-11,106065977.0
2014-02-12,315169800.0
2014-02-13,138696685.0
2014-02-14,200867231.0
2014-02-18,306084000.0
2014-02-19,481412720.0
2014-02-20,160319880.0
2014-02-21,392277450.0
2014-02-24,336142580.0
2014-02-25,361137560.0
2014-02-26,287156470.0
2014-02-27,182290358.0
2014-02-28,381481600.0
2014-03-03,505250530.0
2014-03-04,94007612.0
2014-03-05,292336330.0
2014-03-06,237757673.0
2014-03-07,402402970.0
2014-03-10,393430530.0
2014-03-11,450252430.0
2014-03-12,292336110.0
2014-03-13,567679780.0
2014-03-14,333903880.0
2014-03-17,132860923.0
2014-03-18,111508293.0
2014-03-19,480652710.0
2014-03-20,209206496.0
2014-03-21,946717720.0
2014-03-24,461258450.0
2014-03-25,236722666.0
2014-03-26,577551580.0
2014-03-27,342268180.0
2014-03-28,160162881.0
2014-03-31,164198118.0
2014-04-01,205644427.0
2014-04-02,197107765.0
2014-04-03,363428660.0
2014-04-04,542871940.0
2014-04-07,645589970.0
2014-04-08,219256546.0
2014-04-09,191742016.0
2014-04-10,701612010.0
2014-04-11,635028840.0
2014-04-14,163780718.0
2014-04-15,274594160.0
2014-04-16,140587897.0
2014-04-17,311600500.0
2014-04-21,231246235.0
2014-04-22,191176579.0
2014-04-23,339750060.0
2014-04-24,321165210.0
2014-04-25,509492760.0
2014-04-28,438437750.0
2014-04-29,258483579.0
2014-04-30,332525800.0
2014-05-01,337911400.0
2014-05-02,264027500.0
2014-05-05,332871090.0
2014-05-06,504875690.0
2014-05-07,241559754.0
2014-05-08,415780610.0
2014-05-09,340716380.0
2014-05-12,91289642.0
2014-05-13,306835870.0
2014-05-14,404313520.0
2014-05-15,576156300.0
2014-05-16,285825210.0
2014-05-19,207356107.0
2014-05-20,530983770.0
2014-05-21,155705052.0
2014-05-22,198175570.0
2014-05-23,166093946.0
2014-05-27,217784130.0
2014-05-28,312273390.0
2014-05-29,153429652.0
2014-05-30,412900540.0
2014-06-02,243467650.0
2014-06-03,323245690.0
2014-06-04,249788307.0
2014-06-05,139077072.0
2014-06-06,182491331.0
2014-06-09,227753344.0
2014-06-10,276489320.0
2014-06-11,331102760.0
2014-06-12,424854940.0
2014-06-13,157202604.0
2014-06-16,303422570.0
2014-06-17,191573270.0
2014-06-18,114115449.0
2014-06-19,272790280.0
2014-06-20,761687070.0
2014-06-23,270713290.0
2014-06-24,500153440.0
2014-06-25,200004572.0
2014-06-26,284069910.0
2014-06-27,646953750.0
2014-06-30,359823840.0
2014-07-01,222559350.0
2014-07-02,293537780.0
2014-07-03,148894137.0
2014-07-07,441977320.0
2014-07-08,465945180.0
2014-07-09,174893045.0
2014-07-10,457851620.0
2014-07-11,262656001.0
2014-07-14,196532614.0
2014-07-15,419110130.0
2014-07-16,230850045.0
2014-07-17,585510340.0
2014-07-18,129742348.0
2014-07-21,314283890.0
2014-07-22,165795240.0
2014-07-23,266528538.0
2014-07-24,276050230.0
2014-07-25,374865000.0
2014-07-28,327632970.0
2014-07-29,414134950.0
2014-07-30,355818940.0
2014-07-31,786241460.0
2014-08-01,459615880.0
2014-08-04,180265024.0
2014-08-05,540034880.0
2014-08-06,314742130.0
2014-08-07,459044710.0
2014-08-08,105859911.0
2014-08-11,157134738.0
2014-08-12,330664790.0
2014-08-13,172556742.0
2014-08-14,174153380.0
2014-08-15,409160360.0
2014-08-18,111408051.0
2014-08-19,162430469.0
2014-08-20,164991632.0
2014-08-21,216458837.0
2014-08-22,329441150.0
2014-08-25,144524469.0
2014-08-26,164767671.0
2014-08-27,212068892.0
2014-08-28,289733620.0
2014-08-29,162697363.0
2014-09-02,303966450.0
2014-09-03,295892910.0
2014-09-04,370076570.0
2014-09-05,208518117.0
2014-09-08,406456080.0
2014-09-09,470512540.0
2014-09-10,252977283.0
2014-09-11,194693762.0
2014-09-12,493389790.0
2014-09-15,336415040.0
2014-09-16,164147755.0
2014-09-17,317843400.0
2014-09-18,274516610.0
2014-09-19,1062559690.0
2014-09-22,578064690.0
2014-09-23,505877270.0
2014-09-24,240231562.0
2014-09-25,658528490.0
2014-09-26,137280103.0
2014-09-29,461568740.0
2014-09-30,660422190.0
2014-10-01,720964150.0
2014-10-02,341794220.0
2014-10-03,209128284.0
2014-10-06,301101400.0
2014-10-07,626937350.0
2014-10-08,157495801.0
2014-10-09,816752450.0
2014-10-10,773880780.0
2014-10-13,667277580.0
2014-10-14,347045250.0
2014-10-15,692484290.0
2014-10-16,395079670.0
2014-10-17,256613817.0
2014-10-20,167553308.0
2014-10-21,128360143.0
2014-10-22,619538260.0
2014-10-23,178290123.0
2014-10-24,227571711.0
2014-10-27,472597460.0
2014-10-28,99117222.0
2014-10-29,481396270.0
2014-10-30,267732172.0
2014-10-31,178361376.0
2014-11-03,407609380.0
2014-11-04,532302770.0
2014-11-05,300738100.0
2014-11-06,290716130.0
2014-11-07,251290340.0
2014-11-10,322603720.0
2014-11-11,277803890.0
2014-11-12,366280550.0
2014-11-13,450119000.0
2014-11-14,285166340.0
2014-11-17,322364620.0
2014-11-18,241935369.0
2014-11-19,470739510.0
2014-11-20,200647038.0
2014-11-21,217197580.0
2014-11-24,317879430.0
2014-11-25,427023590.0
2014-11-26,253831928.0
2014-11-28,421819800.0
2014-12-01,657768760.0
2014-12-02,334054520.0
2014-12-03,221127028.0
2014-12-04,562989440.0
2014-12-05,366269210.0
2014-12-08,615006660.0
2014-12-09,339828670.0
2014-12-10,836384100.0
2014-12-11,357767750.0
2014-12-12,797064100.0
2014-12-15,799442950.0
2014-12-16,572756920.0
2014-12-17,44431725.0
2014-12-18,96711879.0
2014-12-19,806469490.0
2014-12-22,341019350.0
2014-12-23,203317709.0
2014-12-24,183492360.0
2014-12-26,133247500.0
2014-12-29,211024408.0
2014-12-30,319617140.0
2014-12-31,501426360.0
2015-01-02,315066500.0
2015-01-05,718154540.0
2015-01-06,650666520.0
2015-01-07,177646513.0
2015-01-08,126485542.0
2015-01-09,503570290.0
2015-01-12,510580070.0
2015-01-13,528432960.0
2015-01-14,601649570.0
2015-01-15,602433180.0
2015-01-16,105443223.0
2015-01-20,507817490.0
2015-01-21,198119181.0
2015-01-22,148849416.0
2015-01-23,527455920.0
2015-01-26,222152605.0
2015-01-27,442034850.0
2015-01-28,762363540.0
2015-01-29,317976750.0
2015-01-30,899558700.0
2015-02-02,156807464.0
2015-02-03,106614670.0
2015-02-04,575091610.0
2015-02-05,151164692.0
2015-02-06,519301540.0
2015-02-09,440014320.0
2015-02-10,286709510.0
2015-02-11,421556100.0
2015-02-12,121113875.0
2015-02-13,252208330.0
2015-02-17,323661910.0
2015-02-18,357595020.0
2015-02-19,416171850.0
2015-02-20,256558230.0
2015-02-23,462300330.0
2015-02-24,257447861.0
2015-02-25,312658910.0
2015-02-26,458568750.0
2015-02-27,449980970.0
2015-03-02,338027880.0
2015-03-03,429930530.0
2015-03-04,471655030.0
2015-03-05,333660580.0
2015-03-06,742278130.0
2015-03-09,371873250.0
2015-03-10,726262090.0
2015-03-11,304558120.0
2015-03-12,199471523.0
2015-03-13,562113040.0
2015-03-16,157138218.0
2015-03-17,381228710.0
2015-03-18,131551498.0
2015-03-19,549198000.0
2015-03-20,357436660.0
2015-03-23,289328810.0
2015-03-24,482302680.0
2015-03-25,577648720.0
2015-03-26,531133910.0
2015-03-27,383233360.0
2015-03-30,100043675.0
2015-03-31,632143080.0
2015-04-01,352577520.0
2015-04-02,157188316.0
2015-04-06,227015318.0
2015-04-07,369093930.0
2015-04-08,317372900.0
2015-04-09,298210510.0
2015-04-10,229044729.0
2015-04-13,416618740.0
2015-04-14,221512043.0
2015-04-15,265516785.0
2015-04-16,436362340.0
2015-04-17,710600760.0
2015-04-20,216938365.0
2015-04-21,414245510.0
2015-04-22,206635082.0
2015-04-23,281093290.0
2015-04-24,363253760.0
2015-04-27,479688570.0
2015-04-28,275103630.0
2015-04-29,458433420.0
2015-04-30,780566780.0
2015-05-01,203176386.0
2015-05-04,252078254.0
2015-05-05,618922030.0
2015-05-06,533537330.0
2015-05-07,346618780.0
2015-05-08,113215207.0
2015-05-11,446333450.0
2015-05-12,380825790.0
2015-05-13,326799190.0
2015-05-14,201544507.0
2015-05-15,334638510.0
2015-05-18,287097950.0
2015-05-19,436960820.0
2015-05-20,325568350.0
2015-05-21,284539920.0
2015-05-22,406333300.0
2015-05-26,709882420.0
2015-05-27,159394014.0
2015-05-28,402405170.0
2015-05-29,806437750.0
2015-06-01,315034050.0
2015-06-02,269424590.0
2015-06-03,321518340.0
2015-06-04,608054420.0
2015-06-05,364240330.0
2015-06-08,492201880.0
2015-06-09,357753060.0
2015-06-10,121156871.0
2015-06-11,334554940.0
2015-06-12,484114440.0
2015-06-15,543997260.0
2015-06-16,197676024.0
2015-06-17,272662750.0
2015-06-18,215035456.0
2015-06-19,1328407070.0
2015-06-22,229825072.0
2015-06-23,264562499.0
2015-06-24,571510030.0
2015-06-25,516401130.0
2015-06-26,922559390.0
2015-06-29,812626010.0
2015-06-30,534636060.0
2015-07-01,382988300.0
2015-07-02,365124860.0
2015-07-06,648390730.0
2015-07-07,343911290.0
2015-07-08,407803640.0
2015-07-09,291456060.0
2015-07-10,138666708.0
2015-07-13,135795954.0
2015-07-14,197249833.0
2015-07-15,485904890.0
2015-07-16,250246854.0
2015-07-17,603603180.0
2015-07-20,509306820.0
2015-07-21,457631740.0
2015-07-22,461777030.0
2015-07-23,600128380.0
2015-07-24,701646610.0
2015-07-27,685650900.0
2015-07-28,119132485.0
2015-07-29,158269899.0
2015-07-30,448747240.0
2015-07-31,491140420.0
2015-08-03,566093730.0
2015-08-04,436690940.0
2015-08-05,458858600.0
2015-08-06,476815410.0
2015-08-07,549016770.0
2015-08-10,94049752.0
2015-08-11,622219690.0
2015-08-12,395889020.0
2015-08-13,483256410.0
2015-08-14,226565318.0
2015-08-17,226824211.0
2015-08-18,411654140.0
2015-08-19,679977980.0
2015-08-20,838521140.0
2015-08-21,1252011700.0
2015-08-24,1639443070.0
2015-08-25,1014289660.0
2015-08-26,112016391.0
2015-08-27,53495370.0
2015-08-28,369311630.0
2015-08-31,643625110.0
2015-09-01,1086460720.0
2015-09-02,173537848.0
2015-09-03,249037460.0
2015-09-04,769577520.0
2015-09-08,82720388.0
2015-09-09,781635120.0
2015-09-10,376704150.0
2015-09-11,358099650.0
2015-09-14,505567030.0
2015-09-15,134090896.0
2015-09-16,83264552.0
2015-09-17,520648910.0
2015-09-18,2211794350.0
2015-09-21,328648030.0
2015-09-22,832092450.0
2015-09-23,533603580.0
2015-09-24,591061640.0
2015-09-25,503540980.0
2015-09-28,996847500.0
2015-09-29,444481880.0
2015-09-30,148476896.0
2015-10-01,457555200.0
2015-10-02,157642894.0
2015-10-05,64619423.0
2015-10-06,378612730.0
2015-10-07,206058275.0
2015-10-08,141948181.0
2015-10-09,438730880.0
2015-10-12,435127530.0
2015-10-13,679606740.0
2015-10-14,443198650.0
2015-10-15,189657809.0
2015-10-16,429958450.0
2015-10-19,491508570.0
2015-10-20,326700940.0
2015-10-21,645694000.0
2015-10-22,277722220.0
2015-10-23,383641500.0
2015-10-26,539261210.0
2015-10-27,714733080.0
2015-10-28,220800005.0
2015-10-29,540398740.0
2015-10-30,579106100.0
2015-11-02,138956088.0
2015-11-03,291951360.0
2015-11-04,662512440.0
2015-11-05,468817320.0
2015-11-06,547723210.0
2015-11-09,783774570.0
2015-11-10,358844920.0
2015-11-11,520452760.0
2015-11-12,776064560.0
2015-11-13,617171810.0
2015-11-16,129631451.0
2015-11-17,699526110.0
2015-11-18,83673606.0
2015-11-19,404692520.0
2015-11-20,471164260.0
2015-11-23,457623790.0
2015-11-24,277544250.0
2015-11-25,338070390.0
2015-11-27,201438819.0
2015-11-30,829467520.0
2015-12-01,185661018.0
2015-12-02,736400980.0
2015-12-03,759328460.0
2015-12-04,324289800.0
2015-12-07,761580190.0
2015-12-08,690703340.0
2015-12-09,519078560.0
2015-12-10,337789470.0
2015-12-11,939042280.0
2015-12-14,600161720.0
2015-12-15,155668938.0
2015-12-16,166578859.0
2015-12-17,799562270.0
2015-12-18,1903550340.0
2015-12-21,281417820.0
2015-12-22,132367240.0
2015-12-23,52163699.0
2015-12-24,221109844.0
2015-12-28,431114110.0
2015-12-29,118799076.0
2015-12-30,478668500.0
2015-12-31,479582860.0
2016-01-04,804096050.0
2016-01-05,383242790.0
2016-01-06,874642690.0
2016-01-07,1031412810.0
2016-01-08,840972620.0
2016-01-11,626280690.0
2016-01-12,540931860.0
2016-01-13,1037076670.0
2016-01-14,273808720.0
2016-01-15,1350831700.0
2016-01-19,801408390.0
2016-01-20,1061177330.0
2016-01-21,391255790.0
2016-01-22,161489854.0
2016-01-25,944716230.0
2016-01-26,95235612.0
2016-01-27,587868090.0
2016-01-28,460992090.0
2016-01-29,125578809.0
2016-02-01,544832590.0
2016-02-02,934395550.0
2016-02-03,364072980.0
2016-02-04,333186440.0
2016-02-05,860506120.0
2016-02-08,1072038890.0
2016-02-09,725174900.0
2016-02-10,570968950.0
2016-02-11,1053282970.0
2016-02-12,150484674.0
2016-02-16,181156156.0
2016-02-17,130313614.0
2016-02-18,628383780.0
2016-02-19,738597840.0
2016-02-22,92587833.0
2016-02-23,716019460.0
2016-02-24,411424880.0
2016-02-25,229218744.0
2016-02-26,371786160.0
2016-02-29,697777710.0
2016-03-01,233976690.0
2016-03-02,174738153.0
2016-03-03,203876776.0
2016-03-04,359685930.0
2016-03-07,318218390.0
2016-03-08,922927260.0
2016-03-09,298065040.0
2016-03-10,497470660.0
2016-03-11,140756607.0
2016-03-14,525790120.0
2016-03-15,594595110.0
2016-03-16,237196833.0
2016-03-17,202004896.0
2016-03-18,1049163000.0
2016-03-21,374562110.0
2016-03-22,480696070.0
2016-03-23,721649370.0
2016-03-24,375345260.0
2016-03-28,315723600.0
2016-03-29,247796774.0
2016-03-30,258124063.0
2016-03-31,473998060.0
2016-04-01,440771900.0
2016-04-04,590058170.0
2016-04-05,740861170.0
2016-04-06,192691944.0
2016-04-07,735421450.0
2016-04-08,194834711.0
2016-04-11,344353440.0
2016-04-12,123587248.0
2016-04-13,226700832.0
2016-04-14,474693060.0
2016-04-15,506952790.0
2016-04-18,205854852.0
2016-04-19,177547573.0
2016-04-20,367521120.0
2016-04-21,669276830.0
2016-04-22,307844960.0
2016-04-25,640167680.0
2016-04-26,191089316.0
2016-04-27,219805240.0
2016-04-28,682395680.0
2016-04-29,751060170.0
2016-05-02,416706250.0
2016-05-03,824284050.0
2016-05-04,711451580.0
2016-05-05,556719540.0
2016-05-06,311591350.0
2016-05-09,574749200.0
2016-05-10,139182308.0
2016-05-11,586792190.0
2016-05-12,549940350.0
2016-05-13,713003580.0
2016-05-16,138848275.0
2016-05-17,631849670.0
2016-05-18,496175000.0
2016-05-19,587862550.0
2016-05-20,233181460.0
2016-05-23,471547750.0
2016-05-24,221381496.0
2016-05-25,187024077.0
2016-05-26,433368240.0
2016-05-27,277729280.0
2016-05-31,676841270.0
2016-06-01,309569760.0
2016-06-02,353741480.0
2016-06-03,443290360.0
2016-06-06,202388501.0
2016-06-07,320221260.0
2016-06-08,268799660.0
2016-06-09,531140430.0
2016-06-10,725629430.0
2016-06-13,683917300.0
2016-06-14,632115000.0
2016-06-15,326129240.0
2016-06-16,470039400.0
2016-06-17,766876470.0
2016-06-20,169630905.0
2016-06-21,308615050.0
2016-06-22,507871670.0
2016-06-23,79369878.0
2016-06-24,2278270440.0
2016-06-27,1088528310.0
2016-06-28,100570768.0
2016-06-29,96539166.0
2016-06-30,277626200.0
2016-07-01,280591210.0
2016-07-05,755954850.0
2016-07-06,300765170.0
2016-07-07,420913410.0
2016-07-08,45468734.0
2016-07-11,200720434.0
2016-07-12,202126108.0
2016-07-13,424861600.0
2016-07-14,258403674.0
2016-07-15,416606680.0
2016-07-18,209435038.0
2016-07-19,435604850.0
2016-07-20,260526867.0
2016-07-21,478812240.0
2016-07-22,228371509.0
2016-07-25,487079670.0
2016-07-26,259616292.0
2016-07-27,581433260.0
2016-07-28,420104280.0
2016-07-29,435500340.0
2016-08-01,555999620.0
2016-08-02,677678850.0
2016-08-03,230075429.0
2016-08-04,349074490.0
2016-08-05,222502274.0
2016-08-08,301147510.0
2016-08-09,341752020.0
2016-08-10,458688010.0
2016-08-11,187026184.0
2016-08-12,370006210.0
2016-08-15,183173341.0
2016-08-16,484455240.0
2016-08-17,393712850.0
2016-08-18,232031591.0
2016-08-19,468616560.0
2016-08-22,426520680.0
2016-08-23,231374446.0
2016-08-24,565077710.0
2016-08-25,286942310.0
2016-08-26,485889270.0
2016-08-29,107672601.0
2016-08-30,391770030.0
2016-08-31,647491750.0
2016-09-01,436503580.0
2016-09-02,115114513.0
2016-09-06,284274120.0
2016-09-07,313156170.0
2016-09-08,392637830.0
2016-09-09,1023211860.0
2016-09-12,134264261.0
2016-09-13,964556560.0
2016-09-14,558470290.0
2016-09-15,147570385.0
2016-09-16,1465263100.0
2016-09-19,268901400.0
2016-09-20,446715180.0
2016-09-21,80495088.0
2016-09-22,189835854.0
2016-09-23,575138650.0
2016-09-26,580686940.0
2016-09-27,358993840.0
2016-09-28,159953723.0
2016-09-29,703617510.0
2016-09-30,291343220.0
2016-10-03,475427970.0
2016-10-04,605712240.0
2016-10-05,291301020.0
2016-10-06,433071670.0
2016-10-07,624154430.0
2016-10-10,167992436.0
2016-10-11,715479490.0
2016-10-12,305953080.0
2016-10-13,545128780.0
2016-10-14,412738150.0
2016-10-17,422017080.0
2016-10-18,152308713.0
2016-10-19,184287609.0
2016-10-20,355309290.0
2016-10-21,477067450.0
2016-10-24,333742580.0
2016-10-25,520128890.0
2016-10-26,465754740.0
2016-10-27,589005910.0
2016-10-28,557842310.0
2016-10-31,481745890.0
2016-11-01,716495740.0
2016-11-02,769568300.0
2016-11-03,483786780.0
2016-11-04,442271390.0
2016-11-07,73987087.0
2016-11-08,364220800.0
2016-11-09,369308170.0
2016-11-10,576292540.0
2016-11-11,531008960.0
2016-11-14,378818810.0
2016-11-15,292075470.0
2016-11-16,540161510.0
2016-11-17,345059660.0
2016-11-18,501380100.0
2016-11-21,178526615.0
2016-11-22,333718210.0
2016-11-23,309421770.0
2016-11-25,137414922.0
2016-11-28,568785990.0
2016-11-29,510604840.0
2016-11-30,759793330.0
2016-12-01,583683810.0
2016-12-02,396038630.0
2016-12-05,218379999.0
2016-12-06,236293977.0
2016-12-07,208502462.0
2016-12-08,336676860.0
2016-12-09,374518400.0
2016-12-12,715622290.0
2016-12-13,386234990.0
2016-12-14,1053225490.0
2016-12-15,452681200.0
2016-12-16,1514927150.0
2016-12-19,421271510.0
2016-12-20,280107960.0
2016-12-21,553684660.0
2016-12-22,549301190.0
2016-12-23,214523259.0
2016-12-27,164001911.0
2016-12-28,598242390.0
2016-12-29,309628170.0
2016-12-30,714406360.0
2017-01-03,274177970.0
2017-01-04,179214591.0
2017-01-05,634455300.0
2017-01-06,481830390.0
2017-01-09,754776180.0
2017-01-10,476799200.0
2017-01-11,425550900.0
2017-01-12,568346250.0
2017-01-13,428070960.0
2017-01-17,628682290.0
2017-01-18,420895530.0
2017-01-19,612140970.0
2017-01-20,377563890.0
2017-01-23,547607530.0
2017-01-24,244081716.0
2017-01-25,289970070.0
2017-01-26,558971090.0
2017-01-27,497147690.0
2017-01-30,785955160.0
2017-01-31,626547940.0
2017-02-01,570388980.0
2017-02-02,449622790.0
2017-02-03,209829490.0
2017-02-06,626970180.0
2017-02-07,617057790.0
2017-02-08,430384430.0
2017-02-09,291140330.0
2017-02-10,280858660.0
2017-02-13,297815260.0
2017-02-14,322707940.0
2017-02-15,359200050.0
2017-02-16,609043120.0
2017-02-17,558552860.0
2017-02-21,213070038.0
2017-02-22,618371920.0
2017-02-23,594559630.0
2017-02-24,682855450.0
2017-02-27,358811000.0
2017-02-28,1134742990.0
2017-03-01,286578080.0
2017-03-02,719467340.0
2017-03-03,414258640.0
2017-03-06,726335770.0
2017-03-07,718458470.0
2017-03-08,669644290.0
2017-03-09,599726450.0
2017-03-10,309946390.0
2017-03-13,364645270.0
2017-03-14,624567050.0
2017-03-15,159179214.0
2017-03-16,481590390.0
2017-03-17,1822430030.0
2017-03-20,563129880.0
2017-03-21,1004443840.0
2017-03-22,506620120.0
2017-03-23,424466980.0
2017-03-24,478975780.0
2017-03-27,501562030.0
2017-03-28,203855523.0
2017-03-29,279448450.0
2017-03-30,405793390.0
2017-03-31,677759990.0
2017-04-03,788613670.0
2017-04-04,452149320.0
2017-04-05,813918150.0
2017-04-06,266062231.0
2017-04-07,584521320.0
2017-04-10,281827860.0
2017-04-11,382540430.0
2017-04-12,622299490.0
2017-04-13,771872750.0
2017-04-17,143962215.0
2017-04-18,527129670.0
2017-04-19,594428320.0
2017-04-20,269487960.0
2017-04-21,738831030.0
2017-04-24,252802148.0
2017-04-25,325977150.0
2017-04-26,523362240.0
2017-04-27,765421800.0
2017-04-28,859838440.0
2017-05-01,426187450.0
2017-05-02,533884820.0
2017-05-03,603479070.0
2017-05-04,734855980.0
2017-05-05,192507787.0
2017-05-08,550496470.0
2017-05-09,558210480.0
2017-05-10,232599248.0
2017-05-11,649634670.0
2017-05-12,572004420.0
2017-05-15,221650726.0
2017-05-16,540065310.0
2017-05-17,953967270.0
2017-05-18,591793370.0
2017-05-19,189608389.0
2017-05-22,347875150.0
2017-05-23,364903210.0
2017-05-24,458255010.0
2017-05-25,521431820.0
2017-05-26,346983680.0
2017-05-30,485026560.0
2017-05-31,811094090.0
2017-06-01,206719226.0
2017-06-02,453165900.0
2017-06-05,400054850.0
2017-06-06,414170170.0
2017-06-07,476667820.0
2017-06-08,447634170.0
2017-06-09,319926970.0
2017-06-12,417165320.0
2017-06-13,229412378.0
2017-06-14,554424240.0
2017-06-15,565642510.0
2017-06-16,1114936290.0
2017-06-19,267539219.0
2017-06-20,653271860.0
2017-06-21,572388980.0
2017-06-22,337416140.0
2017-06-23,678903230.0
2017-06-26,233906648.0
2017-06-27,560573090.0
2017-06-28,172753504.0
2017-06-29,553653760.0
2017-06-30,386776130.0
2017-07-03,136132742.0
2017-07-05,556776180.0
2017-07-06,748612810.0
2017-07-07,287852740.0
2017-07-10,349463680.0
2017-07-11,339118150.0
2017-07-12,202873538.0
2017-07-13,282816580.0
2017-07-14,185035659.0
2017-07-17,290320320.0
2017-07-18,402659160.0
2017-07-19,129464406.0
2017-07-20,420563420.0
2017-07-21,495232550.0
2017-07-24,498556750.0
2017-07-25,290325490.0
2017-07-26,462410010.0
2017-07-27,473104530.0
2017-07-28,416673930.0
2017-07-31,441678290.0
2017-08-01,363435180.0
2017-08-02,489174070.0
2017-08-03,496848860.0
2017-08-04,286048910.0
2017-08-07,382358150.0
2017-08-08,484797700.0
2017-08-09,504806480.0
2017-08-10,743835000.0
2017-08-11,413001370.0
2017-08-14,190541785.0
2017-08-15,414156960.0
2017-08-16,297807360.0
2017-08-17,676027020.0
2017-08-18,477596370.0
2017-08-21,367588140.0
2017-08-22,164863455.0
2017-08-23,283007660.0
2017-08-24,351049500.0
2017-08-25,214267204.0
2017-08-28,424251380.0
2017-08-29,360155490.0
2017-08-30,284379600.0
2017-08-31,236121021.0
2017-09-01,151148960.0
2017-09-05,550361100.0
2017-09-06,254624258.0
2017-09-07,382213810.0
2017-09-08,481822990.0
2017-09-11,148494190.0
2017-09-12,208132910.0
2017-09-13,326334270.0
2017-09-14,398456370.0
2017-09-15,866981660.0
2017-09-18,322829740.0
2017-09-19,373982220.0
2017-09-20,342302890.0
2017-09-21,415778240.0
2017-09-22,262463410.0
2017-09-25,343119150.0
2017-09-26,346956180.0
2017-09-27,323019240.0
2017-09-28,328265780.0
2017-09-29,410624210.0
2017-10-02,245311947.0
2017-10-03,243780891.0
2017-10-04,373735140.0
2017-10-05,239768256.0
2017-10-06,444004090.0
2017-10-09,373544410.0
2017-10-10,255330571.0
2017-10-11,339546740.0
2017-10-12,450026490.0
2017-10-13,332961330.0
2017-10-16,349134370.0
2017-10-17,376869570.0
2017-10-18,334581340.0
2017-10-19,321439190.0
2017-10-20,324651860.0
2017-10-23,556697970.0
2017-10-24,326535280.0
2017-10-25,670761940.0
2017-10-26,419192500.0
2017-10-27,358961620.0
2017-10-30,537945290.0
2017-10-31,419905570.0
2017-11-01,357957260.0
2017-11-02,503186300.0
2017-11-03,405600360.0
2017-11-06,313179230.0
2017-11-07,535666350.0
2017-11-08,424797290.0
2017-11-09,468159030.0
2017-11-10,443241000.0
2017-11-13,442977770.0
2017-11-14,565068610.0
2017-11-15,510061510.0
2017-11-16,212260161.0
2017-11-17,314691660.0
2017-11-20,309793260.0
2017-11-21,322040650.0
2017-11-22,275740800.0
2017-11-24,142197715.0
2017-11-27,460968610.0
2017-11-28,179027535.0
2017-11-29,339397380.0
2017-11-30,573661150.0
2017-12-01,412952730.0
2017-12-04,402829890.0
2017-12-05,647697760.0
2017-12-06,514597200.0
2017-12-07,278770070.0
2017-12-08,182876721.0
2017-12-11,288842380.0
2017-12-12,367659470.0
2017-12-13,441472570.0
2017-12-14,586922060.0
2017-12-15,537933050.0
2017-12-18,203366230.0
2017-12-19,529454860.0
2017-12-20,350082780.0
2017-12-21,217810900.0
2017-12-22,284465940.0
2017-12-26,179550278.0
2017-12-27,281579250.0
2017-12-28,152683236.0
2017-12-29,474036450.0
2018-01-02,210011698.0
2018-01-03,301066130.0
2018-01-04,335804650.0
2018-01-05,288233170.0
2018-01-08,356578200.0
2018-01-09,432974250.0
2018-01-10,384338770.0
2018-01-11,140542524.0
2018-01-12,308433400.0
2018-01-16,719610360.0
2018-01-17,289242820.0
2018-01-18,576715130.0
2018-01-19,363614140.0
2018-01-22,248065346.0
2018-01-23,372321980.0
2018-01-24,413931900.0
2018-01-25,498263540.0
2018-01-26,226740906.0
2018-01-29,625983840.0
2018-01-30,753725830.0
2018-01-31,536112490.0
2018-02-01,445602180.0
2018-02-02,942884100.0
2018-02-05,1276512130.0
2018-02-06,283063770.0
2018-02-07,632199910.0
2018-02-08,1111772570.0
2018-02-09,373720080.0
2018-02-12,181722668.0
2018-02-13,365181280.0
2018-02-14,159704003.0
2018-02-15,219926426.0
2018-02-16,414241870.0
2018-02-20,590571980.0
2018-02-21,633687060.0
2018-02-22,361495270.0
2018-02-23,109529223.0
2018-02-26,220550170.0
2018-02-27,786827150.0
2018-02-28,881579660.0
2018-03-01,650959560.0
2018-03-02,426644040.0
2018-03-05,150759050.0
2018-03-06,290884480.0
2018-03-07,472071000.0
2018-03-08,328091070.0
2018-03-09,149185514.0
2018-03-12,324285210.0
2018-03-13,522902020.0
2018-03-14,526560680.0
2018-03-15,522520940.0
2018-03-16,668479120.0
2018-03-19,749574190.0
2018-03-20,428777860.0
2018-03-21,316842920.0
2018-03-22,851232150.0
2018-03-23,816928280.0
2018-03-26,118530776.0
2018-03-27,698621740.0
2018-03-28,452865250.0
2018-03-29,190630155.0
2018-04-02,828823750.0
2018-04-03,153215955.0
2018-04-04,206138433.0
2018-04-05,151283583.0
2018-04-06,800805410.0
2018-04-09,392514150.0
2018-04-10,116085363.0
2018-04-11,369108590.0
2018-04-12,310911200.0
2018-04-13,408542530.0
2018-04-16,196550777.0
2018-04-17,167442967.0
2018-04-18,300451200.0
2018-04-19,451319780.0
2018-04-20,612323220.0
2018-04-23,340735850.0
2018-04-24,527981470.0
2018-04-25,378731580.0
2018-04-26,282926570.0
2018-04-27,310082530.0
2018-04-30,714922860.0
2018-05-01,438921610.0
2018-05-02,547032050.0
2018-05-03,521565710.0
2018-05-04,131168120.0
2018-05-07,294180670.0
2018-05-08,412747650.0
2018-05-09,312203430.0
2018-05-10,164132283.0
2018-05-11,329344010.0
2018-05-14,350689520.0
2018-05-15,472624590.0
2018-05-16,237792309.0
2018-05-17,327920320.0
2018-05-18,526424420.0
2018-05-21,201990446.0
2018-05-22,487861020.0
2018-05-23,434755800.0
2018-05-24,446581540.0
2018-05-25,455067690.0
2018-05-29,686000140.0
2018-05-30,99717742.0
2018-05-31,1000653830.0
2018-06-01,264848741.0
2018-06-04,327054940.0
2018-06-05,416045000.0
2018-06-06,259734452.0
2018-06-07,406369250.0
2018-06-08,247377789.0
2018-06-11,304440950.0
2018-06-12,371567290.0
2018-06-13,663326570.0
2018-06-14,449669140.0
2018-06-15,1372987600.0
2018-06-18,342809720.0
2018-06-19,548140830.0
2018-06-20,312007040.0
2018-06-21,554195790.0
2018-06-22,783828070.0
2018-06-25,711052010.0
2018-06-26,331876590.0
2018-06-27,623877510.0
2018-06-28,282624710.0
2018-06-29,458716550.0
2018-07-02,387173190.0
2018-07-03,180540067.0
2018-07-05,179101013.0
2018-07-06,114114559.0
2018-07-09,220287008.0
2018-07-10,283246470.0
2018-07-11,552061870.0
2018-07-12,238379052.0
2018-07-13,329157890.0
2018-07-16,428649640.0
2018-07-17,271694770.0
2018-07-18,306588810.0
2018-07-19,385000660.0
2018-07-20,436509710.0
2018-07-23,345675740.0
2018-07-24,329336080.0
2018-07-25,276710020.0
2018-07-26,347179160.0
2018-07-27,448382290.0
2018-07-30,324914190.0
2018-07-31,375921130.0
2018-08-01,520122520.0
2018-08-02,327543900.0
2018-08-03,227621674.0
2018-08-06,283012770.0
2018-08-07,328903260.0
2018-08-08,371140550.0
2018-08-09,359955680.0
2018-08-10,546028300.0
2018-08-13,563792510.0
2018-08-14,163902345.0
2018-08-15,608439820.0
2018-08-16,178809774.0
2018-08-17,150307354.0
2018-08-20,190945354.0
2018-08-21,287639800.0
2018-08-22,289637570.0
2018-08-23,434520480.0
2018-08-24,182014772.0
2018-08-27,173947588.0
2018-08-28,359494370.0
2018-08-29,243728586.0
2018-08-30,458110460.0
2018-08-31,417409940.0
2018-09-04,503572080.0
2018-09-05,368588190.0
2018-09-06,479893110.0
2018-09-07,417723600.0
2018-09-10,311779540.0
2018-09-11,304643150.0
2018-09-12,268162275.0
2018-09-13,336250310.0
2018-09-14,343011530.0
2018-09-17,347075520.0
2018-09-18,236747915.0
2018-09-19,310114670.0
2018-09-20,157674269.0
2018-09-21,1164339760.0
2018-09-24,606026920.0
2018-09-25,455306480.0
2018-09-26,586287470.0
2018-09-27,354159960.0
2018-09-28,456895820.0
2018-10-01,357089170.0
2018-10-02,416546190.0
2018-10-03,331500630.0
2018-10-04,507880340.0
2018-10-05,522140110.0
2018-10-08,257621214.0
2018-10-09,460686520.0
2018-10-10,973037960.0
2018-10-11,984297460.0
2018-10-12,340874460.0
2018-10-15,341917020.0
2018-10-16,118667873.0
2018-10-17,435118260.0
2018-10-18,672265240.0
2018-10-19,424414970.0
2018-10-22,487311830.0
2018-10-23,662934100.0
2018-10-24,935288220.0
2018-10-25,306013320.0
2018-10-26,831268890.0
2018-10-29,639932100.0
2018-10-30,250604379.0
2018-10-31,492273310.0
2018-11-01,290133660.0
2018-11-02,552249190.0
2018-11-05,276631950.0
2018-11-06,280523790.0
2018-11-07,207031780.0
2018-11-08,526624680.0
2018-11-09,639387840.0
2018-11-12,704369430.0
2018-11-13,489335020.0
2018-11-14,597010290.0
2018-11-15,327944450.0
2018-11-16,455104420.0
2018-11-19,589588010.0
2018-11-20,883579190.0
2018-11-21,178471790.0
2018-11-23,288761510.0
2018-11-26,221172814.0
2018-11-27,431336650.0
2018-11-28,96840189.0
2018-11-29,452910770.0
2018-11-30,634413360.0
2018-12-03,227860589.0
2018-12-04,1056580550.0
2018-12-06,809437840.0
2018-12-07,825310390.0
2018-12-10,737216370.0
2018-12-11,504473720.0
2018-12-12,286921190.0
2018-12-13,528510540.0
2018-12-14,796609930.0
2018-12-17,991927270.0
2018-12-18,560288870.0
2018-12-19,968005460.0
2018-12-20,1133186560.0
2018-12-21,2809101100.0
2018-12-24,574042570.0
2018-12-26,36416163.0
2018-12-27,377385310.0
2018-12-28,427616850.0
2018-12-31,305031420.0
2019-01-02,307130430.0
2019-01-03,637631480.0
2019-01-04,45373726.0
2019-01-07,212398710.0
2019-01-08,279449540.0
2019-01-09,237643338.0
2019-01-10,381181550.0
2019-01-11,320022070.0
2019-01-14,500043770.0
2019-01-15,329914950.0
2019-01-16,318089110.0
2019-01-17,246399020.0
2019-01-18,159053636.0
2019-01-22,820555400.0
2019-01-23,401018910.0
2019-01-24,277394620.0
2019-01-25,189437602.0
2019-01-28,484272900.0
2019-01-29,298017130.0
2019-01-30,163010111.0
2019-01-31,499269730.0
2019-02-01,390590050.0
2019-02-04,230562978.0
2019-02-05,313220400.0
2019-02-06,508879870.0
2019-02-07,679476820.0
2019-02-08,446102430.0
2019-02-11,315001290.0
2019-02-12,186136621.0
2019-02-13,299011650.0
2019-02-14,440934840.0
2019-02-15,142321097.0
2019-02-19,287512110.0
2019-02-20,363824050.0
2019-02-21,574975570.0
2019-02-22,253973009.0
2019-02-25,413281000.0
2019-02-26,495686610.0
2019-02-27,374958860.0
2019-02-28,746505560.0
2019-03-01,342800800.0
2019-03-04,559419620.0
2019-03-05,484930570.0
2019-03-06,748647450.0
2019-03-07,650713000.0
2019-03-08,462559590.0
2019-03-11,142491940.0
2019-03-12,308134930.0
2019-03-13,204568534.0
2019-03-14,500929130.0
2019-03-15,1108680180.0
2019-03-18,271475290.0
2019-03-19,551015750.0
2019-03-20,546688200.0
2019-03-21,292331510.0
2019-03-22,909366060.0
2019-03-25,402941310.0
2019-03-26,146213457.0
2019-03-27,533225680.0
2019-03-28,253536151.0
2019-03-29,358747770.0
2019-04-01,184059809.0
2019-04-02,397707110.0
2019-04-03,415437390.0
2019-04-04,198396718.0
2019-04-05,182484637.0
2019-04-08,311815160.0
2019-04-09,561557500.0
2019-04-10,282806770.0
2019-04-11,377023250.0
2019-04-12,294200800.0
2019-04-15,439790730.0
2019-04-16,326548020.0
2019-04-17,504365270.0
2019-04-18,402607820.0
2019-04-22,401652210.0
2019-04-23,212218308.0
2019-04-24,469308780.0
2019-04-25,519010610.0
2019-04-26,215359682.0
2019-04-29,333998080.0
2019-04-30,469151260.0
2019-05-01,673978110.0
2019-05-02,485418390.0
2019-05-03,125594464.0
2019-05-06,510933510.0
2019-05-07,778679450.0
2019-05-08,439572050.0
2019-05-09,519214340.0
2019-05-10,387081380.0
2019-05-13,840702300.0
2019-05-14,161611293.0
2019-05-15,291594390.0
2019-05-16,239409472.0
2019-05-17,637610110.0
2019-05-20,471662610.0
2019-05-21,121175440.0
2019-05-22,456204770.0
2019-05-23,681799580.0
2019-05-24,236919755.0
2019-05-28,1077101910.0
2019-05-29,548030450.0
2019-05-30,382475530.0
2019-05-31,722872320.0
2019-06-03,255654326.0
2019-06-04,99832802.0
2019-06-05,443416230.0
2019-06-06,290372070.0
2019-06-07,227225873.0
2019-06-10,320807550.0
2019-06-11,296417070.0
2019-06-12,403583490.0
2019-06-13,162674580.0
2019-06-14,447938460.0
2019-06-17,305473850.0
2019-06-18,160470035.0
2019-06-19,325972590.0
2019-06-20,189797083.0
2019-06-21,1280517650.0
2019-06-24,501646290.0
2019-06-25,626724320.0
2019-06-26,374761550.0
2019-06-27,217104310.0
2019-06-28,434319090.0
2019-07-01,302164300.0
2019-07-02,370370780.0
2019-07-03,116136949.0
2019-07-05,241446484.0
2019-07-08,492918000.0
2019-07-09,302648240.0
2019-07-10,261683996.0
2019-07-11,356729820.0
2019-07-12,215159200.0
2019-07-15,390261790.0
2019-07-16,397377260.0
2019-07-17,485372540.0
2019-07-18,319371690.0
2019-07-19,478021090.0
2019-07-22,358313840.0
2019-07-23,203267019.0
2019-07-24,210441839.0
2019-07-25,617823400.0
2019-07-26,228802788.0
2019-07-29,434422790.0
2019-07-30,332582720.0
2019-07-31,931954680.0
2019-08-01,773019680.0
2019-08-02,584454890.0
2019-08-05,1011896250.0
2019-08-06,308780480.0
2019-08-07,513308210.0
2019-08-08,129465028.0
2019-08-09,582844350.0
2019-08-12,469115720.0
2019-08-13,224253262.0
2019-08-14,935190590.0
2019-08-15,508596230.0
2019-08-16,82472084.0
2019-08-19,168239905.0
2019-08-20,499419780.0
2019-08-21,191169939.0
2019-08-22,344336740.0
2019-08-23,897330880.0
2019-08-26,181460906.0
2019-08-27,599083420.0
2019-08-28,119279663.0
2019-08-29,108665323.0
2019-08-30,318421070.0
2019-09-03,567939740.0
2019-09-04,89840374.0
2019-09-05,205021860.0
2019-09-06,331139920.0
2019-09-09,266097684.0
2019-09-10,337876940.0
2019-09-11,201488195.0
2019-09-12,451699960.0
2019-09-13,373527830.0
2019-09-16,382527580.0
2019-09-17,506616140.0
2019-09-18,539485740.0
2019-09-19,446506910.0
2019-09-20,1498440160.0
2019-09-23,378926950.0
2019-09-24,749503850.0
2019-09-25,294186910.0
2019-09-26,469534040.0
2019-09-27,437394380.0
2019-09-30,407511390.0
2019-10-01,670149490.0
2019-10-02,794840980.0
2019-10-03,244842936.0
2019-10-04,159357435.0
2019-10-07,535845800.0
2019-10-08,688126030.0
2019-10-09,185859024.0
2019-10-10,230917603.0
2019-10-11,137383243.0
2019-10-14,374008010.0
2019-10-15,181515133.0
2019-10-16,381255430.0
2019-10-17,241326714.0
2019-10-18,417875360.0
2019-10-21,228956622.0
2019-10-22,298420620.0
2019-10-23,239741226.0
2019-10-24,490193820.0
2019-10-25,255365731.0
2019-10-28,341664950.0
2019-10-29,358892700.0
2019-10-30,402530120.0
2019-10-31,785467470.0
2019-11-01,169964698.0
2019-11-04,300843550.0
2019-11-05,475045540.0
2019-11-06,573135490.0
2019-11-07,415611400.0
2019-11-08,359394380.0
2019-11-11,444513730.0
2019-11-12,448408580.0
2019-11-13,466194280.0
2019-11-14,379284370.0
2019-11-15,190533833.0
2019-11-18,476399670.0
2019-11-19,477697970.0
2019-11-20,617483980.0
2019-11-21,385068700.0
2019-11-22,239129877.0
2019-11-25,208020822.0
2019-11-26,694401870.0
2019-11-27,191796098.0
2019-11-29,365057550.0
2019-12-02,543411030.0
2019-12-03,562272070.0
2019-12-04,236743322.0
2019-12-05,353395020.0
2019-12-06,166966295.0
2019-12-09,426071940.0
2019-12-10,364404510.0
2019-12-11,317471370.0
2019-12-12,216652339.0
2019-12-13,480620210.0
2019-12-16,278126470.0
2019-12-17,380183190.0
2019-12-18,382883130.0
2019-12-19,381037120.0
2019-12-20,984257630.0
2019-12-23,346491960.0
2019-12-24,135466793.0
2019-12-26,153146945.0
2019-12-27,370670270.0
2019-12-30,390588320.0
2019-12-31,183867014.0
2020-01-02,383536710.0
2020-01-03,583677670.0
2020-01-06,439822490.0
2020-01-07,439373970.0
2020-01-08,413696380.0
2020-01-09,389633630.0
2020-01-10,451639100.0
2020-01-13,261908496.0
2020-01-14,376052270.0
2020-01-15,414565480.0
2020-01-16,211933192.0
2020-01-17,471223180.0
2020-01-21,681747480.0
2020-01-22,479161560.0
2020-01-23,482270810.0
2020-01-24,738585960.0
2020-01-27,854872080.0
2020-01-28,206546259.0
2020-01-29,461391180.0
2020-01-30,404359120.0
2020-01-31,1169058480.0
2020-02-03,356766590.0
2020-02-04,197632564.0
2020-02-05,243436963.0
2020-02-06,489460480.0
2020-02-07,614962420.0
2020-02-10,402381890.0
2020-02-11,229906121.0
2020-02-12,301108640.0
2020-02-13,465911690.0
2020-02-14,470074410.0
2020-02-18,554211320.0
2020-02-19,305162600.0
2020-02-20,419148250.0
2020-02-21,741219430.0
2020-02-24,1105899130.0
2020-02-25,1228488420.0
2020-02-26,1045672280.0
2020-02-27,1647131890.0
2020-02-28,1656717980.0
2020-03-02,365294890.0
2020-03-03,1358960010.0
2020-03-04,181583434.0
2020-03-05,1287830780.0
2020-03-06,1338462430.0
2020-03-09,2025383790.0
2020-03-10,190319935.0
2020-03-11,1699432220.0
2020-03-12,2002054230.0
2020-03-13,150079450.0
2020-03-16,1768288500.0
2020-03-17,615708670.0
2020-03-18,1795717050.0
2020-03-19,473142550.0
2020-03-20,1733206560.0
2020-03-23,1170974780.0
2020-03-24,95373761.0
2020-03-25,369375338.0
2020-03-26,238172671.0
2020-03-27,1142049080.0
2020-03-30,554294381.0
2020-03-31,1002500820.0
2020-04-01,1202152400.0
2020-04-02,484308388.0
2020-04-03,933585459.0
2020-04-06,115908236.0
2020-04-07,439204351.0
2020-04-08,82891949.0
2020-04-09,317851851.0
2020-04-13,829131445.0
2020-04-14,408720272.0
2020-04-15,1002813510.0
2020-04-16,771400035.0
2020-04-17,171109798.0
2020-04-20,841029012.0
2020-04-21,839897151.0
2020-04-22,289054466.0
2020-04-23,351652671.0
2020-04-24,418078439.0
2020-04-27,159348220.0
2020-04-28,231704029.0
2020-04-29,188221333.0
2020-04-30,1133006500.0
2020-05-01,840026698.0
2020-05-04,526327303.0
2020-05-05,484912002.0
2020-05-06,718756996.0
2020-05-07,249040605.0
2020-05-08,90379295.0
2020-05-11,741485242.0
2020-05-12,754173948.0
2020-05-13,1007397410.0
2020-05-14,317761329.0
2020-05-15,604998764.0
2020-05-18,107529178.0
2020-05-19,635332760.0
2020-05-20,192389035.0
2020-05-21,508359951.0
2020-05-22,383725234.0
2020-05-26,196449899.0
2020-05-27,194181831.0
2020-05-28,754134938.0
2020-05-29,1562065470.0
2020-06-01,172202468.0
2020-06-02,203008979.0
2020-06-03,154891450.0
2020-06-04,374730447.0
2020-06-05,145941375.0
2020-06-08,125283154.0
2020-06-09,1022511110.0
2020-06-10,996920267.0
2020-06-11,1311033890.0
2020-06-12,141407295.0
2020-06-15,395748526.0
2020-06-16,185064518.0
2020-06-17,761168936.0
2020-06-18,515343721.0
2020-06-19,2518086070.0
2020-06-22,485788085.0
2020-06-23,452069091.0
2020-06-24,1041342320.0
2020-06-25,215992140.0
2020-06-26,2664316470.0
2020-06-29,116220538.0
2020-06-30,333235945.0
2020-07-01,550243625.0
2020-07-02,269091641.0
2020-07-06,205626094.0
2020-07-07,690745862.0
2020-07-08,389010198.0
2020-07-09,748161617.0
2020-07-10,151539037.0
2020-07-13,651207617.0
2020-07-14,218103690.0
2020-07-15,121151589.0
2020-07-16,470703127.0
2020-07-17,468201392.0
2020-07-20,465672584.0
2020-07-21,165266218.0
2020-07-22,323132178.0
2020-07-23,473901914.0
2020-07-24,484340668.0
2020-07-27,332657137.0
2020-07-28,382297510.0
2020-07-29,204138975.0
2020-07-30,622317616.0
2020-07-31,817172062.0
2020-08-03,342104775.0
2020-08-04,266076689.0
2020-08-05,247021206.0
2020-08-06,421904936.0
2020-08-07,329047781.0
2020-08-10,203735386.0
2020-08-11,471028441.0
2020-08-12,341114724.0
2020-08-13,449287923.0
2020-08-14,311910603.0
2020-08-17,407099936.0
2020-08-18,496434958.0
2020-08-19,468154549.0
2020-08-20,458111081.0
2020-08-21,528250134.0
2020-08-24,128819631.0
2020-08-25,356410219.0
2020-08-26,438964187.0
2020-08-27,279179260.0
2020-08-28,158931251.0
2020-08-31,828565388.0
2020-09-01,337404553.0
2020-09-02,253447669.0
2020-09-03,750602446.0
2020-09-04,505377360.0
2020-09-08,809283755.0
2020-09-09,237687229.0
2020-09-10,742847130.0
2020-09-11,367310186.0
2020-09-14,128514694.0
2020-09-15,440744722.0
2020-09-16,305761725.0
2020-09-17,599151010.0
2020-09-18,2321906260.0
2020-09-21,1086548030.0
2020-09-22,449368799.0
2020-09-23,901362226.0
2020-09-24,383582231.0
2020-09-25,261171700.0
2020-09-28,150274279.0
2020-09-29,505307095.0
2020-09-30,380998734.0
2020-10-01,369616417.0
2020-10-02,305945761.0
2020-10-05,153374307.0
2020-10-06,719605892.0
2020-10-07,149004142.0
2020-10-08,108581782.0
2020-10-09,406428670.0
2020-10-12,275865030.0
2020-10-13,574933517.0
2020-10-14,425882883.0
2020-10-15,281968868.0
2020-10-16,433918554.0
2020-10-19,613419955.0
2020-10-20,199329925.0
2020-10-21,524832369.0
2020-10-22,169186810.0
2020-10-23,279556303.0
2020-10-26,750430470.0
2020-10-27,583485362.0
2020-10-28,986236589.0
2020-10-29,282399440.0
2020-10-30,681789608.0
2020-11-02,137578838.0
2020-11-03,126777140.0
2020-11-04,523486798.0
2020-11-05,145761885.0
2020-11-06,503257827.0
2020-11-09,290752541.0
2020-11-10,434767984.0
2020-11-11,558518288.0
2020-11-12,819757040.0
2020-11-13,131883126.0
2020-11-16,149892206.0
2020-11-17,371550623.0
2020-11-18,640655165.0
2020-11-19,284396659.0
2020-11-20,514116687.0
2020-11-23,174772231.0
2020-11-24,211133435.0
2020-11-25,530980330.0
2020-11-27,294151723.0
2020-11-30,1445528810.0
2020-12-01,323014549.0
2020-12-02,306813132.0
2020-12-03,328582534.0
2020-12-04,175495531.0
2020-12-07,573249896.0
2020-12-08,324488743.0
2020-12-09,527684563.0
2020-12-10,402133044.0
2020-12-11,635351921.0
2020-12-14,806155982.0
2020-12-15,158795636.0
2020-12-16,523399333.0
2020-12-17,282564286.0
2020-12-18,2062206180.0
2020-12-21,762026307.0
2020-12-22,566378609.0
2020-12-23,189635867.0
2020-12-24,220915058.0
2020-12-28,379161402.0
2020-12-29,469400902.0
2020-12-30,191267224.0
2020-12-31,330027439.0
2021-01-04,782942897.0
2021-01-05,229805704.0
2021-01-06,268053549.0
2021-01-07,368458957.0
2021-01-08,522855690.0
2021-01-11,459970909.0
2021-01-12,255243811.0
2021-01-13,533172597.0
2021-01-14,270627561.0
2021-01-15,869628252.0
2021-01-19,405155131.0
2021-01-20,443792015.0
2021-01-21,574844339.0
2021-01-22,516607719.0
2021-01-25,573028508.0
2021-01-26,545522423.0
2021-01-27,961803227.0
2021-01-28,569908721.0
2021-01-29,1202838830.0
2021-02-01,193224196.0
2021-02-02,410134654.0
2021-02-03,329592811.0
2021-02-04,333729319.0
2021-02-05,273901507.0
2021-02-08,243391366.0
2021-02-09,459540408.0
2021-02-10,437078635.0
2021-02-11,587613019.0
2021-02-12,273818384.0
2021-02-16,421476390.0
2021-02-17,543535272.0
2021-02-18,702720628.0
2021-02-19,340504949.0
2021-02-22,507198149.0
2021-02-23,632812207.0
2021-02-24,269974391.0
2021-02-25,1052554850.0
2021-02-26,1234160220.0
2021-03-01,169032691.0
2021-03-02,610839910.0
2021-03-03,576849674.0
2021-03-04,991720852.0
2021-03-05,314972244.0
2021-03-08,511462263.0
2021-03-09,482289513.0
2021-03-10,285159968.0
2021-03-11,352910482.0
2021-03-12,291454958.0
2021-03-15,362213502.0
2021-03-16,729177120.0
2021-03-17,302222917.0
2021-03-18,828028667.0
2021-03-19,1837963930.0
2021-03-22,451916505.0
2021-03-23,905166753.0
2021-03-24,654050562.0
2021-03-25,244189152.0
2021-03-26,349742542.0
2021-03-29,687157816.0
2021-03-30,298677299.0
2021-03-31,686282126.0
2021-04-01,265489359.0
2021-04-05,342010170.0
2021-04-06,328106447.0
2021-04-07,465554915.0
2021-04-08,428317260.0
2021-04-09,357621356.0
2021-04-12,432734583.0
2021-04-13,414373883.0
2021-04-14,285238044.0
2021-04-15,353867774.0
2021-04-16,343386301.0
2021-04-19,511403100.0
2021-04-20,653893190.0
2021-04-21,103137622.0
2021-04-22,536988166.0
2021-04-23,131998839.0
2021-04-26,252787221.0
2021-04-27,359112030.0
2021-04-28,299850402.0
2021-04-29,405891431.0
2021-04-30,911517627.0
2021-05-03,271743990.0
2021-05-04,576079745.0
2021-05-05,356171717.0
2021-05-06,358431180.0
2021-05-07,181729901.0
2021-05-10,636887048.0
2021-05-11,638654320.0
2021-05-12,894594377.0
2021-05-13,356650502.0
2021-05-14,93886703.0
2021-05-17,309164085.0
2021-05-18,588001860.0
2021-05-19,759681565.0
2021-05-20,332509126.0
2021-05-21,400759130.0
2021-05-24,258639636.0
2021-05-25,617435769.0
2021-05-26,205262119.0
2021-05-27,640987637.0
2021-05-28,510886867.0
2021-06-01,225537928.0
2021-06-02,364476948.0
2021-06-03,579853227.0
2021-06-04,337839301.0
2021-06-07,430083119.0
2021-06-08,403664196.0
2021-06-09,542032725.0
2021-06-10,455907165.0
2021-06-11,297071716.0
2021-06-14,568006679.0
2021-06-15,437914620.0
2021-06-16,690059194.0
2021-06-17,883404793.0
2021-06-18,2318297020.0
2021-06-21,127542288.0
2021-06-22,444970522.0
2021-06-23,360420619.0
2021-06-24,190196303.0
2021-06-25,1251696810.0
2021-06-28,640005141.0
2021-06-29,500418389.0
2021-06-30,399174060.0
2021-07-01,266921146.0
2021-07-02,350870505.0
2021-07-06,793125215.0
2021-07-07,541450612.0
2021-07-08,793293711.0
2021-07-09,72862677.0
2021-07-12,357491817.0
2021-07-13,578408343.0
2021-07-14,515768799.0
2021-07-15,525084899.0
2021-07-16,764506600.0
2021-07-19,1022748070.0
2021-07-20,101983396.0
2021-07-21,127749529.0
2021-07-22,551104694.0
2021-07-23,431173889.0
2021-07-26,358824616.0
2021-07-27,520012016.0
2021-07-28,248777391.0
2021-07-29,242735541.0
2021-07-30,754577584.0
2021-08-02,464553039.0
2021-08-03,299778686.0
2021-08-04,706274337.0
2021-08-05,219733934.0
2021-08-06,277052044.0
2021-08-09,420401602.0
2021-08-10,278275271.0
2021-08-11,220246023.0
2021-08-12,415194754.0
2021-08-13,363834834.0
2021-08-16,524014658.0
2021-08-17,586789023.0
2021-08-18,602032052.0
2021-08-19,728357321.0
2021-08-20,178220834.0
2021-08-23,171473756.0
2021-08-24,166807544.0
2021-08-25,261583584.0
2021-08-26,545208376.0
2021-08-27,94958082.0
2021-08-30,419917540.0
2021-08-31,486307675.0
2021-09-01,367367264.0
2021-09-02,256612555.0
2021-09-03,430713837.0
2021-09-07,501454149.0
2021-09-08,557007156.0
2021-09-09,370996336.0
2021-09-10,568977643.0
2021-09-13,249778048.0
2021-09-14,625541569.0
2021-09-15,262879952.0
2021-09-16,568565985.0
2021-09-17,2247116420.0
2021-09-20,1027808180.0
2021-09-21,451704186.0
2021-09-22,130982950.0
2021-09-23,153825652.0
2021-09-24,412074101.0
2021-09-27,249743375.0
2021-09-28,784282356.0
2021-09-29,385776913.0
2021-09-30,832949151.0
2021-10-01,177592383.0
2021-10-04,532842198.0
2021-10-05,306773144.0
2021-10-06,506187246.0
2021-10-07,199436565.0
2021-10-08,330420286.0
2021-10-11,418001048.0
2021-10-12,350132148.0
2021-10-13,328233729.0
2021-10-14,162023839.0
2021-10-15,371214550.0
2021-10-18,413181024.0
2021-10-19,245915103.0
2021-10-20,187888903.0
2021-10-21,511586957.0
2021-10-22,379666753.0
2021-10-25,298206608.0
2021-10-26,475254554.0
2021-10-27,690144459.0
2021-10-28,266603195.0
2021-10-29,730288037.0
2021-11-01,162880635.0
2021-11-02,489337061.0
2021-11-03,278120170.0
2021-11-04,596134191.0
2021-11-05,294178256.0
2021-11-08,347968818.0
2021-11-09,464409961.0
2021-11-10,542547144.0
2021-11-11,256911684.0
2021-11-12,359087995.0
2021-11-15,353431733.0
2021-11-16,470592125.0
2021-11-17,557148044.0
2021-11-18,607466671.0
2021-11-19,687357037.0
2021-11-22,416140852.0
2021-11-23,384760251.0
2021-11-24,314544622.0
2021-11-26,668705972.0
2021-11-29,485846691.0
2021-11-30,1835228430.0
2021-12-01,917205545.0
2021-12-02,159964243.0
2021-12-03,798758638.0
2021-12-06,199319743.0
2021-12-07,157867358.0
2021-12-08,311370449.0
2021-12-09,600479394.0
2021-12-10,370881169.0
2021-12-13,772074879.0
2021-12-14,660701191.0
2021-12-15,399766711.0
2021-12-16,568859593.0
2021-12-17,2150849290.0
2021-12-20,903856155.0
2021-12-21,122075602.0
2021-12-22,172520897.0
2021-12-23,170510509.0
2021-12-27,172389903.0
2021-12-28,305423709.0
2021-12-29,333297373.0
2021-12-30,270717608.0
2021-12-31,344983261.0
2022-01-03,266542003.0
2022-01-04,324331003.0
2022-01-05,779537736.0
2022-01-06,389474461.0
2022-01-07,336149061.0
2022-01-10,608099822.0
2022-01-11,156468923.0
2022-01-12,347489472.0
2022-01-13,471846963.0
2022-01-14,438803890.0
2022-01-18,864025380.0
2022-01-19,670602453.0
2022-01-20,721295488.0
2022-01-21,1111901340.0
2022-01-24,773342892.0
2022-01-25,638721236.0
2022-01-26,756471245.0
2022-01-27,716207903.0
2022-01-28,260921667.0
2022-01-31,265854570.0
2022-02-01,236631766.0
2022-02-02,482828339.0
2022-02-03,746136405.0
2022-02-04,392694496.0
2022-02-07,362332751.0
2022-02-08,286683984.0
2022-02-09,167863668.0
2022-02-10,757732482.0
2022-02-11,720154485.0
2022-02-14,792660395.0
2022-02-15,190080923.0
2022-02-16,386568829.0
2022-02-17,719744144.0
2022-02-18,730896934.0
2022-02-22,877881251.0
2022-02-23,750668926.0
2022-02-24,699181137.0
2022-02-25,170450090.0
2022-02-28,978476253.0
2022-03-01,905485501.0
2022-03-02,184353325.0
2022-03-03,645585438.0
2022-03-04,756343238.0
2022-03-07,1042226360.0
2022-03-08,584376378.0
2022-03-09,283029328.0
2022-03-10,536766841.0
2022-03-11,806311694.0
2022-03-14,831675049.0
2022-03-15,280226324.0
2022-03-16,228830502.0
2022-03-17,243238729.0
2022-03-18,1267504170.0
2022-03-21,622026536.0
2022-03-22,314361111.0
2022-03-23,571491180.0
2022-03-24,206905712.0
2022-03-25,314674732.0
2022-03-28,432739718.0
2022-03-29,199710454.0
2022-03-30,564358337.0
2022-03-31,953052191.0
2022-04-01,285704159.0
2022-04-04,360250734.0
2022-04-05,774906615.0
2022-04-06,689611506.0
2022-04-07,567566045.0
2022-04-08,339065614.0
2022-04-11,587581630.0
2022-04-12,494458659.0
2022-04-13,129552357.0
2022-04-14,596417552.0
2022-04-18,477759236.0
2022-04-19,222196809.0
2022-04-20,319688960.0
2022-04-21,796747964.0
2022-04-22,908036925.0
2022-04-25,559221429.0
2022-04-26,887640429.0
2022-04-27,471267028.0
2022-04-28,170847842.0
2022-04-29,1233451360.0
2022-05-02,489588437.0
2022-05-03,263755457.0
2022-05-04,110541666.0
2022-05-05,1008546950.0
2022-05-06,725396406.0
2022-05-09,1145328670.0
2022-05-10,734217396.0
2022-05-11,840254759.0
2022-05-12,563594836.0
2022-05-13,81422665.0
2022-05-16,468782061.0
2022-05-17,130605051.0
2022-05-18,1072486540.0
2022-05-19,505940241.0
2022-05-20,610197808.0
2022-05-23,219459058.0
2022-05-24,641380754.0
2022-05-25,177971915.0
2022-05-26,139641529.0
2022-05-27,110721328.0
2022-05-31,1656466790.0
2022-06-01,662966773.0
2022-06-02,157064582.0
2022-06-03,610503540.0
2022-06-06,325623884.0
2022-06-07,269100805.0
2022-06-08,613683212.0
2022-06-09,835401825.0
2022-06-10,946908619.0
2022-06-13,1201893340.0
2022-06-14,682649062.0
2022-06-15,292022480.0
2022-06-16,1291068400.0
2022-06-17,1437588790.0
2022-06-21,239974703.0
2022-06-22,709797904.0
2022-06-23,525058750.0
2022-06-24,719186898.0
2022-06-27,457353722.0
2022-06-28,687320568.0
2022-06-29,689348259.0
2022-06-30,926017311.0
2022-07-01,204853286.0
2022-07-05,768905459.0
2022-07-06,714267658.0
2022-07-07,106314857.0
2022-07-08,486805691.0
2022-07-11,651983845.0
2022-07-12,530579208.0
2022-07-13,472605048.0
2022-07-14,754748001.0
2022-07-15,101938921.0
2022-07-18,327033756.0
2022-07-19,59601664.0
2022-07-20,352677286.0
2022-07-21,345756561.0
2022-07-22,599338181.0
2022-07-25,269474026.0
2022-07-26,563948909.0
2022-07-27,127101783.0
2022-07-28,227178927.0
2022-07-29,347187776.0
2022-08-01,470337321.0
2022-08-02,551873255.0
2022-08-03,288028428.0
2022-08-04,497996077.0
2022-08-05,304301983.0
2022-08-08,258584958.0
2022-08-09,469150121.0
2022-08-10,67974509.0
2022-08-11,308866993.0
2022-08-12,88226593.0
2022-08-15,387023200.0
2022-08-16,284507312.0
2022-08-17,614694902.0
2022-08-18,285443135.0
2022-08-19,740761753.0
2022-08-22,714386806.0
2022-08-23,338560630.0
2022-08-24,209345275.0
2022-08-25,95472583.0
2022-08-26,743821205.0
2022-08-29,476498516.0
2022-08-30,659812929.0
2022-08-31,851233166.0
2022-09-01,600524543.0
2022-09-02,482176363.0
2022-09-06,621325048.0
2022-09-07,134065745.0
2022-09-08,254866447.0
2022-09-09,68042950.0
2022-09-12,110119175.0
2022-09-13,897610748.0
2022-09-14,478539150.0
2022-09-15,654937339.0
2022-09-16,2677958410.0
2022-09-19,234972632.0
2022-09-20,795650962.0
2022-09-21,772273416.0
2022-09-22,715832054.0
2022-09-23,1013368340.0
2022-09-26,928931766.0
2022-09-27,500369811.0
2022-09-28,81470337.0
2022-09-29,885858355.0
2022-09-30,898427555.0
2022-10-03,91683975.0
2022-10-04,40747792.0
2022-10-05,584313570.0
2022-10-06,703540803.0
2022-10-07,915428940.0
2022-10-10,618010773.0
2022-10-11,615336109.0
2022-10-12,491756769.0
2022-10-13,184879862.0
2022-10-14,836911157.0
2022-10-17,56892234.0
2022-10-18,177563692.0
2022-10-19,676916605.0
2022-10-20,545021366.0
2022-10-21,186989033.0
2022-10-24,399226676.0
2022-10-25,128421848.0
2022-10-26,366223426.0
2022-10-27,450327240.0
2022-10-28,235144531.0
2022-10-31,694281037.0
2022-11-01,315600679.0
2022-11-02,952369517.0
2022-11-03,508764554.0
2022-11-04,257472618.0
2022-11-07,337017126.0
2022-11-08,336333838.0
2022-11-09,856997185.0
2022-11-10,110006737.0
2022-11-11,284562858.0
2022-11-14,672952952.0
2022-11-15,259150343.0
2022-11-16,694828884.0
2022-11-17,504820633.0
2022-11-18,355005671.0
2022-11-21,474969419.0
2022-11-22,207310151.0
2022-11-23,219895074.0
2022-11-25,136293571.0
2022-11-28,711328217.0
2022-11-29,232797100.0
2022-11-30,195563199.0
2022-12-01,497421835.0
2022-12-02,350093519.0
2022-12-05,845128869.0
2022-12-06,683297742.0
2022-12-07,537235224.0
2022-12-08,303041036.0
2022-12-09,550731257.0
2022-12-12,190368929.0
2022-12-13,422446639.0
2022-12-14,658313477.0
2022-12-15,903401499.0
2022-12-16,2514695620.0
2022-12-19,686149455.0
2022-12-20,347967479.0
2022-12-21,99132854.0
2022-12-22,607004765.0
2022-12-23,163384978.0
2022-12-27,287194922.0
2022-12-28,526943726.0
2022-12-29,58880584.0
2022-12-30,441626508.0
2023-01-03,444388130.0
2023-01-04,136301861.0
2023-01-05,535195570.0
2023-01-06,99571808.0
2023-01-09,380026419.0
2023-01-10,187462572.0
2023-01-11,226890600.0
2023-01-12,213243414.0
2023-01-13,300377558.0
2023-01-17,485137187.0
2023-01-18,752597910.0
2023-01-19,578274324.0
2023-01-20,132058814.0
2023-01-23,207579288.0
2023-01-24,344034635.0
2023-01-25,292022356.0
2023-01-26,259580084.0
2023-01-27,315654406.0
2023-01-30,597896475.0
2023-01-31,123181647.0
2023-02-01,326990743.0
2023-02-02,385131887.0
2023-02-03,731007504.0
2023-02-06,597780620.0
2023-02-07,313396642.0
2023-02-08,572452073.0
2023-02-09,679957690.0
2023-02-10,385750216.0
2023-02-13,166027771.0
2023-02-14,411520813.0
2023-02-15,308552033.0
2023-02-16,634913735.0
2023-02-17,549031031.0
2023-02-21,851658291.0
2023-02-22,455084190.0
2023-02-23,349689539.0
2023-02-24,607668596.0
2023-02-27,394562423.0
2023-02-28,843337743.0
2023-03-01,512012396.0
2023-03-02,343953172.0
2023-03-03,123567567.0
2023-03-06,644283492.0
2023-03-07,758410928.0
2023-03-08,398018876.0
2023-03-09,910930475.0
2023-03-10,1066870220.0
2023-03-13,1017229160.0
2023-03-14,329441511.0
2023-03-15,1138129500.0
2023-03-16,295193235.0
2023-03-17,3476070400.0
2023-03-20,361155965.0
2023-03-21,192815099.0
2023-03-22,894521170.0
2023-03-23,700138469.0
2023-03-24,331358257.0
2023-03-27,200101984.0
2023-03-28,284521177.0
2023-03-29,120338940.0
2023-03-30,262426079.0
2023-03-31,178566548.0
2023-04-03,440832867.0
2023-04-04,652772963.0
2023-04-05,547124193.0
2023-04-06,320175985.0
2023-04-10,235573933.0
2023-04-11,173031861.0
2023-04-12,512664132.0
2023-04-13,210282345.0
2023-04-14,484197471.0
2023-04-17,264087489.0
2023-04-18,372940606.0
2023-04-19,408225449.0
2023-04-20,613838918.0
2023-04-21,516831929.0
2023-04-24,327687790.0
2023-04-25,746029815.0
2023-04-26,637470579.0
2023-04-27,121081516.0
2023-04-28,261561422.0
2023-05-01,438993094.0
2023-05-02,823411511.0
2023-05-03,648677663.0
2023-05-04,729630042.0
2023-05-05,91981003.0
2023-05-08,360508575.0
2023-05-09,499210226.0
2023-05-10,467385969.0
2023-05-11,590197524.0
2023-05-12,473003799.0
2023-05-15,214721654.0
2023-05-16,683884562.0
2023-05-17,164836536.0
2023-05-18,359033221.0
2023-05-19,581064214.0
2023-05-22,282964500.0
2023-05-23,513912060.0
2023-05-24,640474626.0
2023-05-25,631202154.0
2023-05-26,241372772.0
2023-05-30,532449847.0
2023-05-31,1299692260.0
2023-06-01,250231370.0
2023-06-02,132648414.0
2023-06-05,518273790.0
2023-06-06,163534214.0
2023-06-07,297272072.0
2023-06-08,424413889.0
2023-06-09,470083326.0
2023-06-12,362349310.0
2023-06-13,182593187.0
2023-06-14,587569456.0
2023-06-15,160534314.0
2023-06-16,1674982750.0
2023-06-20,803187448.0
2023-06-21,518924451.0
2023-06-22,602892404.0
2023-06-23,2042085920.0
2023-06-26,265788086.0
2023-06-27,162543518.0
2023-06-28,417945055.0
2023-06-29,198012707.0
2023-06-30,237217274.0
2023-07-03,114397204.0
2023-07-05,543290728.0
2023-07-06,800438527.0
2023-07-07,248034600.0
2023-07-10,242058195.0
2023-07-11,132064604.0
2023-07-12,277008478.0
2023-07-13,226180457.0
2023-07-14,660618337.0
2023-07-17,338061309.0
2023-07-18,257583924.0
2023-07-19,274970565.0
2023-07-20,440180546.0
2023-07-21,430635181.0
2023-07-24,244368508.0
2023-07-25,433758109.0
2023-07-26,316319539.0
2023-07-27,725722509.0
2023-07-28,247191370.0
2023-07-31,386008763.0
2023-08-01,608060972.0
2023-08-02,744527883.0
2023-08-03,495681560.0
2023-08-04,519050213.0
2023-08-07,258399159.0
2023-08-08,542671130.0
2023-08-09,482867660.0
2023-08-10,463749498.0
2023-08-11,344334386.0
2023-08-14,491662495.0
2023-08-15,706694461.0
2023-08-16,605723739.0
2023-08-17,533197289.0
2023-08-18,345872456.0
2023-08-21,430580040.0
2023-08-22,472696420.0
2023-08-23,302531363.0
2023-08-24,604126027.0
2023-08-25,279123218.0
2023-08-28,122607429.0
2023-08-29,112672791.0
2023-08-30,283407216.0
2023-08-31,689917853.0
2023-09-01,215823412.0
2023-09-05,633048117.0
2023-09-06,508489658.0
2023-09-07,625657222.0
2023-09-08,314815461.0
2023-09-11,297286422.0
2023-09-12,344453958.0
2023-09-13,569973812.0
2023-09-14,158109068.0
2023-09-15,2132728750.0
2023-09-18,559298246.0
2023-09-19,543979313.0
2023-09-20,488830440.0
2023-09-21,756459592.0
2023-09-22,498402857.0
2023-09-25,351808495.0
2023-09-26,756285514.0
2023-09-27,428016358.0
2023-09-28,249548111.0
2023-09-29,607615421.0
2023-10-02,810578546.0
2023-10-03,735688551.0
2023-10-04,384751915.0
2023-10-05,426974284.0
2023-10-06,262089022.0
2023-10-09,245651258.0
2023-10-10,161003039.0
2023-10-11,344845021.0
2023-10-12,673879777.0
2023-10-13,484126912.0
2023-10-16,103583191.0
2023-10-17,269516067.0
2023-10-18,720292587.0
2023-10-19,755555901.0
2023-10-20,871355389.0
2023-10-23,625544122.0
2023-10-24,293862362.0
2023-10-25,655743136.0
2023-10-26,467451747.0
2023-10-27,743057355.0
2023-10-30,261851952.0
2023-10-31,320896592.0
2023-11-01,425689710.0
2023-11-02,102023334.0
2023-11-03,183894716.0
2023-11-06,683925830.0
2023-11-07,550105603.0
2023-11-08,584235932.0
2023-11-09,680935443.0
2023-11-10,243019806.0
2023-11-13,429014169.0
2023-11-14,89767892.0
2023-11-15,322151382.0
2023-11-16,637652367.0
2023-11-17,241739804.0
2023-11-20,280220603.0
2023-11-21,529546966.0
2023-11-22,232442855.0
2023-11-24,91915728.0
2023-11-27,535380629.0
2023-11-28,357100299.0
2023-11-29,347445994.0
2023-11-30,539072277.0
2023-12-01,129466911.0
2023-12-04,491944454.0
2023-12-05,720013841.0
2023-12-06,497100471.0
2023-12-07,298075746.0
2023-12-08,278098797.0
2023-12-11,389520276.0
2023-12-12,511072955.0
2023-12-13,120761752.0
2023-12-14,281670697.0
2023-12-15,2989539800.0
2023-12-18,478514481.0
2023-12-19,133909417.0
2023-12-20,936115783.0
2023-12-21,80291860.0
2023-12-22,230093513.0
2023-12-26,118680460.0
2023-12-27,288273072.0
2023-12-28,286270828.0
2023-12-29,661258947.0
2024-01-02,471968508.0
2024-01-03,731006838.0
2024-01-04,479640781.0
2024-01-05,339579176.0
2024-01-08,272896499.0
2024-01-09,631381984.0
2024-01-10,427769327.0
2024-01-11,603156743.0
2024-01-12,416316731.0
2024-01-16,818222963.0
2024-01-17,754832056.0
2024-01-18,435054760.0
2024-01-19,293108859.0
2024-01-22,372185828.0
2024-01-23,349119018.0
2024-01-24,558374932.0
2024-01-25,225766754.0
2024-01-26,270844516.0
2024-01-29,247266000.0
2024-01-30,459126588.0
2024-01-31,1050543100.0
2024-02-01,284575687.0
2024-02-02,576581580.0
2024-02-05,805958220.0
2024-02-06,237032496.0
2024-02-07,485016247.0
2024-02-08,394327461.0
2024-02-09,395637879.0
2024-02-12,165567742.0
2024-02-13,917299717.0
2024-02-14,173815638.0
2024-02-15,162575589.0
2024-02-16,610582765.0
2024-02-20,646213020.0
2024-02-21,396393934.0
2024-02-22,393401932.0
2024-02-23,327988493.0
2024-02-26,529346313.0
2024-02-27,273059195.0
2024-02-28,494723770.0
2024-02-29,511300190.0
2024-03-01,351385178.0
2024-03-04,531846555.0
2024-03-05,538561893.0
2024-03-06,281238995.0
2024-03-07,294481934.0
2024-03-08,455082044.0
2024-03-11,359629259.0
2024-03-12,430421888.0
2024-03-13,406765955.0
2024-03-14,945000444.0
2024-03-15,1747232540.0
2024-03-18,484123069.0
2024-03-19,383020063.0
2024-03-20,163401910.0
2024-03-21,329473126.0
2024-03-22,629163555.0
2024-03-25,389108444.0
2024-03-26,488418684.0
2024-03-27,126085322.0
2024-03-28,346360454.0
2024-04-01,521508256.0
2024-04-02,722029939.0
2024-04-03,373326052.0
2024-04-04,725977408.0
2024-04-05,283076341.0
2024-04-08,324234779.0
2024-04-09,269068651.0
2024-04-10,766411657.0
2024-04-11,450103888.0
2024-04-12,858297816.0
2024-04-15,765978208.0
2024-04-16,691725461.0
2024-04-17,426444172.0
2024-04-18,396167576.0
2024-04-19,336484871.0
2024-04-22,228195344.0
2024-04-23,185528896.0
2024-04-24,462816034.0
2024-04-25,567895477.0
2024-04-26,315187978.0
2024-04-29,250884812.0
2024-04-30,1031938010.0
2024-05-01,497011909.0
2024-05-02,252676309.0
2024-05-03,284230815.0
2024-05-06,198959279.0
2024-05-07,500678493.0
2024-05-08,482613324.0
2024-05-09,210310967.0
2024-05-10,500853896.0
2024-05-13,385798117.0
2024-05-14,241836682.0
2024-05-15,387282834.0
2024-05-16,507526421.0
2024-05-17,385337993.0
2024-05-20,429837097.0
2024-05-21,441872744.0
2024-05-22,587205729.0
2024-05-23,774205340.0
2024-05-24,211660806.0
2024-05-28,524032533.0
2024-05-29,728316905.0
2024-05-30,257406243.0
2024-05-31,458548461.0
2024-06-03,545976201.0
2024-06-04,614955409.0
2024-06-05,272045166.0
2024-06-06,406818534.0
2024-06-07,593212897.0
2024-06-10,415504359.0
2024-06-11,564155472.0
2024-06-12,393238533.0
2024-06-13,571974806.0
2024-06-14,638474676.0
2024-06-17,299347998.0
2024-06-18,374016025.0
2024-06-20,418965141.0
2024-06-21,1831480980.0
2024-06-24,262260492.0
2024-06-25,712479135.0
2024-06-26,512290833.0
2024-06-27,397577771.0
2024-06-28,1334413820.0
2024-07-01,582690668.0
2024-07-02,334678170.0
2024-07-03,181661299.0
2024-07-05,530555232.0
2024-07-08,387718577.0
2024-07-09,453091777.0
2024-07-10,189120693.0
2024-07-11,167801735.0
2024-07-12,240724024.0
2024-07-15,362559772.0
2024-07-16,135673698.0
2024-07-17,537463710.0
2024-07-18,733289807.0
2024-07-19,657342135.0
2024-07-22,249831988.0
2024-07-23,433435212.0
2024-07-24,738709390.0
2024-07-25,447370342.0
2024-07-26,155473890.0
2024-07-29,505325433.0
2024-07-30,356017200.0
2024-07-31,529661090.0
2024-08-01,846335457.0
2024-08-02,1009900300.0
2024-08-05,1234057340.0
2024-08-06,265193946.0
2024-08-07,679643945.0
2024-08-08,122206798.0
2024-08-09,367669505.0
2024-08-12,490597287.0
2024-08-13,170165621.0
2024-08-14,334653827.0
2024-08-15,134541943.0
2024-08-16,322447756.0
2024-08-19,125044130.0
2024-08-20,512661350.0
2024-08-21,193529457.0
2024-08-22,495891931.0
2024-08-23,62940056.0
2024-08-26,324498641.0
2024-08-27,418026699.0
2024-08-28,511274663.0
2024-08-29,240239221.0
2024-08-30,326198935.0
2024-09-03,757394536.0
2024-09-04,477385464.0
2024-09-05,505535602.0
2024-09-06,740542743.0
2024-09-09,281881316.0
2024-09-10,522871803.0
2024-09-11,384693047.0
2024-09-12,232601290.0
2024-09-13,118181701.0
2024-09-16,204399984.0
2024-09-17,319189010.0
2024-09-18,504948691.0
2024-09-19,274034933.0
2024-09-20,2348133860.0
2024-09-23,376461933.0
2024-09-24,391471358.0
2024-09-25,706316369.0
2024-09-26,341245840.0
2024-09-27,286694920.0
2024-09-30,640564991.0
2024-10-01,560214040.0
2024-10-02,419311344.0
2024-10-03,565300804.0
2024-10-04,202356136.0
2024-10-07,607153190.0
2024-10-08,458814612.0
2024-10-09,298528975.0
2024-10-10,455878775.0
2024-10-11,155693144.0
2024-10-14,277276050.0
2024-10-15,495512749.0
2024-10-16,190540581.0
2024-10-17,445152903.0
2024-10-18,369628946.0
2024-10-21,629069393.0
2024-10-22,408788463.0
2024-10-23,540640662.0
2024-10-24,396264103.0
2024-10-25,538832848.0
2024-10-28,237665216.0
2024-10-29,603196249.0
2024-10-30,455694748.0
2024-10-31,861841383.0
2024-11-01,513411238.0
2024-11-04,398435105.0
2024-11-05,155850917.0
2024-11-06,457329624.0
2024-11-07,492024791.0
2024-11-08,513294149.0
2024-11-11,361487652.0
2024-11-12,738171808.0
2024-11-13,505568693.0
2024-11-14,579248398.0
2024-11-15,662047079.0
2024-11-18,325720013.0
2024-11-19,458183722.0
2024-11-20,398940845.0
2024-11-21,180474288.0
2024-11-22,205266722.0
2024-11-25,559767078.0
2024-11-26,565361048.0
2024-11-27,337368038.0
2024-11-29,265530741.0
2024-12-02,611328840.0
2024-12-03,538802047.0
2024-12-04,543611329.0
2024-12-05,534824696.0
2024-12-06,473715710.0
2024-12-09,502449848.0
2024-12-10,651087798.0
2024-12-11,554867194.0
2024-12-12,636760914.0
2024-12-13,570467004.0
2024-12-16,684261672.0
2024-12-17,757777706.0
2024-12-18,1228810060.0
2024-12-19,723718767.0
2024-12-20,659955861.0
2024-12-23,374041184.0
2024-12-24,65215116.0
2024-12-26,234820099.0
2024-12-27,614174220.0
2024-12-30,583641847.0
2024-12-31,318635046.0
2025-01-02,385772306.0
2025-01-03,237230074.0
2025-01-06,470955394.0
2025-01-07,554119982.0
2025-01-08,593999327.0
2025-01-10,812667679.0
2025-01-13,428828578.0
2025-01-14,246427412.0
2025-01-15,199002583.0
2025-01-16,312174973.0
2025-01-17,446839547.0
2025-01-21,253891824.0
2025-01-22,650504839.0
2025-01-23,288571177.0
2025-01-24,401628252.0
2025-01-27,533167198.0
2025-01-28,529321283.0
2025-01-29,495531364.0
2025-01-30,299691519.0
2025-01-31,987551584.0
2025-02-03,754861367.0
2025-02-04,334776094.0
2025-02-05,409915745.0
2025-02-06,541723576.0
2025-02-07,675740177.0
2025-02-10,376446142.0
2025-02-11,469584674.0
2025-02-12,627123955.0
2025-02-13,287193191.0
2025-02-14,501415413.0
2025-02-18,326651912.0
2025-02-19,547817596.0
2025-02-20,550853568.0
2025-02-21,975704883.0
2025-02-24,597965684.0
2025-02-25,617052450.0
2025-02-26,498370080.0
2025-02-27,722388342.0
2025-02-28,510032349.0
2025-03-03,1014673740.0
2025-03-04,1051999830.0
2025-03-05,301885868.0
2025-03-06,825709754.0
2025-03-07,420642767.0
2025-03-10,1116896560.0
2025-03-11,787523565.0
2025-03-12,593297778.0
2025-03-13,807628612.0
2025-03-14,101915760.0
2025-03-17,139254008.0
2025-03-18,600914894.0
2025-03-19,290482255.0
2025-03-20,728493935.0
2025-03-21,2919880400.0
2025-03-24,233047461.0
2025-03-25,632687682.0
2025-03-26,570154977.0
2025-03-27,593321276.0
2025-03-28,900078070.0
2025-03-31,555422266.0
2025-04-01,411672067.0
2025-04-02,260971255.0
2025-04-03,1356363630.0
2025-04-04,1793822290.0
2025-04-07,1377423810.0
2025-04-08,1457587520.0
2025-04-09,29575500.0
2025-04-10,1310411990.0
2025-04-11,228066296.0
2025-04-14,240917035.0
2025-04-15,518682034.0
2025-04-16,770179677.0
2025-04-17,253208452.0
2025-04-21,879130044.0
2025-04-22,99519197.0
2025-04-23,357217840.0
2025-04-24,198372865.0
2025-04-25,483713320.0
2025-04-28,285409336.0
2025-04-29,387656625.0
2025-04-30,879277370.0
2025-05-01,527709027.0
2025-05-02,159099089.0
2025-05-05,639920391.0
2025-05-06,619110660.0
2025-05-07,509967569.0
2025-05-08,331771800.0
2025-05-09,398781333.0
2025-05-12,265709379.0
2025-05-13,446146100.0
2025-05-14,686209112.0
2025-05-15,459689612.0
2025-05-16,286443636.0
2025-05-19,521011357.0
2025-05-20,574264741.0
2025-05-21,1049776800.0
2025-05-22,549147069.0
2025-05-23,531059557.0
2025-05-27,170017955.0
2025-05-28,713228412.0
2025-05-29,374047307.0
2025-05-30,1115322920.0
2025-06-02,509324962.0
2025-06-03,319733075.0
2025-06-04,578400275.0
2025-06-05,549425310.0
2025-06-06,199207657.0
2025-06-09,404157765.0
2025-06-10,347042157.0
2025-06-11,558800705.0
2025-06-12,491250768.0
2025-06-13,856341758.0
2025-06-16,349020725.0
2025-06-17,837594865.0
2025-06-18,526942266.0
2025-06-20,1504729970.0
2025-06-23,481028470.0
2025-06-24,359961930.0
2025-06-25,843149443.0
2025-06-26,230080842.0
2025-06-27,1358617360.0
2025-06-30,569214558.0
2025-07-01,363133175.0
2025-07-02,341944899.0
2025-07-03,199588870.0
2025-07-07,847715261.0
2025-07-08,476288447.0
2025-07-09,497568006.0
2025-07-10,355450709.0
2025-07-11,700916753.0
2025-07-14,459599104.0
2025-07-15,881063631.0
2025-07-16,415595642.0
2025-07-17,350605348.0
2025-07-18,667920387.0
2025-07-21,566336757.0
2025-07-22,272620064.0
2025-07-23,306853259.0
2025-07-24,745141411.0
2025-07-25,370991118.0
2025-07-28,701396823.0
2025-07-29,626983083.0
2025-07-30,845302976.0
2025-07-31,982195681.0
2025-08-01,891725100.0
2025-08-04,206151818.0
2025-08-05,528843393.0
2025-08-06,651725157.0
2025-08-07,569306135.0
2025-08-08,505422706.0
2025-08-11,623784614.0
2025-08-12,196111603.0
2025-08-13,261052999.0
2025-08-14,686229429.0
2025-08-15,586633019.0
2025-08-18,445744989.0
2025-08-19,474056915.0
2025-08-20,468433249.0
2025-08-21,448697027.0
2025-08-22,98813767.0
2025-08-25,594348692.0
2025-08-26,680088420.0
2025-08-27,305828194.0
2025-08-28,461877414.0
2025-08-29,510838143.0
2025-09-02,673752450.0
2025-09-03,555366832.0
2025-09-04,333590756.0
2025-09-05,441672255.0
2025-09-08,588721323.0
2025-09-09,539353518.0
2025-09-10,595180848.0
2025-09-11,227524012.0
2025-09-12,651615903.0
2025-09-15,459302746.0
2025-09-16,657424386.0
2025-09-17,557599928.0
2025-09-18,399027466.0
2025-09-19,2586304060.0
2025-09-22,630633549.0
2025-09-23,570009350.0
2025-09-24,704367764.0
2025-09-25,801409553.0
2025-09-26,264803298.0
2025-09-29,590228976.0
2025-09-30,709918122.0
2025-10-01,542449113.0
2025-10-02,580328116.0
2025-10-03,452558851.0
2025-10-06,588245470.0
2025-10-07,791123181.0
2025-10-08,506136779.0
2025-10-09,765616637.0
2025-10-10,1159268930.0
2025-10-13,190327149.0
2025-10-14,368695498.0
2025-10-15,496929061.0
2025-10-16,907098249.0
2025-10-17,539961249.0
2025-10-20,188705615.0
2025-10-21,545133335.0
2025-10-22,687066193.0
2025-10-23,383382283.0
2025-10-24,374510787.0
2025-10-27,421388161.0
2025-10-28,702717127.0
2025-10-29,850284023.0
2025-10-30,821812679.0
2025-10-31,568557887.0
2025-11-03,759618047.0
2025-11-04,926528103.0
2025-11-05,470221579.0
2025-11-06,799674470.0
2025-11-07,364516037.0
2025-11-10,456744632.0
2025-11-11,362107393.0
2025-11-12,542066591.0
2025-11-13,947089523.0
2025-11-14,685931767.0
2025-11-17,1005541180.0
2025-11-18,469663266.0
2025-11-19,703235603.0
2025-11-20,1048022260.0
2025-11-21,230292106.0
2025-11-24,821608697.0
2025-11-25,233101005.0
2025-11-26,357362266.0
2025-11-28,184244875.0
2025-12-01,740886029.0
2025-12-02,710026584.0
2025-12-03,348132022.0
2025-12-04,474059410.0
2025-12-05,637684255.0
2025-12-08,705266703.0
2025-12-09,513198107.0
2025-12-10,398389289.0
2025-12-11,368110311.0
2025-12-12,725949171.0
2025-12-15,715706958.0
2025-12-16,882252525.0
2025-12-17,656400748.0
2025-12-18,571396009.0
2025-12-19,1829692410.0
2025-12-22,293622984.0
2025-12-23,539329995.0
2025-12-24,139211791.0
2025-12-26,303172824.0
2025-12-29,530300816.0
2025-12-30,409984931.0
2025-12-31,780441176.0
2026-01-02,312464183.0
2026-01-05,470640136.0
2026-01-06,411369155.0
2026-01-07,854218605.0
2026-01-08,352522637.0
2026-01-09,478044036.0
2026-01-12,556113276.0
2026-01-13,630205699.0
2026-01-14,463946535.0
2026-01-15,509323468.0
2026-01-16,740755309.0
2026-01-20,968934807.0
2026-01-21,377617080.0
2026-01-22,421457860.0
2026-01-23,619316879.0
2026-01-26,579733345.0
2026-01-27,479876518.0
2026-01-28,743461040.0
2026-01-29,688012637.0
2026-01-30,1120004280.0
2026-02-02,649210194.0
2026-02-03,642871410.0
2026-02-04,594390729.0
2026-02-05,1067692500.0
2026-02-06,258758518.0
2026-02-09,565370840.0
2026-02-10,556302094.0
2026-02-11,668335326.0
2026-02-12,1163094600.0
2026-02-13,437968782.0
2026-02-17,738264237.0
2026-02-18,428660844.0
2026-02-19,568018169.0
2026-02-20,547394926.0
2026-02-23,894176372.0
2026-02-24,380978381.0
2026-02-25,560744613.0
2026-02-26,446078825.0
2026-02-27,1106634300.0
2026-03-02,655140116.0
2026-03-03,1118422530.0
2026-03-04,432951599.0
2026-03-05,1002148380.0
2026-03-06,967403228.0
2026-03-09,681373014.0
2026-03-10,778903259.0
2026-03-11,783264408.0
2026-03-12,1060628820.0
2026-03-13,693121126.0
2026-03-16,326392471.0
2026-03-17,351890486.0
2026-03-18,1102349890.0
2026-03-19,695475080.0
2026-03-20,3742582650.0
2026-03-23,301035893.0
2026-03-24,602416350.0
2026-03-25,353518450.0
2026-03-26,772537050.0
2026-03-27,899992226.0
2026-03-30,702524241.0
2026-03-31,364436295.0
2026-04-01,589723409.0
2026-04-02,442839444.0
2026-04-06,394508588.0
2026-04-07,646992723.0
2026-04-08,365834699.0
2026-04-09,552268900.0
2026-04-10,632331564.0
2026-04-13,314195690.0
2026-04-14,450884049.0
2026-04-15,482077923.0
2026-04-16,494184452.0
2026-04-17,383402251.0
2026-04-20,478412029.0
2026-04-21,805467949.0
2026-04-22,561156203.0
2026-04-23,694839002.0
2026-04-24,542403878.0
2026-04-27,504832538.0
2026-04-28,593084090.0
2026-04-29,754349499.0
2026-04-30,337254513.0
2026-05-01,590122359.0
2026-05-04,800241949.0
2026-05-05,406438961.0
2026-05-06,616093133.0
2026-05-07,1028244870.0
2026-05-08,640387255.0
2026-05-11,754977246.0
2026-05-12,724251755.0
2026-05-13,786750833.0
2026-05-14,480781742.0
2026-05-15,1063815710.0
2026-05-18,468581034.0
2026-05-19,819454343.0
2026-05-20,351410622.0
2026-05-21,458339476.0
2026-05-22,437828911.0
2026-05-26,499002622.0
2026-05-27,589113545.0
2026-05-28,545454221.0
2026-05-29,1507697100.0
2026-06-01,702662175.0
2026-06-02,634436519.0
2026-06-03,1001841830.0
2026-06-04,391144350.0
2026-06-05,933153054.0
2026-06-08,656672824.0
2026-06-09,540995561.0
2026-06-10,832507977.0
2026-06-11,364944885.0
2026-06-12,357432753.0
2026-06-15,698335251.0
2026-06-16,719927908.0
2026-06-17,1152483020.0
2026-06-18,1969509510.0
2026-06-22,806891303.0
2026-06-23,677987308.0
2026-06-24,708396277.0
2026-06-25,563064318.0
2026-06-26,1246358690.0
2026-06-29,794838483.0
2026-06-30,1065235720.0
2026-07-01,732954791.0
2026-07-02,467998734.0
2026-07-06,622079925.0
2026-07-07,636081565.0
2026-07-08,839051778.0
2026-07-09,415504012.0
2026-07-10,384180219.0
2026-07-13,594133869.0
2026-07-14,517202585.0
2026-07-15,549290865.0
2026-07-16,546876923.0
2026-07-17,936283205.0
2026-07-20,705590943.0
2026-07-21,458335379.0
2026-07-22,534464108.0
2026-07-23,872927693.0
2026-07-24,445365680.0
2026-07-27,369403359.0
2026-07-28,471421570.0
2026-07-29,846982161.0
2026-07-30,603319697.0
2026-07-31,786362422.0
2026-08-03,383511435.0
2026-08-04,441348386.0
2026-08-05,720606740.0
2026-08-06,788269022.0
2026-08-07,392703308.0
2026-08-10,589304795.0
2026-08-11,528053547.0
2026-08-12,564073417.0
2026-08-13,374145974.0
2026-08-14,425043684.0
2026-08-17,782411860.0
2026-08-18,668580364.0
2026-08-19,442668491.0
2026-08-20,657723335.0
