date,ticker,handle,post_id,views,bookmarks,stance
2026-09-06,JLA,wey_how12640,2096607230435156045,27,0,
2026-09-06,INTC,ZaStocks,2096606534948007977,1834,10,recap
2026-09-06,TSF,thesetupfactory,2096601533785809355,385,0,
2026-09-06,AMKR,ZaStocks,2096597434415689922,954,1,watching
2026-09-06,INTC,ZaStocks,2096595532764381688,15632,39,long
2026-09-06,NCLD,mindofzen_,2096594181867102637,420,2,watching
2026-09-06,IREN,mindofzen_,2096593160734392433,914,0,watching
2026-09-06,IWD,PrimeTrading_,2096582943829311722,1651,1,watching
2026-09-06,IWF,PrimeTrading_,2096582943829311722,1651,1,watching
2026-09-06,LOT,PrimeTrading_,2096582943829311722,1651,1,
2026-09-06,DTL,PrimeTrading_,2096578632609091587,1959,0,
2026-09-06,OSCR,PrimeTrading_,2096578632609091587,1959,0,watching
2026-09-06,FL,PrimeTrading_,2096575454857539737,2049,5,
2026-09-06,HNGE,PrimeTrading_,2096575454857539737,2049,5,long
2026-09-06,VCP,PrimeTrading_,2096575454857539737,2049,5,
2026-09-06,MA,wey_how12640,2096570659963040000,42,0,
2026-09-06,RS,1ChartMaster,2096560574003831237,6764,4,
2026-09-06,CTA,thesetupfactory,2096529749631791506,662,0,
2026-09-06,TSF,thesetupfactory,2096529749631791506,662,0,
2026-09-06,VIX,thesetupfactory,2096529749631791506,662,0,
2026-09-06,AVWAP,thesetupfactory,2096502287443124332,865,4,
2026-09-06,SMH,thesetupfactory,2096502287443124332,865,4,long
2026-09-06,ATR,jfsrev,2096491531951902903,13873,17,
2026-09-06,MA,jfsrev,2096491531951902903,13873,17,
2026-09-06,MRNA,jfsrev,2096491531951902903,13873,17,watching
2026-09-06,MA,jfsrev,2096486127633154388,8730,12,
2026-09-06,META,jfsrev,2096486127633154388,8730,12,short
2026-09-06,EMA,ArtofSpecuycky,2096463727352856921,9317,14,
2026-09-06,NVDA,ArtofSpecuycky,2096463727352856921,9317,14,watching
2026-09-06,SPY,ArtofSpecuycky,2096463727352856921,9317,14,
2026-09-06,GOAT,wey_how12640,2096458680317386877,27115,30,
2026-09-06,JLA,wey_how12640,2096458680317386877,27115,30,
2026-09-06,MU,wey_how12640,2096458680317386877,27115,30,recap
2026-09-06,RR,wey_how12640,2096458680317386877,27115,30,
2026-09-06,SNDK,wey_how12640,2096458680317386877,27115,30,recap
2026-09-06,PLTR,ShakePryzby1,2096450728059703639,590,1,exited
2026-09-05,ETH,TheShortBear,2096423199185481991,1410,0,
2026-09-05,MEV,TheShortBear,2096423199185481991,1410,0,
2026-09-05,NVDA,wey_how12640,2096416768831131999,1849,4,
2026-09-05,DTL,wey_how12640,2096409491411730740,4337,15,
2026-09-05,HL,wey_how12640,2096409491411730740,4337,15,
2026-09-05,RS,wey_how12640,2096409491411730740,4337,15,
2026-09-05,SNDK,wey_how12640,2096409491411730740,4337,15,
2026-09-05,SOXX,wey_how12640,2096409491411730740,4337,15,
2026-09-05,MU,wey_how12640,2096400225326022698,1708,2,
2026-09-05,NVDA,wey_how12640,2096400225326022698,1708,2,
2026-09-05,RS,wey_how12640,2096400225326022698,1708,2,
2026-09-05,SNDK,wey_how12640,2096400225326022698,1708,2,
2026-09-05,SOXX,wey_how12640,2096400225326022698,1708,2,
2026-09-05,ETH,TheShortBear,2096376764008169897,1105,0,
2026-09-05,GPT,TheShortBear,2096376040469709251,29747,29,
2026-09-05,BTC,TheShortBear,2096370152501571704,1156,1,
2026-09-05,DCF,TheShortBear,2096370152501571704,1156,1,
2026-09-05,EF,TheShortBear,2096370152501571704,1156,1,
2026-09-05,ETH,TheShortBear,2096370152501571704,1156,1,
2026-09-05,FTX,TheShortBear,2096370152501571704,1156,1,
2026-09-05,HYPE,TheShortBear,2096370152501571704,1156,1,
2026-09-05,TVL,TheShortBear,2096370152501571704,1156,1,
2026-09-05,USDE,TheShortBear,2096370152501571704,1156,1,
2026-09-05,CRCL,Venu_7_,2096357711181144160,31655,82,
2026-09-05,ETH,Venu_7_,2096357711181144160,31655,82,
2026-09-05,HOOD,Venu_7_,2096357711181144160,31655,82,
2026-09-05,PURR,Venu_7_,2096357711181144160,31655,82,
2026-09-05,DEMA,Gaurav_Cx10,2096357441638113488,5231,131,
2026-09-05,IB,Gaurav_Cx10,2096357441638113488,5231,131,
2026-09-05,NR,Gaurav_Cx10,2096357441638113488,5231,131,
2026-09-05,VWAP,RealSimpleAriel,2096357135244222599,383,0,
2026-09-05,HOOD,ZaStocks,2096346997116834168,26258,22,
2026-09-05,ALAB,TheProfInvestor,2096326888402858470,64863,477,
2026-09-05,BE,TheProfInvestor,2096326888402858470,64863,477,
2026-09-05,INTC,TheProfInvestor,2096326888402858470,64863,477,
2026-09-05,MU,TheProfInvestor,2096326888402858470,64863,477,
2026-09-05,SNDK,TheProfInvestor,2096326888402858470,64863,477,
2026-09-05,SNOW,TheProfInvestor,2096326888402858470,64863,477,
2026-09-05,SPCX,TheProfInvestor,2096326888402858470,64863,477,
2026-09-05,AMD,RealSimpleAriel,2096321605135683803,15995,51,
2026-09-05,ETH,RealSimpleAriel,2096321605135683803,15995,51,
2026-09-05,INTC,RealSimpleAriel,2096321605135683803,15995,51,
2026-09-05,MAGS,RealSimpleAriel,2096321605135683803,15995,51,
2026-09-05,MRVL,RealSimpleAriel,2096321605135683803,15995,51,
2026-09-05,MU,RealSimpleAriel,2096321605135683803,15995,51,
2026-09-05,NET,RealSimpleAriel,2096321605135683803,15995,51,
2026-09-05,OKTA,RealSimpleAriel,2096321605135683803,15995,51,
2026-09-05,PANW,RealSimpleAriel,2096321605135683803,15995,51,
2026-09-05,PLTR,RealSimpleAriel,2096321605135683803,15995,51,
2026-09-05,RBRK,RealSimpleAriel,2096321605135683803,15995,51,
2026-09-05,SKHY,RealSimpleAriel,2096321605135683803,15995,51,
2026-09-05,SMTC,RealSimpleAriel,2096321605135683803,15995,51,
2026-09-05,SNDK,RealSimpleAriel,2096321605135683803,15995,51,
2026-09-05,DTL,PrimeTrading_,2096319717241708653,5687,25,
2026-09-05,LITE,PrimeTrading_,2096319717241708653,5687,25,
2026-09-05,RS,PrimeTrading_,2096319717241708653,5687,25,
2026-09-05,AAOI,thesetupfactory,2096319356254752988,72,0,
2026-09-05,LITE,thesetupfactory,2096319356254752988,72,0,
2026-09-05,SMA,thesetupfactory,2096319356254752988,72,0,
2026-09-05,HOOD,PrimeTrading_,2096317845839978795,4388,17,
2026-09-05,AAOI,RealJGBanks,2096316577431900168,326637,8604,
2026-09-05,ACHR,RealJGBanks,2096316577431900168,326637,8604,
2026-09-05,ALB,RealJGBanks,2096316577431900168,326637,8604,
2026-09-05,AMD,RealJGBanks,2096316577431900168,326637,8604,
2026-09-05,AMZN,RealJGBanks,2096316577431900168,326637,8604,
2026-09-05,APLD,RealJGBanks,2096316577431900168,326637,8604,
2026-09-05,ASTS,RealJGBanks,2096316577431900168,326637,8604,
2026-09-05,AVAV,RealJGBanks,2096316577431900168,326637,8604,
2026-09-05,AVGO,RealJGBanks,2096316577431900168,326637,8604,
2026-09-05,BE,RealJGBanks,2096316577431900168,326637,8604,
2026-09-05,BUILD,RealJGBanks,2096316577431900168,326637,8604,
2026-09-05,CEG,RealJGBanks,2096316577431900168,326637,8604,
2026-09-05,CRWD,RealJGBanks,2096316577431900168,326637,8604,
2026-09-05,CRWV,RealJGBanks,2096316577431900168,326637,8604,
2026-09-05,CYCLE,RealJGBanks,2096316577431900168,326637,8604,
2026-09-05,DELL,RealJGBanks,2096316577431900168,326637,8604,
2026-09-05,DOES,RealJGBanks,2096316577431900168,326637,8604,
2026-09-05,FCX,RealJGBanks,2096316577431900168,326637,8604,
2026-09-05,FORCE,RealJGBanks,2096316577431900168,326637,8604,
2026-09-05,GPU,RealJGBanks,2096316577431900168,326637,8604,
2026-09-05,HBM,RealJGBanks,2096316577431900168,326637,8604,
2026-09-05,HPE,RealJGBanks,2096316577431900168,326637,8604,
2026-09-05,INTC,RealJGBanks,2096316577431900168,326637,8604,
2026-09-05,IONQ,RealJGBanks,2096316577431900168,326637,8604,
2026-09-05,IREN,RealJGBanks,2096316577431900168,326637,8604,
2026-09-05,KTOS,RealJGBanks,2096316577431900168,326637,8604,
2026-09-05,LITE,RealJGBanks,2096316577431900168,326637,8604,
2026-09-05,MP,RealJGBanks,2096316577431900168,326637,8604,
2026-09-05,MRVL,RealJGBanks,2096316577431900168,326637,8604,
2026-09-05,MSFT,RealJGBanks,2096316577431900168,326637,8604,
2026-09-05,MU,RealJGBanks,2096316577431900168,326637,8604,
2026-09-05,NBIS,RealJGBanks,2096316577431900168,326637,8604,
2026-09-05,NEXT,RealJGBanks,2096316577431900168,326637,8604,
2026-09-05,NOW,RealJGBanks,2096316577431900168,326637,8604,
2026-09-05,NVDA,RealJGBanks,2096316577431900168,326637,8604,
2026-09-05,NVT,RealJGBanks,2096316577431900168,326637,8604,
2026-09-05,OKLO,RealJGBanks,2096316577431900168,326637,8604,
2026-09-05,ONDS,RealJGBanks,2096316577431900168,326637,8604,
2026-09-05,PHASE,RealJGBanks,2096316577431900168,326637,8604,
2026-09-05,PLTR,RealJGBanks,2096316577431900168,326637,8604,
2026-09-05,POWER,RealJGBanks,2096316577431900168,326637,8604,
2026-09-05,PWR,RealJGBanks,2096316577431900168,326637,8604,
2026-09-05,QBTS,RealJGBanks,2096316577431900168,326637,8604,
2026-09-05,QCOM,RealJGBanks,2096316577431900168,326637,8604,
2026-09-05,RKLB,RealJGBanks,2096316577431900168,326637,8604,
2026-09-05,SCCO,RealJGBanks,2096316577431900168,326637,8604,
2026-09-05,SERV,RealJGBanks,2096316577431900168,326637,8604,
2026-09-05,SMCI,RealJGBanks,2096316577431900168,326637,8604,
2026-09-05,SNDK,RealJGBanks,2096316577431900168,326637,8604,
2026-09-05,SNOW,RealJGBanks,2096316577431900168,326637,8604,
2026-09-05,STACK,RealJGBanks,2096316577431900168,326637,8604,
2026-09-05,TE,RealJGBanks,2096316577431900168,326637,8604,
2026-09-05,THAT,RealJGBanks,2096316577431900168,326637,8604,
2026-09-05,TSLA,RealJGBanks,2096316577431900168,326637,8604,
2026-09-05,USAR,RealJGBanks,2096316577431900168,326637,8604,
2026-09-05,VST,RealJGBanks,2096316577431900168,326637,8604,
2026-09-05,WHAT,RealJGBanks,2096316577431900168,326637,8604,
2026-09-05,WILL,RealJGBanks,2096316577431900168,326637,8604,
2026-09-05,WORLD,RealJGBanks,2096316577431900168,326637,8604,
2026-09-05,YEARS,RealJGBanks,2096316577431900168,326637,8604,
2026-09-05,YOU,RealJGBanks,2096316577431900168,326637,8604,
2026-09-05,ETH,TheShortBear,2096315138982694939,64550,158,
2026-09-05,FOCIL,TheShortBear,2096315138982694939,64550,158,
2026-09-05,HOOD,TheShortBear,2096315138982694939,64550,158,
2026-09-05,HYPE,TheShortBear,2096315138982694939,64550,158,
2026-09-05,RWA,TheShortBear,2096315138982694939,64550,158,
2026-09-05,SOL,TheShortBear,2096315138982694939,64550,158,
2026-09-05,UX,TheShortBear,2096315138982694939,64550,158,
2026-09-05,SMB,Muninn,2096313399177048347,3795,3,
2026-09-05,IMO,Venu_7_,2096312567895654551,641,0,
2026-09-05,MU,thesetupfactory,2096312166487835066,1259,0,
2026-09-05,BEST,TheProfInvestor,2096309612991709631,53909,318,
2026-09-05,LITE,TheProfInvestor,2096309612991709631,53909,318,
2026-09-05,MU,TheProfInvestor,2096309612991709631,53909,318,
2026-09-05,SNDK,TheProfInvestor,2096309612991709631,53909,318,
2026-09-05,MU,thesetupfactory,2096308215709335670,104,0,
2026-09-05,SKHY,thesetupfactory,2096308215709335670,104,0,
2026-09-05,SNDK,thesetupfactory,2096308215709335670,104,0,
2026-09-05,IMO,Venu_7_,2096307232032141802,507,0,
2026-09-05,HOOD,thesetupfactory,2096303408605167638,1548,9,
2026-09-05,MU,thesetupfactory,2096303408605167638,1548,9,
2026-09-05,SKHY,thesetupfactory,2096303408605167638,1548,9,
2026-09-05,BE,thesetupfactory,2096295586924318765,1096,2,
2026-09-05,NBIS,thesetupfactory,2096295586924318765,1096,2,
2026-09-05,TSF,thesetupfactory,2096295586924318765,1096,2,
2026-09-05,CCJ,Muninn,2096294791638065219,4215,9,
2026-09-05,MBLY,Muninn,2096294791638065219,4215,9,
2026-09-05,SNAP,Muninn,2096294791638065219,4215,9,
2026-09-05,INTC,Jake__Wujastyk,2096292197993992319,68021,54,
2026-09-05,DELL,ZaStocks,2096289630236606582,668,0,
2026-09-05,LITE,ShakePryzby1,2096282645135278341,1339,0,
2026-09-05,CBRS,Venu_7_,2096278273340870668,669,2,
2026-09-05,MU,Venu_7_,2096278273340870668,669,2,
2026-09-05,NBIS,Venu_7_,2096278273340870668,669,2,
2026-09-05,NVDA,Venu_7_,2096278273340870668,669,2,
2026-09-05,CBRS,Venu_7_,2096274681284510103,12566,43,
2026-09-05,GPT,Venu_7_,2096274681284510103,12566,43,
2026-09-05,GOAT,Muninn,2096267361577816546,18305,73,
2026-09-05,TRIAL,PrimeTrading_,2096264793875267640,2887,5,
2026-09-05,BE,TheProfInvestor,2096256959242735988,39741,27,
2026-09-05,ELITE,TheOneLanceB,2096243228110659788,19761,62,
2026-09-05,LIKE,TheOneLanceB,2096243228110659788,19761,62,
2026-09-05,LOOKS,TheOneLanceB,2096243228110659788,19761,62,
2026-09-05,WHAT,TheOneLanceB,2096243228110659788,19761,62,
2026-09-05,AMD,PrimeTrading_,2096239273997463593,2994,11,
2026-09-05,ANET,PrimeTrading_,2096239273997463593,2994,11,
2026-09-05,APH,PrimeTrading_,2096239273997463593,2994,11,
2026-09-05,AVT,PrimeTrading_,2096239273997463593,2994,11,
2026-09-05,CART,PrimeTrading_,2096239273997463593,2994,11,
2026-09-05,CRWD,PrimeTrading_,2096239273997463593,2994,11,
2026-09-05,DBX,PrimeTrading_,2096239273997463593,2994,11,
2026-09-05,HNGE,PrimeTrading_,2096239273997463593,2994,11,
2026-09-05,HUM,PrimeTrading_,2096239273997463593,2994,11,
2026-09-05,ILMN,PrimeTrading_,2096239273997463593,2994,11,
2026-09-05,INTC,PrimeTrading_,2096239273997463593,2994,11,
2026-09-05,LITE,PrimeTrading_,2096239273997463593,2994,11,
2026-09-05,NBIS,PrimeTrading_,2096239273997463593,2994,11,
2026-09-05,NTRA,PrimeTrading_,2096239273997463593,2994,11,
2026-09-05,OSCR,PrimeTrading_,2096239273997463593,2994,11,
2026-09-05,RBRK,PrimeTrading_,2096239273997463593,2994,11,
2026-09-05,RS,PrimeTrading_,2096239273997463593,2994,11,
2026-09-05,TWLO,PrimeTrading_,2096239273997463593,2994,11,
2026-09-05,VSAT,PrimeTrading_,2096239273997463593,2994,11,
2026-09-05,XYZ,PrimeTrading_,2096239273997463593,2994,11,
2026-09-05,INTC,mindofzen_,2096234891054571859,1683,0,
2026-09-05,MU,thesetupfactory,2096222238970175683,1698,4,
2026-09-05,SNDK,thesetupfactory,2096222238970175683,1698,4,
2026-09-05,EMA,PrimeTrading_,2096219265003065693,5458,29,
2026-09-05,PLTR,PrimeTrading_,2096219265003065693,5458,29,
2026-09-05,SL,PrimeTrading_,2096219265003065693,5458,29,
2026-09-05,FREE,PrimeTrading_,2096215216107192534,1081,11,
2026-09-05,EMA,PrimeTrading_,2096208608056733828,9947,114,
2026-09-05,TV,PrimeTrading_,2096208608056733828,9947,114,
2026-09-05,SNDK,thesetupfactory,2096170139867574761,91,0,
2026-09-05,SKHY,thesetupfactory,2096154087163113579,2012,2,
2026-09-05,MU,thesetupfactory,2096146820430704789,1459,1,
2026-09-05,SNDK,thesetupfactory,2096146820430704789,1459,1,
2026-09-05,DRAM,thesetupfactory,2096138740800319738,1369,2,
2026-09-05,RS,thesetupfactory,2096138740800319738,1369,2,
2026-09-05,BE,thesetupfactory,2096115326802862453,1625,0,
2026-09-05,RS,thesetupfactory,2096115326802862453,1625,0,
2026-09-05,QRVO,thesetupfactory,2096114844080500784,1476,4,
2026-09-05,CBRS,Venu_7_,2096088211244392853,896,0,
2026-09-04,LOVE,wey_how12640,2096083197952184338,2416,2,
2026-09-04,SPX,wey_how12640,2096069402089373835,2211,1,
2026-09-04,BE,wey_how12640,2096053650179420416,2398,3,
2026-09-04,NVDA,ZaStocks,2096050733141422508,2369,2,
2026-09-04,AG,jfsrev,2096045693177860110,47081,242,
2026-09-04,AUR,jfsrev,2096045693177860110,47081,242,
2026-09-04,BBY,jfsrev,2096045693177860110,47081,242,
2026-09-04,BE,jfsrev,2096045693177860110,47081,242,
2026-09-04,BMNR,jfsrev,2096045693177860110,47081,242,
2026-09-04,CEG,jfsrev,2096045693177860110,47081,242,
2026-09-04,CF,jfsrev,2096045693177860110,47081,242,
2026-09-04,CNH,jfsrev,2096045693177860110,47081,242,
2026-09-04,CRCL,jfsrev,2096045693177860110,47081,242,
2026-09-04,CRWD,jfsrev,2096045693177860110,47081,242,
2026-09-04,DAR,jfsrev,2096045693177860110,47081,242,
2026-09-04,DELL,jfsrev,2096045693177860110,47081,242,
2026-09-04,DOCU,jfsrev,2096045693177860110,47081,242,
2026-09-04,HL,jfsrev,2096045693177860110,47081,242,
2026-09-04,HOOD,jfsrev,2096045693177860110,47081,242,
2026-09-04,HPQ,jfsrev,2096045693177860110,47081,242,
2026-09-04,IOT,jfsrev,2096045693177860110,47081,242,
2026-09-04,MSTR,jfsrev,2096045693177860110,47081,242,
2026-09-04,MU,jfsrev,2096045693177860110,47081,242,
2026-09-04,NBIS,jfsrev,2096045693177860110,47081,242,
2026-09-04,NOW,jfsrev,2096045693177860110,47081,242,
2026-09-04,OKTA,jfsrev,2096045693177860110,47081,242,
2026-09-04,SKHY,jfsrev,2096045693177860110,47081,242,
2026-09-04,SMCI,jfsrev,2096045693177860110,47081,242,
2026-09-04,SMTC,jfsrev,2096045693177860110,47081,242,
2026-09-04,SNDK,jfsrev,2096045693177860110,47081,242,
2026-09-04,SNOW,jfsrev,2096045693177860110,47081,242,
2026-09-04,SWKS,jfsrev,2096045693177860110,47081,242,
2026-09-04,TEAM,jfsrev,2096045693177860110,47081,242,
2026-09-04,EMA,RealJGBanks,2096037142921155042,37908,667,
2026-09-04,BE,wey_how12640,2096030906897358925,2051,8,
2026-09-04,CRCL,wey_how12640,2096030906897358925,2051,8,
2026-09-04,CRWD,wey_how12640,2096030906897358925,2051,8,
2026-09-04,DELL,wey_how12640,2096030906897358925,2051,8,
2026-09-04,HAGW,wey_how12640,2096030906897358925,2051,8,
2026-09-04,HL,wey_how12640,2096030906897358925,2051,8,
2026-09-04,HOOD,wey_how12640,2096030906897358925,2051,8,
2026-09-04,LITE,wey_how12640,2096030906897358925,2051,8,
2026-09-04,MU,wey_how12640,2096030906897358925,2051,8,
2026-09-04,NTNX,wey_how12640,2096030906897358925,2051,8,
2026-09-04,NVDA,wey_how12640,2096030906897358925,2051,8,
2026-09-04,PLTR,wey_how12640,2096030906897358925,2051,8,
2026-09-04,SNDK,wey_how12640,2096030906897358925,2051,8,
2026-09-04,SNOW,wey_how12640,2096030906897358925,2051,8,
2026-09-04,SPX,wey_how12640,2096030906897358925,2051,8,
2026-09-04,TIDE,wey_how12640,2096030906897358925,2051,8,
2026-09-04,ADR,AmeetRai,2096026542115586060,1274,0,
2026-09-04,ATR,AmeetRai,2096026542115586060,1274,0,
2026-09-04,CRCL,mindofzen_,2096017285597045091,1528,0,
2026-09-04,CRWD,RealSimpleAriel,2096015713223762053,553,0,
2026-09-04,DDOG,RealSimpleAriel,2096015713223762053,553,0,
2026-09-04,PANW,RealSimpleAriel,2096015713223762053,553,0,
2026-09-04,RBRK,RealSimpleAriel,2096015713223762053,553,0,
2026-09-04,CRCL,Venu_7_,2096010610819694916,26556,36,
2026-09-04,HOOD,Venu_7_,2096010610819694916,26556,36,
2026-09-04,NOW,Venu_7_,2096010610819694916,26556,36,
2026-09-04,RBRK,Venu_7_,2096010610819694916,26556,36,
2026-09-04,BE,oratnek_ill,2096003920841863256,2507,6,
2026-09-04,DELL,oratnek_ill,2096003920841863256,2507,6,
2026-09-04,FROG,oratnek_ill,2096003920841863256,2507,6,
2026-09-04,HOOD,oratnek_ill,2096003920841863256,2507,6,
2026-09-04,LITE,oratnek_ill,2096003920841863256,2507,6,
2026-09-04,MU,oratnek_ill,2096003920841863256,2507,6,
2026-09-04,QQQE,oratnek_ill,2096003920841863256,2507,6,
2026-09-04,RSP,oratnek_ill,2096003920841863256,2507,6,
2026-09-04,SNDK,oratnek_ill,2096003920841863256,2507,6,
2026-09-04,SNOW,oratnek_ill,2096003920841863256,2507,6,
2026-09-04,SPCX,oratnek_ill,2096003920841863256,2507,6,
2026-09-04,BE,Jake__Wujastyk,2095993834702508499,67550,21,
2026-09-04,BE,ripster47,2095986192940507444,26444,0,
2026-09-04,RDDT,ripster47,2095986192940507444,26444,0,
2026-09-04,BEST,TheProfInvestor,2095975186290086295,71589,207,
2026-09-04,MU,TheProfInvestor,2095975186290086295,71589,207,
2026-09-04,CASY,PrimeTrading_,2095971811120877612,3190,1,
2026-09-04,ET,PrimeTrading_,2095971811120877612,3190,1,
2026-09-04,FHFA,PrimeTrading_,2095971811120877612,3190,1,
2026-09-04,FICO,PrimeTrading_,2095971811120877612,3190,1,
2026-09-04,GME,PrimeTrading_,2095971811120877612,3190,1,
2026-09-04,GWRE,PrimeTrading_,2095971811120877612,3190,1,
2026-09-04,LULU,PrimeTrading_,2095971811120877612,3190,1,
2026-09-04,NFIB,PrimeTrading_,2095971811120877612,3190,1,
2026-09-04,NY,PrimeTrading_,2095971811120877612,3190,1,
2026-09-04,AMD,PrimeTrading_,2095971186920346112,4747,34,
2026-09-04,FL,PrimeTrading_,2095971186920346112,4747,34,
2026-09-04,ZETA,TheProfInvestor,2095970856367456685,30009,61,
2026-09-04,MRVL,ZaStocks,2095970625772761306,1560,2,
2026-09-04,MRVL,PrimeTrading_,2095969518044467473,4286,7,
2026-09-04,OM,ripster47,2095969241669198083,932,0,
2026-09-04,HAGLW,PrimeTrading_,2095968158758654060,269,0,
2026-09-04,ADDED,PrimeTrading_,2095967125613494530,3584,12,
2026-09-04,FROG,PrimeTrading_,2095967125613494530,3584,12,
2026-09-04,HOOD,PrimeTrading_,2095967125613494530,3584,12,
2026-09-04,LITE,PrimeTrading_,2095967125613494530,3584,12,
2026-09-04,MCSI,PrimeTrading_,2095967125613494530,3584,12,
2026-09-04,MU,PrimeTrading_,2095967125613494530,3584,12,
2026-09-04,NER,PrimeTrading_,2095967125613494530,3584,12,
2026-09-04,NEW,PrimeTrading_,2095967125613494530,3584,12,
2026-09-04,OUT,PrimeTrading_,2095967125613494530,3584,12,
2026-09-04,PF,PrimeTrading_,2095967125613494530,3584,12,
2026-09-04,PLTR,PrimeTrading_,2095967125613494530,3584,12,
2026-09-04,QQQE,PrimeTrading_,2095967125613494530,3584,12,
2026-09-04,SMCI,PrimeTrading_,2095967125613494530,3584,12,
2026-09-04,SPCX,PrimeTrading_,2095967125613494530,3584,12,
2026-09-04,TEM,PrimeTrading_,2095967125613494530,3584,12,
2026-09-04,TWLO,PrimeTrading_,2095967125613494530,3584,12,
2026-09-04,TWST,PrimeTrading_,2095967125613494530,3584,12,
2026-09-04,MU,ripster47,2095966717725827239,26519,9,
2026-09-04,SAY,ripster47,2095966717725827239,26519,9,
2026-09-04,DV,AmeetRai,2095964742183526496,664,0,
2026-09-04,DRAM,RealJGBanks,2095962718872199620,29460,279,
2026-09-04,MU,RealJGBanks,2095962718872199620,29460,279,
2026-09-04,SNDK,RealJGBanks,2095962718872199620,29460,279,
2026-09-04,BE,ripster47,2095959580119286153,30202,5,
2026-09-04,EMA,ohiain,2095959081311727860,15621,109,
2026-09-04,MU,ohiain,2095959081311727860,15621,109,
2026-09-04,SNDK,ohiain,2095959081311727860,15621,109,
2026-09-04,MU,GnT_Trades,2095955125508407774,271,1,
2026-09-04,SNDK,GnT_Trades,2095955125508407774,271,1,
2026-09-04,FIRST,RealJGBanks,2095954976254087330,16536,15,
2026-09-04,MU,RealJGBanks,2095954976254087330,16536,15,
2026-09-04,SNDK,RealJGBanks,2095954976254087330,16536,15,
2026-09-04,DELL,ripster47,2095954669763752192,25778,6,
2026-09-04,MTF,ripster47,2095954669763752192,25778,6,
2026-09-04,TTP,GnT_Trades,2095951214009573652,4534,3,
2026-09-04,PLTR,thesetupfactory,2095950374628679822,1083,2,
2026-09-04,HOOD,thesetupfactory,2095949661550879219,1949,10,
2026-09-04,SMA,thesetupfactory,2095949661550879219,1949,10,
2026-09-04,ENJOY,MisterLowRisk,2095948013864620044,7887,90,
2026-09-04,IWM,Jake__Wujastyk,2095947273704460539,33733,41,
2026-09-04,QQQ,Jake__Wujastyk,2095947273704460539,33733,41,
2026-09-04,SPY,Jake__Wujastyk,2095947273704460539,33733,41,
2026-09-04,VIX,Jake__Wujastyk,2095947273704460539,33733,41,
2026-09-04,DELL,TheProfInvestor,2095944278090674364,36207,11,
2026-09-04,TTP,GnT_Trades,2095943979955257483,11038,1,
2026-09-04,MU,1ChartMaster,2095943126359654687,12076,31,
2026-09-04,SNDK,Jake__Wujastyk,2095943019484807568,30409,22,
2026-09-04,COIN,GnT_Trades,2095938760399552935,19686,12,
2026-09-04,MU,GnT_Trades,2095938760399552935,19686,12,
2026-09-04,BTC,Jake__Wujastyk,2095936453931045252,32595,27,
2026-09-04,EMA,thesetupfactory,2095934046614512090,3878,31,
2026-09-04,IMO,thesetupfactory,2095934046614512090,3878,31,
2026-09-04,MU,thesetupfactory,2095934046614512090,3878,31,
2026-09-04,SNDK,thesetupfactory,2095934046614512090,3878,31,
2026-09-04,CIBR,RealSimpleAriel,2095931318613778609,13042,2,
2026-09-04,DDOG,RealSimpleAriel,2095931318613778609,13042,2,
2026-09-04,HACK,RealSimpleAriel,2095931318613778609,13042,2,
2026-09-04,OKTA,RealSimpleAriel,2095931318613778609,13042,2,
2026-09-04,PANW,RealSimpleAriel,2095931318613778609,13042,2,
2026-09-04,DRAM,thesetupfactory,2095928177377874392,1498,1,
2026-09-04,MU,thesetupfactory,2095928177377874392,1498,1,
2026-09-04,SNDK,thesetupfactory,2095928177377874392,1498,1,
2026-09-04,TSF,thesetupfactory,2095928177377874392,1498,1,
2026-09-04,DC,AmeetRai,2095927923911889360,10140,0,
2026-09-04,MU,RealSimpleAriel,2095925692185661808,778,1,
2026-09-04,SNXX,RealSimpleAriel,2095925692185661808,778,1,
2026-09-04,CRDO,TheProfInvestor,2095922273048010943,37861,42,
2026-09-04,SMA,TheProfInvestor,2095922273048010943,37861,42,
2026-09-04,DELL,ripster47,2095920961853743162,24696,1,
2026-09-04,MU,ripster47,2095920961853743162,24696,1,
2026-09-04,WMT,ripster47,2095920961853743162,24696,1,
2026-09-04,APP,Venu_7_,2095919734357397623,877,1,
2026-09-04,IMO,Venu_7_,2095919734357397623,877,1,
2026-09-04,UBER,Venu_7_,2095919734357397623,877,1,
2026-09-04,MU,RealSimpleAriel,2095919497659986406,1129,0,
2026-09-04,ZEC,NickSchmidt,2095919044658409861,12831,5,
2026-09-04,APP,Venu_7_,2095915645498237024,26090,22,
2026-09-04,DRAM,TheProfInvestor,2095914254004351398,33672,41,
2026-09-04,MU,TheProfInvestor,2095914254004351398,33672,41,
2026-09-04,SNDK,TheProfInvestor,2095914254004351398,33672,41,
2026-09-04,WDC,TheProfInvestor,2095914254004351398,33672,41,
2026-09-04,TNX,bluechipdaily,2095913900348719279,557,0,
2026-09-04,ATH,Venu_7_,2095909525153042541,516,0,
2026-09-04,VWAP,Venu_7_,2095909525153042541,516,0,
2026-09-04,BE,wey_how12640,2095908019506913637,4394,3,
2026-09-04,HL,wey_how12640,2095908019506913637,4394,3,
2026-09-04,MU,bluechipdaily,2095907756981060007,7748,2,
2026-09-04,DTE,ripster47,2095907445398749404,26552,11,
2026-09-04,MU,ripster47,2095907445398749404,26552,11,
2026-09-04,OKLO,Jake__Wujastyk,2095906359627915465,27414,4,
2026-09-04,ATH,Venu_7_,2095903981403083051,24061,31,
2026-09-04,AVWAP,Venu_7_,2095903981403083051,24061,31,
2026-09-04,NBIS,Venu_7_,2095903981403083051,24061,31,
2026-09-04,TNX,bluechipdaily,2095902654215954576,2078,0,
2026-09-04,BE,ripster47,2095901803552333893,25542,1,
2026-09-04,SNDK,wey_how12640,2095901491865469183,3028,0,
2026-09-04,IREN,TheProfInvestor,2095898735788310895,63673,172,
2026-09-04,OSCR,TheProfInvestor,2095898735788310895,63673,172,
2026-09-04,RKLB,TheProfInvestor,2095898735788310895,63673,172,
2026-09-04,SDNK,1ChartMaster,2095898405008462252,608,1,
2026-09-04,QQQ,ripster47,2095898093313032483,26660,8,
2026-09-04,SPY,ripster47,2095898093313032483,26660,8,
2026-09-04,CPB,LindaRaschke,2095897081273589993,11313,3,
2026-09-04,LOCO,LindaRaschke,2095897081273589993,11313,3,
2026-09-04,CRCL,Venu_7_,2095896852654879126,21695,38,
2026-09-04,USDC,Venu_7_,2095896852654879126,21695,38,
2026-09-04,ADR,Muninn,2095895410003026043,13487,157,
2026-09-04,HR,ripster47,2095895137700266275,467,0,
2026-09-04,MU,1ChartMaster,2095893926183899246,28164,52,
2026-09-04,CBRS,ripster47,2095893345973244188,22495,3,
2026-09-04,MU,RealSimpleAriel,2095891967813005768,549,0,
2026-09-04,NYSE,LindaRaschke,2095891500601090520,16832,122,
2026-09-04,SP,LindaRaschke,2095891500601090520,16832,122,
2026-09-04,SP,LindaRaschke,2095891156055822600,11938,33,
2026-09-04,MU,ripster47,2095891072480145675,26839,0,
2026-09-04,MU,RealSimpleAriel,2095886166692110735,550,0,
2026-09-04,SNDK,RealSimpleAriel,2095886166692110735,550,0,
2026-09-04,MU,TheProfInvestor,2095885172558446784,28799,11,
2026-09-04,SNDK,GnT_Trades,2095884546151448987,6319,4,
2026-09-04,AAPL,TheOneLanceB,2095883968243773685,16184,58,
2026-09-04,AUG,TheOneLanceB,2095883968243773685,16184,58,
2026-09-04,ETH,TheOneLanceB,2095883968243773685,16184,58,
2026-09-04,GOOG,TheOneLanceB,2095883968243773685,16184,58,
2026-09-04,MRK,TheOneLanceB,2095883968243773685,16184,58,
2026-09-04,MRNA,TheOneLanceB,2095883968243773685,16184,58,
2026-09-04,NVO,TheOneLanceB,2095883968243773685,16184,58,
2026-09-04,OPPS,TheOneLanceB,2095883968243773685,16184,58,
2026-09-04,SPCX,TheOneLanceB,2095883968243773685,16184,58,
2026-09-04,TOP,TheOneLanceB,2095883968243773685,16184,58,
2026-09-04,WDAY,TheOneLanceB,2095883968243773685,16184,58,
2026-09-04,NVDA,wey_how12640,2095883804506538019,2658,2,
2026-09-04,MU,ripster47,2095882038112895298,35721,12,
2026-09-04,PB,ohiain,2095880917092798522,1147,0,
2026-09-04,LULU,TheProfInvestor,2095880854878978375,22090,4,
2026-09-04,AAPL,ripster47,2095880479018741799,23322,3,
2026-09-04,MSFT,ripster47,2095880479018741799,23322,3,
2026-09-04,MTF,ripster47,2095880479018741799,23322,3,
2026-09-04,QQQ,ripster47,2095880479018741799,23322,3,
2026-09-04,SPY,ripster47,2095880479018741799,23322,3,
2026-09-04,TSLA,ripster47,2095880479018741799,23322,3,
2026-09-04,INTC,NickSchmidt,2095879378374733959,670,1,
2026-09-04,RAM,jfsrev,2095878624075452509,12495,5,
2026-09-04,MACD,Signal_Sigma,2095877503554351136,13599,79,
2026-09-04,AFTER,RealJGBanks,2095877033238593860,37016,55,
2026-09-04,AGO,RealJGBanks,2095877033238593860,37016,55,
2026-09-04,DRAM,RealJGBanks,2095877033238593860,37016,55,
2026-09-04,MONTH,RealJGBanks,2095877033238593860,37016,55,
2026-09-04,MU,RealJGBanks,2095877033238593860,37016,55,
2026-09-04,NEXT,RealJGBanks,2095877033238593860,37016,55,
2026-09-04,OVER,RealJGBanks,2095877033238593860,37016,55,
2026-09-04,SNDK,RealJGBanks,2095877033238593860,37016,55,
2026-09-04,NYSE,LindaRaschke,2095876451882918108,9783,8,
2026-09-04,MU,ArtofSpecuycky,2095876428881400018,16909,9,
2026-09-04,SMCI,ArtofSpecuycky,2095876428881400018,16909,9,
2026-09-04,MU,wey_how12640,2095876209150435468,2324,2,
2026-09-04,ASTS,ripster47,2095875793960288538,32126,3,
2026-09-04,MU,GnT_Trades,2095875329306861964,18952,17,
2026-09-04,SNDK,GnT_Trades,2095875329306861964,18952,17,
2026-09-04,MU,1ChartMaster,2095874894781125000,9299,18,
2026-09-04,APP,ripster47,2095874681467236669,26050,4,
2026-09-04,ASTS,ripster47,2095874681467236669,26050,4,
2026-09-04,CBRS,ripster47,2095874681467236669,26050,4,
2026-09-04,CRDO,ripster47,2095874681467236669,26050,4,
2026-09-04,DELL,ripster47,2095874681467236669,26050,4,
2026-09-04,MU,ripster47,2095874681467236669,26050,4,
2026-09-04,SKHY,ripster47,2095874681467236669,26050,4,
2026-09-04,WMT,ripster47,2095874681467236669,26050,4,
2026-09-04,PNL,TheOneLanceB,2095874462566821946,2050,0,
2026-09-04,KLAC,LindaRaschke,2095874379443830904,12043,5,
2026-09-04,OP,LindaRaschke,2095874379443830904,12043,5,
2026-09-04,MU,TheProfInvestor,2095873533222195553,27539,9,
2026-09-04,SNDK,TheProfInvestor,2095873533222195553,27539,9,
2026-09-04,CRCL,wey_how12640,2095873082842124571,2194,4,
2026-09-04,MU,LindaRaschke,2095872929678442586,11083,10,
2026-09-04,CRBS,ripster47,2095872812053368969,30273,1,
2026-09-04,CRDO,ripster47,2095872812053368969,30273,1,
2026-09-04,CBRS,ripster47,2095871659295048165,25778,1,
2026-09-04,DOCU,LindaRaschke,2095870316924830089,8955,1,
2026-09-04,BEN,LindaRaschke,2095869828053520754,9247,5,
2026-09-04,NBIS,TheProfInvestor,2095866903793463383,41179,141,
2026-09-04,ROC,LindaRaschke,2095864982588051585,14515,14,
2026-09-04,TEAMS,LindaRaschke,2095862613334737389,535,0,
2026-09-04,CALLS,RealJGBanks,2095860626656477595,25007,260,
2026-09-04,FIRST,RealJGBanks,2095860626656477595,25007,260,
2026-09-04,FIX,RealJGBanks,2095860626656477595,25007,260,
2026-09-04,SPY,RealJGBanks,2095860626656477595,25007,260,
2026-09-04,ROC,LindaRaschke,2095859894813389227,12448,20,
2026-09-04,NDX,ConnorJBates_,2095849010296758408,4112,10,
2026-09-04,SPX,ConnorJBates_,2095849010296758408,4112,10,
2026-09-04,ANF,1ChartMaster,2095842823127831001,7359,13,
2026-09-04,BE,thesetupfactory,2095824156143104128,3874,0,
2026-09-04,FOMO,thesetupfactory,2095823047810854986,6271,8,
2026-09-04,ICU,thesetupfactory,2095823047810854986,6271,8,
2026-09-04,MRNA,ohiain,2095816234931474749,315,0,
2026-09-04,AVAV,Jake__Wujastyk,2095814563887452639,59748,46,
2026-09-04,KTOS,Jake__Wujastyk,2095814563887452639,59748,46,
2026-09-04,ONDS,Jake__Wujastyk,2095814563887452639,59748,46,
2026-09-04,UMAC,Jake__Wujastyk,2095814563887452639,59748,46,
2026-09-04,MA,bluechipdaily,2095813892081434974,12572,2,
2026-09-04,MU,bluechipdaily,2095813892081434974,12572,2,
2026-09-04,BTC,ArtofSpecuycky,2095807300883951694,12237,12,
2026-09-04,DEX,ArtofSpecuycky,2095807300883951694,12237,12,
2026-09-04,HOOD,ArtofSpecuycky,2095807300883951694,12237,12,
2026-09-04,LP,ArtofSpecuycky,2095807300883951694,12237,12,
2026-09-04,NVDA,ArtofSpecuycky,2095807300883951694,12237,12,
2026-09-04,RWA,ArtofSpecuycky,2095807300883951694,12237,12,
2026-09-04,TSLA,ArtofSpecuycky,2095807300883951694,12237,12,
2026-09-04,TVL,ArtofSpecuycky,2095807300883951694,12237,12,
2026-09-04,DXY,Clement_Ang17,2095791076485558459,7913,14,
2026-09-04,HAGW,Clement_Ang17,2095791076485558459,7913,14,
2026-09-04,MACD,Clement_Ang17,2095791076485558459,7913,14,
2026-09-04,VCP,Clement_Ang17,2095791076485558459,7913,14,
2026-09-04,EMA,ArtofSpecuycky,2095764978896908335,11473,8,
2026-09-04,META,ArtofSpecuycky,2095764978896908335,11473,8,
2026-09-04,NVDA,ArtofSpecuycky,2095764978896908335,11473,8,
2026-09-04,LULU,wey_how12640,2095743392462655655,77,0,
2026-09-06,DELL,ripster47,2096664818715328757,2123,0,
2026-09-06,BUY,RealJGBanks,2096662761589887251,3683,35,
2026-09-06,COVID,RealJGBanks,2096662761589887251,3683,35,
2026-09-06,EVERY,RealJGBanks,2096662761589887251,3683,35,
2026-09-06,HOLD,RealJGBanks,2096662761589887251,3683,35,
2026-09-06,MAJOR,RealJGBanks,2096662761589887251,3683,35,
2026-09-06,NOW,RealJGBanks,2096662761589887251,3683,35,
2026-09-06,PANIC,RealJGBanks,2096662761589887251,3683,35,
2026-09-06,QQQ,RealJGBanks,2096662761589887251,3683,35,
2026-09-06,RIGHT,RealJGBanks,2096662761589887251,3683,35,
2026-09-06,RISK,RealJGBanks,2096662761589887251,3683,35,
2026-09-06,SINCE,RealJGBanks,2096662761589887251,3683,35,
2026-09-06,SPY,RealJGBanks,2096662761589887251,3683,35,
2026-09-06,START,RealJGBanks,2096662761589887251,3683,35,
2026-09-06,THIS,RealJGBanks,2096662761589887251,3683,35,
2026-09-06,TRIM,RealJGBanks,2096662761589887251,3683,35,
2026-09-06,VIX,RealJGBanks,2096662761589887251,3683,35,
2026-09-06,CRWV,ZaStocks,2096644976985682078,10798,40,
2026-09-06,SE,Muninn,2096644245578817742,87,1,
2026-09-06,BUIDL,TheShortBear,2096643945639878952,392,0,
2026-09-06,DEX,TheShortBear,2096643945639878952,392,0,
2026-09-06,ETH,TheShortBear,2096643945639878952,392,0,
2026-09-06,HOOD,TheShortBear,2096643945639878952,392,0,mention
2026-09-06,RWA,TheShortBear,2096643945639878952,392,0,
2026-09-06,MRNA,ohiain,2096643827171762431,5495,60,watching
2026-09-06,IYKYK,1ChartMaster,2096639126858580232,507,0,
2026-09-06,HUGE,ohiain,2096632512537853954,5024,19,
2026-09-06,INTC,ohiain,2096632512537853954,5024,19,long
2026-09-06,TEM,ohiain,2096628497523384607,4245,16,
2026-09-06,HH,ohiain,2096624874257109241,4888,17,
2026-09-06,HOOD,ohiain,2096624874257109241,4888,17,watching
2026-09-06,HVC,ohiain,2096621953737978323,4508,14,
2026-09-06,OKTA,ohiain,2096621953737978323,4508,14,watching
2026-09-06,RS,ohiain,2096621953737978323,4508,14,
2026-09-06,ASTRA,wey_how12640,2096784804838883664,150,0,
2026-09-06,DELL,wey_how12640,2096783990355378326,2024,4,
2026-09-06,HOOD,wey_how12640,2096783990355378326,2024,4,watching
2026-09-06,NVDA,wey_how12640,2096783990355378326,2024,4,watching
2026-09-06,PLTR,wey_how12640,2096783990355378326,2024,4,
2026-09-06,VST,ZaStocks,2096772743710585063,20880,139,
2026-09-06,BE,Jake__Wujastyk,2096748972903919728,21369,14,recap
2026-09-06,INTC,NickSchmidt,2096745131655282851,345,0,watching
2026-09-06,INTC,NickSchmidt,2096740134913822992,12082,98,watching
2026-09-06,MRVL,NickSchmidt,2096740134913822992,12082,98,
2026-09-06,SHOP,NickSchmidt,2096740134913822992,12082,98,
2026-09-06,SNDK,NickSchmidt,2096740134913822992,12082,98,watching
2026-09-06,SNDK,1ChartMaster,2096736978192531547,8435,11,recap
2026-09-06,MU,TheProfInvestor,2096735813673599211,40357,34,
2026-09-06,RIPS,TheProfInvestor,2096735813673599211,40357,34,
2026-09-06,SNDK,TheProfInvestor,2096735813673599211,40357,34,recap
2026-09-06,BE,Venu_7_,2096728403726737767,13368,13,long
2026-09-06,VCP,Venu_7_,2096725417185182181,20474,400,
2026-09-06,BTW,TheProfInvestor,2096723937086632078,6234,3,
2026-09-06,NKE,TheProfInvestor,2096722406832537647,38329,83,
2026-09-06,AMD,TheProfInvestor,2096720648240611661,28879,63,
2026-09-06,NBIS,thesetupfactory,2096717983322132948,662,0,
2026-09-06,CYPH,NickSchmidt,2096715964549112041,137,0,
2026-09-06,ZEC,NickSchmidt,2096715964549112041,137,0,
2026-09-06,AGI,NickSchmidt,2096712427068867054,914,0,
2026-09-06,CAR,TheShortBear,2096711831372881993,25425,133,
2026-09-06,SLV,TheShortBear,2096711831372881993,25425,133,
2026-09-06,INTC,TheProfInvestor,2096696889307713695,37511,25,mention
2026-09-06,NVDA,ZaStocks,2096691086458593347,17626,33,long
2026-09-06,LULU,TheProfInvestor,2096687548005572746,33546,12,
2026-09-06,NKE,TheProfInvestor,2096687548005572746,33546,12,
2026-09-06,BACK,RealJGBanks,2096683926257647699,16947,15,
2026-09-06,CARD,RealJGBanks,2096683926257647699,16947,15,
2026-09-06,CARS,RealJGBanks,2096683926257647699,16947,15,
2026-09-06,DAY,RealJGBanks,2096683926257647699,16947,15,
2026-09-06,DAYS,RealJGBanks,2096683926257647699,16947,15,
2026-09-06,DEBT,RealJGBanks,2096683926257647699,16947,15,
2026-09-06,DREAM,RealJGBanks,2096683926257647699,16947,15,
2026-09-06,HOUSE,RealJGBanks,2096683926257647699,16947,15,
2026-09-06,LABOR,RealJGBanks,2096683926257647699,16947,15,
2026-09-06,LOANS,RealJGBanks,2096683926257647699,16947,15,
2026-09-06,OFF,RealJGBanks,2096683926257647699,16947,15,
2026-09-06,PAID,RealJGBanks,2096683926257647699,16947,15,
2026-09-06,PLANS,RealJGBanks,2096683926257647699,16947,15,
2026-09-06,SALE,RealJGBanks,2096683926257647699,16947,15,
2026-09-06,WITH,RealJGBanks,2096683926257647699,16947,15,
2026-09-06,EMA,TheProfInvestor,2096670555978293583,34353,622,
2026-09-06,NDX,TheProfInvestor,2096670555978293583,34353,622,
2026-09-06,QQQ,TheProfInvestor,2096670555978293583,34353,622,
2026-09-06,BE,ripster47,2096669660234068049,23224,7,recap
2026-09-06,BULL,ripster47,2096669660234068049,23224,7,
2026-09-06,DELL,ripster47,2096669660234068049,23224,7,
2026-09-06,HOOD,ripster47,2096669660234068049,23224,7,recap
2026-09-06,SKHY,ripster47,2096669660234068049,23224,7,
2026-09-06,TMDX,ripster47,2096669660234068049,23224,7,
2026-09-07,UBER,TheProfInvestor,2096996708400116119,561,0,
2026-09-07,VST,TheProfInvestor,2096994745251991617,13674,71,
2026-09-07,IGV,cfromhertz,2096993709933854835,2413,2,
2026-09-07,SMH,cfromhertz,2096993709933854835,2413,2,
2026-09-07,AA,TheOneLanceB,2096984118257136058,16361,18,
2026-09-07,DL,TheOneLanceB,2096984118257136058,16361,18,
2026-09-07,DR,TheOneLanceB,2096984118257136058,16361,18,
2026-09-07,KTG,TheOneLanceB,2096984118257136058,16361,18,
2026-09-07,NH,TheOneLanceB,2096984118257136058,16361,18,
2026-09-07,PNL,TheOneLanceB,2096984118257136058,16361,18,
2026-09-07,TL,TheOneLanceB,2096984118257136058,16361,18,
2026-09-07,ROI,Muninn,2096983831806971937,2404,5,
2026-09-07,ALAB,TheProfInvestor,2096981018389647646,19151,100,
2026-09-07,CRDO,TheProfInvestor,2096981018389647646,19151,100,
2026-09-07,DRAM,TheProfInvestor,2096981018389647646,19151,100,
2026-09-07,INTC,TheProfInvestor,2096981018389647646,19151,100,
2026-09-07,LITE,TheProfInvestor,2096981018389647646,19151,100,
2026-09-07,MU,TheProfInvestor,2096981018389647646,19151,100,
2026-09-07,NBIS,TheProfInvestor,2096981018389647646,19151,100,
2026-09-07,SPCX,TheProfInvestor,2096981018389647646,19151,100,
2026-09-07,COIN,NickSchmidt,2096979881355559049,139,0,
2026-09-07,AAOI,ConnorJBates_,2096973825879523621,8452,105,
2026-09-07,AMD,ConnorJBates_,2096973825879523621,8452,105,
2026-09-07,ARM,ConnorJBates_,2096973825879523621,8452,105,
2026-09-07,AXTI,ConnorJBates_,2096973825879523621,8452,105,
2026-09-07,BE,ConnorJBates_,2096973825879523621,8452,105,
2026-09-07,CBRS,ConnorJBates_,2096973825879523621,8452,105,
2026-09-07,CHAT,ConnorJBates_,2096973825879523621,8452,105,
2026-09-07,CRWV,ConnorJBates_,2096973825879523621,8452,105,
2026-09-07,DELL,ConnorJBates_,2096973825879523621,8452,105,
2026-09-07,DRAM,ConnorJBates_,2096973825879523621,8452,105,
2026-09-07,GEV,ConnorJBates_,2096973825879523621,8452,105,
2026-09-07,HPE,ConnorJBates_,2096973825879523621,8452,105,
2026-09-07,HUT,ConnorJBates_,2096973825879523621,8452,105,
2026-09-07,INTC,ConnorJBates_,2096973825879523621,8452,105,
2026-09-07,LITE,ConnorJBates_,2096973825879523621,8452,105,
2026-09-07,LYTE,ConnorJBates_,2096973825879523621,8452,105,
2026-09-07,MU,ConnorJBates_,2096973825879523621,8452,105,
2026-09-07,NBIS,ConnorJBates_,2096973825879523621,8452,105,
2026-09-07,NCLD,ConnorJBates_,2096973825879523621,8452,105,
2026-09-07,NTAP,ConnorJBates_,2096973825879523621,8452,105,
2026-09-07,NVDA,ConnorJBates_,2096973825879523621,8452,105,
2026-09-07,P,ConnorJBates_,2096973825879523621,8452,105,
2026-09-07,SKHY,ConnorJBates_,2096973825879523621,8452,105,
2026-09-07,SNDK,ConnorJBates_,2096973825879523621,8452,105,
2026-09-07,SOXL,ConnorJBates_,2096973825879523621,8452,105,
2026-09-07,TSM,ConnorJBates_,2096973825879523621,8452,105,
2026-09-07,ATR,RealSimpleAriel,2096966829621018701,225,0,
2026-09-07,EMA,thesetupfactory,2096965391473930240,1085,2,
2026-09-07,SMA,thesetupfactory,2096965391473930240,1085,2,
2026-09-07,STX,thesetupfactory,2096965391473930240,1085,2,
2026-09-07,COMPQ,ConnorJBates_,2096963950466183630,5133,6,
2026-09-07,LIFE,thesetupfactory,2096961854551511523,659,1,
2026-09-07,SPCX,thesetupfactory,2096961245580587418,692,0,
2026-09-07,SMA,Muninn,2096955897864196417,6018,78,
2026-09-07,HUGE,ohiain,2096954633725866153,7384,41,
2026-09-07,NOW,ohiain,2096954633725866153,7384,41,
2026-09-07,IGV,PrimeTrading_,2096954610187387264,2053,1,
2026-09-07,SMH,PrimeTrading_,2096954610187387264,2053,1,
2026-09-07,QQQ,PrimeTrading_,2096954123081883925,1962,3,
2026-09-07,QQQE,PrimeTrading_,2096954123081883925,1962,3,
2026-09-07,SPX,ConnorJBates_,2096951934070473196,6450,9,
2026-09-07,MU,ConnorJBates_,2096949041162584184,6733,12,
2026-09-07,SKHY,ConnorJBates_,2096949041162584184,6733,12,
2026-09-07,SNDK,ConnorJBates_,2096949041162584184,6733,12,
2026-09-07,WDC,ConnorJBates_,2096949041162584184,6733,12,
2026-09-07,NER,PrimeTrading_,2096945988208378213,235,1,
2026-09-07,DTL,wey_how12640,2096930997694824799,76,0,
2026-09-07,CUTR,Muninn,2096911354384842891,5082,34,
2026-09-07,ESIO,Muninn,2096911354384842891,5082,34,
2026-09-07,SE,Muninn,2096911354384842891,5082,34,
2026-09-07,EP,Gaurav_Cx10,2096908595627430365,2585,85,
2026-09-07,SL,Gaurav_Cx10,2096908595627430365,2585,85,
2026-09-07,VCP,Gaurav_Cx10,2096908595627430365,2585,85,
2026-09-07,SL,Gaurav_Cx10,2096901804411748434,1790,1,
2026-09-07,ADR,oratnek_ill,2096900459030261782,51,0,
2026-09-07,RS,oratnek_ill,2096900459030261782,51,0,
2026-09-07,SNOW,wey_how12640,2096894424483873002,52,0,
2026-09-07,MU,thesetupfactory,2096829804695736505,2067,2,
2026-09-07,EMA,thesetupfactory,2096826396790095943,2279,15,
2026-09-07,SMA,thesetupfactory,2096826396790095943,2279,15,
2026-09-07,ADR,wey_how12640,2096812453355294956,3183,3,
2026-09-07,SK,wey_how12640,2096812453355294956,3183,3,
2026-09-07,SKHY,wey_how12640,2096812453355294956,3183,3,
2026-09-08,LITE,TheProfInvestor,2097370455258882514,2368,0,recap
2026-09-08,BE,Venu_7_,2097367879696240789,3178,1,recap
2026-09-08,KODK,Muninn,2097367317415956988,533,1,
2026-09-08,WSJ,Muninn,2097367317415956988,533,1,
2026-09-08,FOTO,RealSimpleAriel,2097367040357007557,3174,3,
2026-09-08,IGV,RealSimpleAriel,2097367040357007557,3174,3,
2026-09-08,SMH,RealSimpleAriel,2097367040357007557,3174,3,recap
2026-09-08,WGMI,RealSimpleAriel,2097367040357007557,3174,3,
2026-09-08,INTC,mindofzen_,2097366455951983056,252,0,watching
2026-09-08,MA,mindofzen_,2097366455951983056,252,0,
2026-09-08,SPX,cfromhertz,2097364948452089905,2544,0,
2026-09-08,EC,AmeetRai,2097363078572577247,418,0,
2026-09-08,NBIS,thesetupfactory,2097360692118491504,500,0,recap
2026-09-08,SNDK,cfromhertz,2097359943389106344,2727,0,
2026-09-08,MU,TheProfInvestor,2097359453578481830,15132,59,
2026-09-08,INTC,Jake__Wujastyk,2097358047052181659,16971,1,recap
2026-09-08,RVMD,cfromhertz,2097356838689775652,2534,1,
2026-09-08,AVWAP,thesetupfactory,2097355637357224011,659,0,
2026-09-08,SPCX,thesetupfactory,2097355637357224011,659,0,long
2026-09-08,SKHY,thesetupfactory,2097355120958640576,341,0,
2026-09-08,IMO,wey_how12640,2097353746963685583,1065,1,
2026-09-08,MRVL,wey_how12640,2097353746963685583,1065,1,
2026-09-08,SPCX,Venu_7_,2097352119624040485,7550,7,long
2026-09-08,VWAP,Venu_7_,2097352119624040485,7550,7,
2026-09-08,SPCX,cfromhertz,2097351013862686926,4237,3,long
2026-09-08,VPOC,cfromhertz,2097351013862686926,4237,3,
2026-09-08,SNDK,Jake__Wujastyk,2097350375154348141,15011,6,
2026-09-08,LITE,ConnorJBates_,2097349757433684383,4156,1,recap
2026-09-08,SPCX,ConnorJBates_,2097349579960119772,4599,1,recap
2026-09-08,CIFR,ConnorJBates_,2097349464813945237,4240,5,
2026-09-08,CRWV,ConnorJBates_,2097349464813945237,4240,5,
2026-09-08,IREN,ConnorJBates_,2097349464813945237,4240,5,
2026-09-08,KEEL,ConnorJBates_,2097349464813945237,4240,5,
2026-09-08,NBIS,ConnorJBates_,2097349464813945237,4240,5,recap
2026-09-08,NCLD,ConnorJBates_,2097349464813945237,4240,5,
2026-09-08,TEM,Venu_7_,2097347880508096567,8205,13,
2026-09-08,INTC,Jake__Wujastyk,2097346954376380444,16792,4,recap
2026-09-08,NBIS,Venu_7_,2097345850620231793,1495,0,recap
2026-09-08,INTC,mindofzen_,2097345137856663733,853,0,exited
2026-09-08,PR,mindofzen_,2097345137856663733,853,0,
2026-09-08,NBIS,wey_how12640,2097344433662603745,1257,2,long
2026-09-08,AMD,TheProfInvestor,2097344008821657883,19872,42,long
2026-09-08,AVGO,TheProfInvestor,2097344008821657883,19872,42,
2026-09-08,INTC,TheProfInvestor,2097344008821657883,19872,42,long
2026-09-08,SMA,TheProfInvestor,2097344008821657883,19872,42,
2026-09-08,API,TailThatWagsDog,2097343034052489675,1297,5,
2026-09-08,CT,TailThatWagsDog,2097343034052489675,1297,5,
2026-09-08,ST,TailThatWagsDog,2097343034052489675,1297,5,
2026-09-08,XLE,TailThatWagsDog,2097343034052489675,1297,5,
2026-09-08,IGV,cfromhertz,2097341700360335833,3451,0,
2026-09-08,SMH,cfromhertz,2097341700360335833,3451,0,mention
2026-09-08,HOOD,Venu_7_,2097337365929066799,339,0,
2026-09-08,U,mindofzen_,2097337138152890653,561,1,
2026-09-08,AF,TheProfInvestor,2097336516674789624,18015,20,
2026-09-08,EMA,TheProfInvestor,2097336516674789624,18015,20,
2026-09-08,SMH,TheProfInvestor,2097336516674789624,18015,20,long
2026-09-08,AAPL,Jake__Wujastyk,2097336086003700176,25609,15,
2026-09-08,AMZN,Jake__Wujastyk,2097336086003700176,25609,15,
2026-09-08,GOOG,Jake__Wujastyk,2097336086003700176,25609,15,
2026-09-08,MSFT,Jake__Wujastyk,2097336086003700176,25609,15,
2026-09-08,NVDA,Jake__Wujastyk,2097336086003700176,25609,15,
2026-09-08,ASTS,RealJGBanks,2097335406303789255,10475,13,
2026-09-08,DAY,RealJGBanks,2097335406303789255,10475,13,
2026-09-08,HOUR,RealJGBanks,2097335406303789255,10475,13,
2026-09-08,SWING,RealJGBanks,2097335406303789255,10475,13,
2026-09-08,WORK,RealJGBanks,2097335406303789255,10475,13,
2026-09-08,DM,ShakePryzby1,2097334397322318049,229,0,
2026-09-08,GIF,ShakePryzby1,2097334397322318049,229,0,
2026-09-08,LITE,wey_how12640,2097333925437981044,1297,4,long
2026-09-08,SPCX,TheProfInvestor,2097333222149660910,17820,13,long
2026-09-08,LITE,GnT_Trades,2097333197516234892,3743,0,long
2026-09-08,NBIS,Venu_7_,2097332817776763305,296,0,mention
2026-09-08,HOOD,Venu_7_,2097332434392269208,11394,10,
2026-09-08,SANM,1ChartMaster,2097331803350585507,4446,2,
2026-09-08,NBIS,Venu_7_,2097331478946549907,11352,4,long
2026-09-08,PLTR,Venu_7_,2097331478946549907,11352,4,
2026-09-08,AMD,cfromhertz,2097331477528654046,3593,3,mention
2026-09-08,COT,LindaRaschke,2097331266085343674,7744,17,
2026-09-08,COWS,LindaRaschke,2097331266085343674,7744,17,
2026-09-08,HERE,LindaRaschke,2097331266085343674,7744,17,
2026-09-08,IMHO,LindaRaschke,2097331266085343674,7744,17,
2026-09-08,MRCI,LindaRaschke,2097331266085343674,7744,17,
2026-09-08,ISNS,Muninn,2097330365157511282,3843,6,
2026-09-08,NBIL,jfsrev,2097328771737194686,7204,22,
2026-09-08,NBIS,jfsrev,2097328771737194686,7204,22,exited
2026-09-08,AAOI,TheProfInvestor,2097328752653111404,23314,17,long
2026-09-08,COHR,TheProfInvestor,2097328752653111404,23314,17,long
2026-09-08,LITE,TheProfInvestor,2097328752653111404,23314,17,recap
2026-09-08,BE,TheProfInvestor,2097326742423933436,23317,6,recap
2026-09-08,GOAT,TheProfInvestor,2097326742423933436,23317,6,
2026-09-08,CRAK,cfromhertz,2097325866682290349,3475,2,
2026-09-08,DINO,cfromhertz,2097325866682290349,3475,2,watching
2026-09-08,MPC,cfromhertz,2097325866682290349,3475,2,watching
2026-09-08,PBW,cfromhertz,2097325866682290349,3475,2,
2026-09-08,PSX,cfromhertz,2097325866682290349,3475,2,watching
2026-09-08,VLO,cfromhertz,2097325866682290349,3475,2,watching
2026-09-08,IGV,cfromhertz,2097325026093437301,3454,0,
2026-09-08,SMH,cfromhertz,2097325026093437301,3454,0,mention
2026-09-08,CRWV,ripster47,2097324255180431860,17047,2,
2026-09-08,IREN,ripster47,2097324255180431860,17047,2,
2026-09-08,NBIS,ripster47,2097324255180431860,17047,2,recap
2026-09-08,ENTRY,cfromhertz,2097324052796854600,3235,0,
2026-09-08,EXIT,cfromhertz,2097324052796854600,3235,0,
2026-09-08,LITE,cfromhertz,2097324052796854600,3235,0,exited
2026-09-08,GPT,ripster47,2097321452068360489,17844,2,
2026-09-08,IRAN,ripster47,2097321452068360489,17844,2,
2026-09-08,QQQ,ripster47,2097321452068360489,17844,2,
2026-09-08,SPX,ripster47,2097321452068360489,17844,2,
2026-09-08,SPY,ripster47,2097321452068360489,17844,2,
2026-09-08,VIX,ripster47,2097321452068360489,17844,2,
2026-09-08,SMCI,mindofzen_,2097319752678953027,1142,1,
2026-09-08,EMA,TheProfInvestor,2097316686697254976,20630,48,
2026-09-08,AAPL,RealJGBanks,2097315842048266249,16665,75,
2026-09-08,AMAT,RealJGBanks,2097315842048266249,16665,75,
2026-09-08,AMD,RealJGBanks,2097315842048266249,16665,75,watching
2026-09-08,APLD,RealJGBanks,2097315842048266249,16665,75,
2026-09-08,AVGO,RealJGBanks,2097315842048266249,16665,75,
2026-09-08,CRWV,RealJGBanks,2097315842048266249,16665,75,
2026-09-08,CSCO,RealJGBanks,2097315842048266249,16665,75,
2026-09-08,DATA,RealJGBanks,2097315842048266249,16665,75,
2026-09-08,DRAM,RealJGBanks,2097315842048266249,16665,75,
2026-09-08,DTCR,RealJGBanks,2097315842048266249,16665,75,
2026-09-08,IREN,RealJGBanks,2097315842048266249,16665,75,
2026-09-08,LRCX,RealJGBanks,2097315842048266249,16665,75,
2026-09-08,MONEY,RealJGBanks,2097315842048266249,16665,75,
2026-09-08,MSFT,RealJGBanks,2097315842048266249,16665,75,
2026-09-08,MU,RealJGBanks,2097315842048266249,16665,75,
2026-09-08,NBIS,RealJGBanks,2097315842048266249,16665,75,watching
2026-09-08,NEXT,RealJGBanks,2097315842048266249,16665,75,
2026-09-08,NVDA,RealJGBanks,2097315842048266249,16665,75,
2026-09-08,ORCL,RealJGBanks,2097315842048266249,16665,75,
2026-09-08,PLTR,RealJGBanks,2097315842048266249,16665,75,
2026-09-08,QCOM,RealJGBanks,2097315842048266249,16665,75,
2026-09-08,SMH,RealJGBanks,2097315842048266249,16665,75,watching
2026-09-08,SNDK,RealJGBanks,2097315842048266249,16665,75,
2026-09-08,STX,RealJGBanks,2097315842048266249,16665,75,
2026-09-08,VRT,RealJGBanks,2097315842048266249,16665,75,
2026-09-08,WATCH,RealJGBanks,2097315842048266249,16665,75,
2026-09-08,WDC,RealJGBanks,2097315842048266249,16665,75,
2026-09-08,WHERE,RealJGBanks,2097315842048266249,16665,75,
2026-09-08,XLK,RealJGBanks,2097315842048266249,16665,75,
2026-09-08,INTC,ZaStocks,2097313601753116768,15577,4,mention
2026-09-08,CF,1ChartMaster,2097309683987939670,193,0,
2026-09-08,AMZN,cfromhertz,2097309344727433217,4405,0,
2026-09-08,BUILD,cfromhertz,2097309344727433217,4405,0,
2026-09-08,DATA,cfromhertz,2097309344727433217,4405,0,
2026-09-08,PACT,cfromhertz,2097309344727433217,4405,0,
2026-09-08,QCOM,cfromhertz,2097309344727433217,4405,0,
2026-09-08,CNBC,cfromhertz,2097308917965439257,4028,0,
2026-09-08,GLW,cfromhertz,2097308917965439257,4028,0,
2026-09-08,MULTI,cfromhertz,2097308917965439257,4028,0,
2026-09-08,CNBC,cfromhertz,2097308739631980678,6190,1,
2026-09-08,FIBER,cfromhertz,2097308739631980678,6190,1,
2026-09-08,GLW,cfromhertz,2097308739631980678,6190,1,
2026-09-08,REACH,cfromhertz,2097308739631980678,6190,1,
2026-09-08,SPY,ohiain,2097307669421806033,6264,18,
2026-09-08,GFS,cfromhertz,2097302656075145538,3814,3,
2026-09-08,TTG,cfromhertz,2097301948193972251,3428,1,
2026-09-08,COPX,ConnorJBates_,2097301877301936613,6344,7,
2026-09-08,ERO,ConnorJBates_,2097301877301936613,6344,7,
2026-09-08,FCX,ConnorJBates_,2097301877301936613,6344,7,
2026-09-08,SCCO,ConnorJBates_,2097301877301936613,6344,7,
2026-09-08,BOJ,TailThatWagsDog,2097298079288369551,1539,4,
2026-09-08,CT,TailThatWagsDog,2097298079288369551,1539,4,
2026-09-08,GC,TailThatWagsDog,2097298079288369551,1539,4,
2026-09-08,JPY,TailThatWagsDog,2097298079288369551,1539,4,
2026-09-08,MA,TailThatWagsDog,2097298079288369551,1539,4,
2026-09-08,USD,TailThatWagsDog,2097298079288369551,1539,4,
2026-09-08,NFIB,cfromhertz,2097292007467090133,3789,1,
2026-09-08,SPCX,cfromhertz,2097291398923837452,7826,6,watching
2026-09-08,ACT,cfromhertz,2097289844728717565,5194,3,
2026-09-08,CHIPS,cfromhertz,2097289844728717565,5194,3,
2026-09-08,DEPT,cfromhertz,2097289844728717565,5194,3,
2026-09-08,GOVT,cfromhertz,2097289844728717565,5194,3,
2026-09-08,INKS,cfromhertz,2097289844728717565,5194,3,
2026-09-08,PACT,cfromhertz,2097289844728717565,5194,3,
2026-09-08,QBTS,cfromhertz,2097289844728717565,5194,3,
2026-09-08,RGTI,cfromhertz,2097289844728717565,5194,3,
2026-09-08,SIGNS,cfromhertz,2097289844728717565,5194,3,
2026-09-08,WAVE,cfromhertz,2097289844728717565,5194,3,
2026-09-08,WITH,cfromhertz,2097289844728717565,5194,3,
2026-09-08,IONQ,cfromhertz,2097289323380871214,7436,1,
2026-09-08,ARM,PrimeTrading_,2097286547875787111,871,1,
2026-09-08,ARM,PrimeTrading_,2097286544792920065,153,0,
2026-09-08,ARM,PrimeTrading_,2097286538887327996,284,0,
2026-09-08,ARM,PrimeTrading_,2097286535095668786,426,2,
2026-09-08,ARM,PrimeTrading_,2097286531538907633,4711,21,
2026-09-08,INTC,ohiain,2097285113922908207,8842,13,long
2026-09-08,DRAM,bluechipdaily,2097280919597899789,5344,5,
2026-09-08,USO,bluechipdaily,2097280919597899789,5344,5,
2026-09-08,TF,ohiain,2097280399747506273,193,0,
2026-09-08,BE,thesetupfactory,2097260697088299463,1256,0,recap
2026-09-08,AMC,oratnek_ill,2097239129675440452,1365,1,
2026-09-08,BE,oratnek_ill,2097239129675440452,1365,1,watching
2026-09-08,BETA,oratnek_ill,2097239129675440452,1365,1,
2026-09-08,BTU,oratnek_ill,2097239129675440452,1365,1,
2026-09-08,CCC,oratnek_ill,2097239129675440452,1365,1,
2026-09-08,CLF,oratnek_ill,2097239129675440452,1365,1,
2026-09-08,DCH,oratnek_ill,2097239129675440452,1365,1,
2026-09-08,HL,oratnek_ill,2097239129675440452,1365,1,
2026-09-08,HPQ,oratnek_ill,2097239129675440452,1365,1,
2026-09-08,LL,oratnek_ill,2097239129675440452,1365,1,
2026-09-08,MU,oratnek_ill,2097239129675440452,1365,1,
2026-09-08,NTAP,oratnek_ill,2097239129675440452,1365,1,
2026-09-08,NVCR,oratnek_ill,2097239129675440452,1365,1,
2026-09-08,PP,oratnek_ill,2097239129675440452,1365,1,
2026-09-08,RIOT,oratnek_ill,2097239129675440452,1365,1,
2026-09-08,RXRX,oratnek_ill,2097239129675440452,1365,1,
2026-09-08,SMCI,oratnek_ill,2097239129675440452,1365,1,
2026-09-08,SMTC,oratnek_ill,2097239129675440452,1365,1,
2026-09-08,SNDK,oratnek_ill,2097239129675440452,1365,1,
2026-09-08,VOR,oratnek_ill,2097239129675440452,1365,1,
2026-09-08,BLOK,oratnek_ill,2097236568750936127,1295,1,
2026-09-08,BOAT,oratnek_ill,2097236568750936127,1295,1,
2026-09-08,FINX,oratnek_ill,2097236568750936127,1295,1,
2026-09-08,IHI,oratnek_ill,2097236568750936127,1295,1,
2026-09-08,IPAY,oratnek_ill,2097236568750936127,1295,1,
2026-09-08,KARS,oratnek_ill,2097236568750936127,1295,1,
2026-09-08,KIE,oratnek_ill,2097236568750936127,1295,1,
2026-09-08,LIT,oratnek_ill,2097236568750936127,1295,1,
2026-09-08,REMX,oratnek_ill,2097236568750936127,1295,1,
2026-09-08,RS,oratnek_ill,2097236568750936127,1295,1,
2026-09-08,SLX,oratnek_ill,2097236568750936127,1295,1,
2026-09-08,SMH,oratnek_ill,2097236568750936127,1295,1,mention
2026-09-08,WGMI,oratnek_ill,2097236568750936127,1295,1,
2026-09-08,XRT,oratnek_ill,2097236568750936127,1295,1,
2026-09-08,BLOK,oratnek_ill,2097236155939090561,1179,0,
2026-09-08,BOAT,oratnek_ill,2097236155939090561,1179,0,
2026-09-08,CIBR,oratnek_ill,2097236155939090561,1179,0,
2026-09-08,COPX,oratnek_ill,2097236155939090561,1179,0,
2026-09-08,GDX,oratnek_ill,2097236155939090561,1179,0,
2026-09-08,IGV,oratnek_ill,2097236155939090561,1179,0,
2026-09-08,KWEB,oratnek_ill,2097236155939090561,1179,0,
2026-09-08,SIL,oratnek_ill,2097236155939090561,1179,0,
2026-09-08,SMH,oratnek_ill,2097236155939090561,1179,0,mention
2026-09-08,WGMI,oratnek_ill,2097236155939090561,1179,0,
2026-09-08,HL,wey_how12640,2097233917862674807,2750,2,
2026-09-08,NBIS,wey_how12640,2097233917862674807,2750,2,long
2026-09-08,HL,wey_how12640,2097232569813336360,2674,4,
2026-09-08,MRVL,wey_how12640,2097232569813336360,2674,4,
2026-09-08,DRAM,thesetupfactory,2097227404376731675,1475,1,
2026-09-08,PLANS,RealJGBanks,2097220858519396372,14713,3,
2026-09-08,SUBS,RealJGBanks,2097220858519396372,14713,3,
2026-09-08,TRADE,RealJGBanks,2097220858519396372,14713,3,
2026-09-08,CRCL,RealSimpleAriel,2097522405581222114,591,0,
2026-09-08,HOOD,RealSimpleAriel,2097522405581222114,591,0,
2026-09-08,SPCX,RealSimpleAriel,2097522405581222114,591,0,long
2026-09-08,FOMO,wey_how12640,2097520926804078828,1776,1,
2026-09-08,NFA,wey_how12640,2097520926804078828,1776,1,
2026-09-08,SKHY,wey_how12640,2097520926804078828,1776,1,
2026-09-08,DOCN,cfromhertz,2097518191928848583,4205,5,watching
2026-09-08,MA,cfromhertz,2097518191928848583,4205,5,
2026-09-08,ATR,ConnorJBates_,2097509476634952045,308,0,
2026-09-08,EMA,Clement_Ang17,2097507904538706317,10721,9,
2026-09-08,SPY,Clement_Ang17,2097507904538706317,10721,9,
2026-09-08,AAOI,RealJGBanks,2097507628964327504,18764,240,mention
2026-09-08,APLD,RealJGBanks,2097507628964327504,18764,240,
2026-09-08,ASTS,RealJGBanks,2097507628964327504,18764,240,
2026-09-08,BROKE,RealJGBanks,2097507628964327504,18764,240,
2026-09-08,COIN,RealJGBanks,2097507628964327504,18764,240,
2026-09-08,HOOD,RealJGBanks,2097507628964327504,18764,240,
2026-09-08,IREN,RealJGBanks,2097507628964327504,18764,240,
2026-09-08,LITE,RealJGBanks,2097507628964327504,18764,240,mention
2026-09-08,META,RealJGBanks,2097507628964327504,18764,240,
2026-09-08,MU,RealJGBanks,2097507628964327504,18764,240,
2026-09-08,RKLB,RealJGBanks,2097507628964327504,18764,240,
2026-09-08,SNDK,RealJGBanks,2097507628964327504,18764,240,
2026-09-08,STOP,RealJGBanks,2097507628964327504,18764,240,
2026-09-08,THIS,RealJGBanks,2097507628964327504,18764,240,
2026-09-08,WHY,RealJGBanks,2097507628964327504,18764,240,
2026-09-08,WRONG,RealJGBanks,2097507628964327504,18764,240,
2026-09-08,YOU,RealJGBanks,2097507628964327504,18764,240,
2026-09-08,CRAK,RealSimpleAriel,2097506671975170316,365,0,
2026-09-08,XLE,RealSimpleAriel,2097506671975170316,365,0,
2026-09-08,ALAB,PrimeTrading_,2097500790302904428,2489,7,
2026-09-08,AMD,PrimeTrading_,2097500790302904428,2489,7,watching
2026-09-08,AXTI,PrimeTrading_,2097500790302904428,2489,7,
2026-09-08,EMS,PrimeTrading_,2097500790302904428,2489,7,
2026-09-08,FL,PrimeTrading_,2097500790302904428,2489,7,
2026-09-08,FOCUS,PrimeTrading_,2097500790302904428,2489,7,
2026-09-08,GPU,PrimeTrading_,2097500790302904428,2489,7,
2026-09-08,HPC,PrimeTrading_,2097500790302904428,2489,7,
2026-09-08,IDEAS,PrimeTrading_,2097500790302904428,2489,7,
2026-09-08,INTC,PrimeTrading_,2097500790302904428,2489,7,watching
2026-09-08,LIST,PrimeTrading_,2097500790302904428,2489,7,
2026-09-08,NTAP,PrimeTrading_,2097500790302904428,2489,7,
2026-09-08,SMTC,PrimeTrading_,2097500790302904428,2489,7,
2026-09-08,SNOW,PrimeTrading_,2097500790302904428,2489,7,
2026-09-08,ST,PrimeTrading_,2097500790302904428,2489,7,
2026-09-08,TEM,PrimeTrading_,2097500790302904428,2489,7,
2026-09-08,TEVA,PrimeTrading_,2097500790302904428,2489,7,
2026-09-08,TOP,PrimeTrading_,2097500790302904428,2489,7,
2026-09-08,UMAC,PrimeTrading_,2097500790302904428,2489,7,
2026-09-08,BE,wey_how12640,2097498870477681084,1544,8,long
2026-09-08,PIVOT,wey_how12640,2097498870477681084,1544,8,
2026-09-08,ASML,PrimeTrading_,2097497524986695883,2283,7,
2026-09-08,AVT,PrimeTrading_,2097497524986695883,2283,7,
2026-09-08,AXTI,PrimeTrading_,2097497524986695883,2283,7,
2026-09-08,BOX,PrimeTrading_,2097497524986695883,2283,7,
2026-09-08,BRKR,PrimeTrading_,2097497524986695883,2283,7,
2026-09-08,BTSG,PrimeTrading_,2097497524986695883,2283,7,
2026-09-08,CRWD,PrimeTrading_,2097497524986695883,2283,7,
2026-09-08,DOCN,PrimeTrading_,2097497524986695883,2283,7,watching
2026-09-08,GEN,PrimeTrading_,2097497524986695883,2283,7,
2026-09-08,HNGE,PrimeTrading_,2097497524986695883,2283,7,
2026-09-08,HPE,PrimeTrading_,2097497524986695883,2283,7,
2026-09-08,HPQ,PrimeTrading_,2097497524986695883,2283,7,
2026-09-08,KEYS,PrimeTrading_,2097497524986695883,2283,7,
2026-09-08,NTAP,PrimeTrading_,2097497524986695883,2283,7,
2026-09-08,RS,PrimeTrading_,2097497524986695883,2283,7,
2026-09-08,SNOW,PrimeTrading_,2097497524986695883,2283,7,
2026-09-08,TER,PrimeTrading_,2097497524986695883,2283,7,
2026-09-08,TEVA,PrimeTrading_,2097497524986695883,2283,7,
2026-09-08,UMAC,PrimeTrading_,2097497524986695883,2283,7,
2026-09-08,VSAT,PrimeTrading_,2097497524986695883,2283,7,
2026-09-08,WDC,PrimeTrading_,2097497524986695883,2283,7,
2026-09-08,AMD,PrimeTrading_,2097496806846247348,2591,7,watching
2026-09-08,ANF,PrimeTrading_,2097496806846247348,2591,7,
2026-09-08,AVTR,PrimeTrading_,2097496806846247348,2591,7,
2026-09-08,AXTI,PrimeTrading_,2097496806846247348,2591,7,
2026-09-08,DELL,PrimeTrading_,2097496806846247348,2591,7,
2026-09-08,GH,PrimeTrading_,2097496806846247348,2591,7,
2026-09-08,HNGE,PrimeTrading_,2097496806846247348,2591,7,
2026-09-08,INTC,PrimeTrading_,2097496806846247348,2591,7,watching
2026-09-08,LITE,PrimeTrading_,2097496806846247348,2591,7,watching
2026-09-08,MU,PrimeTrading_,2097496806846247348,2591,7,
2026-09-08,NBIS,PrimeTrading_,2097496806846247348,2591,7,watching
2026-09-08,OKTA,PrimeTrading_,2097496806846247348,2591,7,
2026-09-08,OSCR,PrimeTrading_,2097496806846247348,2591,7,
2026-09-08,RNG,PrimeTrading_,2097496806846247348,2591,7,
2026-09-08,RS,PrimeTrading_,2097496806846247348,2591,7,
2026-09-08,SKHY,PrimeTrading_,2097496806846247348,2591,7,
2026-09-08,SMTC,PrimeTrading_,2097496806846247348,2591,7,
2026-09-08,SNDK,PrimeTrading_,2097496806846247348,2591,7,
2026-09-08,TEAM,PrimeTrading_,2097496806846247348,2591,7,
2026-09-08,TEVA,PrimeTrading_,2097496806846247348,2591,7,
2026-09-08,AEM,PrimeTrading_,2097496695135232116,2102,3,
2026-09-08,AU,PrimeTrading_,2097496695135232116,2102,3,
2026-09-08,B,PrimeTrading_,2097496695135232116,2102,3,
2026-09-08,CRO,PrimeTrading_,2097496695135232116,2102,3,
2026-09-08,CRWD,PrimeTrading_,2097496695135232116,2102,3,
2026-09-08,ERP,PrimeTrading_,2097496695135232116,2102,3,
2026-09-08,HL,PrimeTrading_,2097496695135232116,2102,3,
2026-09-08,ILMN,PrimeTrading_,2097496695135232116,2102,3,
2026-09-08,NOW,PrimeTrading_,2097496695135232116,2102,3,
2026-09-08,NTRA,PrimeTrading_,2097496695135232116,2102,3,
2026-09-08,PANW,PrimeTrading_,2097496695135232116,2102,3,
2026-09-08,RS,PrimeTrading_,2097496695135232116,2102,3,
2026-09-08,SNOW,PrimeTrading_,2097496695135232116,2102,3,
2026-09-08,TOP,PrimeTrading_,2097496695135232116,2102,3,
2026-09-08,VEEV,PrimeTrading_,2097496695135232116,2102,3,
2026-09-08,NTAP,PrimeTrading_,2097493324718301214,2241,3,
2026-09-08,TEVA,PrimeTrading_,2097492808873468036,2061,2,
2026-09-08,TIGHT,PrimeTrading_,2097492808873468036,2061,2,
2026-09-08,AXTI,RealSimpleAriel,2097491924210835477,1847,0,
2026-09-08,SMTC,RealSimpleAriel,2097490979133526327,450,0,
2026-09-08,AMD,RealSimpleAriel,2097490144186024444,841,0,watching
2026-09-08,DELL,PrimeTrading_,2097489674012917960,2602,5,
2026-09-08,HPE,PrimeTrading_,2097489674012917960,2602,5,
2026-09-08,RS,PrimeTrading_,2097489674012917960,2602,5,
2026-09-08,AXTI,PrimeTrading_,2097484087845847218,3364,6,
2026-09-08,INTC,PrimeTrading_,2097484087845847218,3364,6,recap
2026-09-08,SMH,PrimeTrading_,2097484087845847218,3364,6,recap
2026-09-08,SMTC,PrimeTrading_,2097484087845847218,3364,6,
2026-09-08,CRAK,RealSimpleAriel,2097481297971073440,2035,2,
2026-09-08,AMD,RealSimpleAriel,2097480032822136907,443,0,mention
2026-09-08,PLTR,TheProfInvestor,2097478863098159158,35805,124,
2026-09-08,DOCN,TheProfInvestor,2097478237685526735,23757,114,long
2026-09-08,EMA,TheProfInvestor,2097478237685526735,23757,114,
2026-09-08,DAY,RealJGBanks,2097471992756654427,14797,1,
2026-09-08,LABOR,RealJGBanks,2097471992756654427,14797,1,
2026-09-08,OFF,RealJGBanks,2097471992756654427,14797,1,
2026-09-08,SALLE,RealJGBanks,2097471992756654427,14797,1,
2026-09-08,THAT,RealJGBanks,2097471992756654427,14797,1,
2026-09-08,THOSE,RealJGBanks,2097471992756654427,14797,1,
2026-09-08,SPX,wey_how12640,2097470998912364685,1918,6,
2026-09-08,AMD,RealSimpleAriel,2097466199428751691,14782,47,recap
2026-09-08,ASML,RealSimpleAriel,2097466199428751691,14782,47,
2026-09-08,CRAK,RealSimpleAriel,2097466199428751691,14782,47,
2026-09-08,DINO,RealSimpleAriel,2097466199428751691,14782,47,recap
2026-09-08,DRAM,RealSimpleAriel,2097466199428751691,14782,47,
2026-09-08,ETH,RealSimpleAriel,2097466199428751691,14782,47,
2026-09-08,INTC,RealSimpleAriel,2097466199428751691,14782,47,recap
2026-09-08,LITE,RealSimpleAriel,2097466199428751691,14782,47,recap
2026-09-08,MPC,RealSimpleAriel,2097466199428751691,14782,47,recap
2026-09-08,MU,RealSimpleAriel,2097466199428751691,14782,47,
2026-09-08,PSX,RealSimpleAriel,2097466199428751691,14782,47,recap
2026-09-08,RSP,RealSimpleAriel,2097466199428751691,14782,47,
2026-09-08,SMH,RealSimpleAriel,2097466199428751691,14782,47,recap
2026-09-08,SMTC,RealSimpleAriel,2097466199428751691,14782,47,
2026-09-08,SNDK,RealSimpleAriel,2097466199428751691,14782,47,
2026-09-08,SPCX,RealSimpleAriel,2097466199428751691,14782,47,recap
2026-09-08,TSM,RealSimpleAriel,2097466199428751691,14782,47,
2026-09-08,VLO,RealSimpleAriel,2097466199428751691,14782,47,recap
2026-09-08,OSCR,GnT_Trades,2097465505665941824,3959,4,
2026-09-08,HNGE,GnT_Trades,2097464498990821850,8270,11,
2026-09-08,CRWV,Jake__Wujastyk,2097464247257321723,25829,10,
2026-09-08,META,GnT_Trades,2097462989251293188,4046,4,
2026-09-08,SMA,GnT_Trades,2097462989251293188,4046,4,
2026-09-08,MTD,mindofzen_,2097462816605118974,1551,0,
2026-09-08,SMA,GnT_Trades,2097460976132202736,3404,4,
2026-09-08,TGT,GnT_Trades,2097460976132202736,3404,4,
2026-09-08,DINO,GnT_Trades,2097460474292117711,3589,1,recap
2026-09-08,MPC,GnT_Trades,2097460474292117711,3589,1,recap
2026-09-08,PBF,GnT_Trades,2097460474292117711,3589,1,long
2026-09-08,PSX,GnT_Trades,2097460474292117711,3589,1,recap
2026-09-08,VLO,GnT_Trades,2097460474292117711,3589,1,recap
2026-09-08,AAPL,Jake__Wujastyk,2097448803100201384,23954,8,
2026-09-08,SPX,GnT_Trades,2097448707742437567,692,0,
2026-09-08,API,Jake__Wujastyk,2097447635905093919,18039,1,
2026-09-08,CODE,Jake__Wujastyk,2097447635905093919,18039,1,
2026-09-08,LITE,Jake__Wujastyk,2097445533933858979,20525,10,long
2026-09-08,SNDK,Jake__Wujastyk,2097444912719593578,26108,13,
2026-09-08,AAOI,ConnorJBates_,2097435736928628806,8230,18,watching
2026-09-08,AXTI,ConnorJBates_,2097435736928628806,8230,18,
2026-09-08,COHR,ConnorJBates_,2097435736928628806,8230,18,watching
2026-09-08,GLW,ConnorJBates_,2097435736928628806,8230,18,
2026-09-08,LITE,ConnorJBates_,2097435736928628806,8230,18,watching
2026-09-08,VIAV,ConnorJBates_,2097435736928628806,8230,18,
2026-09-08,MTUM,ConnorJBates_,2097435182072488084,6468,13,
2026-09-08,COIN,ConnorJBates_,2097434664810037663,6981,11,
2026-09-08,CRCL,ConnorJBates_,2097434664810037663,6981,11,
2026-09-08,CYPH,ConnorJBates_,2097434664810037663,6981,11,
2026-09-08,ETHA,ConnorJBates_,2097434664810037663,6981,11,
2026-09-08,IBIT,ConnorJBates_,2097434664810037663,6981,11,
2026-09-08,MSTR,ConnorJBates_,2097434664810037663,6981,11,
2026-09-08,PURR,ConnorJBates_,2097434664810037663,6981,11,
2026-09-08,SOLT,ConnorJBates_,2097434664810037663,6981,11,
2026-09-08,XXRP,ConnorJBates_,2097434664810037663,6981,11,
2026-09-08,ZCSH,ConnorJBates_,2097434664810037663,6981,11,
2026-09-08,CF,cfromhertz,2097430261478695204,8572,3,
2026-09-08,INTC,cfromhertz,2097430261478695204,8572,3,recap
2026-09-08,LITE,cfromhertz,2097430261478695204,8572,3,recap
2026-09-08,TLT,Jake__Wujastyk,2097429488615436305,20188,5,
2026-09-08,TNX,Jake__Wujastyk,2097429488615436305,20188,5,
2026-09-08,SCE,TailThatWagsDog,2097428696067965372,4858,39,
2026-09-08,AAOI,GnT_Trades,2097428650312269973,5066,10,recap
2026-09-08,ABT,GnT_Trades,2097428650312269973,5066,10,
2026-09-08,AMD,GnT_Trades,2097428650312269973,5066,10,recap
2026-09-08,AMGN,GnT_Trades,2097428650312269973,5066,10,
2026-09-08,ARM,GnT_Trades,2097428650312269973,5066,10,
2026-09-08,AVGO,GnT_Trades,2097428650312269973,5066,10,
2026-09-08,COHR,GnT_Trades,2097428650312269973,5066,10,recap
2026-09-08,CRWV,GnT_Trades,2097428650312269973,5066,10,
2026-09-08,DIA,GnT_Trades,2097428650312269973,5066,10,
2026-09-08,FCX,GnT_Trades,2097428650312269973,5066,10,
2026-09-08,GLW,GnT_Trades,2097428650312269973,5066,10,
2026-09-08,HUT,GnT_Trades,2097428650312269973,5066,10,
2026-09-08,INTC,GnT_Trades,2097428650312269973,5066,10,recap
2026-09-08,KEEL,GnT_Trades,2097428650312269973,5066,10,
2026-09-08,LITE,GnT_Trades,2097428650312269973,5066,10,recap
2026-09-08,LLY,GnT_Trades,2097428650312269973,5066,10,
2026-09-08,MPC,GnT_Trades,2097428650312269973,5066,10,recap
2026-09-08,MU,GnT_Trades,2097428650312269973,5066,10,
2026-09-08,NBIS,GnT_Trades,2097428650312269973,5066,10,recap
2026-09-08,NVDA,GnT_Trades,2097428650312269973,5066,10,
2026-09-08,NVS,GnT_Trades,2097428650312269973,5066,10,
2026-09-08,PSX,GnT_Trades,2097428650312269973,5066,10,recap
2026-09-08,QQQ,GnT_Trades,2097428650312269973,5066,10,
2026-09-08,RSP,GnT_Trades,2097428650312269973,5066,10,
2026-09-08,SCCO,GnT_Trades,2097428650312269973,5066,10,
2026-09-08,SMA,GnT_Trades,2097428650312269973,5066,10,
2026-09-08,SMH,GnT_Trades,2097428650312269973,5066,10,recap
2026-09-08,SNDK,GnT_Trades,2097428650312269973,5066,10,
2026-09-08,SPX,GnT_Trades,2097428650312269973,5066,10,
2026-09-08,SPY,GnT_Trades,2097428650312269973,5066,10,
2026-09-08,TSLA,GnT_Trades,2097428650312269973,5066,10,
2026-09-08,WMB,GnT_Trades,2097428650312269973,5066,10,
2026-09-08,AAPL,Jake__Wujastyk,2097426512593236277,30331,18,
2026-09-08,AMZN,Jake__Wujastyk,2097426512593236277,30331,18,
2026-09-08,GOOG,Jake__Wujastyk,2097426512593236277,30331,18,
2026-09-08,MAGS,Jake__Wujastyk,2097426512593236277,30331,18,
2026-09-08,META,Jake__Wujastyk,2097426512593236277,30331,18,
2026-09-08,MSFT,Jake__Wujastyk,2097426512593236277,30331,18,
2026-09-08,NVDA,Jake__Wujastyk,2097426512593236277,30331,18,
2026-09-08,TSLA,Jake__Wujastyk,2097426512593236277,30331,18,
2026-09-08,AAPL,Jake__Wujastyk,2097425653587218461,22625,6,
2026-09-08,MU,Jake__Wujastyk,2097424910062891308,33530,9,
2026-09-08,GOOG,Jake__Wujastyk,2097423845825343525,2240,1,
2026-09-08,INTC,Jake__Wujastyk,2097423845825343525,2240,1,mention
2026-09-08,GOOG,Jake__Wujastyk,2097422504575033514,73050,96,
2026-09-08,GOOGL,Jake__Wujastyk,2097422504575033514,73050,96,
2026-09-08,INTC,Jake__Wujastyk,2097422504575033514,73050,96,mention
2026-09-08,INTC,Jake__Wujastyk,2097420212631192016,40635,12,recap
2026-09-08,PLTR,cfromhertz,2097419959404011977,3214,2,
2026-09-08,ADDED,PrimeTrading_,2097418440420045256,4185,11,
2026-09-08,FL,PrimeTrading_,2097418440420045256,4185,11,
2026-09-08,FROG,PrimeTrading_,2097418440420045256,4185,11,
2026-09-08,GDB,PrimeTrading_,2097418440420045256,4185,11,
2026-09-08,GL,PrimeTrading_,2097418440420045256,4185,11,
2026-09-08,HAGN,PrimeTrading_,2097418440420045256,4185,11,
2026-09-08,HC,PrimeTrading_,2097418440420045256,4185,11,
2026-09-08,HOOD,PrimeTrading_,2097418440420045256,4185,11,
2026-09-08,HPE,PrimeTrading_,2097418440420045256,4185,11,
2026-09-08,LITE,PrimeTrading_,2097418440420045256,4185,11,mention
2026-09-08,MCO,PrimeTrading_,2097418440420045256,4185,11,
2026-09-08,MCSI,PrimeTrading_,2097418440420045256,4185,11,
2026-09-08,MU,PrimeTrading_,2097418440420045256,4185,11,
2026-09-08,NER,PrimeTrading_,2097418440420045256,4185,11,
2026-09-08,NEW,PrimeTrading_,2097418440420045256,4185,11,
2026-09-08,OS,PrimeTrading_,2097418440420045256,4185,11,
2026-09-08,OUT,PrimeTrading_,2097418440420045256,4185,11,
2026-09-08,PF,PrimeTrading_,2097418440420045256,4185,11,
2026-09-08,PLTR,PrimeTrading_,2097418440420045256,4185,11,
2026-09-08,QQQE,PrimeTrading_,2097418440420045256,4185,11,
2026-09-08,SMCI,PrimeTrading_,2097418440420045256,4185,11,
2026-09-08,SPCX,PrimeTrading_,2097418440420045256,4185,11,mention
2026-09-08,SW,PrimeTrading_,2097418440420045256,4185,11,
2026-09-08,TEM,PrimeTrading_,2097418440420045256,4185,11,
2026-09-08,TWLO,PrimeTrading_,2097418440420045256,4185,11,
2026-09-08,UMAC,PrimeTrading_,2097418440420045256,4185,11,
2026-09-08,PF,PrimeTrading_,2097417701345956132,118,0,
2026-09-08,TACO,ripster47,2097415673802555557,24465,6,
2026-09-08,VIX,ripster47,2097415673802555557,24465,6,
2026-09-08,QQEW,cfromhertz,2097415563697955190,6512,2,
2026-09-08,QQQ,cfromhertz,2097415563697955190,6512,2,
2026-09-08,RSP,cfromhertz,2097415563697955190,6512,2,
2026-09-08,SPY,cfromhertz,2097415563697955190,6512,2,
2026-09-08,COIN,GnT_Trades,2097407278395670871,4519,1,
2026-09-08,CRCL,GnT_Trades,2097407278395670871,4519,1,
2026-09-08,IGV,GnT_Trades,2097407278395670871,4519,1,
2026-09-08,MSTR,GnT_Trades,2097407278395670871,4519,1,
2026-09-08,NOW,GnT_Trades,2097407278395670871,4519,1,
2026-09-08,LITE,PrimeTrading_,2097407081099792818,2833,4,recap
2026-09-08,IGV,PrimeTrading_,2097406834973761906,2375,3,
2026-09-08,SMH,PrimeTrading_,2097406834973761906,2375,3,watching
2026-09-08,RS,thesetupfactory,2097400883063537902,1112,0,
2026-09-08,BEX,ripster47,2097399708553556271,479,0,
2026-09-08,HEARD,cfromhertz,2097396916845769096,5328,3,
2026-09-08,IRAN,cfromhertz,2097396916845769096,5328,3,
2026-09-08,KHARG,cfromhertz,2097396916845769096,5328,3,
2026-09-08,MEHR,cfromhertz,2097396916845769096,5328,3,
2026-09-08,HEARD,ripster47,2097396866564456828,28140,0,
2026-09-08,IRAN,ripster47,2097396866564456828,28140,0,
2026-09-08,KHARG,ripster47,2097396866564456828,28140,0,
2026-09-08,MEHR,ripster47,2097396866564456828,28140,0,
2026-09-08,AAOI,thesetupfactory,2097396182112760169,996,1,recap
2026-09-08,CLS,Venu_7_,2097396108947603770,14391,57,
2026-09-08,DOCN,Venu_7_,2097396108947603770,14391,57,watching
2026-09-08,LRCX,Venu_7_,2097396108947603770,14391,57,
2026-09-08,WDC,Venu_7_,2097396108947603770,14391,57,
2026-09-08,RSP,cfromhertz,2097396084607775001,9857,5,
2026-09-08,SPX,cfromhertz,2097396084607775001,9857,5,
2026-09-08,SPY,cfromhertz,2097396084607775001,9857,5,
2026-09-08,MU,GnT_Trades,2097393361275531620,6360,6,
2026-09-08,AFTER,cfromhertz,2097393237870662052,4266,1,
2026-09-08,GAINS,cfromhertz,2097393237870662052,4266,1,
2026-09-08,NOTES,cfromhertz,2097393237870662052,4266,1,
2026-09-08,RIVER,cfromhertz,2097393237870662052,4266,1,
2026-09-08,THAT,cfromhertz,2097393237870662052,4266,1,
2026-09-08,UBS,cfromhertz,2097393237870662052,4266,1,
2026-09-08,VIK,cfromhertz,2097393237870662052,4266,1,
2026-09-08,LITE,TheProfInvestor,2097392292365754506,42993,16,recap
2026-09-08,LITE,GnT_Trades,2097390460754878662,4535,1,recap
2026-09-08,IGV,GnT_Trades,2097390259986149752,3882,0,
2026-09-08,OKTA,GnT_Trades,2097390259986149752,3882,0,
2026-09-08,ASTS,ripster47,2097389346580041831,28388,3,
2026-09-08,BE,ripster47,2097389346580041831,28388,3,recap
2026-09-08,CRDO,ripster47,2097389346580041831,28388,3,
2026-09-08,DELL,ripster47,2097389346580041831,28388,3,
2026-09-08,MU,ripster47,2097389346580041831,28388,3,
2026-09-08,SMTC,thesetupfactory,2097389233354752453,676,0,
2026-09-08,BE,ripster47,2097386201539862978,28625,5,recap
2026-09-08,RDDT,ripster47,2097386201539862978,28625,5,
2026-09-08,QQQ,ConnorJBates_,2097385871183851780,7856,13,
2026-09-08,MA,ConnorJBates_,2097385628094582796,6426,8,
2026-09-08,RBRK,ConnorJBates_,2097385628094582796,6426,8,
2026-09-08,TMT,ConnorJBates_,2097385297596059658,12863,11,
2026-09-08,IONQ,ConnorJBates_,2097383284888003035,9219,1,
2026-09-08,QBTS,ConnorJBates_,2097383284888003035,9219,1,
2026-09-08,RGTI,ConnorJBates_,2097383284888003035,9219,1,
2026-09-08,QQEW,cfromhertz,2097377240300319070,4251,0,
2026-09-08,QQQ,cfromhertz,2097377240300319070,4251,0,
2026-09-08,SMH,cfromhertz,2097377240300319070,4251,0,watching
2026-09-08,TTG,cfromhertz,2097377240300319070,4251,0,
2026-09-09,DRAW,cfromhertz,2097732484456669194,944,0,
2026-09-09,IEF,cfromhertz,2097732484456669194,944,0,
2026-09-09,NOTES,cfromhertz,2097732484456669194,944,0,
2026-09-09,PRE,cfromhertz,2097732484456669194,944,0,
2026-09-09,SALE,cfromhertz,2097732484456669194,944,0,
2026-09-09,WHEN,cfromhertz,2097732484456669194,944,0,
2026-09-09,YIELD,cfromhertz,2097732484456669194,944,0,
2026-09-09,AAPL,cfromhertz,2097731847308386447,1088,0,
2026-09-09,NBIS,ripster47,2097731195974853070,388,0,mention
2026-09-09,IEF,cfromhertz,2097730442245885960,2368,0,
2026-09-09,AEHR,ripster47,2097730186108117394,572,0,mention
2026-09-09,AMZN,TheProfInvestor,2097729438922539355,6755,4,
2026-09-09,SKHY,thesetupfactory,2097728144648081622,281,0,recap
2026-09-09,PURR,MisterLowRisk,2097724231811322046,1102,1,
2026-09-09,NYSE,cfromhertz,2097723076506972452,2707,0,
2026-09-09,NIO,ripster47,2097722238640247036,18854,5,
2026-09-09,SEN,ripster47,2097722238640247036,18854,5,
2026-09-09,AMD,TheProfInvestor,2097722198551372233,14638,10,recap
2026-09-09,AAPL,ripster47,2097721332108521902,13167,2,
2026-09-09,EST,ripster47,2097721332108521902,13167,2,
2026-09-09,EVENT,ripster47,2097721332108521902,13167,2,
2026-09-09,NET,TheProfInvestor,2097720616275333212,11556,11,long
2026-09-09,MTF,ripster47,2097717853495455969,13209,8,
2026-09-09,AMD,RealSimpleAriel,2097717741171925063,8973,12,watching
2026-09-09,DOCN,RealSimpleAriel,2097717741171925063,8973,12,watching
2026-09-09,INTC,RealSimpleAriel,2097717741171925063,8973,12,watching
2026-09-09,LITE,RealSimpleAriel,2097717741171925063,8973,12,watching
2026-09-09,MU,RealSimpleAriel,2097717741171925063,8973,12,watching
2026-09-09,NET,RealSimpleAriel,2097717741171925063,8973,12,watching
2026-09-09,SNDK,RealSimpleAriel,2097717741171925063,8973,12,watching
2026-09-09,LLM,AmeetRai,2097715669894619605,590,0,
2026-09-09,MCP,AmeetRai,2097715669894619605,590,0,
2026-09-09,TNX,Jake__Wujastyk,2097715641583292435,12786,0,
2026-09-09,TLT,Jake__Wujastyk,2097715237978034663,14010,3,
2026-09-09,TNX,bluechipdaily,2097713832995037238,3156,2,
2026-09-09,DDOG,cfromhertz,2097713812577177798,3025,5,watching
2026-09-09,DOCN,cfromhertz,2097713812577177798,3025,5,watching
2026-09-09,DT,cfromhertz,2097713812577177798,3025,5,watching
2026-09-09,IGV,cfromhertz,2097713812577177798,3025,5,
2026-09-09,NET,cfromhertz,2097713812577177798,3025,5,watching
2026-09-09,PLTR,cfromhertz,2097713812577177798,3025,5,
2026-09-09,RNG,cfromhertz,2097713812577177798,3025,5,
2026-09-09,TEAM,cfromhertz,2097713812577177798,3025,5,
2026-09-09,ZS,cfromhertz,2097713812577177798,3025,5,
2026-09-09,ATM,ripster47,2097709573310238976,16043,4,
2026-09-09,CRDO,ripster47,2097709573310238976,16043,4,
2026-09-09,META,Venu_7_,2097706917200310577,8962,8,watching
2026-09-09,VIX,cfromhertz,2097705352053559459,3412,2,
2026-09-09,TNX,ripster47,2097704917334900904,17163,3,
2026-09-09,QE,LindaRaschke,2097704868286771291,67042,125,
2026-09-09,SMTC,Venu_7_,2097703038555488571,5755,4,
2026-09-09,BACK,cfromhertz,2097702899006480634,2911,0,
2026-09-09,BUY,cfromhertz,2097702899006480634,2911,0,
2026-09-09,DATED,cfromhertz,2097702899006480634,2911,0,
2026-09-09,DEBT,cfromhertz,2097702899006480634,2911,0,
2026-09-09,THU,cfromhertz,2097702899006480634,2911,0,
2026-09-09,TLT,cfromhertz,2097702899006480634,2911,0,
2026-09-09,EMA,Gaurav_Cx10,2097701525325807855,1517,38,
2026-09-09,WEMA,Gaurav_Cx10,2097701525325807855,1517,38,
2026-09-09,AEHR,RealSimpleAriel,2097701021006938585,9875,5,watching
2026-09-09,AMD,RealSimpleAriel,2097701021006938585,9875,5,watching
2026-09-09,INTC,RealSimpleAriel,2097701021006938585,9875,5,watching
2026-09-09,MRVL,RealSimpleAriel,2097701021006938585,9875,5,
2026-09-09,VRT,RealSimpleAriel,2097701021006938585,9875,5,
2026-09-09,QQQ,cfromhertz,2097700178593481090,3339,0,
2026-09-09,MS,cfromhertz,2097695638162923559,6307,0,
2026-09-09,SNOW,cfromhertz,2097694277690130857,3378,0,
2026-09-09,QQQ,cfromhertz,2097692557832487251,5851,0,
2026-09-09,TTG,cfromhertz,2097692557832487251,5851,0,
2026-09-09,ATH,wey_how12640,2097691114983833641,1069,0,
2026-09-09,DELL,wey_how12640,2097691114983833641,1069,0,long
2026-09-09,BE,wey_how12640,2097689693060276412,1214,3,
2026-09-09,CRCL,wey_how12640,2097689693060276412,1214,3,
2026-09-09,CRM,wey_how12640,2097689693060276412,1214,3,
2026-09-09,CRWD,wey_how12640,2097689693060276412,1214,3,
2026-09-09,DELL,wey_how12640,2097689693060276412,1214,3,long
2026-09-09,HOOD,wey_how12640,2097689693060276412,1214,3,
2026-09-09,LITE,wey_how12640,2097689693060276412,1214,3,long
2026-09-09,MRVL,wey_how12640,2097689693060276412,1214,3,
2026-09-09,MU,wey_how12640,2097689693060276412,1214,3,long
2026-09-09,NBIS,wey_how12640,2097689693060276412,1214,3,long
2026-09-09,NTNX,wey_how12640,2097689693060276412,1214,3,exited
2026-09-09,NVDA,wey_how12640,2097689693060276412,1214,3,
2026-09-09,PLTR,wey_how12640,2097689693060276412,1214,3,
2026-09-09,SNDK,wey_how12640,2097689693060276412,1214,3,long
2026-09-09,SNOW,wey_how12640,2097689693060276412,1214,3,
2026-09-09,SPX,wey_how12640,2097689693060276412,1214,3,
2026-09-09,META,TheProfInvestor,2097688572824559803,23539,39,long
2026-09-09,MU,GnT_Trades,2097688475927564495,4442,0,recap
2026-09-09,SNDK,wey_how12640,2097686625937740231,1343,0,recap
2026-09-09,CPU,mindofzen_,2097685464987693227,578,0,
2026-09-09,CC,NickSchmidt,2097685376626315565,258,0,
2026-09-09,AMD,ripster47,2097683391462158606,18047,1,watching
2026-09-09,MU,ripster47,2097683391462158606,18047,1,watching
2026-09-09,DOCN,ripster47,2097683014218121483,17162,1,recap
2026-09-09,DELL,1ChartMaster,2097681260109828380,5675,11,recap
2026-09-09,COPX,jfsrev,2097680304878313804,8219,28,
2026-09-09,GDX,jfsrev,2097680304878313804,8219,28,
2026-09-09,GLD,jfsrev,2097680304878313804,8219,28,
2026-09-09,KOLD,jfsrev,2097680304878313804,8219,28,
2026-09-09,PALL,jfsrev,2097680304878313804,8219,28,
2026-09-09,PPLT,jfsrev,2097680304878313804,8219,28,
2026-09-09,SIL,jfsrev,2097680304878313804,8219,28,
2026-09-09,SLV,jfsrev,2097680304878313804,8219,28,
2026-09-09,XLE,jfsrev,2097680304878313804,8219,28,
2026-09-09,XOP,jfsrev,2097680304878313804,8219,28,
2026-09-09,CRM,wey_how12640,2097679285435892068,945,1,
2026-09-09,ADR,PrimeTrading_,2097677653922976154,2147,2,
2026-09-09,HIGHS,ripster47,2097673184212312117,20745,2,
2026-09-09,IRAN,ripster47,2097673184212312117,20745,2,
2026-09-09,MTF,ripster47,2097673184212312117,20745,2,
2026-09-09,OIL,ripster47,2097673184212312117,20745,2,
2026-09-09,QQQ,ripster47,2097673184212312117,20745,2,
2026-09-09,SPY,ripster47,2097673184212312117,20745,2,
2026-09-09,VIX,ripster47,2097673184212312117,20745,2,
2026-09-09,RS,PrimeTrading_,2097673073256169837,1989,1,
2026-09-09,SMH,PrimeTrading_,2097673073256169837,1989,1,
2026-09-09,IWD,PrimeTrading_,2097672542932611234,2610,2,
2026-09-09,IWF,PrimeTrading_,2097672542932611234,2610,2,
2026-09-09,QQQ,PrimeTrading_,2097672542932611234,2610,2,
2026-09-09,SMH,PrimeTrading_,2097672542932611234,2610,2,
2026-09-09,RS,1ChartMaster,2097671705892204982,9216,47,
2026-09-09,GOOGL,GnT_Trades,2097670125298041010,180,0,
2026-09-09,SMA,GnT_Trades,2097670125298041010,180,0,
2026-09-09,MA,cfromhertz,2097667768174760112,5177,2,
2026-09-09,RSP,cfromhertz,2097667768174760112,5177,2,
2026-09-09,SPX,cfromhertz,2097667768174760112,5177,2,
2026-09-09,LITE,mindofzen_,2097667747488334143,24,0,exited
2026-09-09,LESS,ohiain,2097665430173241758,6911,13,
2026-09-09,BIG,TheOneLanceB,2097663813382459804,12529,77,
2026-09-09,CATCH,TheOneLanceB,2097663813382459804,12529,77,
2026-09-09,RULES,TheOneLanceB,2097663813382459804,12529,77,
2026-09-09,THAT,TheOneLanceB,2097663813382459804,12529,77,
2026-09-09,SPX,ConnorJBates_,2097662315260789220,9102,5,
2026-09-09,DAX,LindaRaschke,2097659792869187685,9587,10,
2026-09-09,EMA,LindaRaschke,2097659792869187685,9587,10,
2026-09-09,DAX,LindaRaschke,2097659600245809551,8045,0,
2026-09-09,KQ,ohiain,2097659138448769078,769,0,
2026-09-09,FOMO,ohiain,2097647460977869282,9279,28,
2026-09-09,HOPE,ohiain,2097647460977869282,9279,28,
2026-09-09,WHO,ohiain,2097647460977869282,9279,28,
2026-09-09,RK,Gaurav_Cx10,2097621826205573429,1811,4,
2026-09-09,SL,Gaurav_Cx10,2097621826205573429,1811,4,
2026-09-09,VLO,1ChartMaster,2097614210028933629,5855,2,
2026-09-09,ADBE,ArtofSpecuycky,2097609186477781352,10183,8,
2026-09-09,FCF,ArtofSpecuycky,2097609186477781352,10183,8,
2026-09-09,GEX,ArtofSpecuycky,2097609186477781352,10183,8,
2026-09-09,OCI,ArtofSpecuycky,2097609186477781352,10183,8,
2026-09-09,ORCL,ArtofSpecuycky,2097609186477781352,10183,8,
2026-09-09,RPO,ArtofSpecuycky,2097609186477781352,10183,8,
2026-09-09,EMA,ArtofSpecuycky,2097601383684018214,10062,12,
2026-09-09,IREN,ArtofSpecuycky,2097601383684018214,10062,12,
2026-09-09,MU,ArtofSpecuycky,2097601383684018214,10062,12,recap
2026-09-09,NVDA,ArtofSpecuycky,2097601383684018214,10062,12,
2026-09-09,SPY,ArtofSpecuycky,2097601383684018214,10062,12,
2026-09-09,BE,oratnek_ill,2097573653529686135,2382,6,
2026-09-09,DELL,oratnek_ill,2097573653529686135,2382,6,long
2026-09-09,HOOD,oratnek_ill,2097573653529686135,2382,6,
2026-09-09,LITE,oratnek_ill,2097573653529686135,2382,6,long
2026-09-09,MU,oratnek_ill,2097573653529686135,2382,6,long
2026-09-09,SMTC,oratnek_ill,2097573653529686135,2382,6,
2026-09-09,SNDK,oratnek_ill,2097573653529686135,2382,6,long
2026-09-09,SPCX,oratnek_ill,2097573653529686135,2382,6,
2026-09-09,ALM,oratnek_ill,2097568101583954248,1252,1,
2026-09-09,ARM,oratnek_ill,2097568101583954248,1252,1,
2026-09-09,AVAH,oratnek_ill,2097568101583954248,1252,1,
2026-09-09,BE,oratnek_ill,2097568101583954248,1252,1,
2026-09-09,CMPS,oratnek_ill,2097568101583954248,1252,1,
2026-09-09,CRWV,oratnek_ill,2097568101583954248,1252,1,
2026-09-09,DAR,oratnek_ill,2097568101583954248,1252,1,
2026-09-09,DK,oratnek_ill,2097568101583954248,1252,1,
2026-09-09,DOCN,oratnek_ill,2097568101583954248,1252,1,watching
2026-09-09,ERO,oratnek_ill,2097568101583954248,1252,1,
2026-09-09,EWTX,oratnek_ill,2097568101583954248,1252,1,
2026-09-09,FIGR,oratnek_ill,2097568101583954248,1252,1,
2026-09-09,GLW,oratnek_ill,2097568101583954248,1252,1,
2026-09-09,HBM,oratnek_ill,2097568101583954248,1252,1,
2026-09-09,HL,oratnek_ill,2097568101583954248,1252,1,
2026-09-09,INFQ,oratnek_ill,2097568101583954248,1252,1,
2026-09-09,INTC,oratnek_ill,2097568101583954248,1252,1,watching
2026-09-09,LITE,oratnek_ill,2097568101583954248,1252,1,watching
2026-09-09,LL,oratnek_ill,2097568101583954248,1252,1,
2026-09-09,MARA,oratnek_ill,2097568101583954248,1252,1,
2026-09-09,MIAX,oratnek_ill,2097568101583954248,1252,1,
2026-09-09,MNKD,oratnek_ill,2097568101583954248,1252,1,
2026-09-09,MOS,oratnek_ill,2097568101583954248,1252,1,
2026-09-09,NBIS,oratnek_ill,2097568101583954248,1252,1,watching
2026-09-09,OCUL,oratnek_ill,2097568101583954248,1252,1,
2026-09-09,PBF,oratnek_ill,2097568101583954248,1252,1,
2026-09-09,PP,oratnek_ill,2097568101583954248,1252,1,
2026-09-09,PTEN,oratnek_ill,2097568101583954248,1252,1,
2026-09-09,SEI,oratnek_ill,2097568101583954248,1252,1,
2026-09-09,SIMO,oratnek_ill,2097568101583954248,1252,1,
2026-09-09,SMR,oratnek_ill,2097568101583954248,1252,1,
2026-09-09,SMTC,oratnek_ill,2097568101583954248,1252,1,
2026-09-09,TER,oratnek_ill,2097568101583954248,1252,1,
2026-09-09,TRLV,oratnek_ill,2097568101583954248,1252,1,
2026-09-09,TXG,oratnek_ill,2097568101583954248,1252,1,
2026-09-09,VRT,oratnek_ill,2097568101583954248,1252,1,
2026-09-09,WULF,oratnek_ill,2097568101583954248,1252,1,
2026-09-09,BLOK,oratnek_ill,2097567707990466995,1074,0,
2026-09-09,BOAT,oratnek_ill,2097567707990466995,1074,0,
2026-09-09,CIBR,oratnek_ill,2097567707990466995,1074,0,
2026-09-09,ICLN,oratnek_ill,2097567707990466995,1074,0,
2026-09-09,IGV,oratnek_ill,2097567707990466995,1074,0,
2026-09-09,IHI,oratnek_ill,2097567707990466995,1074,0,
2026-09-09,IPAY,oratnek_ill,2097567707990466995,1074,0,
2026-09-09,ITA,oratnek_ill,2097567707990466995,1074,0,
2026-09-09,ITB,oratnek_ill,2097567707990466995,1074,0,
2026-09-09,KIE,oratnek_ill,2097567707990466995,1074,0,
2026-09-09,LIT,oratnek_ill,2097567707990466995,1074,0,
2026-09-09,MOO,oratnek_ill,2097567707990466995,1074,0,
2026-09-09,PEJ,oratnek_ill,2097567707990466995,1074,0,
2026-09-09,QTUM,oratnek_ill,2097567707990466995,1074,0,
2026-09-09,REMX,oratnek_ill,2097567707990466995,1074,0,
2026-09-09,RS,oratnek_ill,2097567707990466995,1074,0,
2026-09-09,SLX,oratnek_ill,2097567707990466995,1074,0,
2026-09-09,WGMI,oratnek_ill,2097567707990466995,1074,0,
2026-09-09,XOP,oratnek_ill,2097567707990466995,1074,0,
2026-09-09,XRT,oratnek_ill,2097567707990466995,1074,0,
2026-09-09,BLOK,oratnek_ill,2097567208650297669,1078,0,
2026-09-09,CIBR,oratnek_ill,2097567208650297669,1078,0,
2026-09-09,COPX,oratnek_ill,2097567208650297669,1078,0,
2026-09-09,ICLN,oratnek_ill,2097567208650297669,1078,0,
2026-09-09,IGV,oratnek_ill,2097567208650297669,1078,0,
2026-09-09,IHI,oratnek_ill,2097567208650297669,1078,0,
2026-09-09,IPAY,oratnek_ill,2097567208650297669,1078,0,
2026-09-09,ITB,oratnek_ill,2097567208650297669,1078,0,
2026-09-09,URA,oratnek_ill,2097567208650297669,1078,0,
2026-09-09,WGMI,oratnek_ill,2097567208650297669,1078,0,
2026-09-09,WORTH,Clement_Ang17,2097565478319530037,13135,1,
2026-09-09,GOOGL,TheProfInvestor,2097888598666465785,513,1,
2026-09-09,BE,TheProfInvestor,2097888394626118106,16627,222,
2026-09-09,MU,TheProfInvestor,2097888394626118106,16627,222,watching
2026-09-09,NBIS,TheProfInvestor,2097888394626118106,16627,222,watching
2026-09-09,NET,TheProfInvestor,2097888394626118106,16627,222,watching
2026-09-09,PLTR,TheProfInvestor,2097888394626118106,16627,222,
2026-09-09,SNDK,TheProfInvestor,2097888394626118106,16627,222,watching
2026-09-09,SNOW,TheProfInvestor,2097888394626118106,16627,222,
2026-09-09,SPCX,TheProfInvestor,2097888394626118106,16627,222,
2026-09-09,TSLA,TheProfInvestor,2097888394626118106,16627,222,
2026-09-09,AAPL,TheProfInvestor,2097887561264079344,10630,19,
2026-09-09,QCOM,TheProfInvestor,2097886573862027746,11497,39,
2026-09-09,DTL,wey_how12640,2097882383378993429,52,0,
2026-09-09,KMA,wey_how12640,2097882383378993429,52,0,
2026-09-09,IWM,Clement_Ang17,2097881206155300980,2352,6,
2026-09-09,ROC,Clement_Ang17,2097881206155300980,2352,6,
2026-09-09,RUM,RealSimpleAriel,2097880852432601161,8686,0,
2026-09-09,CXL,wey_how12640,2097873654566793686,1314,4,
2026-09-09,DTL,wey_how12640,2097873654566793686,1314,4,
2026-09-09,HL,wey_how12640,2097873654566793686,1314,4,
2026-09-09,IP,wey_how12640,2097873654566793686,1314,4,
2026-09-09,MRVL,wey_how12640,2097873654566793686,1314,4,
2026-09-09,SPX,cfromhertz,2097867163558174886,3441,5,
2026-09-09,SPY,cfromhertz,2097867163558174886,3441,5,
2026-09-09,XLK,cfromhertz,2097867163558174886,3441,5,
2026-09-09,RIP,cfromhertz,2097865288339366162,4694,1,
2026-09-09,PPI,wey_how12640,2097864728756519153,935,3,
2026-09-09,AMD,RealSimpleAriel,2097862413861228628,9345,15,recap
2026-09-09,HPE,RealSimpleAriel,2097862413861228628,9345,15,
2026-09-09,INTC,RealSimpleAriel,2097862413861228628,9345,15,recap
2026-09-09,IWM,RealSimpleAriel,2097862413861228628,9345,15,
2026-09-09,IWO,RealSimpleAriel,2097862413861228628,9345,15,
2026-09-09,META,RealSimpleAriel,2097862413861228628,9345,15,recap
2026-09-09,NET,RealSimpleAriel,2097862413861228628,9345,15,recap
2026-09-09,PPI,RealSimpleAriel,2097862413861228628,9345,15,
2026-09-09,RSP,RealSimpleAriel,2097862413861228628,9345,15,
2026-09-09,USO,RealSimpleAriel,2097862413861228628,9345,15,
2026-09-09,XLB,RealSimpleAriel,2097862413861228628,9345,15,
2026-09-09,XLC,RealSimpleAriel,2097862413861228628,9345,15,
2026-09-09,XLE,RealSimpleAriel,2097862413861228628,9345,15,
2026-09-09,XLF,RealSimpleAriel,2097862413861228628,9345,15,
2026-09-09,XLI,RealSimpleAriel,2097862413861228628,9345,15,
2026-09-09,XLP,RealSimpleAriel,2097862413861228628,9345,15,
2026-09-09,XLRE,RealSimpleAriel,2097862413861228628,9345,15,
2026-09-09,XLU,RealSimpleAriel,2097862413861228628,9345,15,
2026-09-09,XLV,RealSimpleAriel,2097862413861228628,9345,15,
2026-09-09,XLY,RealSimpleAriel,2097862413861228628,9345,15,
2026-09-09,SUBS,RealJGBanks,2097859127795908913,11631,2,
2026-09-09,BABA,Jake__Wujastyk,2097855922026729617,21234,8,
2026-09-09,BIDU,Jake__Wujastyk,2097855922026729617,21234,8,
2026-09-09,HSI,Jake__Wujastyk,2097855922026729617,21234,8,
2026-09-09,KWEB,Jake__Wujastyk,2097855922026729617,21234,8,
2026-09-09,IWM,Jake__Wujastyk,2097854369291206749,14363,1,
2026-09-09,QQQ,Jake__Wujastyk,2097854369291206749,14363,1,
2026-09-09,SPY,Jake__Wujastyk,2097854369291206749,14363,1,
2026-09-09,AAPL,PrimeTrading_,2097853369670889789,2083,1,
2026-09-09,ADBE,PrimeTrading_,2097853369670889789,2083,1,
2026-09-09,EIA,PrimeTrading_,2097853369670889789,2083,1,
2026-09-09,ET,PrimeTrading_,2097853369670889789,2083,1,
2026-09-09,META,PrimeTrading_,2097853369670889789,2083,1,recap
2026-09-09,MRVL,PrimeTrading_,2097853369670889789,2083,1,
2026-09-09,ORCL,PrimeTrading_,2097853369670889789,2083,1,
2026-09-09,PPI,PrimeTrading_,2097853369670889789,2083,1,
2026-09-09,WTI,PrimeTrading_,2097853369670889789,2083,1,
2026-09-09,CVV,AmeetRai,2097852131977969939,1123,0,
2026-09-09,AGAIN,RealJGBanks,2097852020661051395,11431,42,
2026-09-09,DAY,RealJGBanks,2097852020661051395,11431,42,
2026-09-09,RULE,RealJGBanks,2097852020661051395,11431,42,
2026-09-09,EMA,RealJGBanks,2097845762293944348,10517,56,
2026-09-09,EVERY,RealJGBanks,2097845762293944348,10517,56,
2026-09-09,HOLDS,RealJGBanks,2097845762293944348,10517,56,
2026-09-09,QQQ,RealJGBanks,2097845762293944348,10517,56,
2026-09-09,SPY,RealJGBanks,2097845762293944348,10517,56,
2026-09-09,TRADE,RealJGBanks,2097845762293944348,10517,56,
2026-09-09,AEHR,PrimeTrading_,2097840538015666301,2064,8,watching
2026-09-09,ASML,PrimeTrading_,2097840538015666301,2064,8,
2026-09-09,AVT,PrimeTrading_,2097840538015666301,2064,8,
2026-09-09,BOX,PrimeTrading_,2097840538015666301,2064,8,
2026-09-09,BTSG,PrimeTrading_,2097840538015666301,2064,8,
2026-09-09,DBX,PrimeTrading_,2097840538015666301,2064,8,
2026-09-09,DT,PrimeTrading_,2097840538015666301,2064,8,watching
2026-09-09,FORM,PrimeTrading_,2097840538015666301,2064,8,
2026-09-09,GEN,PrimeTrading_,2097840538015666301,2064,8,
2026-09-09,GH,PrimeTrading_,2097840538015666301,2064,8,
2026-09-09,HNGE,PrimeTrading_,2097840538015666301,2064,8,watching
2026-09-09,KEYS,PrimeTrading_,2097840538015666301,2064,8,
2026-09-09,MRVL,PrimeTrading_,2097840538015666301,2064,8,
2026-09-09,MXL,PrimeTrading_,2097840538015666301,2064,8,
2026-09-09,NTRA,PrimeTrading_,2097840538015666301,2064,8,
2026-09-09,OSCR,PrimeTrading_,2097840538015666301,2064,8,
2026-09-09,RS,PrimeTrading_,2097840538015666301,2064,8,
2026-09-09,TER,PrimeTrading_,2097840538015666301,2064,8,
2026-09-09,U,PrimeTrading_,2097840538015666301,2064,8,
2026-09-09,WDC,PrimeTrading_,2097840538015666301,2064,8,
2026-09-09,ZETA,PrimeTrading_,2097840538015666301,2064,8,
2026-09-09,AMD,PrimeTrading_,2097839832399536286,2126,11,watching
2026-09-09,ANF,PrimeTrading_,2097839832399536286,2126,11,
2026-09-09,AXTI,PrimeTrading_,2097839832399536286,2126,11,
2026-09-09,CHYM,PrimeTrading_,2097839832399536286,2126,11,
2026-09-09,DELL,PrimeTrading_,2097839832399536286,2126,11,watching
2026-09-09,GH,PrimeTrading_,2097839832399536286,2126,11,
2026-09-09,HNGE,PrimeTrading_,2097839832399536286,2126,11,watching
2026-09-09,HPE,PrimeTrading_,2097839832399536286,2126,11,
2026-09-09,INTC,PrimeTrading_,2097839832399536286,2126,11,watching
2026-09-09,LITE,PrimeTrading_,2097839832399536286,2126,11,watching
2026-09-09,MU,PrimeTrading_,2097839832399536286,2126,11,watching
2026-09-09,NTRA,PrimeTrading_,2097839832399536286,2126,11,
2026-09-09,OKTA,PrimeTrading_,2097839832399536286,2126,11,watching
2026-09-09,OSCR,PrimeTrading_,2097839832399536286,2126,11,
2026-09-09,RNG,PrimeTrading_,2097839832399536286,2126,11,
2026-09-09,RS,PrimeTrading_,2097839832399536286,2126,11,
2026-09-09,SKHY,PrimeTrading_,2097839832399536286,2126,11,watching
2026-09-09,SMTC,PrimeTrading_,2097839832399536286,2126,11,
2026-09-09,SNDK,PrimeTrading_,2097839832399536286,2126,11,watching
2026-09-09,TEAM,PrimeTrading_,2097839832399536286,2126,11,
2026-09-09,AU,PrimeTrading_,2097838339151867911,1921,5,
2026-09-09,CD,PrimeTrading_,2097838339151867911,1921,5,
2026-09-09,CI,PrimeTrading_,2097838339151867911,1921,5,
2026-09-09,CRO,PrimeTrading_,2097838339151867911,1921,5,
2026-09-09,CRWD,PrimeTrading_,2097838339151867911,1921,5,
2026-09-09,EL,PrimeTrading_,2097838339151867911,1921,5,
2026-09-09,ERP,PrimeTrading_,2097838339151867911,1921,5,
2026-09-09,GTLB,PrimeTrading_,2097838339151867911,1921,5,
2026-09-09,NTRA,PrimeTrading_,2097838339151867911,1921,5,
2026-09-09,PANW,PrimeTrading_,2097838339151867911,1921,5,
2026-09-09,RS,PrimeTrading_,2097838339151867911,1921,5,
2026-09-09,SNOW,PrimeTrading_,2097838339151867911,1921,5,
2026-09-09,TOP,PrimeTrading_,2097838339151867911,1921,5,
2026-09-09,VEEV,PrimeTrading_,2097838339151867911,1921,5,
2026-09-09,HL,wey_how12640,2097837907931451632,1482,6,
2026-09-09,IMO,wey_how12640,2097837907931451632,1482,6,
2026-09-09,NFA,wey_how12640,2097837907931451632,1482,6,
2026-09-09,NOW,wey_how12640,2097837907931451632,1482,6,
2026-09-09,AVOID,cfromhertz,2097837545618919778,792,0,
2026-09-09,WWR,wey_how12640,2097834324645261623,91,0,
2026-09-09,DDOG,wey_how12640,2097831467015717323,1235,7,recap
2026-09-09,DOG,wey_how12640,2097831467015717323,1235,7,
2026-09-09,FBO,wey_how12640,2097831467015717323,1235,7,
2026-09-09,RS,TheShortBear,2097826709802263027,12915,83,
2026-09-09,HPE,PrimeTrading_,2097826431984107795,2421,5,
2026-09-09,AAPL,ripster47,2097824073745121541,39025,11,
2026-09-09,CRDO,ripster47,2097824073745121541,39025,11,
2026-09-09,MTF,ripster47,2097824073745121541,39025,11,
2026-09-09,MU,ripster47,2097824073745121541,39025,11,recap
2026-09-09,QQQ,ripster47,2097824073745121541,39025,11,
2026-09-09,IWM,PrimeTrading_,2097819195853406364,2018,2,
2026-09-09,MAGS,PrimeTrading_,2097819195853406364,2018,2,
2026-09-09,QQQ,PrimeTrading_,2097819195853406364,2018,2,
2026-09-09,QQQE,PrimeTrading_,2097819195853406364,2018,2,
2026-09-09,RSP,PrimeTrading_,2097819195853406364,2018,2,
2026-09-09,SPY,PrimeTrading_,2097819195853406364,2018,2,
2026-09-09,TEM,PrimeTrading_,2097817266725277765,2291,3,watching
2026-09-09,MU,PrimeTrading_,2097816662800003430,3338,6,recap
2026-09-09,WDC,PrimeTrading_,2097816662800003430,3338,6,
2026-09-09,HG,PrimeTrading_,2097813474550170008,2191,6,
2026-09-09,DAY,RealJGBanks,2097811022652334151,23801,27,
2026-09-09,HALF,RealJGBanks,2097811022652334151,23801,27,
2026-09-09,LOST,RealJGBanks,2097811022652334151,23801,27,
2026-09-09,ONE,RealJGBanks,2097811022652334151,23801,27,
2026-09-09,YEARS,RealJGBanks,2097811022652334151,23801,27,
2026-09-09,IWM,Jake__Wujastyk,2097807577954574659,20009,2,
2026-09-09,QQQ,Jake__Wujastyk,2097807577954574659,20009,2,
2026-09-09,SPY,Jake__Wujastyk,2097807577954574659,20009,2,
2026-09-09,ALAB,ohiain,2097804103430685075,945,0,
2026-09-09,ARM,ohiain,2097804103430685075,945,0,
2026-09-09,DMA,ConnorJBates_,2097802656173420900,12721,34,
2026-09-09,ACT,ConnorJBates_,2097798466344755367,5998,9,
2026-09-09,DAILY,ConnorJBates_,2097798466344755367,5998,9,
2026-09-09,LIKES,ConnorJBates_,2097798466344755367,5998,9,
2026-09-09,OIL,ConnorJBates_,2097798466344755367,5998,9,
2026-09-09,VIDEO,ConnorJBates_,2097798466344755367,5998,9,
2026-09-09,CF,cfromhertz,2097794251333530069,3926,2,
2026-09-09,NYSE,cfromhertz,2097794251333530069,3926,2,
2026-09-09,PPI,cfromhertz,2097794251333530069,3926,2,
2026-09-09,SPX,cfromhertz,2097794251333530069,3926,2,
2026-09-09,AMD,GnT_Trades,2097792520415490379,3826,6,recap
2026-09-09,AMZN,GnT_Trades,2097792520415490379,3826,6,
2026-09-09,ATH,GnT_Trades,2097792520415490379,3826,6,
2026-09-09,BA,GnT_Trades,2097792520415490379,3826,6,
2026-09-09,CVX,GnT_Trades,2097792520415490379,3826,6,
2026-09-09,DELL,GnT_Trades,2097792520415490379,3826,6,recap
2026-09-09,DIA,GnT_Trades,2097792520415490379,3826,6,
2026-09-09,GE,GnT_Trades,2097792520415490379,3826,6,
2026-09-09,GOOGL,GnT_Trades,2097792520415490379,3826,6,
2026-09-09,IWM,GnT_Trades,2097792520415490379,3826,6,
2026-09-09,LITE,GnT_Trades,2097792520415490379,3826,6,recap
2026-09-09,LULU,GnT_Trades,2097792520415490379,3826,6,
2026-09-09,META,GnT_Trades,2097792520415490379,3826,6,recap
2026-09-09,MRVL,GnT_Trades,2097792520415490379,3826,6,
2026-09-09,MU,GnT_Trades,2097792520415490379,3826,6,recap
2026-09-09,NKE,GnT_Trades,2097792520415490379,3826,6,
2026-09-09,NVDA,GnT_Trades,2097792520415490379,3826,6,
2026-09-09,PAAS,GnT_Trades,2097792520415490379,3826,6,
2026-09-09,QQQ,GnT_Trades,2097792520415490379,3826,6,
2026-09-09,RSP,GnT_Trades,2097792520415490379,3826,6,
2026-09-09,SCZM,GnT_Trades,2097792520415490379,3826,6,
2026-09-09,SKHY,GnT_Trades,2097792520415490379,3826,6,recap
2026-09-09,SMA,GnT_Trades,2097792520415490379,3826,6,
2026-09-09,SMH,GnT_Trades,2097792520415490379,3826,6,
2026-09-09,SNDK,GnT_Trades,2097792520415490379,3826,6,recap
2026-09-09,SPX,GnT_Trades,2097792520415490379,3826,6,
2026-09-09,SPY,GnT_Trades,2097792520415490379,3826,6,
2026-09-09,TJX,GnT_Trades,2097792520415490379,3826,6,
2026-09-09,VLO,GnT_Trades,2097792520415490379,3826,6,
2026-09-09,XOM,GnT_Trades,2097792520415490379,3826,6,
2026-09-09,QQQ,PrimeTrading_,2097787148774592829,2589,4,
2026-09-09,ADDED,PrimeTrading_,2097785398562799877,4872,9,
2026-09-09,ALAB,PrimeTrading_,2097785398562799877,4872,9,
2026-09-09,FROG,PrimeTrading_,2097785398562799877,4872,9,
2026-09-09,GL,PrimeTrading_,2097785398562799877,4872,9,
2026-09-09,HAGN,PrimeTrading_,2097785398562799877,4872,9,
2026-09-09,HOOD,PrimeTrading_,2097785398562799877,4872,9,
2026-09-09,HPE,PrimeTrading_,2097785398562799877,4872,9,
2026-09-09,IWM,PrimeTrading_,2097785398562799877,4872,9,
2026-09-09,LITE,PrimeTrading_,2097785398562799877,4872,9,long
2026-09-09,MCO,PrimeTrading_,2097785398562799877,4872,9,
2026-09-09,MCSI,PrimeTrading_,2097785398562799877,4872,9,
2026-09-09,MU,PrimeTrading_,2097785398562799877,4872,9,long
2026-09-09,NER,PrimeTrading_,2097785398562799877,4872,9,
2026-09-09,NEW,PrimeTrading_,2097785398562799877,4872,9,
2026-09-09,OUT,PrimeTrading_,2097785398562799877,4872,9,
2026-09-09,PF,PrimeTrading_,2097785398562799877,4872,9,
2026-09-09,PLTR,PrimeTrading_,2097785398562799877,4872,9,
2026-09-09,PPI,PrimeTrading_,2097785398562799877,4872,9,
2026-09-09,QQQE,PrimeTrading_,2097785398562799877,4872,9,
2026-09-09,RSP,PrimeTrading_,2097785398562799877,4872,9,
2026-09-09,SMCI,PrimeTrading_,2097785398562799877,4872,9,
2026-09-09,SPCX,PrimeTrading_,2097785398562799877,4872,9,
2026-09-09,SPY,PrimeTrading_,2097785398562799877,4872,9,
2026-09-09,TEM,PrimeTrading_,2097785398562799877,4872,9,long
2026-09-09,TWLO,PrimeTrading_,2097785398562799877,4872,9,
2026-09-09,UMAC,PrimeTrading_,2097785398562799877,4872,9,
2026-09-09,VIX,PrimeTrading_,2097785398562799877,4872,9,
2026-09-09,NDX,Jake__Wujastyk,2097784644746002468,20762,6,
2026-09-09,QQQ,Jake__Wujastyk,2097784644746002468,20762,6,
2026-09-09,VWAP,Jake__Wujastyk,2097783589450723529,25180,12,
2026-09-09,NBIS,cfromhertz,2097779907308745147,4753,5,mention
2026-09-09,IWM,cfromhertz,2097777747565170696,7786,3,
2026-09-09,QQEW,cfromhertz,2097777747565170696,7786,3,
2026-09-09,QQQ,cfromhertz,2097777747565170696,7786,3,
2026-09-09,RSP,cfromhertz,2097777747565170696,7786,3,
2026-09-09,SPY,cfromhertz,2097777747565170696,7786,3,
2026-09-09,THIS,RealJGBanks,2097772223079547369,14267,5,
2026-09-09,WOW,RealJGBanks,2097772223079547369,14267,5,
2026-09-09,SKHY,ripster47,2097769667288858796,8998,0,recap
2026-09-09,HAVE,ohiain,2097769363830939872,5991,28,
2026-09-09,LOT,ohiain,2097769363830939872,5991,28,
2026-09-09,SKHY,thesetupfactory,2097766275518714035,1107,1,exited
2026-09-09,IMO,Venu_7_,2097759962911097191,479,0,
2026-09-09,NVDA,Venu_7_,2097759962911097191,479,0,
2026-09-09,NVDA,Venu_7_,2097758702661144883,2266,0,
2026-09-09,AMZN,Jake__Wujastyk,2097758014292050234,24902,2,
2026-09-09,NVDA,Venu_7_,2097757492545826976,15799,15,
2026-09-09,DOWN,ohiain,2097756305897517388,5734,8,
2026-09-09,MU,RealSimpleAriel,2097752455110922658,954,1,long
2026-09-09,AAPL,RealSimpleAriel,2097751063537266899,20931,3,
2026-09-09,APPL,ohiain,2097750551719027045,740,0,
2026-09-09,AAPL,ripster47,2097748989206581465,27277,2,
2026-09-09,DUO,ripster47,2097748989206581465,27277,2,
2026-09-09,LULU,ripster47,2097748989206581465,27277,2,
2026-09-09,ARM,ohiain,2097747843180052536,10372,10,
2026-09-09,AAPL,ripster47,2097747199308308628,32014,3,
2026-09-09,AAPL,ripster47,2097746099599483225,23392,2,
2026-09-09,PNAS,Muninn,2097745466213457999,572,1,
2026-09-09,MKBHD,AmeetRai,2097743078769434705,1236,0,
2026-09-09,WHOOP,AmeetRai,2097743078769434705,1236,0,
2026-09-09,CRCL,ohiain,2097742002184196323,12383,60,
2026-09-09,AKAM,ConnorJBates_,2097741040505545085,9622,9,
2026-09-09,DOCN,ConnorJBates_,2097741040505545085,9622,9,recap
2026-09-09,FSLY,ConnorJBates_,2097741040505545085,9622,9,
2026-09-09,NET,ConnorJBates_,2097741040505545085,9622,9,recap
2026-09-09,TTG,cfromhertz,2097740894631805438,3983,3,
2026-09-09,AAPL,ripster47,2097740756404355247,27063,2,
2026-09-09,RS,PrimeTrading_,2097736181207163015,3216,1,
2026-09-10,NAMO,TheShortBear,2098095052136316998,2201,0,
2026-09-10,NYMO,TheShortBear,2098095052136316998,2201,0,
2026-09-10,TACO,TheShortBear,2098095052136316998,2201,0,
2026-09-10,BONDS,cfromhertz,2098094815279820849,832,0,
2026-09-10,DRAW,cfromhertz,2098094815279820849,832,0,
2026-09-10,PRE,cfromhertz,2098094815279820849,832,0,
2026-09-10,SALE,cfromhertz,2098094815279820849,832,0,
2026-09-10,WHEN,cfromhertz,2098094815279820849,832,0,
2026-09-10,YIELD,cfromhertz,2098094815279820849,832,0,
2026-09-10,RIVN,Venu_7_,2098094044056600705,97,0,
2026-09-10,VWAP,Venu_7_,2098094044056600705,97,0,
2026-09-10,AMD,Venu_7_,2098093719450956167,114,0,long
2026-09-10,LITE,Venu_7_,2098093719450956167,114,0,long
2026-09-10,MAGS,ConnorJBates_,2098092926676955155,2119,2,
2026-09-10,RS,ConnorJBates_,2098092926676955155,2119,2,
2026-09-10,BWET,Venu_7_,2098091627214667968,2979,2,short
2026-09-10,UBER,cfromhertz,2098091446536388779,2150,0,
2026-09-10,BE,Venu_7_,2098089535687278868,3493,5,long
2026-09-10,EMA,Venu_7_,2098089535687278868,3493,5,
2026-09-10,INTC,Venu_7_,2098089535687278868,3493,5,
2026-09-10,NBIS,Venu_7_,2098089535687278868,3493,5,
2026-09-10,SMTC,Venu_7_,2098089535687278868,3493,5,
2026-09-10,EMA,Venu_7_,2098088693903049116,3605,11,
2026-09-10,PEG,Venu_7_,2098088693903049116,3605,11,
2026-09-10,PLTR,Venu_7_,2098088693903049116,3605,11,watching
2026-09-10,TEAM,Venu_7_,2098088693903049116,3605,11,
2026-09-10,TWLO,Venu_7_,2098088693903049116,3605,11,watching
2026-09-10,U,Venu_7_,2098088693903049116,3605,11,watching
2026-09-10,AGAIN,cfromhertz,2098087815514837343,2239,1,
2026-09-10,IRAN,cfromhertz,2098087815514837343,2239,1,
2026-09-10,WSJ,cfromhertz,2098087815514837343,2239,1,
2026-09-10,AMD,TheProfInvestor,2098083784482779200,11452,20,watching
2026-09-10,BE,TheProfInvestor,2098083784482779200,11452,20,recap
2026-09-10,DELL,TheProfInvestor,2098083784482779200,11452,20,recap
2026-09-10,LITE,TheProfInvestor,2098083784482779200,11452,20,recap
2026-09-10,MU,TheProfInvestor,2098083784482779200,11452,20,recap
2026-09-10,NET,TheProfInvestor,2098083784482779200,11452,20,
2026-09-10,PLTR,TheProfInvestor,2098083784482779200,11452,20,recap
2026-09-10,SNDK,TheProfInvestor,2098083784482779200,11452,20,recap
2026-09-10,SNOW,TheProfInvestor,2098083784482779200,11452,20,watching
2026-09-10,SPCX,TheProfInvestor,2098083784482779200,11452,20,watching
2026-09-10,TWLO,TheProfInvestor,2098083784482779200,11452,20,watching
2026-09-10,ATR,ConnorJBates_,2098079999202934953,965,0,
2026-09-10,DMA,ConnorJBates_,2098079999202934953,965,0,
2026-09-10,BUY,TheProfInvestor,2098079479595999359,16838,19,
2026-09-10,USO,1ChartMaster,2098077547921625431,153,0,
2026-09-10,TLT,Jake__Wujastyk,2098077079640412646,15224,1,
2026-09-10,CRWD,cfromhertz,2098076762399764870,3687,0,mention
2026-09-10,WITH,cfromhertz,2098076762399764870,3687,0,
2026-09-10,BWET,TheShortBear,2098074177966166387,13919,13,recap
2026-09-10,CIBR,cfromhertz,2098074072307429788,5438,2,
2026-09-10,CRWD,cfromhertz,2098074072307429788,5438,2,watching
2026-09-10,HACK,cfromhertz,2098074072307429788,5438,2,
2026-09-10,SPY,ripster47,2098073908402352451,15233,1,
2026-09-10,VIX,ripster47,2098073908402352451,15233,1,
2026-09-10,JFDI,ZaStocks,2098073106854142032,752,0,
2026-09-10,ATR,ConnorJBates_,2098069998908408016,6194,4,
2026-09-10,BWET,ConnorJBates_,2098069998908408016,6194,4,recap
2026-09-10,DMA,ConnorJBates_,2098069998908408016,6194,4,
2026-09-10,NTRA,cfromhertz,2098069108285722901,3789,0,watching
2026-09-10,EPIC,ConnorJBates_,2098066881819140513,447,0,
2026-09-10,BE,ConnorJBates_,2098066548959191494,5275,14,watching
2026-09-10,IBIT,ConnorJBates_,2098066548959191494,5275,14,
2026-09-10,LITE,ConnorJBates_,2098066548959191494,5275,14,watching
2026-09-10,LYTE,ConnorJBates_,2098066548959191494,5275,14,
2026-09-10,MU,ConnorJBates_,2098066548959191494,5275,14,watching
2026-09-10,NBIS,ConnorJBates_,2098066548959191494,5275,14,
2026-09-10,PURR,ConnorJBates_,2098066548959191494,5275,14,
2026-09-10,SOXL,ConnorJBates_,2098066548959191494,5275,14,
2026-09-10,NAAIM,RealSimpleAriel,2098066357845729538,12880,3,
2026-09-10,ORCL,ConnorJBates_,2098064147376132324,6535,1,
2026-09-10,YOU,ohiain,2098064106087452680,4771,5,
2026-09-10,IREN,mindofzen_,2098061127783452866,1477,1,
2026-09-10,NOW,Venu_7_,2098060366307897634,1847,3,mention
2026-09-10,ACV,Venu_7_,2098060363489222703,11344,16,
2026-09-10,EMA,Venu_7_,2098060363489222703,11344,16,
2026-09-10,NOW,Venu_7_,2098060363489222703,11344,16,long
2026-09-10,PA,Jake__Wujastyk,2098059284089295231,35505,14,
2026-09-10,ARPA,Venu_7_,2098057099439911100,1737,2,
2026-09-10,FDA,Venu_7_,2098057099439911100,1737,2,
2026-09-10,MRD,Venu_7_,2098057099439911100,1737,2,
2026-09-10,TEM,Venu_7_,2098057099439911100,1737,2,
2026-09-10,ARPA,Venu_7_,2098057095845478815,11168,15,
2026-09-10,AVWAP,Venu_7_,2098057095845478815,11168,15,
2026-09-10,EMA,Venu_7_,2098057095845478815,11168,15,
2026-09-10,TEM,Venu_7_,2098057095845478815,11168,15,
2026-09-10,AVAV,ripster47,2098056374831755534,16557,3,recap
2026-09-10,TLT,GnT_Trades,2098055783938191794,799,0,
2026-09-10,AUM,mindofzen_,2098054877490376843,27,0,
2026-09-10,DRAM,jfsrev,2098054600398086222,10560,24,
2026-09-10,MTD,jfsrev,2098054600398086222,10560,24,
2026-09-10,SOXX,jfsrev,2098054600398086222,10560,24,
2026-09-10,CAN,cfromhertz,2098052087120605316,3150,0,
2026-09-10,GRID,cfromhertz,2098052087120605316,3150,0,
2026-09-10,HARM,cfromhertz,2098052087120605316,3150,0,
2026-09-10,SEEKS,cfromhertz,2098052087120605316,3150,0,
2026-09-10,HOOD,Venu_7_,2098051526069760271,459,0,
2026-09-10,VIX,Venu_7_,2098051471610892740,542,0,
2026-09-10,RBRK,Venu_7_,2098051079766528330,275,0,
2026-09-10,CRM,wey_how12640,2098049736926548453,1330,3,
2026-09-10,DDOG,wey_how12640,2098049736926548453,1330,3,
2026-09-10,NOW,wey_how12640,2098049736926548453,1330,3,long
2026-09-10,SNOW,wey_how12640,2098049736926548453,1330,3,long
2026-09-10,SNOW,cfromhertz,2098049406180241516,4365,0,long
2026-09-10,TNX,bluechipdaily,2098048540454920293,4312,2,
2026-09-10,CRM,ripster47,2098047602159689734,17995,3,
2026-09-10,CRWD,ripster47,2098047602159689734,17995,3,recap
2026-09-10,RDDT,ripster47,2098047602159689734,17995,3,
2026-09-10,ARR,Venu_7_,2098046764519678379,8191,17,
2026-09-10,EMA,Venu_7_,2098046764519678379,8191,17,
2026-09-10,GAAP,Venu_7_,2098046764519678379,8191,17,
2026-09-10,RBRK,Venu_7_,2098046764519678379,8191,17,
2026-09-10,SMA,Venu_7_,2098046764519678379,8191,17,
2026-09-10,SPCX,TheProfInvestor,2098046587616497832,39070,6,mention
2026-09-10,PPI,Jake__Wujastyk,2098046566447853919,31239,5,
2026-09-10,AAPL,cfromhertz,2098046226138649067,3700,0,
2026-09-10,RS,ConnorJBates_,2098045220885561569,5645,0,
2026-09-10,SPCX,ConnorJBates_,2098045220885561569,5645,0,watching
2026-09-10,OKTA,cfromhertz,2098045052937207991,3523,1,long
2026-09-10,VIX,Venu_7_,2098044851053019370,18611,16,
2026-09-10,CST,ohiain,2098044389608058957,7311,52,
2026-09-10,EXACT,ohiain,2098044389608058957,7311,52,
2026-09-10,QQQ,ripster47,2098040230385209452,23036,1,
2026-09-10,SPY,ripster47,2098040230385209452,23036,1,
2026-09-10,VIX,ripster47,2098040230385209452,23036,1,
2026-09-10,RULE,RealJGBanks,2098037245177483527,20082,88,
2026-09-10,TLT,ConnorJBates_,2098037189678428598,5816,1,
2026-09-10,VPOC,cfromhertz,2098030139921617006,4775,0,
2026-09-10,WTI,cfromhertz,2098030139921617006,4775,0,
2026-09-10,JUNE,cfromhertz,2098028908218139114,4990,1,
2026-09-10,RISES,cfromhertz,2098028908218139114,4990,1,
2026-09-10,SINCE,cfromhertz,2098028908218139114,4990,1,
2026-09-10,YEAR,cfromhertz,2098028908218139114,4990,1,
2026-09-10,YIELD,cfromhertz,2098028908218139114,4990,1,
2026-09-10,DOWN,LindaRaschke,2098027666255294499,11690,26,
2026-09-10,NAZ,LindaRaschke,2098027666255294499,11690,26,
2026-09-10,AUG,cfromhertz,2098026411567014111,4329,1,
2026-09-10,EST,cfromhertz,2098026411567014111,4329,1,
2026-09-10,PPI,cfromhertz,2098026411567014111,4329,1,
2026-09-10,RISE,cfromhertz,2098026411567014111,4329,1,
2026-09-10,HIGH,RealSimpleAriel,2098026266116907382,878,0,
2026-09-10,GRACE,TheOneLanceB,2098026202716053577,10047,36,
2026-09-10,ECP,LindaRaschke,2098025701525844444,7104,3,
2026-09-10,SP,LindaRaschke,2098025437230141673,7281,4,
2026-09-10,SPY,LindaRaschke,2098025437230141673,7281,4,
2026-09-10,FCX,RealSimpleAriel,2098025403960938889,9668,6,
2026-09-10,PPI,cfromhertz,2098024349601079540,11198,2,
2026-09-10,DAX,LindaRaschke,2098024096004968712,8492,26,
2026-09-10,ABOVE,cfromhertz,2098023145630294121,4092,1,
2026-09-10,ECB,cfromhertz,2098023145630294121,4092,1,
2026-09-10,SAYS,cfromhertz,2098023145630294121,4092,1,
2026-09-10,STAY,cfromhertz,2098023145630294121,4092,1,
2026-09-10,WILL,cfromhertz,2098023145630294121,4092,1,
2026-09-10,ECB,cfromhertz,2098022569735512545,6007,0,
2026-09-10,EST,cfromhertz,2098022569735512545,6007,0,
2026-09-10,RATE,cfromhertz,2098022569735512545,6007,0,
2026-09-10,SPY,cfromhertz,2098022501661954091,3651,1,
2026-09-10,PEJ,cfromhertz,2098020938570719396,3793,0,
2026-09-10,UBI,PrimeTrading_,2098020811902730309,481,0,
2026-09-10,DOGE,RealSimpleAriel,2098019981145284703,2655,0,
2026-09-10,SPX,cfromhertz,2098019741671588251,4780,4,
2026-09-10,AGAIN,cfromhertz,2098018750565920780,4374,0,
2026-09-10,OPEC,cfromhertz,2098018750565920780,4374,0,
2026-09-10,SINCE,cfromhertz,2098018750565920780,4374,0,
2026-09-10,TELL,cfromhertz,2098018750565920780,4374,0,
2026-09-10,THAT,cfromhertz,2098018750565920780,4374,0,
2026-09-10,USO,cfromhertz,2098018750565920780,4374,0,
2026-09-10,RVMD,cfromhertz,2098013667392414185,3630,0,
2026-09-10,TSM,cfromhertz,2098008727542460759,3907,2,
2026-09-10,TSMC,cfromhertz,2098008727542460759,3907,2,
2026-09-10,API,PrimeTrading_,2098006368917561438,1033,0,
2026-09-10,PPI,Clement_Ang17,2098004358361485485,16466,4,
2026-09-10,VLO,1ChartMaster,2098001901614678524,5368,9,
2026-09-10,COP,1ChartMaster,2098000043923906852,5761,8,
2026-09-10,APA,1ChartMaster,2097999220821135641,5128,4,
2026-09-10,PPI,Clement_Ang17,2097997754018730231,248,0,
2026-09-10,LITE,thesetupfactory,2097996772509421850,976,3,mention
2026-09-10,CVX,1ChartMaster,2097991369914458321,5547,7,
2026-09-10,GIF,thesetupfactory,2097989494959907055,1139,0,
2026-09-10,EMA,thesetupfactory,2097988972928524656,1828,7,
2026-09-10,BE,oratnek_ill,2097975748292464840,1476,2,long
2026-09-10,DELL,oratnek_ill,2097975748292464840,1476,2,long
2026-09-10,HOOD,oratnek_ill,2097975748292464840,1476,2,
2026-09-10,LITE,oratnek_ill,2097975748292464840,1476,2,long
2026-09-10,MU,oratnek_ill,2097975748292464840,1476,2,long
2026-09-10,SMTC,oratnek_ill,2097975748292464840,1476,2,
2026-09-10,SNDK,oratnek_ill,2097975748292464840,1476,2,long
2026-09-10,SPCX,oratnek_ill,2097975748292464840,1476,2,long
2026-09-10,CMPS,oratnek_ill,2097974620582547504,1272,4,
2026-09-10,COHU,oratnek_ill,2097974620582547504,1272,4,
2026-09-10,FSLY,oratnek_ill,2097974620582547504,1272,4,
2026-09-10,HL,oratnek_ill,2097974620582547504,1272,4,
2026-09-10,HPQ,oratnek_ill,2097974620582547504,1272,4,
2026-09-10,LL,oratnek_ill,2097974620582547504,1272,4,
2026-09-10,MRVL,oratnek_ill,2097974620582547504,1272,4,
2026-09-10,NET,oratnek_ill,2097974620582547504,1272,4,
2026-09-10,OCUL,oratnek_ill,2097974620582547504,1272,4,
2026-09-10,OKTA,oratnek_ill,2097974620582547504,1272,4,watching
2026-09-10,PP,oratnek_ill,2097974620582547504,1272,4,
2026-09-10,SEI,oratnek_ill,2097974620582547504,1272,4,
2026-09-10,TXG,oratnek_ill,2097974620582547504,1272,4,
2026-09-10,BOAT,oratnek_ill,2097974225869160885,1064,0,
2026-09-10,CIBR,oratnek_ill,2097974225869160885,1064,0,
2026-09-10,COPX,oratnek_ill,2097974225869160885,1064,0,
2026-09-10,FINX,oratnek_ill,2097974225869160885,1064,0,
2026-09-10,ICLN,oratnek_ill,2097974225869160885,1064,0,
2026-09-10,IGV,oratnek_ill,2097974225869160885,1064,0,
2026-09-10,IHI,oratnek_ill,2097974225869160885,1064,0,
2026-09-10,IPAY,oratnek_ill,2097974225869160885,1064,0,
2026-09-10,ITA,oratnek_ill,2097974225869160885,1064,0,
2026-09-10,ITB,oratnek_ill,2097974225869160885,1064,0,
2026-09-10,IYT,oratnek_ill,2097974225869160885,1064,0,
2026-09-10,KIE,oratnek_ill,2097974225869160885,1064,0,
2026-09-10,KWEB,oratnek_ill,2097974225869160885,1064,0,
2026-09-10,MOO,oratnek_ill,2097974225869160885,1064,0,
2026-09-10,PEJ,oratnek_ill,2097974225869160885,1064,0,
2026-09-10,RS,oratnek_ill,2097974225869160885,1064,0,
2026-09-10,SIL,oratnek_ill,2097974225869160885,1064,0,
2026-09-10,SLX,oratnek_ill,2097974225869160885,1064,0,
2026-09-10,SMH,oratnek_ill,2097974225869160885,1064,0,
2026-09-10,TAN,oratnek_ill,2097974225869160885,1064,0,
2026-09-10,WGMI,oratnek_ill,2097974225869160885,1064,0,
2026-09-10,XBI,oratnek_ill,2097974225869160885,1064,0,
2026-09-10,XOP,oratnek_ill,2097974225869160885,1064,0,
2026-09-10,XRT,oratnek_ill,2097974225869160885,1064,0,
2026-09-10,COPX,oratnek_ill,2097973726151332262,989,0,
2026-09-10,GDX,oratnek_ill,2097973726151332262,989,0,
2026-09-10,IGV,oratnek_ill,2097973726151332262,989,0,
2026-09-10,IHI,oratnek_ill,2097973726151332262,989,0,
2026-09-10,KWEB,oratnek_ill,2097973726151332262,989,0,
2026-09-10,SIL,oratnek_ill,2097973726151332262,989,0,
2026-09-10,TAN,oratnek_ill,2097973726151332262,989,0,
2026-09-10,UFO,oratnek_ill,2097973726151332262,989,0,
2026-09-10,URA,oratnek_ill,2097973726151332262,989,0,
2026-09-10,WGMI,oratnek_ill,2097973726151332262,989,0,
2026-09-10,EMA,ArtofSpecuycky,2097922489569726887,14949,19,
2026-09-10,SPY,ArtofSpecuycky,2097922489569726887,14949,19,
2026-09-10,TQQQ,MisterLowRisk,2097914862290518278,3034,3,
2026-09-10,SKHY,wey_how12640,2097907903349063878,97,0,
2026-09-10,DELL,jfsrev,2098258158418542944,3612,7,mention
2026-09-10,HNGE,jfsrev,2098258158418542944,3612,7,mention
2026-09-10,HPE,jfsrev,2098258158418542944,3612,7,
2026-09-10,OKTA,jfsrev,2098258158418542944,3612,7,mention
2026-09-10,KST,Clement_Ang17,2098249106863087794,781,0,
2026-09-10,MACD,Clement_Ang17,2098249106863087794,781,0,
2026-09-10,ROC,Clement_Ang17,2098249106863087794,781,0,
2026-09-10,DXY,Clement_Ang17,2098245406836810100,2832,4,
2026-09-10,EMA,Clement_Ang17,2098245406836810100,2832,4,
2026-09-10,HAGW,Clement_Ang17,2098245406836810100,2832,4,
2026-09-10,ROC,Clement_Ang17,2098245406836810100,2832,4,
2026-09-10,SMA,Clement_Ang17,2098245406836810100,2832,4,
2026-09-10,VCP,Clement_Ang17,2098245406836810100,2832,4,
2026-09-10,BIS,wey_how12640,2098242956432155060,1192,4,
2026-09-10,USD,wey_how12640,2098242956432155060,1192,4,
2026-09-10,YEN,wey_how12640,2098242956432155060,1192,4,
2026-09-10,YOUR,wey_how12640,2098242956432155060,1192,4,
2026-09-10,MU,Jake__Wujastyk,2098242878233526358,22628,7,recap
2026-09-10,CVX,bluechipdaily,2098241445270356083,2854,1,
2026-09-10,SPX,TailThatWagsDog,2098236571027669469,1248,1,
2026-09-10,XLK,RealSimpleAriel,2098234975568961919,350,0,
2026-09-10,USO,bluechipdaily,2098232362051981745,1278,3,
2026-09-10,USO,bluechipdaily,2098232359564820838,3320,2,
2026-09-10,DMA,PrimeTrading_,2098224216642326787,1907,1,
2026-09-10,QQQ,PrimeTrading_,2098224216642326787,1907,1,
2026-09-10,AEHR,PrimeTrading_,2098219772705984673,1914,2,
2026-09-10,AVT,PrimeTrading_,2098219772705984673,1914,2,
2026-09-10,BOX,PrimeTrading_,2098219772705984673,1914,2,
2026-09-10,CLS,PrimeTrading_,2098219772705984673,1914,2,
2026-09-10,CRWD,PrimeTrading_,2098219772705984673,1914,2,watching
2026-09-10,DBX,PrimeTrading_,2098219772705984673,1914,2,
2026-09-10,DT,PrimeTrading_,2098219772705984673,1914,2,
2026-09-10,FORM,PrimeTrading_,2098219772705984673,1914,2,
2026-09-10,FTNT,PrimeTrading_,2098219772705984673,1914,2,
2026-09-10,INTC,PrimeTrading_,2098219772705984673,1914,2,
2026-09-10,MXL,PrimeTrading_,2098219772705984673,1914,2,
2026-09-10,NTRA,PrimeTrading_,2098219772705984673,1914,2,watching
2026-09-10,OSCR,PrimeTrading_,2098219772705984673,1914,2,watching
2026-09-10,RS,PrimeTrading_,2098219772705984673,1914,2,
2026-09-10,SNDK,PrimeTrading_,2098219772705984673,1914,2,watching
2026-09-10,SNOW,PrimeTrading_,2098219772705984673,1914,2,watching
2026-09-10,TER,PrimeTrading_,2098219772705984673,1914,2,
2026-09-10,TWLO,PrimeTrading_,2098219772705984673,1914,2,watching
2026-09-10,VEEV,PrimeTrading_,2098219772705984673,1914,2,
2026-09-10,VSAT,PrimeTrading_,2098219772705984673,1914,2,
2026-09-10,AMD,PrimeTrading_,2098219601737797968,1976,6,watching
2026-09-10,ANF,PrimeTrading_,2098219601737797968,1976,6,
2026-09-10,AVTR,PrimeTrading_,2098219601737797968,1976,6,
2026-09-10,AXTI,PrimeTrading_,2098219601737797968,1976,6,
2026-09-10,CNC,PrimeTrading_,2098219601737797968,1976,6,
2026-09-10,DELL,PrimeTrading_,2098219601737797968,1976,6,watching
2026-09-10,GH,PrimeTrading_,2098219601737797968,1976,6,
2026-09-10,HNGE,PrimeTrading_,2098219601737797968,1976,6,watching
2026-09-10,HPQ,PrimeTrading_,2098219601737797968,1976,6,
2026-09-10,LITE,PrimeTrading_,2098219601737797968,1976,6,watching
2026-09-10,MU,PrimeTrading_,2098219601737797968,1976,6,watching
2026-09-10,NTRA,PrimeTrading_,2098219601737797968,1976,6,watching
2026-09-10,OKTA,PrimeTrading_,2098219601737797968,1976,6,watching
2026-09-10,OSCR,PrimeTrading_,2098219601737797968,1976,6,watching
2026-09-10,RNG,PrimeTrading_,2098219601737797968,1976,6,
2026-09-10,RS,PrimeTrading_,2098219601737797968,1976,6,
2026-09-10,SMTC,PrimeTrading_,2098219601737797968,1976,6,
2026-09-10,SNDK,PrimeTrading_,2098219601737797968,1976,6,watching
2026-09-10,TEAM,PrimeTrading_,2098219601737797968,1976,6,
2026-09-10,ZETA,PrimeTrading_,2098219601737797968,1976,6,
2026-09-10,ADDED,PrimeTrading_,2098218204292088031,2623,9,
2026-09-10,CS,PrimeTrading_,2098218204292088031,2623,9,
2026-09-10,EC,PrimeTrading_,2098218204292088031,2623,9,
2026-09-10,HOOD,PrimeTrading_,2098218204292088031,2623,9,
2026-09-10,LITE,PrimeTrading_,2098218204292088031,2623,9,exited
2026-09-10,MCO,PrimeTrading_,2098218204292088031,2623,9,
2026-09-10,MCSI,PrimeTrading_,2098218204292088031,2623,9,
2026-09-10,MU,PrimeTrading_,2098218204292088031,2623,9,
2026-09-10,NER,PrimeTrading_,2098218204292088031,2623,9,
2026-09-10,NEW,PrimeTrading_,2098218204292088031,2623,9,
2026-09-10,OS,PrimeTrading_,2098218204292088031,2623,9,
2026-09-10,OUT,PrimeTrading_,2098218204292088031,2623,9,
2026-09-10,PLTR,PrimeTrading_,2098218204292088031,2623,9,
2026-09-10,SMCI,PrimeTrading_,2098218204292088031,2623,9,
2026-09-10,SPCX,PrimeTrading_,2098218204292088031,2623,9,exited
2026-09-10,TWLO,PrimeTrading_,2098218204292088031,2623,9,long
2026-09-10,VIX,PrimeTrading_,2098218204292088031,2623,9,
2026-09-10,SPX,TailThatWagsDog,2098217821192745065,1601,4,
2026-09-10,NL,AmeetRai,2098215566422966548,3123,6,
2026-09-10,MA,AmeetRai,2098215130978730225,3100,5,
2026-09-10,NYSE,AmeetRai,2098214492282687927,3307,4,
2026-09-10,WRONG,Clement_Ang17,2098214315413401734,103,0,
2026-09-10,MU,Jake__Wujastyk,2098211405136880084,22428,2,recap
2026-09-10,NYMO,TheProfInvestor,2098204163016732934,23180,50,
2026-09-10,SPX,TheProfInvestor,2098204163016732934,23180,50,
2026-09-10,SPY,TheProfInvestor,2098204163016732934,23180,50,
2026-09-10,AMD,RealSimpleAriel,2098200647669563781,11196,19,recap
2026-09-10,DELL,RealSimpleAriel,2098200647669563781,11196,19,recap
2026-09-10,HPE,RealSimpleAriel,2098200647669563781,11196,19,
2026-09-10,INTC,RealSimpleAriel,2098200647669563781,11196,19,
2026-09-10,NOW,RealSimpleAriel,2098200647669563781,11196,19,recap
2026-09-10,OKTA,RealSimpleAriel,2098200647669563781,11196,19,recap
2026-09-10,PPI,RealSimpleAriel,2098200647669563781,11196,19,
2026-09-10,RSP,RealSimpleAriel,2098200647669563781,11196,19,
2026-09-10,USO,RealSimpleAriel,2098200647669563781,11196,19,
2026-09-10,XLK,RealSimpleAriel,2098200647669563781,11196,19,
2026-09-10,EST,Jake__Wujastyk,2098199544605597863,21997,6,
2026-09-10,ONDS,Jake__Wujastyk,2098199544605597863,21997,6,
2026-09-10,AAPL,Jake__Wujastyk,2098179654855356692,20323,4,
2026-09-10,AMZN,Jake__Wujastyk,2098177715547631628,24795,8,
2026-09-10,GOOGL,Jake__Wujastyk,2098177715547631628,24795,8,
2026-09-10,MAGS,Jake__Wujastyk,2098177715547631628,24795,8,
2026-09-10,BEST,ConnorJBates_,2098168174013222965,7438,4,
2026-09-10,LOOK,ConnorJBates_,2098168174013222965,7438,4,
2026-09-10,STAGE,ConnorJBates_,2098168174013222965,7438,4,
2026-09-10,TOP,ConnorJBates_,2098168174013222965,7438,4,
2026-09-10,CF,cfromhertz,2098158776553517349,3607,3,
2026-09-10,RBRK,Venu_7_,2098156494504231156,1118,3,
2026-09-10,LOT,ohiain,2098155567743111272,26512,42,
2026-09-10,DATA,cfromhertz,2098154652114075792,23395,7,
2026-09-10,MSFT,cfromhertz,2098154652114075792,23395,7,
2026-09-10,PLANS,cfromhertz,2098154652114075792,23395,7,
2026-09-10,AAPL,GnT_Trades,2098152660201357802,4410,5,
2026-09-10,AVGO,GnT_Trades,2098152660201357802,4410,5,
2026-09-10,CRWD,GnT_Trades,2098152660201357802,4410,5,recap
2026-09-10,DRAM,GnT_Trades,2098152660201357802,4410,5,
2026-09-10,FTNT,GnT_Trades,2098152660201357802,4410,5,
2026-09-10,GOOGL,GnT_Trades,2098152660201357802,4410,5,
2026-09-10,IGV,GnT_Trades,2098152660201357802,4410,5,
2026-09-10,IWZ,GnT_Trades,2098152660201357802,4410,5,
2026-09-10,MAGS,GnT_Trades,2098152660201357802,4410,5,
2026-09-10,MELI,GnT_Trades,2098152660201357802,4410,5,
2026-09-10,NVDA,GnT_Trades,2098152660201357802,4410,5,
2026-09-10,OKTA,GnT_Trades,2098152660201357802,4410,5,recap
2026-09-10,PANW,GnT_Trades,2098152660201357802,4410,5,
2026-09-10,PINS,GnT_Trades,2098152660201357802,4410,5,
2026-09-10,QCOM,GnT_Trades,2098152660201357802,4410,5,
2026-09-10,QQQ,GnT_Trades,2098152660201357802,4410,5,
2026-09-10,RDDT,GnT_Trades,2098152660201357802,4410,5,
2026-09-10,SLV,GnT_Trades,2098152660201357802,4410,5,
2026-09-10,SMA,GnT_Trades,2098152660201357802,4410,5,
2026-09-10,SMH,GnT_Trades,2098152660201357802,4410,5,
2026-09-10,SNAP,GnT_Trades,2098152660201357802,4410,5,
2026-09-10,SPY,GnT_Trades,2098152660201357802,4410,5,
2026-09-10,STNE,GnT_Trades,2098152660201357802,4410,5,
2026-09-10,SWKS,thesetupfactory,2098151574040191092,175,0,
2026-09-10,OPEX,thesetupfactory,2098151099584651569,69,0,
2026-09-10,DP,ripster47,2098146705510482336,856,0,
2026-09-10,PA,Jake__Wujastyk,2098146046841147423,25875,10,
2026-09-10,SPX,Jake__Wujastyk,2098146046841147423,25875,10,
2026-09-10,SPY,Jake__Wujastyk,2098146046841147423,25875,10,
2026-09-10,ORCL,ConnorJBates_,2098145431477711252,6279,2,
2026-09-10,AAPL,RealSimpleAriel,2098141603336511948,1534,0,
2026-09-10,RS,RealSimpleAriel,2098141603336511948,1534,0,
2026-09-10,AV,Venu_7_,2098141503306834187,43844,25,
2026-09-10,GOOGL,Venu_7_,2098141503306834187,43844,25,
2026-09-10,LYFT,Venu_7_,2098141503306834187,43844,25,
2026-09-10,TSLA,Venu_7_,2098141503306834187,43844,25,
2026-09-10,UBER,Venu_7_,2098141503306834187,43844,25,
2026-09-10,ATR,RealSimpleAriel,2098140355237437559,479,2,
2026-09-10,CRAK,RealSimpleAriel,2098140355237437559,479,2,
2026-09-10,DVN,RealSimpleAriel,2098140355237437559,479,2,
2026-09-10,FANG,RealSimpleAriel,2098140355237437559,479,2,
2026-09-10,OXY,RealSimpleAriel,2098140355237437559,479,2,
2026-09-10,XLE,RealSimpleAriel,2098140355237437559,479,2,
2026-09-10,APP,ripster47,2098139664443957315,21365,0,
2026-09-10,QRVO,thesetupfactory,2098137643909308855,945,0,
2026-09-10,VLO,RealSimpleAriel,2098136788845875411,431,0,
2026-09-10,SPX,cfromhertz,2098136199999230277,7308,5,
2026-09-10,COT,RealSimpleAriel,2098134233910739087,287,0,
2026-09-10,APY,Venu_7_,2098132568705298750,2559,1,
2026-09-10,MAGS,RealSimpleAriel,2098131999525376471,1446,0,
2026-09-10,XLK,RealSimpleAriel,2098131999525376471,1446,0,
2026-09-10,IWM,cfromhertz,2098130793084133697,4953,2,
2026-09-10,SPY,cfromhertz,2098130793084133697,4953,2,
2026-09-10,GOOGL,Venu_7_,2098130671378276604,14723,22,
2026-09-10,MA,Venu_7_,2098130671378276604,14723,22,
2026-09-10,AAPL,ripster47,2098129237530005588,21700,6,
2026-09-10,MTF,ripster47,2098129237530005588,21700,6,
2026-09-10,USO,ArtofSpecuycky,2098123839834394647,19592,31,
2026-09-10,NDX,Jake__Wujastyk,2098119364302283227,21402,2,
2026-09-10,QQQ,Jake__Wujastyk,2098119364302283227,21402,2,
2026-09-10,TSLA,Jake__Wujastyk,2098119364302283227,21402,2,
2026-09-10,PPI,ohiain,2098116392012644515,6831,14,
2026-09-10,QQQ,ohiain,2098116392012644515,6831,14,
2026-09-10,SPY,ohiain,2098116392012644515,6831,14,
2026-09-10,SMH,RealSimpleAriel,2098116009840308335,2487,2,
2026-09-10,XLE,RealSimpleAriel,2098116009840308335,2487,2,
2026-09-10,XLK,RealSimpleAriel,2098116009840308335,2487,2,
2026-09-10,DOWN,RealJGBanks,2098114424573751674,19031,196,
2026-09-10,EMA,RealJGBanks,2098114424573751674,19031,196,
2026-09-10,NEED,RealJGBanks,2098114424573751674,19031,196,
2026-09-10,ATH,RealSimpleAriel,2098110846740075002,17298,6,
2026-09-10,HPE,RealSimpleAriel,2098110846740075002,17298,6,
2026-09-10,OKTA,RealSimpleAriel,2098110846740075002,17298,6,recap
2026-09-10,CRAK,cfromhertz,2098110792759452056,7337,2,
2026-09-10,OIH,cfromhertz,2098110792759452056,7337,2,
2026-09-10,XLE,cfromhertz,2098110792759452056,7337,2,
2026-09-10,MU,Venu_7_,2098108958808703481,799,0,mention
2026-09-10,AMZN,Jake__Wujastyk,2098108084422144312,20463,3,
2026-09-10,AMZU,Jake__Wujastyk,2098108084422144312,20463,3,
2026-09-10,OKTA,RealSimpleAriel,2098106186532847764,1244,0,long
2026-09-10,SCE,TailThatWagsDog,2098105790175363512,2065,17,
2026-09-10,AVAV,Jake__Wujastyk,2098105450718003545,20518,5,watching
2026-09-10,TTD,TheProfInvestor,2098103697813414149,1041,0,
2026-09-10,TNX,Jake__Wujastyk,2098103308925976699,19588,4,
2026-09-10,TTG,cfromhertz,2098102172646863107,3850,0,
2026-09-10,OKTA,ohiain,2098101892286914898,10798,15,recap
2026-09-10,IRGC,TheShortBear,2098097151448338703,5325,8,
2026-09-10,TRIAL,PrimeTrading_,2098096840067469477,92,0,
2026-09-11,CRDO,ripster47,2098457238927028236,4139,0,
2026-09-11,TACO,ripster47,2098457238927028236,4139,0,
2026-09-11,HYPE,Venu_7_,2098453760972562886,817,0,
2026-09-11,PCE,bluechipdaily,2098452417821983032,3250,1,
2026-09-11,SPX,cfromhertz,2098452328537870618,1797,1,
2026-09-11,CNBC,cfromhertz,2098450882882843090,2085,1,
2026-09-11,HYPE,Venu_7_,2098450881817833743,740,0,
2026-09-11,PURR,Venu_7_,2098450881817833743,740,0,
2026-09-11,SECZ,Venu_7_,2098450881817833743,740,0,
2026-09-11,VWAP,Venu_7_,2098450881817833743,740,0,
2026-09-11,ST,ripster47,2098450814318592288,446,0,
2026-09-11,INTC,ripster47,2098449797438939178,14452,3,mention
2026-09-11,ATH,wey_how12640,2098449261692416081,309,3,
2026-09-11,SMTC,wey_how12640,2098449261692416081,309,3,
2026-09-11,SOXX,wey_how12640,2098449261692416081,309,3,
2026-09-11,VWAP,Venu_7_,2098447379519467578,192,0,
2026-09-11,BMNR,Venu_7_,2098444516466499697,8042,8,
2026-09-11,BTC,Venu_7_,2098444516466499697,8042,8,
2026-09-11,COIN,Venu_7_,2098444516466499697,8042,8,
2026-09-11,CRCL,Venu_7_,2098444516466499697,8042,8,
2026-09-11,HOOD,Venu_7_,2098444516466499697,8042,8,
2026-09-11,MSTR,Venu_7_,2098444516466499697,8042,8,
2026-09-11,PURR,Venu_7_,2098444516466499697,8042,8,
2026-09-11,FA,ripster47,2098442505574334785,261,0,
2026-09-11,PMH,ripster47,2098442396048441517,12949,0,
2026-09-11,QQQ,ripster47,2098442396048441517,12949,0,watching
2026-09-11,SPX,ripster47,2098442396048441517,12949,0,
2026-09-11,SPY,ripster47,2098442396048441517,12949,0,watching
2026-09-11,BE,Venu_7_,2098441067779805501,8517,17,
2026-09-11,CBRS,Venu_7_,2098441067779805501,8517,17,
2026-09-11,DELL,Venu_7_,2098441067779805501,8517,17,mention
2026-09-11,GLW,Venu_7_,2098441067779805501,8517,17,
2026-09-11,HPE,Venu_7_,2098441067779805501,8517,17,mention
2026-09-11,HPQ,Venu_7_,2098441067779805501,8517,17,
2026-09-11,INTC,Venu_7_,2098441067779805501,8517,17,watching
2026-09-11,NBIS,Venu_7_,2098441067779805501,8517,17,
2026-09-11,RS,Venu_7_,2098441067779805501,8517,17,
2026-09-11,SMH,Venu_7_,2098441067779805501,8517,17,
2026-09-11,SMTC,Venu_7_,2098441067779805501,8517,17,
2026-09-11,EMA,Venu_7_,2098439597948907986,9482,12,
2026-09-11,NBIS,Venu_7_,2098439597948907986,9482,12,
2026-09-11,SMH,Venu_7_,2098439597948907986,9482,12,
2026-09-11,AAPL,ripster47,2098431524597113057,18912,4,
2026-09-11,BOOM,ripster47,2098431524597113057,18912,4,
2026-09-11,MAGS,NickSchmidt,2098430115734544810,3880,0,
2026-09-11,QQQ,NickSchmidt,2098430115734544810,3880,0,watching
2026-09-11,DELL,ConnorJBates_,2098429287871250860,4981,2,mention
2026-09-11,HPE,ConnorJBates_,2098429287871250860,4981,2,mention
2026-09-11,NTAP,ConnorJBates_,2098429287871250860,4981,2,
2026-09-11,CRWD,RealSimpleAriel,2098427862407639449,433,0,
2026-09-11,ARGT,MisterLowRisk,2098427792274739356,1383,1,
2026-09-11,CDC,cfromhertz,2098427749220164011,3415,1,
2026-09-11,OVER,cfromhertz,2098427749220164011,3415,1,
2026-09-11,SAYS,cfromhertz,2098427749220164011,3415,1,
2026-09-11,SG,cfromhertz,2098427749220164011,3415,1,
2026-09-11,ROM,TheOneLanceB,2098423571832004747,214,0,
2026-09-11,WR,TheOneLanceB,2098422444310843574,275,0,
2026-09-11,UST,bluechipdaily,2098420431686336723,4625,0,
2026-09-11,LLM,TheOneLanceB,2098420354431754287,237,0,
2026-09-11,LLM,TheOneLanceB,2098419711449178259,244,0,
2026-09-11,AAPL,GnT_Trades,2098419483425562910,3162,1,
2026-09-11,GOOGL,GnT_Trades,2098419483425562910,3162,1,
2026-09-11,NVDA,GnT_Trades,2098419483425562910,3162,1,
2026-09-11,SMA,GnT_Trades,2098419483425562910,3162,1,
2026-09-11,AAPL,RealSimpleAriel,2098417821931704739,376,0,
2026-09-11,DELL,RealSimpleAriel,2098417821931704739,376,0,mention
2026-09-11,ETHA,RealSimpleAriel,2098417821931704739,376,0,
2026-09-11,HPE,RealSimpleAriel,2098417821931704739,376,0,mention
2026-09-11,DELL,ripster47,2098417252609491085,19321,0,recap
2026-09-11,DELL,cfromhertz,2098416546649358598,4510,0,recap
2026-09-11,CRWD,RealSimpleAriel,2098415832715919397,1084,0,
2026-09-11,PANW,RealSimpleAriel,2098415832715919397,1084,0,
2026-09-11,CRWD,RealSimpleAriel,2098415448798753099,9268,1,
2026-09-11,OKTA,RealSimpleAriel,2098415448798753099,9268,1,
2026-09-11,PANW,RealSimpleAriel,2098415448798753099,9268,1,
2026-09-11,RBRK,RealSimpleAriel,2098415448798753099,9268,1,
2026-09-11,PONS,TheShortBear,2098414654632472659,12056,5,
2026-09-11,ETH,NickSchmidt,2098414443713409084,5456,2,
2026-09-11,IBIT,cfromhertz,2098412327540236667,3391,1,
2026-09-11,AMZN,Jake__Wujastyk,2098412017933861340,16943,0,
2026-09-11,MRNA,cfromhertz,2098411951449571439,425,0,
2026-09-11,BLS,TheShortBear,2098411593717428258,19746,22,
2026-09-11,EST,cfromhertz,2098411341874704700,4090,0,
2026-09-11,FALLS,cfromhertz,2098411341874704700,4090,0,
2026-09-11,SEPT,cfromhertz,2098411341874704700,4090,0,
2026-09-11,UMICH,cfromhertz,2098411341874704700,4090,0,
2026-09-11,PMH,ripster47,2098411341241356658,16207,1,
2026-09-11,QQQ,ripster47,2098411341241356658,16207,1,watching
2026-09-11,SOXL,ripster47,2098411341241356658,16207,1,
2026-09-11,SPY,ripster47,2098411341241356658,16207,1,watching
2026-09-11,BTC,TheProfInvestor,2098410236499648801,21961,5,
2026-09-11,QQQ,TheProfInvestor,2098410236499648801,21961,5,recap
2026-09-11,SPY,TheProfInvestor,2098410236499648801,21961,5,recap
2026-09-11,DELL,RealSimpleAriel,2098410141200576662,7777,3,recap
2026-09-11,ETHA,RealSimpleAriel,2098410141200576662,7777,3,
2026-09-11,HPE,RealSimpleAriel,2098410141200576662,7777,3,recap
2026-09-11,AVT,cfromhertz,2098409954042352118,3113,0,
2026-09-11,DELL,wey_how12640,2098409786123698540,1724,1,recap
2026-09-11,BE,ripster47,2098409246404579767,19349,1,
2026-09-11,DELL,ripster47,2098409246404579767,19349,1,recap
2026-09-11,PBF,1ChartMaster,2098407855678276005,4240,2,
2026-09-11,MRNA,cfromhertz,2098406062118285510,3825,3,
2026-09-11,DELL,cfromhertz,2098405010463678577,6935,0,recap
2026-09-11,PLTR,ShakePryzby1,2098403468306514424,435,0,
2026-09-11,PS,ShakePryzby1,2098403468306514424,435,0,
2026-09-11,SPY,TheProfInvestor,2098400832672923991,23508,2,recap
2026-09-11,JFDI,ZaStocks,2098400168806608959,570,0,
2026-09-11,PMH,ripster47,2098399715591131296,19269,3,
2026-09-11,QQQ,ripster47,2098399715591131296,19269,3,long
2026-09-11,SPY,ripster47,2098399715591131296,19269,3,long
2026-09-11,TNX,ripster47,2098399715591131296,19269,3,
2026-09-11,VIX,ripster47,2098399715591131296,19269,3,
2026-09-11,NY,NickSchmidt,2098398419895161026,10535,3,
2026-09-11,KOSPI,ZaStocks,2098397605021536548,15982,3,
2026-09-11,SP,LindaRaschke,2098396068069118077,8110,6,
2026-09-11,DEC,LindaRaschke,2098395860648292551,7679,1,
2026-09-11,YEN,LindaRaschke,2098395860648292551,7679,1,
2026-09-11,MTF,ripster47,2098391714281017613,20724,1,
2026-09-11,QQQ,ripster47,2098391714281017613,20724,1,long
2026-09-11,SPY,ripster47,2098391714281017613,20724,1,long
2026-09-11,VIX,ripster47,2098391714281017613,20724,1,
2026-09-11,ABOUT,cfromhertz,2098390152896762226,9322,5,
2026-09-11,HIKE,cfromhertz,2098390152896762226,9322,5,
2026-09-11,NEXT,cfromhertz,2098390152896762226,9322,5,
2026-09-11,PRICE,cfromhertz,2098390152896762226,9322,5,
2026-09-11,RATE,cfromhertz,2098390152896762226,9322,5,
2026-09-11,WEEK,cfromhertz,2098390152896762226,9322,5,
2026-09-11,CORE,ripster47,2098388817807917392,21036,1,
2026-09-11,EST,ripster47,2098388817807917392,21036,1,
2026-09-11,OVER,ripster47,2098388817807917392,21036,1,
2026-09-11,YEAR,ripster47,2098388817807917392,21036,1,
2026-09-11,AUG,cfromhertz,2098388737336000602,13394,3,
2026-09-11,CORE,cfromhertz,2098388737336000602,13394,3,
2026-09-11,EST,cfromhertz,2098388737336000602,13394,3,
2026-09-11,RISE,cfromhertz,2098388737336000602,13394,3,
2026-09-11,RISES,cfromhertz,2098388737336000602,13394,3,
2026-09-11,APPL,LindaRaschke,2098385974652809615,8211,1,
2026-09-11,CL,LindaRaschke,2098385974652809615,8211,1,
2026-09-11,VPOC,cfromhertz,2098384408440885293,6715,2,
2026-09-11,WTI,cfromhertz,2098384408440885293,6715,2,
2026-09-11,MU,ohiain,2098383851789660660,260,0,
2026-09-11,RSP,RealSimpleAriel,2098383347642679763,648,0,
2026-09-11,XLE,RealSimpleAriel,2098383347642679763,648,0,
2026-09-11,XLK,RealSimpleAriel,2098383347642679763,648,0,
2026-09-11,NYSE,ConnorJBates_,2098383315073970573,5709,5,
2026-09-11,LOT,ohiain,2098382599034900871,13921,20,
2026-09-11,QQQ,ConnorJBates_,2098382533444424067,5831,2,watching
2026-09-11,SP,LindaRaschke,2098381647464821086,12179,29,
2026-09-11,AD,LindaRaschke,2098380561848975429,7813,7,
2026-09-11,EMA,LindaRaschke,2098380561848975429,7813,7,
2026-09-11,SS,ohiain,2098379800821842036,361,0,
2026-09-11,HPE,ohiain,2098379255210008698,651,1,exited
2026-09-11,INTC,ohiain,2098379255210008698,651,1,exited
2026-09-11,CVX,Jake__Wujastyk,2098377428813107681,24260,13,
2026-09-11,SLB,Jake__Wujastyk,2098377428813107681,24260,13,
2026-09-11,USO,Jake__Wujastyk,2098377428813107681,24260,13,
2026-09-11,XOM,Jake__Wujastyk,2098377428813107681,24260,13,
2026-09-11,CLASS,cfromhertz,2098376165811511556,4629,1,
2026-09-11,OKLO,cfromhertz,2098376165811511556,4629,1,
2026-09-11,SELL,cfromhertz,2098376165811511556,4629,1,
2026-09-11,STOCK,cfromhertz,2098376165811511556,4629,1,
2026-09-11,APMEM,TailThatWagsDog,2098371907674316921,1450,2,
2026-09-11,ATM,TailThatWagsDog,2098371907674316921,1450,2,
2026-09-11,BTW,TailThatWagsDog,2098371907674316921,1450,2,
2026-09-11,CT,TailThatWagsDog,2098371907674316921,1450,2,
2026-09-11,SPX,TailThatWagsDog,2098371907674316921,1450,2,
2026-09-11,INTC,wey_how12640,2098368647010132238,1720,5,long
2026-09-11,DTL,wey_how12640,2098366654120136943,1812,4,
2026-09-11,SMTC,wey_how12640,2098366654120136943,1812,4,
2026-09-11,IWM,Jake__Wujastyk,2098365855411450300,39056,19,
2026-09-11,QQQ,Jake__Wujastyk,2098365855411450300,39056,19,long
2026-09-11,SPY,Jake__Wujastyk,2098365855411450300,39056,19,long
2026-09-11,PLTR,wey_how12640,2098360795159752766,1950,2,
2026-09-11,SKHY,oratnek_ill,2098360130081599718,96,0,
2026-09-11,MA,thesetupfactory,2098332523709292735,115,0,
2026-09-11,RS,thesetupfactory,2098332523709292735,115,0,
2026-09-11,BE,oratnek_ill,2098317260196819102,2376,15,
2026-09-11,CRWD,oratnek_ill,2098317260196819102,2376,15,
2026-09-11,DELL,oratnek_ill,2098317260196819102,2376,15,mention
2026-09-11,DOCN,oratnek_ill,2098317260196819102,2376,15,
2026-09-11,HOOD,oratnek_ill,2098317260196819102,2376,15,
2026-09-11,INTC,oratnek_ill,2098317260196819102,2376,15,mention
2026-09-11,LITE,oratnek_ill,2098317260196819102,2376,15,
2026-09-11,MRVL,oratnek_ill,2098317260196819102,2376,15,
2026-09-11,MU,oratnek_ill,2098317260196819102,2376,15,
2026-09-11,NBIS,oratnek_ill,2098317260196819102,2376,15,
2026-09-11,NOK,oratnek_ill,2098317260196819102,2376,15,
2026-09-11,OKTA,oratnek_ill,2098317260196819102,2376,15,
2026-09-11,OSCR,oratnek_ill,2098317260196819102,2376,15,
2026-09-11,SANM,oratnek_ill,2098317260196819102,2376,15,
2026-09-11,SKHY,oratnek_ill,2098317260196819102,2376,15,
2026-09-11,SMTC,oratnek_ill,2098317260196819102,2376,15,
2026-09-11,SNDK,oratnek_ill,2098317260196819102,2376,15,
2026-09-11,SPCX,oratnek_ill,2098317260196819102,2376,15,
2026-09-11,TEAM,oratnek_ill,2098317260196819102,2376,15,
2026-09-11,TER,oratnek_ill,2098317260196819102,2376,15,
2026-09-11,VIST,oratnek_ill,2098317260196819102,2376,15,
2026-09-11,ZETA,oratnek_ill,2098317260196819102,2376,15,
2026-09-11,ADPT,oratnek_ill,2098309339064967313,1159,1,
2026-09-11,AMLX,oratnek_ill,2098309339064967313,1159,1,
2026-09-11,AMPL,oratnek_ill,2098309339064967313,1159,1,
2026-09-11,CLOV,oratnek_ill,2098309339064967313,1159,1,
2026-09-11,DOCU,oratnek_ill,2098309339064967313,1159,1,
2026-09-11,FUBO,oratnek_ill,2098309339064967313,1159,1,
2026-09-11,HL,oratnek_ill,2098309339064967313,1159,1,
2026-09-11,KOS,oratnek_ill,2098309339064967313,1159,1,
2026-09-11,LL,oratnek_ill,2098309339064967313,1159,1,
2026-09-11,NTSK,oratnek_ill,2098309339064967313,1159,1,
2026-09-11,OSCR,oratnek_ill,2098309339064967313,1159,1,
2026-09-11,PP,oratnek_ill,2098309339064967313,1159,1,
2026-09-11,TIC,oratnek_ill,2098309339064967313,1159,1,
2026-09-11,BOAT,oratnek_ill,2098308934335680635,1007,1,
2026-09-11,CIBR,oratnek_ill,2098308934335680635,1007,1,
2026-09-11,COPX,oratnek_ill,2098308934335680635,1007,1,
2026-09-11,IBB,oratnek_ill,2098308934335680635,1007,1,
2026-09-11,ICLN,oratnek_ill,2098308934335680635,1007,1,
2026-09-11,IHI,oratnek_ill,2098308934335680635,1007,1,
2026-09-11,IPAY,oratnek_ill,2098308934335680635,1007,1,
2026-09-11,ITB,oratnek_ill,2098308934335680635,1007,1,
2026-09-11,IYT,oratnek_ill,2098308934335680635,1007,1,
2026-09-11,KARS,oratnek_ill,2098308934335680635,1007,1,
2026-09-11,KIE,oratnek_ill,2098308934335680635,1007,1,
2026-09-11,KRE,oratnek_ill,2098308934335680635,1007,1,
2026-09-11,KWEB,oratnek_ill,2098308934335680635,1007,1,
2026-09-11,LIT,oratnek_ill,2098308934335680635,1007,1,
2026-09-11,PEJ,oratnek_ill,2098308934335680635,1007,1,
2026-09-11,REMX,oratnek_ill,2098308934335680635,1007,1,
2026-09-11,RS,oratnek_ill,2098308934335680635,1007,1,
2026-09-11,SIL,oratnek_ill,2098308934335680635,1007,1,
2026-09-11,SMH,oratnek_ill,2098308934335680635,1007,1,
2026-09-11,XOP,oratnek_ill,2098308934335680635,1007,1,
2026-09-11,XRT,oratnek_ill,2098308934335680635,1007,1,
2026-09-11,BOAT,oratnek_ill,2098308463369884101,902,0,
2026-09-11,COPX,oratnek_ill,2098308463369884101,902,0,
2026-09-11,IBB,oratnek_ill,2098308463369884101,902,0,
2026-09-11,ICLN,oratnek_ill,2098308463369884101,902,0,
2026-09-11,IHI,oratnek_ill,2098308463369884101,902,0,
2026-09-11,IYT,oratnek_ill,2098308463369884101,902,0,
2026-09-11,KRE,oratnek_ill,2098308463369884101,902,0,
2026-09-11,REMX,oratnek_ill,2098308463369884101,902,0,
2026-09-11,WGMI,oratnek_ill,2098308463369884101,902,0,
2026-09-11,XBI,oratnek_ill,2098308463369884101,902,0,
2026-09-11,RSP,RealSimpleAriel,2098277814021525898,612,0,
2026-09-11,RS,1ChartMaster,2098583015047770387,8813,45,
2026-09-11,ASST,jfsrev,2098571266286616831,11488,73,
2026-09-11,BE,jfsrev,2098571266286616831,11488,73,
2026-09-11,BMNR,jfsrev,2098571266286616831,11488,73,
2026-09-11,CLS,jfsrev,2098571266286616831,11488,73,
2026-09-11,CLSK,jfsrev,2098571266286616831,11488,73,
2026-09-11,COHR,jfsrev,2098571266286616831,11488,73,
2026-09-11,DELL,jfsrev,2098571266286616831,11488,73,mention
2026-09-11,HOOD,jfsrev,2098571266286616831,11488,73,
2026-09-11,HPE,jfsrev,2098571266286616831,11488,73,mention
2026-09-11,HPQ,jfsrev,2098571266286616831,11488,73,
2026-09-11,HUT,jfsrev,2098571266286616831,11488,73,
2026-09-11,LITE,jfsrev,2098571266286616831,11488,73,
2026-09-11,MARA,jfsrev,2098571266286616831,11488,73,
2026-09-11,MRVL,jfsrev,2098571266286616831,11488,73,
2026-09-11,MXL,jfsrev,2098571266286616831,11488,73,
2026-09-11,NET,jfsrev,2098571266286616831,11488,73,
2026-09-11,NTSK,jfsrev,2098571266286616831,11488,73,
2026-09-11,OSCR,jfsrev,2098571266286616831,11488,73,
2026-09-11,PS,jfsrev,2098571266286616831,11488,73,
2026-09-11,QCOM,jfsrev,2098571266286616831,11488,73,
2026-09-11,RIOT,jfsrev,2098571266286616831,11488,73,
2026-09-11,SEI,jfsrev,2098571266286616831,11488,73,
2026-09-11,SMCI,jfsrev,2098571266286616831,11488,73,
2026-09-11,SMTC,jfsrev,2098571266286616831,11488,73,
2026-09-11,SNDK,jfsrev,2098571266286616831,11488,73,
2026-09-11,SPCX,jfsrev,2098571266286616831,11488,73,
2026-09-11,SWKS,jfsrev,2098571266286616831,11488,73,
2026-09-11,TXG,jfsrev,2098571266286616831,11488,73,
2026-09-11,ARKF,RealJGBanks,2098566865207296084,18648,299,
2026-09-11,ARKX,RealJGBanks,2098566865207296084,18648,299,
2026-09-11,BOTZ,RealJGBanks,2098566865207296084,18648,299,
2026-09-11,CIBR,RealJGBanks,2098566865207296084,18648,299,
2026-09-11,COPX,RealJGBanks,2098566865207296084,18648,299,
2026-09-11,DRAM,RealJGBanks,2098566865207296084,18648,299,
2026-09-11,DTCR,RealJGBanks,2098566865207296084,18648,299,
2026-09-11,GEN,RealJGBanks,2098566865207296084,18648,299,
2026-09-11,GLD,RealJGBanks,2098566865207296084,18648,299,
2026-09-11,GRID,RealJGBanks,2098566865207296084,18648,299,
2026-09-11,IGV,RealJGBanks,2098566865207296084,18648,299,
2026-09-11,IWM,RealJGBanks,2098566865207296084,18648,299,
2026-09-11,JETS,RealJGBanks,2098566865207296084,18648,299,
2026-09-11,MAKE,RealJGBanks,2098566865207296084,18648,299,
2026-09-11,MONTH,RealJGBanks,2098566865207296084,18648,299,
2026-09-11,NEXT,RealJGBanks,2098566865207296084,18648,299,
2026-09-11,NLR,RealJGBanks,2098566865207296084,18648,299,
2026-09-11,POWER,RealJGBanks,2098566865207296084,18648,299,
2026-09-11,QQQ,RealJGBanks,2098566865207296084,18648,299,mention
2026-09-11,QTUM,RealJGBanks,2098566865207296084,18648,299,
2026-09-11,REAL,RealJGBanks,2098566865207296084,18648,299,
2026-09-11,REMX,RealJGBanks,2098566865207296084,18648,299,
2026-09-11,RISK,RealJGBanks,2098566865207296084,18648,299,
2026-09-11,SLV,RealJGBanks,2098566865207296084,18648,299,
2026-09-11,SMH,RealJGBanks,2098566865207296084,18648,299,
2026-09-11,SPY,RealJGBanks,2098566865207296084,18648,299,mention
2026-09-11,TECH,RealJGBanks,2098566865207296084,18648,299,
2026-09-11,WGMI,RealJGBanks,2098566865207296084,18648,299,
2026-09-11,XBI,RealJGBanks,2098566865207296084,18648,299,
2026-09-11,XLE,RealJGBanks,2098566865207296084,18648,299,
2026-09-11,XLF,RealJGBanks,2098566865207296084,18648,299,
2026-09-11,XLI,RealJGBanks,2098566865207296084,18648,299,
2026-09-11,XLV,RealJGBanks,2098566865207296084,18648,299,
2026-09-11,BE,wey_how12640,2098562530327285895,915,8,
2026-09-11,CRM,wey_how12640,2098562530327285895,915,8,
2026-09-11,DDOG,wey_how12640,2098562530327285895,915,8,
2026-09-11,DELL,wey_how12640,2098562530327285895,915,8,mention
2026-09-11,HAGW,wey_how12640,2098562530327285895,915,8,
2026-09-11,HOOD,wey_how12640,2098562530327285895,915,8,
2026-09-11,IGV,wey_how12640,2098562530327285895,915,8,
2026-09-11,INTC,wey_how12640,2098562530327285895,915,8,mention
2026-09-11,LITE,wey_how12640,2098562530327285895,915,8,
2026-09-11,MRVL,wey_how12640,2098562530327285895,915,8,
2026-09-11,MU,wey_how12640,2098562530327285895,915,8,
2026-09-11,NBIS,wey_how12640,2098562530327285895,915,8,
2026-09-11,NOW,wey_how12640,2098562530327285895,915,8,
2026-09-11,NVDA,wey_how12640,2098562530327285895,915,8,
2026-09-11,PLTR,wey_how12640,2098562530327285895,915,8,
2026-09-11,PPI,wey_how12640,2098562530327285895,915,8,
2026-09-11,SMTC,wey_how12640,2098562530327285895,915,8,
2026-09-11,SNDK,wey_how12640,2098562530327285895,915,8,
2026-09-11,SNOW,wey_how12640,2098562530327285895,915,8,
2026-09-11,SOXX,wey_how12640,2098562530327285895,915,8,
2026-09-11,GOOGL,TheProfInvestor,2098548296293957992,39704,337,
2026-09-11,SMA,TheProfInvestor,2098548296293957992,39704,337,
2026-09-11,ANET,bluechipdaily,2098548183873827070,3807,4,
2026-09-11,SOXL,ConnorJBates_,2098547273974038715,322,0,
2026-09-11,SPX,TheProfInvestor,2098538488371269944,25131,46,
2026-09-11,SPY,TheProfInvestor,2098538488371269944,25131,46,short
2026-09-11,TNX,TheProfInvestor,2098538488371269944,25131,46,
2026-09-11,MAGS,Jake__Wujastyk,2098538100851122477,16883,8,
2026-09-11,MAGS,Jake__Wujastyk,2098536773651726341,17491,5,
2026-09-11,CF,cfromhertz,2098517100520177765,3642,4,
2026-09-11,DELL,thesetupfactory,2098512686971748450,1175,3,mention
2026-09-11,HAGW,GnT_Trades,2098509531911274660,377,0,
2026-09-11,SKHY,thesetupfactory,2098507646621860169,631,1,
2026-09-11,QQQ,GnT_Trades,2098506530408550902,3856,3,recap
2026-09-11,SPY,GnT_Trades,2098506530408550902,3856,3,recap
2026-09-11,LIVE,cfromhertz,2098506492169068931,3858,1,
2026-09-11,NTAP,thesetupfactory,2098506133275099227,544,4,
2026-09-11,SMA,thesetupfactory,2098506133275099227,544,4,
2026-09-11,RS,1ChartMaster,2098506026920063112,288,0,
2026-09-11,DELL,1ChartMaster,2098504272967045483,7723,14,recap
2026-09-11,FREE,PrimeTrading_,2098504127789629721,2339,3,
2026-09-11,IWM,PrimeTrading_,2098504127789629721,2339,3,
2026-09-11,MCO,PrimeTrading_,2098504127789629721,2339,3,
2026-09-11,MCSI,PrimeTrading_,2098504127789629721,2339,3,
2026-09-11,NYSE,PrimeTrading_,2098504127789629721,2339,3,
2026-09-11,QQQ,PrimeTrading_,2098504127789629721,2339,3,watching
2026-09-11,SPY,PrimeTrading_,2098504127789629721,2339,3,watching
2026-09-11,TLMM,PrimeTrading_,2098504127789629721,2339,3,
2026-09-11,EXIT,cfromhertz,2098503445363712332,3681,2,
2026-09-11,PURR,cfromhertz,2098503445363712332,3681,2,
2026-09-11,ADDED,PrimeTrading_,2098503386567942622,2663,3,
2026-09-11,EC,PrimeTrading_,2098503386567942622,2663,3,
2026-09-11,GDB,PrimeTrading_,2098503386567942622,2663,3,
2026-09-11,HOOD,PrimeTrading_,2098503386567942622,2663,3,
2026-09-11,LITE,PrimeTrading_,2098503386567942622,2663,3,
2026-09-11,MCO,PrimeTrading_,2098503386567942622,2663,3,
2026-09-11,MCSI,PrimeTrading_,2098503386567942622,2663,3,
2026-09-11,MRNA,PrimeTrading_,2098503386567942622,2663,3,
2026-09-11,NER,PrimeTrading_,2098503386567942622,2663,3,
2026-09-11,NEW,PrimeTrading_,2098503386567942622,2663,3,
2026-09-11,OS,PrimeTrading_,2098503386567942622,2663,3,
2026-09-11,OUT,PrimeTrading_,2098503386567942622,2663,3,
2026-09-11,SPCX,PrimeTrading_,2098503386567942622,2663,3,
2026-09-11,TWLO,PrimeTrading_,2098503386567942622,2663,3,
2026-09-11,U,PrimeTrading_,2098503386567942622,2663,3,
2026-09-11,IBIT,cfromhertz,2098503060255277376,4959,0,
2026-09-11,OM,ripster47,2098502923013476611,799,0,
2026-09-11,AVT,cfromhertz,2098502224221519875,3533,0,
2026-09-11,HOW,RealJGBanks,2098501152446775796,16115,67,
2026-09-11,KNOW,RealJGBanks,2098501152446775796,16115,67,
2026-09-11,ONLY,RealJGBanks,2098501152446775796,16115,67,
2026-09-11,TRADE,RealJGBanks,2098501152446775796,16115,67,
2026-09-11,TSLA,RealJGBanks,2098501152446775796,16115,67,
2026-09-11,YOU,RealJGBanks,2098501152446775796,16115,67,
2026-09-11,SPCX,ohiain,2098498519694737534,352,0,
2026-09-11,DM,thesetupfactory,2098497447974646012,9,0,
2026-09-11,SPCX,GnT_Trades,2098496057860673898,4015,5,
2026-09-11,CRDO,ripster47,2098492769408876833,20793,34,
2026-09-11,MU,ripster47,2098492769408876833,20793,34,
2026-09-11,BBY,GnT_Trades,2098490827945230348,3419,1,
2026-09-11,IWM,cfromhertz,2098490782730858689,4345,1,
2026-09-11,CNBC,cfromhertz,2098489557477941598,6588,0,
2026-09-11,SMCI,GnT_Trades,2098489124021784927,4251,3,
2026-09-11,ANET,GnT_Trades,2098488900528242730,4402,9,
2026-09-11,DELL,GnT_Trades,2098488900528242730,4402,9,mention
2026-09-11,HPE,GnT_Trades,2098488900528242730,4402,9,mention
2026-09-11,SNOW,GnT_Trades,2098488272984936869,255,0,
2026-09-11,ZETA,GnT_Trades,2098488272984936869,255,0,
2026-09-11,TRV,GnT_Trades,2098488050313474374,3223,0,
2026-09-11,SUN,GnT_Trades,2098487338254926085,3146,2,
2026-09-11,IGV,GnT_Trades,2098486856023171431,3152,1,
2026-09-11,MAGS,GnT_Trades,2098486856023171431,3152,1,
2026-09-11,MSFT,GnT_Trades,2098486856023171431,3152,1,
2026-09-11,IBIT,RealSimpleAriel,2098486681200427505,18383,1,
2026-09-11,AVWAP,ohiain,2098486377335644173,6558,9,
2026-09-11,SPCX,ohiain,2098486377335644173,6558,9,
2026-09-11,VPOC,ohiain,2098486377335644173,6558,9,
2026-09-11,DBX,GnT_Trades,2098486366715695563,3065,1,
2026-09-11,IGV,GnT_Trades,2098484534433948011,3612,4,
2026-09-11,NOW,GnT_Trades,2098484534433948011,3612,4,
2026-09-11,SMA,GnT_Trades,2098484534433948011,3612,4,
2026-09-11,TEAM,GnT_Trades,2098484534433948011,3612,4,
2026-09-11,ATR,RealSimpleAriel,2098480103801958609,499,1,
2026-09-11,DEMA,Gaurav_Cx10,2098479328044433763,5428,168,
2026-09-11,API,TailThatWagsDog,2098475906381865210,941,8,
2026-09-11,GLD,TailThatWagsDog,2098475906381865210,941,8,
2026-09-11,SPY,TailThatWagsDog,2098475906381865210,941,8,mention
2026-09-11,XLE,TailThatWagsDog,2098475906381865210,941,8,
2026-09-11,CRCL,RealSimpleAriel,2098473511106843020,28794,3,
2026-09-11,GOOG,Jake__Wujastyk,2098471351145410995,47707,45,
2026-09-11,GOOGL,Jake__Wujastyk,2098471351145410995,47707,45,
2026-09-11,TLMM,PrimeTrading_,2098458886726406427,7335,47,
2026-09-11,TTG,cfromhertz,2098458229177041255,4139,0,
2026-09-11,MU,TheProfInvestor,2098457966504804665,38460,64,
2026-09-11,SKHY,TheProfInvestor,2098457966504804665,38460,64,
2026-09-11,SNDK,TheProfInvestor,2098457966504804665,38460,64,
2026-09-11,CORE,ripster47,2098390323181371443,15644,0,
2026-09-11,EST,ripster47,2098390323181371443,15644,0,
2026-09-11,OVER,ripster47,2098390323181371443,15644,0,
2026-09-11,YEAR,ripster47,2098390323181371443,15644,0,
2026-09-12,ZEC,NickSchmidt,2098947636887785942,80,0,
2026-09-12,MRVL,Jake__Wujastyk,2098947521183723937,10505,4,watching
2026-09-12,DELL,NickSchmidt,2098945455073677422,3556,5,recap
2026-09-12,HPE,NickSchmidt,2098945455073677422,3556,5,recap
2026-09-12,BACK,RealJGBanks,2098928303880933513,8442,3,
2026-09-12,CARD,RealJGBanks,2098928303880933513,8442,3,
2026-09-12,CARS,RealJGBanks,2098928303880933513,8442,3,
2026-09-12,DAY,RealJGBanks,2098928303880933513,8442,3,
2026-09-12,DAYS,RealJGBanks,2098928303880933513,8442,3,
2026-09-12,DEBT,RealJGBanks,2098928303880933513,8442,3,
2026-09-12,DREAM,RealJGBanks,2098928303880933513,8442,3,
2026-09-12,HOUSE,RealJGBanks,2098928303880933513,8442,3,
2026-09-12,LABOR,RealJGBanks,2098928303880933513,8442,3,
2026-09-12,LOANS,RealJGBanks,2098928303880933513,8442,3,
2026-09-12,OFF,RealJGBanks,2098928303880933513,8442,3,
2026-09-12,PAID,RealJGBanks,2098928303880933513,8442,3,
2026-09-12,PLANS,RealJGBanks,2098928303880933513,8442,3,
2026-09-12,SALE,RealJGBanks,2098928303880933513,8442,3,
2026-09-12,THIS,RealJGBanks,2098928303880933513,8442,3,
2026-09-12,WITH,RealJGBanks,2098928303880933513,8442,3,
2026-09-12,YEAR,RealJGBanks,2098928303880933513,8442,3,
2026-09-12,VWAP,TailThatWagsDog,2098927046374154529,1615,37,
2026-09-12,JFDI,ZaStocks,2098923059231003110,435,0,
2026-09-12,USD,bluechipdaily,2098921118895591686,74,0,
2026-09-12,RS,1ChartMaster,2098920828058341509,125,0,
2026-09-12,TNX,bluechipdaily,2098905273331065254,9252,8,
2026-09-12,SPX,bluechipdaily,2098904331646804089,4059,0,
2026-09-12,XLK,bluechipdaily,2098904331646804089,4059,0,
2026-09-12,BRICS,TheShortBear,2098903899134435641,12660,19,
2026-09-12,GPU,TheShortBear,2098898845652689404,20873,38,
2026-09-12,XLK,RealSimpleAriel,2098896612286239210,253,0,
2026-09-12,FSD,NickSchmidt,2098895588519546959,3879,0,
2026-09-12,API,TailThatWagsDog,2098894886934335782,1584,7,
2026-09-12,RS,1ChartMaster,2098871873232654576,6661,2,
2026-09-12,RS,1ChartMaster,2098869341064151376,507,0,
2026-09-12,PV,ShakePryzby1,2098863533282972061,151,0,
2026-09-12,XLE,bluechipdaily,2098852617090662727,3838,2,recap
2026-09-12,XOP,bluechipdaily,2098852617090662727,3838,2,recap
2026-09-12,BP,Venu_7_,2098848962698678466,533,0,
2026-09-12,LFG,Venu_7_,2098848129756058042,530,0,
2026-09-12,ANET,Venu_7_,2098846682792497242,9601,63,watching
2026-09-12,APH,Venu_7_,2098846682792497242,9601,63,
2026-09-12,BE,Venu_7_,2098846682792497242,9601,63,watching
2026-09-12,SMTC,Venu_7_,2098846682792497242,9601,63,watching
2026-09-12,GTA,Venu_7_,2098845430725648760,8312,41,
2026-09-12,U,Venu_7_,2098845430725648760,8312,41,watching
2026-09-12,VI,Venu_7_,2098845430725648760,8312,41,
2026-09-12,MACRO,TailThatWagsDog,2098843859669176781,1767,7,
2026-09-12,NOTE,TailThatWagsDog,2098843859669176781,1767,7,
2026-09-12,SPY,TailThatWagsDog,2098843859669176781,1767,7,
2026-09-12,QQQ,TheProfInvestor,2098843534518546623,24470,58,
2026-09-12,LITE,NickSchmidt,2098840504523755902,145,0,
2026-09-12,AAOI,RealJGBanks,2098833609960620360,79138,1610,
2026-09-12,ALB,RealJGBanks,2098833609960620360,79138,1610,
2026-09-12,AMD,RealJGBanks,2098833609960620360,79138,1610,mention
2026-09-12,ANET,RealJGBanks,2098833609960620360,79138,1610,mention
2026-09-12,APLD,RealJGBanks,2098833609960620360,79138,1610,
2026-09-12,ARM,RealJGBanks,2098833609960620360,79138,1610,
2026-09-12,ASML,RealJGBanks,2098833609960620360,79138,1610,
2026-09-12,ASTS,RealJGBanks,2098833609960620360,79138,1610,
2026-09-12,AVAV,RealJGBanks,2098833609960620360,79138,1610,
2026-09-12,AVGO,RealJGBanks,2098833609960620360,79138,1610,
2026-09-12,BE,RealJGBanks,2098833609960620360,79138,1610,mention
2026-09-12,BUILD,RealJGBanks,2098833609960620360,79138,1610,
2026-09-12,CEG,RealJGBanks,2098833609960620360,79138,1610,
2026-09-12,CRDO,RealJGBanks,2098833609960620360,79138,1610,
2026-09-12,CRWD,RealJGBanks,2098833609960620360,79138,1610,mention
2026-09-12,DELL,RealJGBanks,2098833609960620360,79138,1610,mention
2026-09-12,EOSE,RealJGBanks,2098833609960620360,79138,1610,
2026-09-12,EQIX,RealJGBanks,2098833609960620360,79138,1610,
2026-09-12,FCX,RealJGBanks,2098833609960620360,79138,1610,
2026-09-12,GEV,RealJGBanks,2098833609960620360,79138,1610,
2026-09-12,GPU,RealJGBanks,2098833609960620360,79138,1610,
2026-09-12,HBM,RealJGBanks,2098833609960620360,79138,1610,
2026-09-12,HPE,RealJGBanks,2098833609960620360,79138,1610,mention
2026-09-12,HUBB,RealJGBanks,2098833609960620360,79138,1610,
2026-09-12,IONQ,RealJGBanks,2098833609960620360,79138,1610,
2026-09-12,IREN,RealJGBanks,2098833609960620360,79138,1610,
2026-09-12,JOBY,RealJGBanks,2098833609960620360,79138,1610,
2026-09-12,KEEP,RealJGBanks,2098833609960620360,79138,1610,
2026-09-12,KTOS,RealJGBanks,2098833609960620360,79138,1610,
2026-09-12,LITE,RealJGBanks,2098833609960620360,79138,1610,
2026-09-12,LMT,RealJGBanks,2098833609960620360,79138,1610,
2026-09-12,MANY,RealJGBanks,2098833609960620360,79138,1610,
2026-09-12,MP,RealJGBanks,2098833609960620360,79138,1610,
2026-09-12,MRVL,RealJGBanks,2098833609960620360,79138,1610,mention
2026-09-12,MU,RealJGBanks,2098833609960620360,79138,1610,mention
2026-09-12,NBIS,RealJGBanks,2098833609960620360,79138,1610,
2026-09-12,NEXT,RealJGBanks,2098833609960620360,79138,1610,
2026-09-12,NVDA,RealJGBanks,2098833609960620360,79138,1610,
2026-09-12,NVT,RealJGBanks,2098833609960620360,79138,1610,
2026-09-12,OKLO,RealJGBanks,2098833609960620360,79138,1610,
2026-09-12,ONDS,RealJGBanks,2098833609960620360,79138,1610,
2026-09-12,PHASE,RealJGBanks,2098833609960620360,79138,1610,
2026-09-12,PLTR,RealJGBanks,2098833609960620360,79138,1610,
2026-09-12,POWER,RealJGBanks,2098833609960620360,79138,1610,
2026-09-12,QBTS,RealJGBanks,2098833609960620360,79138,1610,
2026-09-12,QCOM,RealJGBanks,2098833609960620360,79138,1610,
2026-09-12,RCAT,RealJGBanks,2098833609960620360,79138,1610,
2026-09-12,RKLB,RealJGBanks,2098833609960620360,79138,1610,
2026-09-12,SMCI,RealJGBanks,2098833609960620360,79138,1610,
2026-09-12,SMR,RealJGBanks,2098833609960620360,79138,1610,
2026-09-12,SNDK,RealJGBanks,2098833609960620360,79138,1610,
2026-09-12,SNOW,RealJGBanks,2098833609960620360,79138,1610,
2026-09-12,SOLVE,RealJGBanks,2098833609960620360,79138,1610,
2026-09-12,STACK,RealJGBanks,2098833609960620360,79138,1610,
2026-09-12,SYM,RealJGBanks,2098833609960620360,79138,1610,
2026-09-12,TE,RealJGBanks,2098833609960620360,79138,1610,
2026-09-12,TSLA,RealJGBanks,2098833609960620360,79138,1610,
2026-09-12,TSM,RealJGBanks,2098833609960620360,79138,1610,
2026-09-12,USAR,RealJGBanks,2098833609960620360,79138,1610,
2026-09-12,WHO,RealJGBanks,2098833609960620360,79138,1610,
2026-09-12,WILL,RealJGBanks,2098833609960620360,79138,1610,
2026-09-12,WORLD,RealJGBanks,2098833609960620360,79138,1610,
2026-09-12,YEARS,RealJGBanks,2098833609960620360,79138,1610,
2026-09-12,AMD,NickSchmidt,2098833171206828089,13849,42,watching
2026-09-12,DELL,NickSchmidt,2098833171206828089,13849,42,watching
2026-09-12,MU,NickSchmidt,2098833171206828089,13849,42,watching
2026-09-12,BWET,RealSimpleAriel,2098829869505503522,13509,60,
2026-09-12,CIBR,RealSimpleAriel,2098829869505503522,13509,60,
2026-09-12,DELL,RealSimpleAriel,2098829869505503522,13509,60,mention
2026-09-12,HPE,RealSimpleAriel,2098829869505503522,13509,60,mention
2026-09-12,HPQ,RealSimpleAriel,2098829869505503522,13509,60,
2026-09-12,MAGS,RealSimpleAriel,2098829869505503522,13509,60,
2026-09-12,NTAP,RealSimpleAriel,2098829869505503522,13509,60,mention
2026-09-12,RSP,RealSimpleAriel,2098829869505503522,13509,60,
2026-09-12,SMH,RealSimpleAriel,2098829869505503522,13509,60,
2026-09-12,SPY,RealSimpleAriel,2098829869505503522,13509,60,
2026-09-12,USO,RealSimpleAriel,2098829869505503522,13509,60,
2026-09-12,XLK,RealSimpleAriel,2098829869505503522,13509,60,
2026-09-12,ABNB,Venu_7_,2098820563305369727,18575,336,
2026-09-12,AMD,Venu_7_,2098820563305369727,18575,336,mention
2026-09-12,ANET,Venu_7_,2098820563305369727,18575,336,mention
2026-09-12,APH,Venu_7_,2098820563305369727,18575,336,
2026-09-12,BE,Venu_7_,2098820563305369727,18575,336,mention
2026-09-12,COHU,Venu_7_,2098820563305369727,18575,336,
2026-09-12,CRM,Venu_7_,2098820563305369727,18575,336,
2026-09-12,CRWD,Venu_7_,2098820563305369727,18575,336,mention
2026-09-12,DELL,Venu_7_,2098820563305369727,18575,336,mention
2026-09-12,FIVN,Venu_7_,2098820563305369727,18575,336,
2026-09-12,FORM,Venu_7_,2098820563305369727,18575,336,
2026-09-12,FROG,Venu_7_,2098820563305369727,18575,336,
2026-09-12,FTNT,Venu_7_,2098820563305369727,18575,336,mention
2026-09-12,GLW,Venu_7_,2098820563305369727,18575,336,
2026-09-12,HPE,Venu_7_,2098820563305369727,18575,336,mention
2026-09-12,HPQ,Venu_7_,2098820563305369727,18575,336,
2026-09-12,INTC,Venu_7_,2098820563305369727,18575,336,
2026-09-12,MRVL,Venu_7_,2098820563305369727,18575,336,mention
2026-09-12,MU,Venu_7_,2098820563305369727,18575,336,mention
2026-09-12,NBIS,Venu_7_,2098820563305369727,18575,336,
2026-09-12,NET,Venu_7_,2098820563305369727,18575,336,
2026-09-12,NOW,Venu_7_,2098820563305369727,18575,336,
2026-09-12,NTAP,Venu_7_,2098820563305369727,18575,336,mention
2026-09-12,NVDA,Venu_7_,2098820563305369727,18575,336,
2026-09-12,PANW,Venu_7_,2098820563305369727,18575,336,mention
2026-09-12,PLTR,Venu_7_,2098820563305369727,18575,336,
2026-09-12,RBRK,Venu_7_,2098820563305369727,18575,336,
2026-09-12,SMTC,Venu_7_,2098820563305369727,18575,336,mention
2026-09-12,SNDK,Venu_7_,2098820563305369727,18575,336,
2026-09-12,TEAM,Venu_7_,2098820563305369727,18575,336,
2026-09-12,TWLO,Venu_7_,2098820563305369727,18575,336,
2026-09-12,U,Venu_7_,2098820563305369727,18575,336,
2026-09-12,ARM,Venu_7_,2098816904542777677,1678,11,
2026-09-12,GOOGL,Venu_7_,2098816904542777677,1678,11,
2026-09-12,IMO,Venu_7_,2098816904542777677,1678,11,
2026-09-12,INTC,Venu_7_,2098816904542777677,1678,11,
2026-09-12,MRVL,Venu_7_,2098816904542777677,1678,11,recap
2026-09-12,MU,Venu_7_,2098816904542777677,1678,11,recap
2026-09-12,NBIS,Venu_7_,2098816904542777677,1678,11,
2026-09-12,DIRT,ShakePryzby1,2098814909693968713,7308,21,
2026-09-12,FTNT,ShakePryzby1,2098814909693968713,7308,21,short
2026-09-12,PANW,ShakePryzby1,2098814909693968713,7308,21,short
2026-09-12,AMD,Jake__Wujastyk,2098796350850924767,23322,16,watching
2026-09-12,AMDL,Jake__Wujastyk,2098796350850924767,23322,16,
2026-09-12,DRC,Muninn,2098788723441689053,5499,52,
2026-09-12,DAY,TheOneLanceB,2098785874733584460,38416,261,
2026-09-12,AMD,cfromhertz,2098772481662193840,3815,8,watching
2026-09-12,VPOC,cfromhertz,2098772481662193840,3815,8,
2026-09-12,MA,cfromhertz,2098771897454379189,3368,5,
2026-09-12,ODD,cfromhertz,2098771897454379189,3368,5,
2026-09-12,BE,cfromhertz,2098771337581850883,3317,2,watching
2026-09-12,VPOC,cfromhertz,2098771337581850883,3317,2,
2026-09-12,MA,cfromhertz,2098770979912556636,3707,3,
2026-09-12,TWST,cfromhertz,2098770979912556636,3707,3,
2026-09-12,NTAP,cfromhertz,2098770526629937489,3186,4,recap
2026-09-12,GRMN,cfromhertz,2098770194243985565,3098,2,
2026-09-12,MA,cfromhertz,2098770194243985565,3098,2,
2026-09-12,RSPT,cfromhertz,2098769653916926234,3277,4,
2026-09-12,P,cfromhertz,2098768827202879697,3201,5,
2026-09-12,CRAK,cfromhertz,2098768190218150281,3500,3,
2026-09-12,DINO,cfromhertz,2098768190218150281,3500,3,
2026-09-12,MA,cfromhertz,2098768190218150281,3500,3,
2026-09-12,MPC,cfromhertz,2098768190218150281,3500,3,
2026-09-12,PBF,cfromhertz,2098768190218150281,3500,3,
2026-09-12,PSX,cfromhertz,2098768190218150281,3500,3,
2026-09-12,VLO,cfromhertz,2098768190218150281,3500,3,
2026-09-12,DELL,cfromhertz,2098767603825070119,3281,3,recap
2026-09-12,HPE,cfromhertz,2098767603825070119,3281,3,recap
2026-09-12,DELL,cfromhertz,2098767290841899243,3466,2,recap
2026-09-12,SIMO,cfromhertz,2098766924599427311,3271,3,
2026-09-12,TTG,cfromhertz,2098766924599427311,3271,3,
2026-09-12,IQ,Muninn,2098757268011422166,1892,16,
2026-09-12,SWKS,thesetupfactory,2098733311380148713,785,0,
2026-09-12,HPQ,thesetupfactory,2098733114646253894,721,1,
2026-09-12,SPX,TailThatWagsDog,2098732996119413018,1900,8,
2026-09-12,LIFE,thesetupfactory,2098732798509023416,734,1,
2026-09-12,NSIT,thesetupfactory,2098732601548722668,677,0,
2026-09-12,ARW,thesetupfactory,2098732422418387412,632,0,
2026-09-12,HPE,thesetupfactory,2098732131396604240,677,0,mention
2026-09-12,SMTC,thesetupfactory,2098731944049606882,716,2,mention
2026-09-12,BE,thesetupfactory,2098731739388555409,684,0,mention
2026-09-12,NTAP,thesetupfactory,2098731340833095701,760,1,recap
2026-09-12,QRVO,thesetupfactory,2098731031557718513,716,1,
2026-09-12,ENJOY,MisterLowRisk,2098646259372355785,6680,100,
2026-09-12,GOING,MisterLowRisk,2098646259372355785,6680,100,
2026-09-12,ONLY,MisterLowRisk,2098646259372355785,6680,100,
2026-09-12,TELL,MisterLowRisk,2098646259372355785,6680,100,
2026-09-12,BE,wey_how12640,2098625229245600205,3274,30,recap
2026-09-12,DELL,wey_how12640,2098625229245600205,3274,30,recap
2026-09-12,HPE,wey_how12640,2098625229245600205,3274,30,recap
2026-09-12,LITE,wey_how12640,2098625229245600205,3274,30,
2026-09-12,MRVL,wey_how12640,2098625229245600205,3274,30,recap
2026-09-12,MU,wey_how12640,2098625229245600205,3274,30,recap
2026-09-12,NBIS,wey_how12640,2098625229245600205,3274,30,
2026-09-12,SMTC,wey_how12640,2098625229245600205,3274,30,recap
2026-09-12,SNDK,wey_how12640,2098625229245600205,3274,30,
2026-09-12,STX,wey_how12640,2098625229245600205,3274,30,
2026-09-12,TV,wey_how12640,2098625229245600205,3274,30,
2026-09-12,UC,wey_how12640,2098625229245600205,3274,30,
2026-09-12,AMD,RealSimpleAriel,2098964768363098142,598,1,watching
2026-09-13,META,Venu_7_,2099181637393355073,78,0,mention
2026-09-13,GOOGL,Venu_7_,2099180530315174189,124,0,mention
2026-09-13,QQQ,Venu_7_,2099179832055902340,115,0,
2026-09-13,GOOGL,Venu_7_,2099179748878643255,2376,4,watching
2026-09-13,QQQ,Venu_7_,2099176631147561316,3327,32,
2026-09-13,META,ZaStocks,2099174996161486870,6277,17,watching
2026-09-13,FYI,Signal_Sigma,2099150980604449161,416,1,
2026-09-13,GOOGL,ZaStocks,2099124239685075406,21308,30,watching
2026-09-13,OKAY,Clement_Ang17,2099124217199611912,209,0,
2026-09-13,SIR,Clement_Ang17,2099124217199611912,209,0,
2026-09-13,DXYZ,RealSimpleAriel,2099118396298100820,299,0,
2026-09-13,AGAIN,PrimeTrading_,2099116817608331609,3458,1,
2026-09-13,QQQ,PrimeTrading_,2099113912742326518,2296,1,
2026-09-13,FREE,PrimeTrading_,2099111860112871688,2851,20,
2026-09-13,IWM,PrimeTrading_,2099111860112871688,2851,20,
2026-09-13,MCO,PrimeTrading_,2099111860112871688,2851,20,
2026-09-13,MCSI,PrimeTrading_,2099111860112871688,2851,20,
2026-09-13,NYSE,PrimeTrading_,2099111860112871688,2851,20,
2026-09-13,QQQ,PrimeTrading_,2099111860112871688,2851,20,
2026-09-13,SPY,PrimeTrading_,2099111860112871688,2851,20,
2026-09-13,TLMM,PrimeTrading_,2099111860112871688,2851,20,
2026-09-13,IG,Clement_Ang17,2099074756507222282,421,0,
2026-09-13,ADR,Gaurav_Cx10,2099072583173918974,2354,31,
2026-09-13,MCP,Gaurav_Cx10,2099072583173918974,2354,31,
2026-09-13,NSE,Gaurav_Cx10,2099072583173918974,2354,31,
2026-09-13,CTA,thesetupfactory,2099051609028268513,1115,1,
2026-09-13,MAGS,thesetupfactory,2099051609028268513,1115,1,
2026-09-13,TSF,thesetupfactory,2099051609028268513,1115,1,
2026-09-13,VIX,thesetupfactory,2099051609028268513,1115,1,
2026-09-13,GDX,jfsrev,2099047426598605288,14688,33,long
2026-09-13,AGI,wey_how12640,2098991571001819306,3688,5,
2026-09-13,GPT,wey_how12640,2098991571001819306,3688,5,
2026-09-13,NVDA,wey_how12640,2098991571001819306,3688,5,
2026-09-13,YOU,wey_how12640,2098991571001819306,3688,5,
2026-09-13,COIN,Venu_7_,2099345484913770702,6386,10,
2026-09-13,CRCL,Venu_7_,2099345484913770702,6386,10,
2026-09-13,HOOD,Venu_7_,2099345484913770702,6386,10,
2026-09-13,COIN,Venu_7_,2099341299845612024,329,0,
2026-09-13,CRCL,Venu_7_,2099341299845612024,329,0,
2026-09-13,HOOD,Venu_7_,2099341299845612024,329,0,
2026-09-13,UNH,LindaRaschke,2099326086211363328,6684,6,mention
2026-09-13,ADI,LindaRaschke,2099325672350949559,6199,7,
2026-09-13,IWM,RealJGBanks,2099324281742118984,10594,9,
2026-09-13,QQQ,RealJGBanks,2099324281742118984,10594,9,
2026-09-13,SPY,RealJGBanks,2099324281742118984,10594,9,
2026-09-13,TN,ohiain,2099318893479129279,141,0,
2026-09-13,FLNC,ripster47,2099315940315828723,354,1,
2026-09-13,CRWD,AmeetRai,2099311780673585419,11865,7,
2026-09-13,CVX,oratnek_ill,2099311509029679568,1314,0,recap
2026-09-13,DELL,PrimeTrading_,2099297760067383338,1878,0,mention
2026-09-13,HPE,PrimeTrading_,2099297760067383338,1878,0,mention
2026-09-13,SMCI,PrimeTrading_,2099297760067383338,1878,0,
2026-09-13,WTI,PrimeTrading_,2099297760067383338,1878,0,
2026-09-13,IBIT,AmeetRai,2099297526373372133,3852,1,
2026-09-13,SPCX,AmeetRai,2099297169597431996,4119,2,
2026-09-13,ANET,PrimeTrading_,2099297102299885953,1983,3,
2026-09-13,CGNX,PrimeTrading_,2099297102299885953,1983,3,
2026-09-13,CNC,PrimeTrading_,2099297102299885953,1983,3,
2026-09-13,COHR,PrimeTrading_,2099297102299885953,1983,3,
2026-09-13,DBX,PrimeTrading_,2099297102299885953,1983,3,
2026-09-13,FORM,PrimeTrading_,2099297102299885953,1983,3,
2026-09-13,FSLY,PrimeTrading_,2099297102299885953,1983,3,
2026-09-13,KEYS,PrimeTrading_,2099297102299885953,1983,3,
2026-09-13,LITE,PrimeTrading_,2099297102299885953,1983,3,
2026-09-13,MRVL,PrimeTrading_,2099297102299885953,1983,3,
2026-09-13,MU,PrimeTrading_,2099297102299885953,1983,3,
2026-09-13,NET,PrimeTrading_,2099297102299885953,1983,3,
2026-09-13,NTRA,PrimeTrading_,2099297102299885953,1983,3,
2026-09-13,P,PrimeTrading_,2099297102299885953,1983,3,
2026-09-13,RVTY,PrimeTrading_,2099297102299885953,1983,3,
2026-09-13,SHAZ,PrimeTrading_,2099297102299885953,1983,3,
2026-09-13,SNOW,PrimeTrading_,2099297102299885953,1983,3,
2026-09-13,TER,PrimeTrading_,2099297102299885953,1983,3,
2026-09-13,U,PrimeTrading_,2099297102299885953,1983,3,mention
2026-09-13,VSAT,PrimeTrading_,2099297102299885953,1983,3,
2026-09-13,ABNB,AmeetRai,2099297044246450403,3379,1,
2026-09-13,AMD,PrimeTrading_,2099296979855511668,1871,1,mention
2026-09-13,ANF,PrimeTrading_,2099296979855511668,1871,1,
2026-09-13,AVT,PrimeTrading_,2099296979855511668,1871,1,
2026-09-13,AXTI,PrimeTrading_,2099296979855511668,1871,1,
2026-09-13,BBY,PrimeTrading_,2099296979855511668,1871,1,
2026-09-13,CNC,PrimeTrading_,2099296979855511668,1871,1,
2026-09-13,DELL,PrimeTrading_,2099296979855511668,1871,1,mention
2026-09-13,HNGE,PrimeTrading_,2099296979855511668,1871,1,
2026-09-13,HPE,PrimeTrading_,2099296979855511668,1871,1,mention
2026-09-13,HPQ,PrimeTrading_,2099296979855511668,1871,1,
2026-09-13,LITE,PrimeTrading_,2099296979855511668,1871,1,
2026-09-13,MU,PrimeTrading_,2099296979855511668,1871,1,
2026-09-13,NTRA,PrimeTrading_,2099296979855511668,1871,1,
2026-09-13,OKTA,PrimeTrading_,2099296979855511668,1871,1,
2026-09-13,OSCR,PrimeTrading_,2099296979855511668,1871,1,
2026-09-13,QRVO,PrimeTrading_,2099296979855511668,1871,1,
2026-09-13,SMTC,PrimeTrading_,2099296979855511668,1871,1,
2026-09-13,SNDK,PrimeTrading_,2099296979855511668,1871,1,
2026-09-13,SWKS,PrimeTrading_,2099296979855511668,1871,1,
2026-09-13,TEAM,PrimeTrading_,2099296979855511668,1871,1,
2026-09-13,BS,Jake__Wujastyk,2099296931298316798,28391,0,
2026-09-13,AEM,PrimeTrading_,2099296792265318733,1807,2,
2026-09-13,CDE,PrimeTrading_,2099296792265318733,1807,2,
2026-09-13,CRO,PrimeTrading_,2099296792265318733,1807,2,
2026-09-13,CRWD,PrimeTrading_,2099296792265318733,1807,2,
2026-09-13,DT,PrimeTrading_,2099296792265318733,1807,2,
2026-09-13,HL,PrimeTrading_,2099296792265318733,1807,2,
2026-09-13,MPC,PrimeTrading_,2099296792265318733,1807,2,
2026-09-13,NEM,PrimeTrading_,2099296792265318733,1807,2,
2026-09-13,NOW,PrimeTrading_,2099296792265318733,1807,2,
2026-09-13,NTRA,PrimeTrading_,2099296792265318733,1807,2,
2026-09-13,OKTA,PrimeTrading_,2099296792265318733,1807,2,
2026-09-13,PSX,PrimeTrading_,2099296792265318733,1807,2,
2026-09-13,SNOW,PrimeTrading_,2099296792265318733,1807,2,
2026-09-13,TOP,PrimeTrading_,2099296792265318733,1807,2,
2026-09-13,VEEV,PrimeTrading_,2099296792265318733,1807,2,
2026-09-13,VLO,PrimeTrading_,2099296792265318733,1807,2,
2026-09-13,TV,AmeetRai,2099295463191068890,95,0,
2026-09-13,ARKK,Venu_7_,2099292316574027861,2213,0,
2026-09-13,GDB,PrimeTrading_,2099292067239244236,1952,1,
2026-09-13,MCO,PrimeTrading_,2099292067239244236,1952,1,
2026-09-13,MCSI,PrimeTrading_,2099292067239244236,1952,1,
2026-09-13,OFF,PrimeTrading_,2099292067239244236,1952,1,
2026-09-13,OS,PrimeTrading_,2099292067239244236,1952,1,
2026-09-13,QQQ,PrimeTrading_,2099292067239244236,1952,1,
2026-09-13,QQQE,PrimeTrading_,2099292067239244236,1952,1,
2026-09-13,RISK,PrimeTrading_,2099292067239244236,1952,1,
2026-09-13,HYG,PrimeTrading_,2099290255958388901,2185,3,
2026-09-13,LQD,PrimeTrading_,2099290255958388901,2185,3,
2026-09-13,MACRO,PrimeTrading_,2099290255958388901,2185,3,
2026-09-13,NEXT,PrimeTrading_,2099290255958388901,2185,3,
2026-09-13,RISK,PrimeTrading_,2099290255958388901,2185,3,
2026-09-13,SMH,PrimeTrading_,2099290255958388901,2185,3,
2026-09-13,SPY,PrimeTrading_,2099290255958388901,2185,3,
2026-09-13,STAND,PrimeTrading_,2099290255958388901,2185,3,
2026-09-13,VIX,PrimeTrading_,2099290255958388901,2185,3,
2026-09-13,WATCH,PrimeTrading_,2099290255958388901,2185,3,
2026-09-13,WHAT,PrimeTrading_,2099290255958388901,2185,3,
2026-09-13,WHERE,PrimeTrading_,2099290255958388901,2185,3,
2026-09-13,WTI,PrimeTrading_,2099290255958388901,2185,3,
2026-09-13,SPY,RealSimpleAriel,2099279384238596520,1747,0,
2026-09-13,WAY,ohiain,2099278812768776413,5499,1,
2026-09-13,TSF,thesetupfactory,2099278420135858392,851,2,
2026-09-13,AOC,RealSimpleAriel,2099274075965137387,308,0,
2026-09-13,TSLA,ZaStocks,2099272459744584180,25123,34,watching
2026-09-13,TSF,thesetupfactory,2099261463361712475,594,0,
2026-09-13,BE,Venu_7_,2099258693137420740,3764,0,watching
2026-09-13,TSF,thesetupfactory,2099255778590810522,629,1,
2026-09-13,NOW,GnT_Trades,2099246239502279059,5390,14,
2026-09-13,U,Venu_7_,2099245144495284508,7485,28,watching
2026-09-13,TEM,Venu_7_,2099245054271664278,7859,9,
2026-09-13,INTC,Venu_7_,2099245052069642303,6531,6,
2026-09-13,COHU,Venu_7_,2099245049787932764,6280,2,
2026-09-13,META,Venu_7_,2099245047271350608,6320,3,watching
2026-09-13,CRM,Venu_7_,2099245044796727306,6498,4,
2026-09-13,SMTC,Venu_7_,2099245042179473496,6602,3,
2026-09-13,PLTR,Venu_7_,2099245038467469728,6799,4,watching
2026-09-13,HOOD,Venu_7_,2099245035892138281,7432,7,
2026-09-13,NOW,Venu_7_,2099245033421733988,8259,7,
2026-09-13,BE,Venu_7_,2099245030951264317,57704,468,watching
2026-09-13,PLTR,ZaStocks,2099221389936820306,19880,27,watching
2026-09-13,DAYS,RealJGBanks,2099218237762224592,23137,157,
2026-09-13,EXACT,RealJGBanks,2099218237762224592,23137,157,
2026-09-13,FIRST,RealJGBanks,2099218237762224592,23137,157,
2026-09-13,MADE,RealJGBanks,2099218237762224592,23137,157,
2026-09-13,QQQ,RealJGBanks,2099218237762224592,23137,157,
2026-09-13,SPY,RealJGBanks,2099218237762224592,23137,157,
2026-09-13,SPY,TheProfInvestor,2099199508186112347,39179,167,
2026-09-13,IREN,TheProfInvestor,2099196199232487663,34528,83,
2026-09-13,GOOGL,Venu_7_,2099195096130588791,423,0,mention
2026-09-13,FCF,Venu_7_,2099193306559504464,503,0,
2026-09-13,BS,Jake__Wujastyk,2099193232949485987,1117,0,
2026-09-13,ATH,Venu_7_,2099186595014516990,10624,16,
2026-09-13,AVWAP,Venu_7_,2099186595014516990,10624,16,
2026-09-13,TSLA,Venu_7_,2099186595014516990,10624,16,watching
2026-09-13,LULU,Venu_7_,2099182651865489784,296,0,
2026-09-13,NKE,Venu_7_,2099182651865489784,296,0,
2026-09-13,TTD,Venu_7_,2099182651865489784,296,0,
2026-09-14,AMZN,Jake__Wujastyk,2099544757743890687,2195,0,watching
2026-09-14,AMZN,Jake__Wujastyk,2099543821101273545,4861,0,watching
2026-09-14,COT,RealSimpleAriel,2099541839464329473,359,2,
2026-09-14,NTRA,cfromhertz,2099541469576958341,1705,0,
2026-09-14,TRUMP,ripster47,2099540656460837322,8881,1,
2026-09-14,NET,TheProfInvestor,2099539947565048075,8066,4,long
2026-09-14,AGREE,cfromhertz,2099531408976818269,2611,0,
2026-09-14,DOES,cfromhertz,2099531408976818269,2611,0,
2026-09-14,TRUCE,cfromhertz,2099531408976818269,2611,0,
2026-09-14,WOULD,cfromhertz,2099531408976818269,2611,0,
2026-09-14,SPY,cfromhertz,2099531067707298265,2650,0,
2026-09-14,PLTR,1ChartMaster,2099530216922132639,3238,4,
2026-09-14,BBY,1ChartMaster,2099529092890538160,1683,4,recap
2026-09-14,ARKG,cfromhertz,2099527429786103982,4131,3,
2026-09-14,QQQ,ripster47,2099526378337030235,1662,0,
2026-09-14,SOXL,ripster47,2099526378337030235,1662,0,
2026-09-14,SOXX,bluechipdaily,2099525838764953797,3956,2,
2026-09-14,MTF,ripster47,2099525725783036033,14872,2,
2026-09-14,QQQ,ripster47,2099525725783036033,14872,2,
2026-09-14,SOXL,ripster47,2099525725783036033,14872,2,
2026-09-14,PUMP,TheProfInvestor,2099524923417059535,28968,1,
2026-09-14,AMZN,Jake__Wujastyk,2099523756746240465,18393,3,watching
2026-09-14,TRUMP,ripster47,2099522056429715471,15091,1,
2026-09-14,TLT,cfromhertz,2099520277021446183,3276,0,
2026-09-14,IGV,GnT_Trades,2099517263099367747,2937,1,
2026-09-14,TRUMP,ripster47,2099515381253652978,16294,0,
2026-09-14,ANTW,jfsrev,2099513614994751529,5731,7,
2026-09-14,BUG,jfsrev,2099513614994751529,5731,7,mention
2026-09-14,CIBR,jfsrev,2099513614994751529,5731,7,mention
2026-09-14,OAIW,jfsrev,2099513614994751529,5731,7,
2026-09-14,LMFAO,Venu_7_,2099513569360720017,499,0,
2026-09-14,COIN,Jake__Wujastyk,2099512976860737730,17234,1,watching
2026-09-14,MSTR,Jake__Wujastyk,2099512976860737730,17234,1,
2026-09-14,MU,AmeetRai,2099511413601448378,4822,3,mention
2026-09-14,COT,RealSimpleAriel,2099508937997377807,14159,9,
2026-09-14,POTUS,AmeetRai,2099507343960445244,641,0,
2026-09-14,GDX,bluechipdaily,2099505845490888877,5631,0,
2026-09-14,AAPL,TheProfInvestor,2099505844115144726,26834,32,
2026-09-14,AMZN,TheProfInvestor,2099505844115144726,26834,32,watching
2026-09-14,GOOGL,TheProfInvestor,2099505844115144726,26834,32,watching
2026-09-14,MSFT,TheProfInvestor,2099505844115144726,26834,32,
2026-09-14,CRWD,jfsrev,2099505345626562886,7997,18,mention
2026-09-14,NTSK,jfsrev,2099505345626562886,7997,18,
2026-09-14,OKTA,jfsrev,2099505345626562886,7997,18,mention
2026-09-14,PANW,jfsrev,2099505345626562886,7997,18,mention
2026-09-14,TNX,bluechipdaily,2099504341140877482,4802,2,
2026-09-14,OKTA,RealSimpleAriel,2099504031487889422,9905,14,long
2026-09-14,ORB,RealSimpleAriel,2099504031487889422,9905,14,
2026-09-14,AXIOS,cfromhertz,2099503974529265787,3138,0,
2026-09-14,WON,cfromhertz,2099503974529265787,3138,0,
2026-09-14,XOP,bluechipdaily,2099503338807074984,3147,4,
2026-09-14,OKTA,1ChartMaster,2099503048414392503,5801,10,long
2026-09-14,NET,bluechipdaily,2099503030412407090,3395,6,long
2026-09-14,DTL,wey_how12640,2099502668431720810,1541,4,
2026-09-14,HL,wey_how12640,2099502668431720810,1541,4,
2026-09-14,NBIS,wey_how12640,2099502668431720810,1541,4,long
2026-09-14,UC,wey_how12640,2099502668431720810,1541,4,
2026-09-14,OKTA,cfromhertz,2099502487577285032,3352,1,recap
2026-09-14,CRWD,ConnorJBates_,2099501935023841692,5599,5,recap
2026-09-14,NET,ConnorJBates_,2099501935023841692,5599,5,recap
2026-09-14,OKTA,ConnorJBates_,2099501935023841692,5599,5,recap
2026-09-14,PANW,ConnorJBates_,2099501935023841692,5599,5,recap
2026-09-14,RBRK,ConnorJBates_,2099501935023841692,5599,5,recap
2026-09-14,NBIS,Venu_7_,2099499540575600730,15495,18,watching
2026-09-14,OKTA,1ChartMaster,2099498857717510516,6162,7,mention
2026-09-14,DATA,ripster47,2099498507069473101,19322,1,
2026-09-14,GOING,ripster47,2099498507069473101,19322,1,
2026-09-14,SICK,ripster47,2099498507069473101,19322,1,
2026-09-14,TRUMP,ripster47,2099498507069473101,19322,1,
2026-09-14,RBRK,Venu_7_,2099498419979198628,10136,7,watching
2026-09-14,FTNT,wey_how12640,2099496434622189715,1389,2,watching
2026-09-14,QQQ,TheProfInvestor,2099496394197537257,35183,15,
2026-09-14,CRWD,wey_how12640,2099495598378590215,1847,2,long
2026-09-14,FIG,jfsrev,2099494844582564004,8074,3,
2026-09-14,NBIS,ripster47,2099494688956772772,18848,0,long
2026-09-14,QQQ,ripster47,2099494688956772772,18848,0,
2026-09-14,SOXL,ripster47,2099494688956772772,18848,0,
2026-09-14,SPY,ripster47,2099494688956772772,18848,0,
2026-09-14,SNDK,Clement_Ang17,2099494603506471306,254,3,mention
2026-09-14,COWS,LindaRaschke,2099493040159068266,9723,4,
2026-09-14,MU,LindaRaschke,2099492059186893265,7482,5,mention
2026-09-14,THAT,LindaRaschke,2099492059186893265,7482,5,
2026-09-14,BELOW,RealJGBanks,2099490156436762896,16833,152,
2026-09-14,FIRST,RealJGBanks,2099490156436762896,16833,152,
2026-09-14,HOW,RealJGBanks,2099490156436762896,16833,152,
2026-09-14,MAJOR,RealJGBanks,2099490156436762896,16833,152,
2026-09-14,MAKE,RealJGBanks,2099490156436762896,16833,152,
2026-09-14,THIS,RealJGBanks,2099490156436762896,16833,152,
2026-09-14,WEEK,RealJGBanks,2099490156436762896,16833,152,
2026-09-14,INTU,LindaRaschke,2099489679556976745,7384,1,
2026-09-14,NYSE,LindaRaschke,2099489107416113662,7849,8,
2026-09-14,OP,LindaRaschke,2099489107416113662,7849,8,
2026-09-14,SP,LindaRaschke,2099489107416113662,7849,8,
2026-09-14,ADBE,ripster47,2099487290389066148,19616,2,
2026-09-14,CRWD,ripster47,2099487290389066148,19616,2,watching
2026-09-14,SAAS,ripster47,2099487290389066148,19616,2,
2026-09-14,MTF,ripster47,2099487052202942685,19259,4,
2026-09-14,PLAN,ripster47,2099487052202942685,19259,4,
2026-09-14,QQQ,ripster47,2099487052202942685,19259,4,
2026-09-14,SOXL,ripster47,2099487052202942685,19259,4,
2026-09-14,SPY,ripster47,2099487052202942685,19259,4,
2026-09-14,VIX,ripster47,2099487052202942685,19259,4,
2026-09-14,QQQ,TheProfInvestor,2099486420666921067,46134,7,
2026-09-14,PLANS,RealJGBanks,2099479787928527161,13600,0,
2026-09-14,TRADE,RealJGBanks,2099479787928527161,13600,0,
2026-09-14,AP,cfromhertz,2099479011961294996,4017,2,
2026-09-14,OUT,cfromhertz,2099479011961294996,4017,2,
2026-09-14,SAUDI,cfromhertz,2099479011961294996,4017,2,
2026-09-14,WEEKS,cfromhertz,2099479011961294996,4017,2,
2026-09-14,WILL,cfromhertz,2099479011961294996,4017,2,
2026-09-14,HURT,LindaRaschke,2099478833460109351,9443,17,
2026-09-14,CASH,LindaRaschke,2099477143302341024,9126,9,
2026-09-14,MRCI,LindaRaschke,2099476860681818534,7757,11,
2026-09-14,EC,LindaRaschke,2099475782431096839,7158,3,
2026-09-14,EST,LindaRaschke,2099475782431096839,7158,3,
2026-09-14,IWM,cfromhertz,2099475596493422834,3640,0,
2026-09-14,QQQ,cfromhertz,2099475596493422834,3640,0,
2026-09-14,SPY,cfromhertz,2099475596493422834,3640,0,
2026-09-14,TTG,cfromhertz,2099475596493422834,3640,0,
2026-09-14,NAZ,LindaRaschke,2099475152094318630,14976,91,
2026-09-14,DAX,LindaRaschke,2099474507832373265,7107,3,
2026-09-14,ID,LindaRaschke,2099474507832373265,7107,3,
2026-09-14,SPX,cfromhertz,2099468791453290801,5397,0,
2026-09-14,IGV,cfromhertz,2099468358257176969,5470,1,
2026-09-14,SMH,cfromhertz,2099468358257176969,5470,1,
2026-09-14,ADR,oratnek_ill,2099449969275216132,2302,5,
2026-09-14,ATEC,oratnek_ill,2099445471878258786,3391,0,
2026-09-14,CCC,oratnek_ill,2099445471878258786,3391,0,
2026-09-14,CDW,oratnek_ill,2099445471878258786,3391,0,
2026-09-14,COHU,oratnek_ill,2099445471878258786,3391,0,
2026-09-14,EWTX,oratnek_ill,2099445471878258786,3391,0,
2026-09-14,HL,oratnek_ill,2099445471878258786,3391,0,
2026-09-14,ILMN,oratnek_ill,2099445471878258786,3391,0,
2026-09-14,KGS,oratnek_ill,2099445471878258786,3391,0,
2026-09-14,KOS,oratnek_ill,2099445471878258786,3391,0,
2026-09-14,LL,oratnek_ill,2099445471878258786,3391,0,
2026-09-14,MARA,oratnek_ill,2099445471878258786,3391,0,
2026-09-14,MRVL,oratnek_ill,2099445471878258786,3391,0,
2026-09-14,NTAP,oratnek_ill,2099445471878258786,3391,0,
2026-09-14,PP,oratnek_ill,2099445471878258786,3391,0,
2026-09-14,SBET,oratnek_ill,2099445471878258786,3391,0,
2026-09-14,SEI,oratnek_ill,2099445471878258786,3391,0,
2026-09-14,SMCI,oratnek_ill,2099445471878258786,3391,0,
2026-09-14,TXG,oratnek_ill,2099445471878258786,3391,0,
2026-09-14,BOAT,oratnek_ill,2099444675333771650,1084,0,
2026-09-14,FINX,oratnek_ill,2099444675333771650,1084,0,
2026-09-14,ICLN,oratnek_ill,2099444675333771650,1084,0,
2026-09-14,IGV,oratnek_ill,2099444675333771650,1084,0,
2026-09-14,IHI,oratnek_ill,2099444675333771650,1084,0,
2026-09-14,ITA,oratnek_ill,2099444675333771650,1084,0,
2026-09-14,KARS,oratnek_ill,2099444675333771650,1084,0,
2026-09-14,KIE,oratnek_ill,2099444675333771650,1084,0,
2026-09-14,KRE,oratnek_ill,2099444675333771650,1084,0,
2026-09-14,KWEB,oratnek_ill,2099444675333771650,1084,0,
2026-09-14,LIT,oratnek_ill,2099444675333771650,1084,0,
2026-09-14,MOO,oratnek_ill,2099444675333771650,1084,0,
2026-09-14,QTUM,oratnek_ill,2099444675333771650,1084,0,
2026-09-14,REMX,oratnek_ill,2099444675333771650,1084,0,
2026-09-14,SMH,oratnek_ill,2099444675333771650,1084,0,
2026-09-14,URA,oratnek_ill,2099444675333771650,1084,0,
2026-09-14,WGMI,oratnek_ill,2099444675333771650,1084,0,
2026-09-14,XOP,oratnek_ill,2099444675333771650,1084,0,
2026-09-14,BLOK,oratnek_ill,2099444109375385758,1060,0,
2026-09-14,BOAT,oratnek_ill,2099444109375385758,1060,0,
2026-09-14,FINX,oratnek_ill,2099444109375385758,1060,0,
2026-09-14,IHI,oratnek_ill,2099444109375385758,1060,0,
2026-09-14,LIT,oratnek_ill,2099444109375385758,1060,0,
2026-09-14,REMX,oratnek_ill,2099444109375385758,1060,0,
2026-09-14,SMH,oratnek_ill,2099444109375385758,1060,0,
2026-09-14,URA,oratnek_ill,2099444109375385758,1060,0,
2026-09-14,WGMI,oratnek_ill,2099444109375385758,1060,0,
2026-09-14,NQ,Clement_Ang17,2099429254396281025,22057,8,
2026-09-14,BOAT,jfsrev,2099390730649383010,11083,0,
2026-09-14,COCJ,thesetupfactory,2099388188691222838,54,0,
2026-09-14,TSF,thesetupfactory,2099360561947349051,45,0,
2026-09-14,BTC,Venu_7_,2099348391612629389,455,0,
2026-09-14,TJ,Clement_Ang17,2099709607140896865,47,0,
2026-09-14,BS,ripster47,2099708929877979506,438,0,
2026-09-14,DP,Clement_Ang17,2099706964897079409,113,0,
2026-09-14,HARD,RealJGBanks,2099696994272829833,7398,2,
2026-09-14,THESE,RealJGBanks,2099696994272829833,7398,2,
2026-09-14,THIS,RealJGBanks,2099696994272829833,7398,2,
2026-09-14,DXY,Clement_Ang17,2099694928901366005,2417,6,
2026-09-14,WR,cfromhertz,2099686524782514677,4898,2,
2026-09-14,NTSK,cfromhertz,2099681839711490357,3646,3,
2026-09-14,VPOC,cfromhertz,2099681839711490357,3646,3,
2026-09-14,NTSK,cfromhertz,2099681420754969032,5105,1,
2026-09-14,TTG,cfromhertz,2099681420754969032,5105,1,
2026-09-14,MU,RealSimpleAriel,2099680230679916652,235,0,exited
2026-09-14,CMCSA,RealSimpleAriel,2099680037532254245,7689,2,
2026-09-14,SPCX,RealSimpleAriel,2099680037532254245,7689,2,
2026-09-14,SPCX,ZaStocks,2099677399856144554,23400,20,
2026-09-14,TSLA,ZaStocks,2099677399856144554,23400,20,
2026-09-14,DT,ripster47,2099675908256710853,496,0,
2026-09-14,COIN,GnT_Trades,2099675644019773870,3451,1,watching
2026-09-14,CRCL,GnT_Trades,2099675644019773870,3451,1,
2026-09-14,MSTR,GnT_Trades,2099675644019773870,3451,1,
2026-09-14,PURR,GnT_Trades,2099675644019773870,3451,1,
2026-09-14,IGV,PrimeTrading_,2099674432843186492,1766,2,
2026-09-14,SMH,PrimeTrading_,2099674432843186492,1766,2,
2026-09-14,BBY,GnT_Trades,2099673717445939509,3049,0,recap
2026-09-14,DBX,GnT_Trades,2099673012001743079,2888,1,
2026-09-14,IGV,GnT_Trades,2099673012001743079,2888,1,
2026-09-14,EFOR,1ChartMaster,2099672811534999677,4287,3,
2026-09-14,KC,cfromhertz,2099671582062891462,3220,1,
2026-09-14,CRWD,PrimeTrading_,2099670679914184889,873,1,mention
2026-09-14,PANW,PrimeTrading_,2099670679914184889,873,1,mention
2026-09-14,SMH,PrimeTrading_,2099670679914184889,873,1,
2026-09-14,FREE,PrimeTrading_,2099669512421294130,1819,3,
2026-09-14,GDB,PrimeTrading_,2099669512421294130,1819,3,
2026-09-14,IWM,PrimeTrading_,2099669512421294130,1819,3,
2026-09-14,MCO,PrimeTrading_,2099669512421294130,1819,3,
2026-09-14,MCSI,PrimeTrading_,2099669512421294130,1819,3,
2026-09-14,NYSE,PrimeTrading_,2099669512421294130,1819,3,
2026-09-14,QQQ,PrimeTrading_,2099669512421294130,1819,3,
2026-09-14,QQQE,PrimeTrading_,2099669512421294130,1819,3,
2026-09-14,SPY,PrimeTrading_,2099669512421294130,1819,3,
2026-09-14,TLMM,PrimeTrading_,2099669512421294130,1819,3,
2026-09-14,AEM,PrimeTrading_,2099668712248799439,1790,6,
2026-09-14,EL,PrimeTrading_,2099668712248799439,1790,6,
2026-09-14,FSLY,PrimeTrading_,2099668712248799439,1790,6,
2026-09-14,HOOD,PrimeTrading_,2099668712248799439,1790,6,
2026-09-14,PLTR,PrimeTrading_,2099668712248799439,1790,6,
2026-09-14,SNOW,PrimeTrading_,2099668712248799439,1790,6,
2026-09-14,TEM,PrimeTrading_,2099668712248799439,1790,6,
2026-09-14,TWLO,PrimeTrading_,2099668712248799439,1790,6,
2026-09-14,U,PrimeTrading_,2099668712248799439,1790,6,
2026-09-14,VEEV,PrimeTrading_,2099668712248799439,1790,6,
2026-09-14,WL,PrimeTrading_,2099668712248799439,1790,6,
2026-09-14,ZETA,PrimeTrading_,2099668712248799439,1790,6,
2026-09-14,PD,1ChartMaster,2099667445766062552,4492,1,
2026-09-14,HOOD,Venu_7_,2099666695837409369,576,1,
2026-09-14,LFG,Venu_7_,2099666695837409369,576,1,
2026-09-14,RNG,cfromhertz,2099666291355210082,4566,6,
2026-09-14,DELL,wey_how12640,2099664323589427289,73,0,
2026-09-14,BG,PrimeTrading_,2099663693147447668,1905,3,
2026-09-14,BILL,PrimeTrading_,2099663693147447668,1905,3,
2026-09-14,BOX,PrimeTrading_,2099663693147447668,1905,3,
2026-09-14,CART,PrimeTrading_,2099663693147447668,1905,3,
2026-09-14,CDW,PrimeTrading_,2099663693147447668,1905,3,
2026-09-14,DK,PrimeTrading_,2099663693147447668,1905,3,
2026-09-14,EBAY,PrimeTrading_,2099663693147447668,1905,3,
2026-09-14,FROG,PrimeTrading_,2099663693147447668,1905,3,
2026-09-14,FSLY,PrimeTrading_,2099663693147447668,1905,3,
2026-09-14,GH,PrimeTrading_,2099663693147447668,1905,3,
2026-09-14,GPN,PrimeTrading_,2099663693147447668,1905,3,
2026-09-14,HPE,PrimeTrading_,2099663693147447668,1905,3,
2026-09-14,NTAP,PrimeTrading_,2099663693147447668,1905,3,
2026-09-14,NTNX,PrimeTrading_,2099663693147447668,1905,3,
2026-09-14,PURR,PrimeTrading_,2099663693147447668,1905,3,
2026-09-14,SNOW,PrimeTrading_,2099663693147447668,1905,3,
2026-09-14,TWLO,PrimeTrading_,2099663693147447668,1905,3,
2026-09-14,U,PrimeTrading_,2099663693147447668,1905,3,
2026-09-14,VEEV,PrimeTrading_,2099663693147447668,1905,3,
2026-09-14,WPM,PrimeTrading_,2099663693147447668,1905,3,
2026-09-14,META,Venu_7_,2099663475194946040,11404,12,watching
2026-09-14,AXTI,PrimeTrading_,2099663325059572050,1879,1,
2026-09-14,BBY,PrimeTrading_,2099663325059572050,1879,1,mention
2026-09-14,CNC,PrimeTrading_,2099663325059572050,1879,1,
2026-09-14,CRM,PrimeTrading_,2099663325059572050,1879,1,
2026-09-14,CRWD,PrimeTrading_,2099663325059572050,1879,1,mention
2026-09-14,DELL,PrimeTrading_,2099663325059572050,1879,1,
2026-09-14,DINO,PrimeTrading_,2099663325059572050,1879,1,
2026-09-14,FTNT,PrimeTrading_,2099663325059572050,1879,1,mention
2026-09-14,GH,PrimeTrading_,2099663325059572050,1879,1,
2026-09-14,IQV,PrimeTrading_,2099663325059572050,1879,1,
2026-09-14,LITE,PrimeTrading_,2099663325059572050,1879,1,
2026-09-14,MPC,PrimeTrading_,2099663325059572050,1879,1,
2026-09-14,MU,PrimeTrading_,2099663325059572050,1879,1,mention
2026-09-14,NTRA,PrimeTrading_,2099663325059572050,1879,1,
2026-09-14,OKTA,PrimeTrading_,2099663325059572050,1879,1,mention
2026-09-14,PBR,PrimeTrading_,2099663325059572050,1879,1,
2026-09-14,PSX,PrimeTrading_,2099663325059572050,1879,1,
2026-09-14,SNDK,PrimeTrading_,2099663325059572050,1879,1,mention
2026-09-14,TEAM,PrimeTrading_,2099663325059572050,1879,1,
2026-09-14,VLO,PrimeTrading_,2099663325059572050,1879,1,
2026-09-14,CD,PrimeTrading_,2099662513809826081,1868,2,
2026-09-14,CI,PrimeTrading_,2099662513809826081,1868,2,
2026-09-14,CRO,PrimeTrading_,2099662513809826081,1868,2,
2026-09-14,EL,PrimeTrading_,2099662513809826081,1868,2,
2026-09-14,GH,PrimeTrading_,2099662513809826081,1868,2,
2026-09-14,SNOW,PrimeTrading_,2099662513809826081,1868,2,
2026-09-14,TOP,PrimeTrading_,2099662513809826081,1868,2,
2026-09-14,TWLO,PrimeTrading_,2099662513809826081,1868,2,
2026-09-14,VEEV,PrimeTrading_,2099662513809826081,1868,2,
2026-09-14,WPM,PrimeTrading_,2099662513809826081,1868,2,
2026-09-14,COIN,Venu_7_,2099657689987223915,13290,14,watching
2026-09-14,CRCL,Venu_7_,2099657689987223915,13290,14,
2026-09-14,HOOD,Venu_7_,2099657689987223915,13290,14,
2026-09-14,IBM,ArtofSpecuycky,2099657358305874204,5434,2,
2026-09-14,IBX,ArtofSpecuycky,2099657358305874204,5434,2,
2026-09-14,MU,ArtofSpecuycky,2099657358305874204,5434,2,exited
2026-09-14,SMCI,ArtofSpecuycky,2099657358305874204,5434,2,
2026-09-14,AVWAP,Venu_7_,2099655737106669581,10102,10,
2026-09-14,TEM,Venu_7_,2099655737106669581,10102,10,
2026-09-14,CFTC,TheShortBear,2099654421579788544,19155,17,
2026-09-14,SEC,TheShortBear,2099654421579788544,19155,17,
2026-09-14,ADR,wey_how12640,2099654279552492026,925,1,
2026-09-14,BTD,wey_how12640,2099654279552492026,925,1,
2026-09-14,JP,wey_how12640,2099654279552492026,925,1,
2026-09-14,RR,wey_how12640,2099654279552492026,925,1,
2026-09-14,SFTBY,wey_how12640,2099654279552492026,925,1,
2026-09-14,COT,RealSimpleAriel,2099654132986437780,2340,0,
2026-09-14,NOW,Venu_7_,2099653892909007089,11301,24,recap
2026-09-14,RR,wey_how12640,2099652270044729386,57,0,
2026-09-14,ATH,wey_how12640,2099646994981749084,1720,1,
2026-09-14,CRWD,wey_how12640,2099646994981749084,1720,1,long
2026-09-14,ES,TailThatWagsDog,2099646108955746599,1962,8,
2026-09-14,ABOVE,RealJGBanks,2099646091289395655,14339,130,
2026-09-14,BELOW,RealJGBanks,2099646091289395655,14339,130,
2026-09-14,COIN,RealJGBanks,2099646091289395655,14339,130,mention
2026-09-14,GROW,RealJGBanks,2099646091289395655,14339,130,
2026-09-14,LONGS,RealJGBanks,2099646091289395655,14339,130,
2026-09-14,ONE,RealJGBanks,2099646091289395655,14339,130,
2026-09-14,QQQ,RealJGBanks,2099646091289395655,14339,130,
2026-09-14,SPY,RealJGBanks,2099646091289395655,14339,130,
2026-09-14,TRADE,RealJGBanks,2099646091289395655,14339,130,
2026-09-14,FTNT,wey_how12640,2099644851503673475,968,1,long
2026-09-14,ADR,wey_how12640,2099641521213727097,2196,3,
2026-09-14,BE,wey_how12640,2099641521213727097,2196,3,
2026-09-14,BTD,wey_how12640,2099641521213727097,2196,3,
2026-09-14,CRM,wey_how12640,2099641521213727097,2196,3,
2026-09-14,CRWD,wey_how12640,2099641521213727097,2196,3,mention
2026-09-14,DDOG,wey_how12640,2099641521213727097,2196,3,
2026-09-14,DELL,wey_how12640,2099641521213727097,2196,3,
2026-09-14,FTNT,wey_how12640,2099641521213727097,2196,3,mention
2026-09-14,GAP,wey_how12640,2099641521213727097,2196,3,
2026-09-14,IMO,wey_how12640,2099641521213727097,2196,3,
2026-09-14,INTC,wey_how12640,2099641521213727097,2196,3,
2026-09-14,LITE,wey_how12640,2099641521213727097,2196,3,
2026-09-14,MRVL,wey_how12640,2099641521213727097,2196,3,
2026-09-14,MU,wey_how12640,2099641521213727097,2196,3,mention
2026-09-14,NBIS,wey_how12640,2099641521213727097,2196,3,mention
2026-09-14,NOW,wey_how12640,2099641521213727097,2196,3,mention
2026-09-14,PD,wey_how12640,2099641521213727097,2196,3,
2026-09-14,PLTR,wey_how12640,2099641521213727097,2196,3,
2026-09-14,SFTBY,wey_how12640,2099641521213727097,2196,3,
2026-09-14,SMTC,wey_how12640,2099641521213727097,2196,3,
2026-09-14,SNDK,wey_how12640,2099641521213727097,2196,3,mention
2026-09-14,SNOW,wey_how12640,2099641521213727097,2196,3,
2026-09-14,AAOI,RealSimpleAriel,2099640682428133427,9621,23,
2026-09-14,ALAB,RealSimpleAriel,2099640682428133427,9621,23,
2026-09-14,AMD,RealSimpleAriel,2099640682428133427,9621,23,
2026-09-14,ARKG,RealSimpleAriel,2099640682428133427,9621,23,
2026-09-14,BTC,RealSimpleAriel,2099640682428133427,9621,23,
2026-09-14,CIBR,RealSimpleAriel,2099640682428133427,9621,23,recap
2026-09-14,CIEN,RealSimpleAriel,2099640682428133427,9621,23,
2026-09-14,CRM,RealSimpleAriel,2099640682428133427,9621,23,
2026-09-14,CRWD,RealSimpleAriel,2099640682428133427,9621,23,recap
2026-09-14,ETH,RealSimpleAriel,2099640682428133427,9621,23,
2026-09-14,FTNT,RealSimpleAriel,2099640682428133427,9621,23,recap
2026-09-14,GDX,RealSimpleAriel,2099640682428133427,9621,23,
2026-09-14,GLW,RealSimpleAriel,2099640682428133427,9621,23,
2026-09-14,HACK,RealSimpleAriel,2099640682428133427,9621,23,recap
2026-09-14,IGV,RealSimpleAriel,2099640682428133427,9621,23,
2026-09-14,INTC,RealSimpleAriel,2099640682428133427,9621,23,
2026-09-14,LITE,RealSimpleAriel,2099640682428133427,9621,23,
2026-09-14,MAGS,RealSimpleAriel,2099640682428133427,9621,23,
2026-09-14,MSFT,RealSimpleAriel,2099640682428133427,9621,23,
2026-09-14,NOW,RealSimpleAriel,2099640682428133427,9621,23,recap
2026-09-14,NVDA,RealSimpleAriel,2099640682428133427,9621,23,
2026-09-14,OKTA,RealSimpleAriel,2099640682428133427,9621,23,recap
2026-09-14,PANW,RealSimpleAriel,2099640682428133427,9621,23,recap
2026-09-14,PLTR,RealSimpleAriel,2099640682428133427,9621,23,
2026-09-14,SMH,RealSimpleAriel,2099640682428133427,9621,23,
2026-09-14,TEAM,RealSimpleAriel,2099640682428133427,9621,23,
2026-09-14,TWST,RealSimpleAriel,2099640682428133427,9621,23,
2026-09-14,TXG,RealSimpleAriel,2099640682428133427,9621,23,
2026-09-14,XLF,RealSimpleAriel,2099640682428133427,9621,23,
2026-09-14,SNDK,Jake__Wujastyk,2099633356967415970,19105,8,watching
2026-09-14,ASST,Jake__Wujastyk,2099630700945367278,25110,23,
2026-09-14,DM,Venu_7_,2099630408531116384,323,0,
2026-09-14,MAGS,ArtofSpecuycky,2099626279276540016,9356,5,
2026-09-14,ADBE,GnT_Trades,2099623828036911287,3583,1,
2026-09-14,AMD,GnT_Trades,2099623828036911287,3583,1,
2026-09-14,AMZN,GnT_Trades,2099623828036911287,3583,1,mention
2026-09-14,ARM,GnT_Trades,2099623828036911287,3583,1,
2026-09-14,ATH,GnT_Trades,2099623828036911287,3583,1,
2026-09-14,CRM,GnT_Trades,2099623828036911287,3583,1,
2026-09-14,CRWD,GnT_Trades,2099623828036911287,3583,1,mention
2026-09-14,CVX,GnT_Trades,2099623828036911287,3583,1,
2026-09-14,DELL,GnT_Trades,2099623828036911287,3583,1,
2026-09-14,DRAM,GnT_Trades,2099623828036911287,3583,1,
2026-09-14,FTD,GnT_Trades,2099623828036911287,3583,1,
2026-09-14,GOOGL,GnT_Trades,2099623828036911287,3583,1,mention
2026-09-14,IGV,GnT_Trades,2099623828036911287,3583,1,
2026-09-14,INTC,GnT_Trades,2099623828036911287,3583,1,
2026-09-14,MAGS,GnT_Trades,2099623828036911287,3583,1,
2026-09-14,META,GnT_Trades,2099623828036911287,3583,1,mention
2026-09-14,MRVL,GnT_Trades,2099623828036911287,3583,1,
2026-09-14,MSFT,GnT_Trades,2099623828036911287,3583,1,
2026-09-14,MU,GnT_Trades,2099623828036911287,3583,1,mention
2026-09-14,NOW,GnT_Trades,2099623828036911287,3583,1,mention
2026-09-14,NVDA,GnT_Trades,2099623828036911287,3583,1,
2026-09-14,PANW,GnT_Trades,2099623828036911287,3583,1,mention
2026-09-14,QQQ,GnT_Trades,2099623828036911287,3583,1,
2026-09-14,RSP,GnT_Trades,2099623828036911287,3583,1,
2026-09-14,SMTC,GnT_Trades,2099623828036911287,3583,1,
2026-09-14,SNDK,GnT_Trades,2099623828036911287,3583,1,mention
2026-09-14,SPX,GnT_Trades,2099623828036911287,3583,1,
2026-09-14,TSLA,GnT_Trades,2099623828036911287,3583,1,
2026-09-14,XLE,GnT_Trades,2099623828036911287,3583,1,
2026-09-14,XOM,GnT_Trades,2099623828036911287,3583,1,
2026-09-14,ZS,GnT_Trades,2099623828036911287,3583,1,
2026-09-14,BBY,1ChartMaster,2099619942043713993,5401,3,recap
2026-09-14,APP,ripster47,2099618374976241965,1322,1,
2026-09-14,CRWD,ripster47,2099618374976241965,1322,1,mention
2026-09-14,INOD,ripster47,2099618374976241965,1322,1,
2026-09-14,RDDT,ripster47,2099618374976241965,1322,1,
2026-09-14,SAAS,ripster47,2099618374976241965,1322,1,
2026-09-14,ZS,ripster47,2099618374976241965,1322,1,
2026-09-14,AAPL,Jake__Wujastyk,2099617472341225786,34348,64,
2026-09-14,NVDA,Jake__Wujastyk,2099617472341225786,34348,64,watching
2026-09-14,NVDL,Jake__Wujastyk,2099617472341225786,34348,64,
2026-09-14,DAILY,ConnorJBates_,2099615432218910760,5974,8,
2026-09-14,GET,ConnorJBates_,2099615432218910760,5974,8,
2026-09-14,HARD,ConnorJBates_,2099615432218910760,5974,8,
2026-09-14,HIT,ConnorJBates_,2099615432218910760,5974,8,
2026-09-14,INTO,ConnorJBates_,2099615432218910760,5974,8,
2026-09-14,LIKES,ConnorJBates_,2099615432218910760,5974,8,
2026-09-14,MONEY,ConnorJBates_,2099615432218910760,5974,8,
2026-09-14,SEMIS,ConnorJBates_,2099615432218910760,5974,8,
2026-09-14,VIDEO,ConnorJBates_,2099615432218910760,5974,8,
2026-09-14,OKTA,ConnorJBates_,2099606110747402413,602,0,recap
2026-09-14,BUG,ConnorJBates_,2099605353428136396,535,0,mention
2026-09-14,CRWD,ConnorJBates_,2099605353428136396,535,0,mention
2026-09-14,BUG,ConnorJBates_,2099604578710741250,8286,5,recap
2026-09-14,HACK,ConnorJBates_,2099604578710741250,8286,5,recap
2026-09-14,IGV,ConnorJBates_,2099604578710741250,8286,5,
2026-09-14,SOXX,ConnorJBates_,2099604578710741250,8286,5,
2026-09-14,ARM,ConnorJBates_,2099603313276686473,14637,8,
2026-09-14,AVGO,ConnorJBates_,2099603313276686473,14637,8,
2026-09-14,BUG,ConnorJBates_,2099603313276686473,14637,8,recap
2026-09-14,COHR,ConnorJBates_,2099603313276686473,14637,8,
2026-09-14,CRWD,ConnorJBates_,2099603313276686473,14637,8,recap
2026-09-14,GLW,ConnorJBates_,2099603313276686473,14637,8,
2026-09-14,HACK,ConnorJBates_,2099603313276686473,14637,8,recap
2026-09-14,IGV,ConnorJBates_,2099603313276686473,14637,8,
2026-09-14,LRCX,ConnorJBates_,2099603313276686473,14637,8,
2026-09-14,MRVL,ConnorJBates_,2099603313276686473,14637,8,
2026-09-14,OKTA,ConnorJBates_,2099603313276686473,14637,8,recap
2026-09-14,RBRK,ConnorJBates_,2099603313276686473,14637,8,recap
2026-09-14,SOXX,ConnorJBates_,2099603313276686473,14637,8,
2026-09-14,TER,ConnorJBates_,2099603313276686473,14637,8,
2026-09-14,PAID,RealJGBanks,2099603164701827531,13108,9,
2026-09-14,THIS,RealJGBanks,2099603164701827531,13108,9,
2026-09-14,ARKG,cfromhertz,2099602884618817975,4977,0,
2026-09-14,CF,cfromhertz,2099602884618817975,4977,0,
2026-09-14,CIBR,cfromhertz,2099602884618817975,4977,0,recap
2026-09-14,HC,cfromhertz,2099602884618817975,4977,0,
2026-09-14,IGV,cfromhertz,2099602884618817975,4977,0,
2026-09-14,SMH,cfromhertz,2099602884618817975,4977,0,
2026-09-14,TLT,cfromhertz,2099602884618817975,4977,0,
2026-09-14,BTC,Jake__Wujastyk,2099602530762379598,680,0,
2026-09-14,MSTR,Jake__Wujastyk,2099602530762379598,680,0,
2026-09-14,WEMA,Gaurav_Cx10,2099602399170035836,1806,36,
2026-09-14,RBRK,Venu_7_,2099600286591647878,2320,2,watching
2026-09-14,ID,Venu_7_,2099600089459343751,233,0,
2026-09-14,IWM,Jake__Wujastyk,2099598339306078315,30683,41,
2026-09-14,QQQ,Jake__Wujastyk,2099598339306078315,30683,41,
2026-09-14,SPX,Jake__Wujastyk,2099598339306078315,30683,41,
2026-09-14,SPY,Jake__Wujastyk,2099598339306078315,30683,41,
2026-09-14,TNX,Jake__Wujastyk,2099598339306078315,30683,41,
2026-09-14,TSLA,Jake__Wujastyk,2099597284879294499,22543,8,watching
2026-09-14,TSLL,Jake__Wujastyk,2099597284879294499,22543,8,
2026-09-14,GOOG,Jake__Wujastyk,2099596787149627404,33350,32,watching
2026-09-14,GOOGL,Jake__Wujastyk,2099596787149627404,33350,32,watching
2026-09-14,DP,Venu_7_,2099595927954890960,389,0,
2026-09-14,BTC,Jake__Wujastyk,2099595688212652329,25274,31,
2026-09-14,COIN,Jake__Wujastyk,2099595688212652329,25274,31,watching
2026-09-14,IBIT,Jake__Wujastyk,2099595688212652329,25274,31,
2026-09-14,MSTR,Jake__Wujastyk,2099595688212652329,25274,31,
2026-09-14,KASM,Venu_7_,2099592420782731508,291,0,
2026-09-14,HACK,cfromhertz,2099585613942939943,4378,2,recap
2026-09-14,POTUS,Muninn,2099583595190817010,497,0,
2026-09-14,CVX,GnT_Trades,2099583549112189200,4981,3,
2026-09-14,XLE,GnT_Trades,2099583549112189200,4981,3,
2026-09-14,IGV,ShakePryzby1,2099582293329506564,5408,6,
2026-09-14,MAGS,ShakePryzby1,2099582293329506564,5408,6,
2026-09-14,QQQ,ShakePryzby1,2099582293329506564,5408,6,
2026-09-14,SMH,ShakePryzby1,2099582293329506564,5408,6,
2026-09-14,MS,cfromhertz,2099582218850959755,5977,2,
2026-09-14,OKTA,1ChartMaster,2099573320773407030,6261,4,recap
2026-09-14,OSCR,1ChartMaster,2099573320773407030,6261,4,
2026-09-14,PLTR,1ChartMaster,2099573320773407030,6261,4,
2026-09-14,COT,RealSimpleAriel,2099569736602296653,23340,27,
2026-09-14,AAPL,ConnorJBates_,2099569712749334651,9638,29,
2026-09-14,AMZN,ConnorJBates_,2099569712749334651,9638,29,mention
2026-09-14,GOOGL,ConnorJBates_,2099569712749334651,9638,29,mention
2026-09-14,META,ConnorJBates_,2099569712749334651,9638,29,mention
2026-09-14,MSFT,ConnorJBates_,2099569712749334651,9638,29,
2026-09-14,NVDA,ConnorJBates_,2099569712749334651,9638,29,
2026-09-14,TSLA,ConnorJBates_,2099569712749334651,9638,29,
2026-09-14,COIN,TheProfInvestor,2099569391629435187,29330,28,recap
2026-09-14,NET,TheProfInvestor,2099569391629435187,29330,28,recap
2026-09-14,PANW,TheProfInvestor,2099569391629435187,29330,28,recap
2026-09-14,SPCX,TheProfInvestor,2099569391629435187,29330,28,
2026-09-14,TWLO,TheProfInvestor,2099569391629435187,29330,28,
2026-09-14,CIBR,ShakePryzby1,2099568062995517484,5609,6,watching
2026-09-14,FTNT,ShakePryzby1,2099568062995517484,5609,6,watching
2026-09-14,PANW,ShakePryzby1,2099568062995517484,5609,6,watching
2026-09-14,ZS,ShakePryzby1,2099568062995517484,5609,6,
2026-09-14,CRAK,cfromhertz,2099567518440464665,6972,1,
2026-09-14,DINO,cfromhertz,2099567518440464665,6972,1,
2026-09-14,MPC,cfromhertz,2099567518440464665,6972,1,
2026-09-14,PBF,cfromhertz,2099567518440464665,6972,1,
2026-09-14,PSX,cfromhertz,2099567518440464665,6972,1,
2026-09-14,TTG,cfromhertz,2099567518440464665,6972,1,
2026-09-14,VLO,cfromhertz,2099567518440464665,6972,1,
2026-09-14,GEX,TailThatWagsDog,2099564828234838320,2645,8,
2026-09-14,POINT,TailThatWagsDog,2099564828234838320,2645,8,
2026-09-14,AMZN,Jake__Wujastyk,2099561615041745245,47361,29,watching
2026-09-14,GOOG,Jake__Wujastyk,2099561615041745245,47361,29,watching
2026-09-14,BE,ripster47,2099560375913967738,626,0,
2026-09-14,MU,ripster47,2099560375913967738,626,0,mention
2026-09-14,DTL,ConnorJBates_,2099559900892242063,7490,12,
2026-09-14,META,ConnorJBates_,2099559900892242063,7490,12,watching
2026-09-14,TWST,cfromhertz,2099559809527759322,5043,0,
2026-09-14,APP,ripster47,2099559138107793731,25309,7,
2026-09-14,IBM,ripster47,2099559138107793731,25309,7,
2026-09-14,RDDT,ripster47,2099559138107793731,25309,7,
2026-09-14,WMT,ripster47,2099559138107793731,25309,7,
2026-09-14,IGV,ConnorJBates_,2099558584409329754,5714,1,
2026-09-14,SOXX,ConnorJBates_,2099558584409329754,5714,1,
2026-09-14,BMNR,TheProfInvestor,2099557914537349500,53169,83,
2026-09-14,GOOG,Jake__Wujastyk,2099557849068457998,37968,4,mention
2026-09-14,CRWD,RealSimpleAriel,2099557735226302808,21079,44,recap
2026-09-14,FTNT,RealSimpleAriel,2099557735226302808,21079,44,recap
2026-09-14,OKTA,RealSimpleAriel,2099557735226302808,21079,44,recap
2026-09-14,PANW,RealSimpleAriel,2099557735226302808,21079,44,recap
2026-09-14,MU,ripster47,2099557566288122314,22836,1,recap
2026-09-14,GOOG,Jake__Wujastyk,2099555114277388508,31205,9,mention
2026-09-14,GOOGL,Jake__Wujastyk,2099555114277388508,31205,9,mention
2026-09-14,COIN,RealSimpleAriel,2099555076779995397,16195,22,watching
2026-09-14,ETH,RealSimpleAriel,2099555076779995397,16195,22,
2026-09-14,MAGS,ConnorJBates_,2099554682494456292,6779,11,
2026-09-14,HOOD,Venu_7_,2099552157582463377,317,0,
2026-09-14,RNG,cfromhertz,2099552004380967237,7073,2,
2026-09-14,AVWAP,thesetupfactory,2099549949100691885,708,0,
2026-09-14,MANH,thesetupfactory,2099549949100691885,708,0,
2026-09-14,IGV,cfromhertz,2099548741006938201,5373,0,
2026-09-14,TLT,cfromhertz,2099548741006938201,5373,0,
2026-09-14,TTG,cfromhertz,2099548741006938201,5373,0,
2026-09-14,BP,Venu_7_,2099548517912207683,458,0,
2026-09-14,COIN,TheProfInvestor,2099546697903100323,32685,76,recap
2026-09-16,LLY,cfromhertz,2100195795374903357,939,2,
2026-09-16,TWST,cfromhertz,2100195795374903357,939,2,
2026-09-16,TACO,ZaStocks,2100188750542221725,6865,4,
2026-09-16,NASI,ConnorJBates_,2100184011628834946,3304,4,
2026-09-16,NYSI,ConnorJBates_,2100184011628834946,3304,4,
2026-09-16,CAT,bluechipdaily,2100183239545479256,2778,4,
2026-09-16,GE,bluechipdaily,2100183239545479256,2778,4,
2026-09-16,GEV,bluechipdaily,2100183239545479256,2778,4,
2026-09-16,RTX,bluechipdaily,2100183239545479256,2778,4,
2026-09-16,COMPQ,ConnorJBates_,2100182957868634581,3469,4,
2026-09-16,TXG,1ChartMaster,2100152618295152818,4142,6,
2026-09-16,PLANS,RealJGBanks,2100118860493906221,11059,2,
2026-09-16,TRADE,RealJGBanks,2100118860493906221,11059,2,
2026-09-16,BE,wey_how12640,2100106099760431494,2358,5,
2026-09-16,CPU,wey_how12640,2100106099760431494,2358,5,
2026-09-16,CRWD,wey_how12640,2100106099760431494,2358,5,
2026-09-16,DDOG,wey_how12640,2100106099760431494,2358,5,
2026-09-16,DELL,wey_how12640,2100106099760431494,2358,5,
2026-09-16,FTNT,wey_how12640,2100106099760431494,2358,5,
2026-09-16,INTC,wey_how12640,2100106099760431494,2358,5,
2026-09-16,LITE,wey_how12640,2100106099760431494,2358,5,
2026-09-16,MRVL,wey_how12640,2100106099760431494,2358,5,
2026-09-16,MU,wey_how12640,2100106099760431494,2358,5,
2026-09-16,NBIS,wey_how12640,2100106099760431494,2358,5,
2026-09-16,NET,wey_how12640,2100106099760431494,2358,5,
2026-09-16,NOW,wey_how12640,2100106099760431494,2358,5,
2026-09-16,NTAP,wey_how12640,2100106099760431494,2358,5,
2026-09-16,PLTR,wey_how12640,2100106099760431494,2358,5,
2026-09-16,SFTBY,wey_how12640,2100106099760431494,2358,5,
2026-09-16,SMTC,wey_how12640,2100106099760431494,2358,5,
2026-09-16,SNDK,wey_how12640,2100106099760431494,2358,5,
2026-09-16,SNOW,wey_how12640,2100106099760431494,2358,5,
2026-09-16,UC,wey_how12640,2100106099760431494,2358,5,
2026-09-16,INTC,wey_how12640,2100101143611494727,2366,5,long
2026-09-16,SKHY,wey_how12640,2100101143611494727,2366,5,
2026-09-15,SQL,ArtofSpecuycky,2100058084521775456,10356,22,
2026-09-15,AFRM,jfsrev,2100049962759508204,20794,36,recap
2026-09-15,FIG,jfsrev,2100049962759508204,20794,36,recap
2026-09-15,LYFT,jfsrev,2100049962759508204,20794,36,recap
2026-09-15,PLTU,jfsrev,2100049962759508204,20794,36,recap
2026-09-15,NYSE,AmeetRai,2100047384717750687,4735,3,
2026-09-15,MU,ripster47,2100047025605624240,24498,19,mention
2026-09-15,NVDA,ripster47,2100047025605624240,24498,19,mention
2026-09-15,QQQ,ripster47,2100047025605624240,24498,19,mention
2026-09-15,SPX,ripster47,2100047025605624240,24498,19,mention
2026-09-15,ARKG,Clement_Ang17,2100043727939281188,6337,5,
2026-09-15,BUG,Clement_Ang17,2100043727939281188,6337,5,
2026-09-15,IGV,Clement_Ang17,2100043727939281188,6337,5,
2026-09-15,XBI,Clement_Ang17,2100043727939281188,6337,5,
2026-09-15,CHKP,wey_how12640,2100030878961611054,1967,21,
2026-09-15,CRWD,wey_how12640,2100030878961611054,1967,21,
2026-09-15,CSCO,wey_how12640,2100030878961611054,1967,21,
2026-09-15,DDOG,wey_how12640,2100030878961611054,1967,21,
2026-09-15,DT,wey_how12640,2100030878961611054,1967,21,
2026-09-15,ESTC,wey_how12640,2100030878961611054,1967,21,
2026-09-15,FFIV,wey_how12640,2100030878961611054,1967,21,
2026-09-15,FTNT,wey_how12640,2100030878961611054,1967,21,
2026-09-15,IBM,wey_how12640,2100030878961611054,1967,21,
2026-09-15,MSFT,wey_how12640,2100030878961611054,1967,21,
2026-09-15,NET,wey_how12640,2100030878961611054,1967,21,
2026-09-15,NOW,wey_how12640,2100030878961611054,1967,21,
2026-09-15,OKTA,wey_how12640,2100030878961611054,1967,21,
2026-09-15,PANW,wey_how12640,2100030878961611054,1967,21,
2026-09-15,QLYS,wey_how12640,2100030878961611054,1967,21,
2026-09-15,S,wey_how12640,2100030878961611054,1967,21,
2026-09-15,SAIL,wey_how12640,2100030878961611054,1967,21,
2026-09-15,SAP,wey_how12640,2100030878961611054,1967,21,
2026-09-15,SNOW,wey_how12640,2100030878961611054,1967,21,
2026-09-15,ZS,wey_how12640,2100030878961611054,1967,21,
2026-09-15,AMD,TheProfInvestor,2100022995112927509,8522,58,watching
2026-09-15,NET,TheProfInvestor,2100022995112927509,8522,58,watching
2026-09-15,NTR,TheProfInvestor,2100022995112927509,8522,58,watching
2026-09-15,PANW,TheProfInvestor,2100022995112927509,8522,58,watching
2026-09-15,RBRK,TheProfInvestor,2100022995112927509,8522,58,watching
2026-09-15,RDDT,TheProfInvestor,2100022995112927509,8522,58,watching
2026-09-15,TEM,TheProfInvestor,2100022995112927509,8522,58,watching
2026-09-15,TWLO,TheProfInvestor,2100022995112927509,8522,58,watching
2026-09-15,AVTR,PrimeTrading_,2100022513874972847,2458,3,
2026-09-15,AXTI,PrimeTrading_,2100022513874972847,2458,3,
2026-09-15,CNC,PrimeTrading_,2100022513874972847,2458,3,
2026-09-15,CRM,PrimeTrading_,2100022513874972847,2458,3,
2026-09-15,CRWD,PrimeTrading_,2100022513874972847,2458,3,
2026-09-15,DBX,PrimeTrading_,2100022513874972847,2458,3,
2026-09-15,DELL,PrimeTrading_,2100022513874972847,2458,3,
2026-09-15,DT,PrimeTrading_,2100022513874972847,2458,3,
2026-09-15,FTNT,PrimeTrading_,2100022513874972847,2458,3,
2026-09-15,GH,PrimeTrading_,2100022513874972847,2458,3,
2026-09-15,HNGE,PrimeTrading_,2100022513874972847,2458,3,
2026-09-15,ILMN,PrimeTrading_,2100022513874972847,2458,3,
2026-09-15,LITE,PrimeTrading_,2100022513874972847,2458,3,
2026-09-15,MU,PrimeTrading_,2100022513874972847,2458,3,
2026-09-15,NTRA,PrimeTrading_,2100022513874972847,2458,3,
2026-09-15,OKTA,PrimeTrading_,2100022513874972847,2458,3,
2026-09-15,RNG,PrimeTrading_,2100022513874972847,2458,3,
2026-09-15,RVTY,PrimeTrading_,2100022513874972847,2458,3,
2026-09-15,SNDK,PrimeTrading_,2100022513874972847,2458,3,
2026-09-15,TEAM,PrimeTrading_,2100022513874972847,2458,3,
2026-09-15,TENET,ripster47,2100022474742087719,473,0,
2026-09-15,HAH,Clement_Ang17,2100021912739135511,98,0,
2026-09-15,AMD,TheProfInvestor,2100021429567918386,25719,42,watching
2026-09-15,ANET,PrimeTrading_,2100020786127941890,2414,4,
2026-09-15,CRO,PrimeTrading_,2100020786127941890,2414,4,
2026-09-15,ERP,PrimeTrading_,2100020786127941890,2414,4,
2026-09-15,HCA,PrimeTrading_,2100020786127941890,2414,4,
2026-09-15,NEM,PrimeTrading_,2100020786127941890,2414,4,
2026-09-15,TOP,PrimeTrading_,2100020786127941890,2414,4,
2026-09-15,VEEV,PrimeTrading_,2100020786127941890,2414,4,
2026-09-15,WDAY,PrimeTrading_,2100020786127941890,2414,4,
2026-09-15,WPM,PrimeTrading_,2100020786127941890,2414,4,
2026-09-15,DOCN,NickSchmidt,2100003888535310372,1248,0,recap
2026-09-15,RNG,NickSchmidt,2100003888535310372,1248,0,recap
2026-09-15,XOP,bluechipdaily,2100002979180892233,5601,7,recap
2026-09-15,SPX,TailThatWagsDog,2100000215923384462,1982,1,
2026-09-15,USO,GnT_Trades,2099997046824370427,687,0,
2026-09-15,APY,NickSchmidt,2099996727826592052,7703,2,
2026-09-15,AMD,GnT_Trades,2099994548785021173,4492,4,
2026-09-15,AMZN,GnT_Trades,2099994548785021173,4492,4,
2026-09-15,ARM,GnT_Trades,2099994548785021173,4492,4,
2026-09-15,CIBR,GnT_Trades,2099994548785021173,4492,4,
2026-09-15,COIN,GnT_Trades,2099994548785021173,4492,4,
2026-09-15,COP,GnT_Trades,2099994548785021173,4492,4,
2026-09-15,CRCL,GnT_Trades,2099994548785021173,4492,4,
2026-09-15,CRWD,GnT_Trades,2099994548785021173,4492,4,
2026-09-15,DELL,GnT_Trades,2099994548785021173,4492,4,
2026-09-15,DIA,GnT_Trades,2099994548785021173,4492,4,
2026-09-15,EOG,GnT_Trades,2099994548785021173,4492,4,
2026-09-15,ETHA,GnT_Trades,2099994548785021173,4492,4,
2026-09-15,GOOGL,GnT_Trades,2099994548785021173,4492,4,
2026-09-15,HOOD,GnT_Trades,2099994548785021173,4492,4,
2026-09-15,IBIT,GnT_Trades,2099994548785021173,4492,4,
2026-09-15,IGV,GnT_Trades,2099994548785021173,4492,4,
2026-09-15,INTC,GnT_Trades,2099994548785021173,4492,4,
2026-09-15,IWM,GnT_Trades,2099994548785021173,4492,4,
2026-09-15,META,GnT_Trades,2099994548785021173,4492,4,
2026-09-15,MPC,GnT_Trades,2099994548785021173,4492,4,
2026-09-15,MSFT,GnT_Trades,2099994548785021173,4492,4,
2026-09-15,MSTR,GnT_Trades,2099994548785021173,4492,4,
2026-09-15,NVDA,GnT_Trades,2099994548785021173,4492,4,
2026-09-15,PANW,GnT_Trades,2099994548785021173,4492,4,
2026-09-15,PURR,GnT_Trades,2099994548785021173,4492,4,
2026-09-15,QCOM,GnT_Trades,2099994548785021173,4492,4,
2026-09-15,QQQ,GnT_Trades,2099994548785021173,4492,4,
2026-09-15,RBRK,GnT_Trades,2099994548785021173,4492,4,
2026-09-15,RSP,GnT_Trades,2099994548785021173,4492,4,
2026-09-15,SM,GnT_Trades,2099994548785021173,4492,4,
2026-09-15,SPX,GnT_Trades,2099994548785021173,4492,4,
2026-09-15,SPY,GnT_Trades,2099994548785021173,4492,4,
2026-09-15,TWLO,GnT_Trades,2099994548785021173,4492,4,
2026-09-15,VLO,GnT_Trades,2099994548785021173,4492,4,
2026-09-15,XLE,GnT_Trades,2099994548785021173,4492,4,
2026-09-15,ZS,GnT_Trades,2099994548785021173,4492,4,
2026-09-15,AAOI,RealSimpleAriel,2099991131861942512,17417,28,
2026-09-15,AMD,RealSimpleAriel,2099991131861942512,17417,28,
2026-09-15,ASML,RealSimpleAriel,2099991131861942512,17417,28,
2026-09-15,AVGO,RealSimpleAriel,2099991131861942512,17417,28,
2026-09-15,BTC,RealSimpleAriel,2099991131861942512,17417,28,
2026-09-15,CAKE,RealSimpleAriel,2099991131861942512,17417,28,
2026-09-15,CAVA,RealSimpleAriel,2099991131861942512,17417,28,
2026-09-15,COHR,RealSimpleAriel,2099991131861942512,17417,28,
2026-09-15,CRCL,RealSimpleAriel,2099991131861942512,17417,28,
2026-09-15,EAT,RealSimpleAriel,2099991131861942512,17417,28,
2026-09-15,ETH,RealSimpleAriel,2099991131861942512,17417,28,
2026-09-15,EWY,RealSimpleAriel,2099991131861942512,17417,28,
2026-09-15,GLW,RealSimpleAriel,2099991131861942512,17417,28,
2026-09-15,LITE,RealSimpleAriel,2099991131861942512,17417,28,
2026-09-15,MAGS,RealSimpleAriel,2099991131861942512,17417,28,
2026-09-15,MU,RealSimpleAriel,2099991131861942512,17417,28,
2026-09-15,OIH,RealSimpleAriel,2099991131861942512,17417,28,
2026-09-15,QQQE,RealSimpleAriel,2099991131861942512,17417,28,
2026-09-15,RSP,RealSimpleAriel,2099991131861942512,17417,28,
2026-09-15,SKHY,RealSimpleAriel,2099991131861942512,17417,28,
2026-09-15,SMH,RealSimpleAriel,2099991131861942512,17417,28,
2026-09-15,SNDK,RealSimpleAriel,2099991131861942512,17417,28,
2026-09-15,SWKS,RealSimpleAriel,2099991131861942512,17417,28,
2026-09-15,TSM,RealSimpleAriel,2099991131861942512,17417,28,
2026-09-15,TXRH,RealSimpleAriel,2099991131861942512,17417,28,
2026-09-15,WDC,RealSimpleAriel,2099991131861942512,17417,28,
2026-09-15,XLE,RealSimpleAriel,2099991131861942512,17417,28,
2026-09-15,XOP,RealSimpleAriel,2099991131861942512,17417,28,
2026-09-15,NET,bluechipdaily,2099984863981920624,4262,4,recap
2026-09-15,CRWD,bluechipdaily,2099984514852311179,4477,4,recap
2026-09-15,AMD,cfromhertz,2099966760782905455,9696,3,recap
2026-09-15,ARKG,cfromhertz,2099966760782905455,9696,3,recap
2026-09-15,CF,cfromhertz,2099966760782905455,9696,3,
2026-09-15,CRWD,cfromhertz,2099966760782905455,9696,3,recap
2026-09-15,FTNT,cfromhertz,2099966760782905455,9696,3,recap
2026-09-15,NTRA,cfromhertz,2099966760782905455,9696,3,recap
2026-09-15,OKTA,cfromhertz,2099966760782905455,9696,3,recap
2026-09-15,SMB,TheOneLanceB,2099949614363554190,15965,51,
2026-09-15,YT,TheOneLanceB,2099949614363554190,15965,51,
2026-09-15,CAR,TheOneLanceB,2099947145319363065,307,0,mention
2026-09-15,CFTC,TheShortBear,2099944545009991721,17505,1,
2026-09-15,CRCL,Venu_7_,2099942473481220567,494,2,
2026-09-15,HOOD,Venu_7_,2099942473481220567,494,2,
2026-09-15,AVWAP,Venu_7_,2099938911745417627,22760,34,
2026-09-15,CRCL,Venu_7_,2099938911745417627,22760,34,watching
2026-09-15,HOOD,Venu_7_,2099938911745417627,22760,34,watching
2026-09-15,TEM,Venu_7_,2099938911745417627,22760,34,recap
2026-09-15,XLF,cfromhertz,2099933613865189618,4442,0,mention
2026-09-15,COIN,GnT_Trades,2099932438679974170,11914,4,mention
2026-09-15,CRCL,GnT_Trades,2099932438679974170,11914,4,mention
2026-09-15,MSTR,GnT_Trades,2099932438679974170,11914,4,mention
2026-09-15,PURR,GnT_Trades,2099932438679974170,11914,4,mention
2026-09-15,ADM,cfromhertz,2099932409378582641,4107,1,
2026-09-15,BG,cfromhertz,2099932409378582641,4107,1,
2026-09-15,CF,cfromhertz,2099932409378582641,4107,1,
2026-09-15,CTVA,cfromhertz,2099932409378582641,4107,1,
2026-09-15,DE,cfromhertz,2099932409378582641,4107,1,
2026-09-15,NTR,cfromhertz,2099932409378582641,4107,1,
2026-09-15,VEGI,cfromhertz,2099932409378582641,4107,1,
2026-09-15,ACT,ripster47,2099930737872966059,45195,0,
2026-09-15,BMNR,ripster47,2099930737872966059,45195,0,mention
2026-09-15,COIN,ripster47,2099930737872966059,45195,0,mention
2026-09-15,CRCL,ripster47,2099930737872966059,45195,0,mention
2026-09-15,GOING,ripster47,2099930737872966059,45195,0,
2026-09-15,MSTR,ripster47,2099930737872966059,45195,0,mention
2026-09-15,NOW,ripster47,2099930737872966059,45195,0,
2026-09-15,RIGHT,ripster47,2099930737872966059,45195,0,
2026-09-15,VOTE,ripster47,2099930737872966059,45195,0,
2026-09-15,USO,NickSchmidt,2099929649119707189,5440,0,mention
2026-09-15,MAGS,thesetupfactory,2099928892119376011,1034,2,
2026-09-15,RSP,thesetupfactory,2099928892119376011,1034,2,
2026-09-15,USO,1ChartMaster,2099924848105468217,9474,2,recap
2026-09-15,MU,RealSimpleAriel,2099924703292932405,15954,8,mention
2026-09-15,SNDK,RealSimpleAriel,2099924703292932405,15954,8,mention
2026-09-15,ALAB,ripster47,2099922941446160777,1580,1,watching
2026-09-15,CRDO,ripster47,2099922941446160777,1580,1,watching
2026-09-15,CAKE,ShakePryzby1,2099922668707520929,7044,22,mention
2026-09-15,RSP,ShakePryzby1,2099922668707520929,7044,22,mention
2026-09-15,MPC,1ChartMaster,2099922121493217335,7232,11,long
2026-09-15,PSX,1ChartMaster,2099922121493217335,7232,11,long
2026-09-15,USO,1ChartMaster,2099922121493217335,7232,11,long
2026-09-15,VLO,1ChartMaster,2099922121493217335,7232,11,long
2026-09-15,QQQ,thesetupfactory,2099920415904927809,1226,1,mention
2026-09-15,ADE,RealJGBanks,2099919948181086267,566,0,
2026-09-15,DAILY,RealJGBanks,2099919948181086267,566,0,
2026-09-15,CRDO,ripster47,2099918565147033743,23849,8,watching
2026-09-15,USO,TheProfInvestor,2099917694338502740,45667,84,short
2026-09-15,WORST,TheProfInvestor,2099917694338502740,45667,84,
2026-09-15,ILMN,thesetupfactory,2099917684406149312,971,0,recap
2026-09-15,ZETA,TheProfInvestor,2099916374890164532,26484,31,recap
2026-09-15,TTG,cfromhertz,2099912975771418765,4179,1,
2026-09-15,SMH,RealSimpleAriel,2099912155252285518,11257,7,mention
2026-09-15,VIX,RealSimpleAriel,2099912155252285518,11257,7,mention
2026-09-15,XLE,RealSimpleAriel,2099912155252285518,11257,7,mention
2026-09-15,XLF,RealSimpleAriel,2099912155252285518,11257,7,mention
2026-09-15,VJ,Venu_7_,2099909847483580863,285,0,
2026-09-15,FIVN,ShakePryzby1,2099908242558288248,301,0,
2026-09-15,PLTR,ShakePryzby1,2099908242558288248,301,0,
2026-09-15,RKLB,Venu_7_,2099907106178736435,17477,27,watching
2026-09-15,BONDS,cfromhertz,2099907090655404232,4628,2,
2026-09-15,DRAW,cfromhertz,2099907090655404232,4628,2,
2026-09-15,PRE,cfromhertz,2099907090655404232,4628,2,
2026-09-15,SALE,cfromhertz,2099907090655404232,4628,2,
2026-09-15,TLT,cfromhertz,2099907090655404232,4628,2,mention
2026-09-15,WHEN,cfromhertz,2099907090655404232,4628,2,
2026-09-15,YIELD,cfromhertz,2099907090655404232,4628,2,
2026-09-15,USO,RealSimpleAriel,2099905446731448334,14028,1,mention
2026-09-15,USO,bluechipdaily,2099904243981267012,6987,1,watching
2026-09-15,DB,ConnorJBates_,2099902927062127022,15432,6,
2026-09-15,CELC,ripster47,2099901151277707450,26724,2,watching
2026-09-15,NTRA,cfromhertz,2099899281431834751,5287,0,recap
2026-09-15,CRWD,RealSimpleAriel,2099898541799883149,11328,7,
2026-09-15,FTNT,RealSimpleAriel,2099898541799883149,11328,7,
2026-09-15,NOW,RealSimpleAriel,2099898541799883149,11328,7,
2026-09-15,OKTA,RealSimpleAriel,2099898541799883149,11328,7,
2026-09-15,TEAM,RealSimpleAriel,2099898541799883149,11328,7,
2026-09-15,TENB,RealSimpleAriel,2099898541799883149,11328,7,
2026-09-15,TWLO,RealSimpleAriel,2099898541799883149,11328,7,
2026-09-15,ZETA,RealSimpleAriel,2099898541799883149,11328,7,
2026-09-15,AVWAP,Venu_7_,2099897402325168378,15268,205,
2026-09-15,AVWAP,Venu_7_,2099893097253748749,332,0,
2026-09-15,AVWAP,Venu_7_,2099892244245553239,14794,20,
2026-09-15,TEM,Venu_7_,2099892244245553239,14794,20,recap
2026-09-15,AAPL,TheProfInvestor,2099889471256932458,21911,18,mention
2026-09-15,CRWD,ripster47,2099886131181416557,28044,2,recap
2026-09-15,APP,Venu_7_,2099879598834241717,488,0,watching
2026-09-15,PLTR,Venu_7_,2099879598834241717,488,0,mention
2026-09-15,USD,TheShortBear,2099878152600187202,745,0,
2026-09-15,SAIL,Venu_7_,2099877166297354644,8237,16,watching
2026-09-15,SPX,TheProfInvestor,2099877125767774319,40594,51,mention
2026-09-15,SPY,TheProfInvestor,2099877125767774319,40594,51,mention
2026-09-15,MU,Jake__Wujastyk,2099876037987590160,31479,2,mention
2026-09-15,NOW,Jake__Wujastyk,2099876037987590160,31479,2,mention
2026-09-15,NVDA,Jake__Wujastyk,2099876037987590160,31479,2,mention
2026-09-15,QQQ,ripster47,2099874731323203829,23398,9,mention
2026-09-15,SPY,ripster47,2099874731323203829,23398,9,mention
2026-09-15,VIX,ripster47,2099874731323203829,23398,9,
2026-09-15,EU,TheShortBear,2099874580449935418,20966,10,
2026-09-15,TRUMP,TheShortBear,2099874580449935418,20966,10,mention
2026-09-15,VOTE,TheShortBear,2099874580449935418,20966,10,
2026-09-15,YES,TheShortBear,2099874580449935418,20966,10,
2026-09-15,NTAP,wey_how12640,2099873402593153526,1387,4,long
2026-09-15,AMD,Venu_7_,2099872855085465940,12034,19,watching
2026-09-15,NET,wey_how12640,2099871911962669062,1446,3,long
2026-09-15,ITS,Clement_Ang17,2099871869981839490,162,0,
2026-09-15,META,RealJGBanks,2099871764507410605,25149,201,recap
2026-09-15,SETUP,RealJGBanks,2099871764507410605,25149,201,
2026-09-15,THIS,RealJGBanks,2099871764507410605,25149,201,
2026-09-15,TODAY,RealJGBanks,2099871764507410605,25149,201,
2026-09-15,TRADE,RealJGBanks,2099871764507410605,25149,201,
2026-09-15,RBRK,Venu_7_,2099869687794581896,2110,0,watching
2026-09-15,ARR,Venu_7_,2099869683532841345,12669,12,
2026-09-15,GAAP,Venu_7_,2099869683532841345,12669,12,
2026-09-15,RBRK,Venu_7_,2099869683532841345,12669,12,watching
2026-09-15,APA,cfromhertz,2099866134870712600,4640,0,recap
2026-09-15,EOG,cfromhertz,2099866134870712600,4640,0,recap
2026-09-15,FCG,cfromhertz,2099866134870712600,4640,0,recap
2026-09-15,OXY,cfromhertz,2099866134870712600,4640,0,recap
2026-09-15,MTF,ripster47,2099864013702136131,24814,3,
2026-09-15,QQQ,ripster47,2099864013702136131,24814,3,mention
2026-09-15,SPY,ripster47,2099864013702136131,24814,3,mention
2026-09-15,XBI,RealSimpleAriel,2099863245712433594,10573,3,mention
2026-09-15,FRO,1ChartMaster,2099862103393714453,6129,5,mention
2026-09-15,INSW,1ChartMaster,2099862103393714453,6129,5,mention
2026-09-15,BULL,MisterLowRisk,2099860875590967635,8696,50,recap
2026-09-15,AF,1ChartMaster,2099860855982633047,10203,20,
2026-09-15,LSEG,jfsrev,2099859057914118460,12047,6,
2026-09-15,PS,jfsrev,2099859057914118460,12047,6,
2026-09-15,BE,1ChartMaster,2099858008847069272,10265,7,recap
2026-09-15,DE,cfromhertz,2099856251416907928,4228,1,watching
2026-09-15,AMD,1ChartMaster,2099856183649620032,7704,9,long
2026-09-15,BEEN,RealJGBanks,2099852882325500092,108030,689,
2026-09-15,EVERY,RealJGBanks,2099852882325500092,108030,689,
2026-09-15,LPL,RealJGBanks,2099852882325500092,108030,689,
2026-09-15,NEXT,RealJGBanks,2099852882325500092,108030,689,
2026-09-15,SPY,RealJGBanks,2099852882325500092,108030,689,mention
2026-09-15,YEAR,RealJGBanks,2099852882325500092,108030,689,
2026-09-15,ADBE,LindaRaschke,2099850028911136858,13205,8,
2026-09-15,ADSK,LindaRaschke,2099850028911136858,13205,8,
2026-09-15,CRDO,LindaRaschke,2099850028911136858,13205,8,
2026-09-15,CRWD,LindaRaschke,2099850028911136858,13205,8,
2026-09-15,MSTR,LindaRaschke,2099850028911136858,13205,8,
2026-09-15,NOW,LindaRaschke,2099850028911136858,13205,8,
2026-09-15,OP,LindaRaschke,2099850028911136858,13205,8,
2026-09-15,RDDT,LindaRaschke,2099850028911136858,13205,8,
2026-09-15,SNOW,LindaRaschke,2099850028911136858,13205,8,
2026-09-15,TEAM,LindaRaschke,2099850028911136858,13205,8,
2026-09-15,OIH,cfromhertz,2099849801454031280,5296,1,mention
2026-09-15,TSF,thesetupfactory,2099849509450768864,1884,1,
2026-09-15,IWM,Jake__Wujastyk,2099849162896662859,45307,7,mention
2026-09-15,QQQ,Jake__Wujastyk,2099849162896662859,45307,7,mention
2026-09-15,SPY,Jake__Wujastyk,2099849162896662859,45307,7,mention
2026-09-15,TNX,Jake__Wujastyk,2099849162896662859,45307,7,mention
2026-09-15,BE,oratnek_ill,2099845977100497379,2061,5,long
2026-09-15,CRWD,oratnek_ill,2099845977100497379,2061,5,long
2026-09-15,DELL,oratnek_ill,2099845977100497379,2061,5,long
2026-09-15,HOOD,oratnek_ill,2099845977100497379,2061,5,long
2026-09-15,LITE,oratnek_ill,2099845977100497379,2061,5,
2026-09-15,MU,oratnek_ill,2099845977100497379,2061,5,long
2026-09-15,RNG,oratnek_ill,2099845977100497379,2061,5,long
2026-09-15,SMTC,oratnek_ill,2099845977100497379,2061,5,
2026-09-15,SNDK,oratnek_ill,2099845977100497379,2061,5,long
2026-09-15,SPCX,oratnek_ill,2099845977100497379,2061,5,long
2026-09-15,SWISS,cfromhertz,2099843371447521323,2640,0,
2026-09-15,GM,GnT_Trades,2099843103175704921,991,0,
2026-09-15,ABCL,oratnek_ill,2099842209424277655,1474,2,
2026-09-15,AI,oratnek_ill,2099842209424277655,1474,2,
2026-09-15,BMNR,oratnek_ill,2099842209424277655,1474,2,
2026-09-15,CDNA,oratnek_ill,2099842209424277655,1474,2,
2026-09-15,CHYM,oratnek_ill,2099842209424277655,1474,2,
2026-09-15,CRCL,oratnek_ill,2099842209424277655,1474,2,
2026-09-15,CRWD,oratnek_ill,2099842209424277655,1474,2,
2026-09-15,DDOG,oratnek_ill,2099842209424277655,1474,2,
2026-09-15,FIVN,oratnek_ill,2099842209424277655,1474,2,
2026-09-15,FTNT,oratnek_ill,2099842209424277655,1474,2,
2026-09-15,HL,oratnek_ill,2099842209424277655,1474,2,
2026-09-15,HNGE,oratnek_ill,2099842209424277655,1474,2,
2026-09-15,IOT,oratnek_ill,2099842209424277655,1474,2,
2026-09-15,IT,oratnek_ill,2099842209424277655,1474,2,
2026-09-15,KD,oratnek_ill,2099842209424277655,1474,2,
2026-09-15,LL,oratnek_ill,2099842209424277655,1474,2,
2026-09-15,NTSK,oratnek_ill,2099842209424277655,1474,2,
2026-09-15,NVAX,oratnek_ill,2099842209424277655,1474,2,
2026-09-15,OKTA,oratnek_ill,2099842209424277655,1474,2,
2026-09-15,OSCR,oratnek_ill,2099842209424277655,1474,2,
2026-09-15,PP,oratnek_ill,2099842209424277655,1474,2,
2026-09-15,RUM,oratnek_ill,2099842209424277655,1474,2,
2026-09-15,S,oratnek_ill,2099842209424277655,1474,2,
2026-09-15,SAIL,oratnek_ill,2099842209424277655,1474,2,
2026-09-15,SBET,oratnek_ill,2099842209424277655,1474,2,
2026-09-15,SDGR,oratnek_ill,2099842209424277655,1474,2,
2026-09-15,TEM,oratnek_ill,2099842209424277655,1474,2,
2026-09-15,W,oratnek_ill,2099842209424277655,1474,2,
2026-09-15,WAY,oratnek_ill,2099842209424277655,1474,2,
2026-09-15,ZS,oratnek_ill,2099842209424277655,1474,2,
2026-09-15,EC,LindaRaschke,2099842167980093457,10111,8,
2026-09-15,BOAT,oratnek_ill,2099841308437500243,1269,2,
2026-09-15,CIBR,oratnek_ill,2099841308437500243,1269,2,
2026-09-15,IAI,oratnek_ill,2099841308437500243,1269,2,
2026-09-15,IGV,oratnek_ill,2099841308437500243,1269,2,
2026-09-15,IHI,oratnek_ill,2099841308437500243,1269,2,
2026-09-15,IPO,oratnek_ill,2099841308437500243,1269,2,
2026-09-15,ITA,oratnek_ill,2099841308437500243,1269,2,
2026-09-15,KIE,oratnek_ill,2099841308437500243,1269,2,
2026-09-15,LIT,oratnek_ill,2099841308437500243,1269,2,
2026-09-15,POWR,oratnek_ill,2099841308437500243,1269,2,
2026-09-15,QTUM,oratnek_ill,2099841308437500243,1269,2,
2026-09-15,REMX,oratnek_ill,2099841308437500243,1269,2,
2026-09-15,SLX,oratnek_ill,2099841308437500243,1269,2,
2026-09-15,SMH,oratnek_ill,2099841308437500243,1269,2,
2026-09-15,TAN,oratnek_ill,2099841308437500243,1269,2,
2026-09-15,URA,oratnek_ill,2099841308437500243,1269,2,
2026-09-15,WGMI,oratnek_ill,2099841308437500243,1269,2,
2026-09-15,AMAT,RealSimpleAriel,2099841062663504318,28338,18,
2026-09-15,ASML,RealSimpleAriel,2099841062663504318,28338,18,
2026-09-15,COIN,RealSimpleAriel,2099841062663504318,28338,18,
2026-09-15,CRCL,RealSimpleAriel,2099841062663504318,28338,18,
2026-09-15,LRCK,RealSimpleAriel,2099841062663504318,28338,18,
2026-09-15,NOK,RealSimpleAriel,2099841062663504318,28338,18,
2026-09-15,NOW,RealSimpleAriel,2099841062663504318,28338,18,
2026-09-15,OKTA,RealSimpleAriel,2099841062663504318,28338,18,
2026-09-15,RBRK,RealSimpleAriel,2099841062663504318,28338,18,
2026-09-15,BOAT,oratnek_ill,2099840777715339306,1144,0,
2026-09-15,CIBR,oratnek_ill,2099840777715339306,1144,0,
2026-09-15,COPX,oratnek_ill,2099840777715339306,1144,0,
2026-09-15,IGV,oratnek_ill,2099840777715339306,1144,0,
2026-09-15,IHI,oratnek_ill,2099840777715339306,1144,0,
2026-09-15,REMX,oratnek_ill,2099840777715339306,1144,0,
2026-09-15,SIL,oratnek_ill,2099840777715339306,1144,0,
2026-09-15,SMH,oratnek_ill,2099840777715339306,1144,0,
2026-09-15,URA,oratnek_ill,2099840777715339306,1144,0,
2026-09-15,WGMI,oratnek_ill,2099840777715339306,1144,0,
2026-09-15,BUG,ConnorJBates_,2099838151325823153,5883,0,recap
2026-09-15,SOXX,ConnorJBates_,2099838151325823153,5883,0,recap
2026-09-15,DAX,LindaRaschke,2099835554523127933,11366,7,
2026-09-15,ATM,TailThatWagsDog,2099824026038276466,2182,6,
2026-09-15,SPX,TailThatWagsDog,2099824026038276466,2182,6,
2026-09-15,TL,Clement_Ang17,2099802144744632589,713,0,
2026-09-15,ARM,wey_how12640,2099785661234475243,2065,1,
2026-09-15,SFTBY,wey_how12640,2099785661234475243,2065,1,mention
2026-09-15,QQQ,Clement_Ang17,2099742613574422773,164,0,mention
2026-09-15,QQQE,Clement_Ang17,2099742613574422773,164,0,mention
2026-09-15,RSP,Clement_Ang17,2099742613574422773,164,0,mention
2026-09-15,PLANS,RealJGBanks,2099738501306569120,20038,1,
2026-09-15,TRADE,RealJGBanks,2099738501306569120,20038,1,
2026-09-16,HPE,1ChartMaster,2100266829620883890,2058,3,
2026-09-16,HVE,1ChartMaster,2100266829620883890,2058,3,
2026-09-16,ARKG,cfromhertz,2100266251352183009,1726,0,
2026-09-16,TTG,cfromhertz,2100266251352183009,1726,0,
2026-09-16,HR,ripster47,2100263785722232846,10549,5,
2026-09-16,MTF,ripster47,2100263785722232846,10549,5,
2026-09-16,NBIS,ripster47,2100263785722232846,10549,5,recap
2026-09-16,TACO,ShakePryzby1,2100260059649617954,1619,4,
2026-09-16,TLT,ShakePryzby1,2100260059649617954,1619,4,
2026-09-16,XI,ShakePryzby1,2100260059649617954,1619,4,
2026-09-16,RBRK,Venu_7_,2100259402733465715,6340,13,
2026-09-16,ES,ripster47,2100258747784282400,280,0,
2026-09-16,NQ,ripster47,2100258747784282400,280,0,
2026-09-16,SPX,ripster47,2100258747784282400,280,0,
2026-09-16,SPY,ripster47,2100258747784282400,280,0,
2026-09-16,MRVL,thesetupfactory,2100258005409255776,370,2,mention
2026-09-16,SMH,thesetupfactory,2100258005409255776,370,2,
2026-09-16,CDNA,1ChartMaster,2100255677180518760,3307,5,
2026-09-16,FPS,thesetupfactory,2100254406490886154,398,0,
2026-09-16,GAAP,ripster47,2100253759255273714,797,0,
2026-09-16,MCP,ripster47,2100253759255273714,797,0,
2026-09-16,PDT,ripster47,2100253759255273714,797,0,
2026-09-16,MPC,1ChartMaster,2100252918863524210,3400,0,recap
2026-09-16,VLO,1ChartMaster,2100252918863524210,3400,0,recap
2026-09-16,DAYS,cfromhertz,2100250534611444173,3948,0,
2026-09-16,HALF,cfromhertz,2100250534611444173,3948,0,
2026-09-16,KEY,cfromhertz,2100250534611444173,3948,0,
2026-09-16,OIL,cfromhertz,2100250534611444173,3948,0,
2026-09-16,SEEK,cfromhertz,2100250534611444173,3948,0,
2026-09-16,PEG,Venu_7_,2100248655475380657,367,1,
2026-09-16,AF,1ChartMaster,2100247716701901018,4400,1,
2026-09-16,QQQ,ripster47,2100245771320791260,15532,1,
2026-09-16,PAYP,wey_how12640,2100245383415034247,870,2,
2026-09-16,TAM,wey_how12640,2100245383415034247,870,2,
2026-09-16,AAL,GnT_Trades,2100238614009385264,3816,5,
2026-09-16,DAL,GnT_Trades,2100238614009385264,3816,5,
2026-09-16,JETS,GnT_Trades,2100238614009385264,3816,5,
2026-09-16,UAL,GnT_Trades,2100238614009385264,3816,5,
2026-09-16,PW,TailThatWagsDog,2100236586042486815,85,0,
2026-09-16,DINO,RealSimpleAriel,2100233987922731177,7334,3,
2026-09-16,MPC,RealSimpleAriel,2100233987922731177,7334,3,
2026-09-16,OIH,RealSimpleAriel,2100233987922731177,7334,3,
2026-09-16,PSX,RealSimpleAriel,2100233987922731177,7334,3,
2026-09-16,VLO,RealSimpleAriel,2100233987922731177,7334,3,
2026-09-16,XLE,RealSimpleAriel,2100233987922731177,7334,3,
2026-09-16,XOP,RealSimpleAriel,2100233987922731177,7334,3,
2026-09-16,ES,TheOneLanceB,2100233666979156309,200,0,
2026-09-16,NQ,TheOneLanceB,2100233666979156309,200,0,
2026-09-16,CRDO,ripster47,2100232281218539695,19290,2,recap
2026-09-16,NBIS,Venu_7_,2100232093087445494,12908,15,watching
2026-09-16,FRO,1ChartMaster,2100230973417730300,4336,1,
2026-09-16,INSW,1ChartMaster,2100230973417730300,4336,1,
2026-09-16,FOMO,TheProfInvestor,2100229367846797822,19442,7,
2026-09-16,COIN,ripster47,2100228767205441968,16739,1,recap
2026-09-16,CRCL,ripster47,2100228767205441968,16739,1,recap
2026-09-16,MSTR,ripster47,2100228767205441968,16739,1,recap
2026-09-16,BE,1ChartMaster,2100228005788340383,5842,3,recap
2026-09-16,BE,ripster47,2100227540304400476,16623,7,recap
2026-09-16,CRDO,ripster47,2100227540304400476,16623,7,recap
2026-09-16,HR,ripster47,2100227540304400476,16623,7,
2026-09-16,MRVL,ripster47,2100227540304400476,16623,7,recap
2026-09-16,MTF,ripster47,2100227540304400476,16623,7,
2026-09-16,ANET,Venu_7_,2100225845222916591,9491,33,
2026-09-16,BE,Venu_7_,2100225845222916591,9491,33,watching
2026-09-16,NOW,Venu_7_,2100225845222916591,9491,33,
2026-09-16,SPCX,Venu_7_,2100225845222916591,9491,33,watching
2026-09-16,PANW,TheProfInvestor,2100225810464670206,16220,11,watching
2026-09-16,SPCX,ripster47,2100225219864502344,18830,1,recap
2026-09-16,AMD,1ChartMaster,2100222950473449681,5443,0,recap
2026-09-16,BE,1ChartMaster,2100222950473449681,5443,0,recap
2026-09-16,INTC,1ChartMaster,2100222950473449681,5443,0,recap
2026-09-16,IYKYK,1ChartMaster,2100222950473449681,5443,0,
2026-09-16,BE,ripster47,2100221931190382763,21014,6,
2026-09-16,BS,ripster47,2100221931190382763,21014,6,
2026-09-16,CBRS,ripster47,2100221931190382763,21014,6,
2026-09-16,CRDO,ripster47,2100221931190382763,21014,6,
2026-09-16,DELL,ripster47,2100221931190382763,21014,6,
2026-09-16,NBIS,ripster47,2100221931190382763,21014,6,
2026-09-16,SKHY,ripster47,2100221931190382763,21014,6,
2026-09-16,AMD,cfromhertz,2100220107670667362,3828,3,watching
2026-09-16,MRVL,ConnorJBates_,2100220032059879541,5991,12,watching
2026-09-16,CRDO,ripster47,2100218038008078384,23509,2,recap
2026-09-16,BE,ConnorJBates_,2100218031565607334,6564,13,watching
2026-09-16,TV,bluechipdaily,2100217937881706843,5100,1,
2026-09-16,AMD,1ChartMaster,2100217731010211929,5560,8,recap
2026-09-16,TLT,cfromhertz,2100214955110748281,10192,1,
2026-09-16,DAY,RealJGBanks,2100210682058719319,11347,37,
2026-09-16,MADE,RealJGBanks,2100210682058719319,11347,37,
2026-09-16,META,RealJGBanks,2100210682058719319,11347,37,
2026-09-16,TAKEN,RealJGBanks,2100210682058719319,11347,37,
2026-09-16,THIS,RealJGBanks,2100210682058719319,11347,37,
2026-09-16,TRADE,RealJGBanks,2100210682058719319,11347,37,
2026-09-16,AAPL,cfromhertz,2100209296134811767,4693,2,
2026-09-16,APPLE,cfromhertz,2100209296134811767,4693,2,
2026-09-16,BEEN,cfromhertz,2100209296134811767,4693,2,
2026-09-16,DELL,cfromhertz,2100209296134811767,4693,2,
2026-09-16,HPE,cfromhertz,2100209296134811767,4693,2,
2026-09-16,SMCI,cfromhertz,2100209296134811767,4693,2,
2026-09-16,HR,ripster47,2100208836279697565,19447,4,
2026-09-16,MTF,ripster47,2100208836279697565,19447,4,
2026-09-16,NOTE,ripster47,2100208836279697565,19447,4,
2026-09-16,PMH,ripster47,2100208836279697565,19447,4,
2026-09-16,QQQ,ripster47,2100208836279697565,19447,4,
2026-09-16,SPY,ripster47,2100208836279697565,19447,4,
2026-09-16,TENET,ripster47,2100208836279697565,19447,4,
2026-09-16,VIX,ripster47,2100208836279697565,19447,4,
2026-09-16,APY,Venu_7_,2100208093455941901,1727,0,
2026-09-16,FINRA,Venu_7_,2100208093455941901,1727,0,
2026-09-16,MFI,Venu_7_,2100208093455941901,1727,0,
2026-09-16,SIPC,Venu_7_,2100208093455941901,1727,0,
2026-09-16,APY,Venu_7_,2100208092851896805,2125,1,
2026-09-16,NTRA,cfromhertz,2100203010529923336,368,0,
2026-09-16,AUG,cfromhertz,2100200682569490596,8106,3,
2026-09-16,EST,cfromhertz,2100200682569490596,8106,3,
2026-09-16,RISE,cfromhertz,2100200682569490596,8106,3,
2026-09-16,SALES,cfromhertz,2100200682569490596,8106,3,
2026-09-16,ADPT,oratnek_ill,2100199858984587433,1129,3,
2026-09-16,DELL,oratnek_ill,2100199858984587433,1129,3,
2026-09-16,FIVN,oratnek_ill,2100199858984587433,1129,3,
2026-09-16,FTNT,oratnek_ill,2100199858984587433,1129,3,
2026-09-16,FTRE,oratnek_ill,2100199858984587433,1129,3,
2026-09-16,GH,oratnek_ill,2100199858984587433,1129,3,
2026-09-16,HL,oratnek_ill,2100199858984587433,1129,3,
2026-09-16,ILMN,oratnek_ill,2100199858984587433,1129,3,
2026-09-16,KOS,oratnek_ill,2100199858984587433,1129,3,
2026-09-16,LL,oratnek_ill,2100199858984587433,1129,3,
2026-09-16,MOS,oratnek_ill,2100199858984587433,1129,3,
2026-09-16,PBF,oratnek_ill,2100199858984587433,1129,3,
2026-09-16,PGEN,oratnek_ill,2100199858984587433,1129,3,
2026-09-16,PP,oratnek_ill,2100199858984587433,1129,3,
2026-09-16,PTEN,oratnek_ill,2100199858984587433,1129,3,
2026-09-16,SMTC,oratnek_ill,2100199858984587433,1129,3,
2026-09-16,TEM,oratnek_ill,2100199858984587433,1129,3,
2026-09-16,TENB,oratnek_ill,2100199858984587433,1129,3,
2026-09-16,TWLO,oratnek_ill,2100199858984587433,1129,3,
2026-09-16,BLOK,oratnek_ill,2100199356687340027,968,0,
2026-09-16,BOAT,oratnek_ill,2100199356687340027,968,0,
2026-09-16,CIBR,oratnek_ill,2100199356687340027,968,0,
2026-09-16,FINX,oratnek_ill,2100199356687340027,968,0,
2026-09-16,IAI,oratnek_ill,2100199356687340027,968,0,
2026-09-16,IPO,oratnek_ill,2100199356687340027,968,0,
2026-09-16,ITA,oratnek_ill,2100199356687340027,968,0,
2026-09-16,KARS,oratnek_ill,2100199356687340027,968,0,
2026-09-16,KIE,oratnek_ill,2100199356687340027,968,0,
2026-09-16,KRE,oratnek_ill,2100199356687340027,968,0,
2026-09-16,POWR,oratnek_ill,2100199356687340027,968,0,
2026-09-16,REMX,oratnek_ill,2100199356687340027,968,0,
2026-09-16,TAN,oratnek_ill,2100199356687340027,968,0,
2026-09-16,UFO,oratnek_ill,2100199356687340027,968,0,
2026-09-16,URA,oratnek_ill,2100199356687340027,968,0,
2026-09-16,WGMI,oratnek_ill,2100199356687340027,968,0,
2026-09-16,WOOD,oratnek_ill,2100199356687340027,968,0,
2026-09-16,WQTM,oratnek_ill,2100199356687340027,968,0,
2026-09-16,XOP,oratnek_ill,2100199356687340027,968,0,
2026-09-16,XRT,oratnek_ill,2100199356687340027,968,0,
2026-09-16,JBHT,ConnorJBates_,2100198864863051785,5541,3,
2026-09-16,BLOK,oratnek_ill,2100198605810549114,917,0,
2026-09-16,BOAT,oratnek_ill,2100198605810549114,917,0,
2026-09-16,CIBR,oratnek_ill,2100198605810549114,917,0,
2026-09-16,FINX,oratnek_ill,2100198605810549114,917,0,
2026-09-16,REMX,oratnek_ill,2100198605810549114,917,0,
2026-09-16,URA,oratnek_ill,2100198605810549114,917,0,
2026-09-16,WGMI,oratnek_ill,2100198605810549114,917,0,
2026-09-16,WOOD,oratnek_ill,2100198605810549114,917,0,
2026-09-16,XOP,oratnek_ill,2100198605810549114,917,0,
2026-09-16,ARKG,cfromhertz,2100197794300440840,4836,4,
2026-09-16,XBI,cfromhertz,2100197794300440840,4836,4,
2026-09-16,GEV,LindaRaschke,2100196823910506549,8914,6,
2026-09-16,LITE,LindaRaschke,2100196823910506549,8914,6,watching
2026-09-16,AMC,jfsrev,2100422254345789891,6098,20,
2026-09-16,ASAN,jfsrev,2100422254345789891,6098,20,
2026-09-16,ASST,jfsrev,2100422254345789891,6098,20,
2026-09-16,AXTI,jfsrev,2100422254345789891,6098,20,
2026-09-16,BRKR,jfsrev,2100422254345789891,6098,20,
2026-09-16,CRWD,jfsrev,2100422254345789891,6098,20,
2026-09-16,DELL,jfsrev,2100422254345789891,6098,20,
2026-09-16,DOCN,jfsrev,2100422254345789891,6098,20,
2026-09-16,FIVN,jfsrev,2100422254345789891,6098,20,
2026-09-16,FROG,jfsrev,2100422254345789891,6098,20,
2026-09-16,FSLY,jfsrev,2100422254345789891,6098,20,
2026-09-16,HPE,jfsrev,2100422254345789891,6098,20,
2026-09-16,IOT,jfsrev,2100422254345789891,6098,20,
2026-09-16,LITE,jfsrev,2100422254345789891,6098,20,
2026-09-16,NET,jfsrev,2100422254345789891,6098,20,
2026-09-16,NTSK,jfsrev,2100422254345789891,6098,20,
2026-09-16,OKTA,jfsrev,2100422254345789891,6098,20,
2026-09-16,PANW,jfsrev,2100422254345789891,6098,20,
2026-09-16,PBF,jfsrev,2100422254345789891,6098,20,
2026-09-16,QCOM,jfsrev,2100422254345789891,6098,20,
2026-09-16,RBRK,jfsrev,2100422254345789891,6098,20,
2026-09-16,S,jfsrev,2100422254345789891,6098,20,
2026-09-16,SAIL,jfsrev,2100422254345789891,6098,20,
2026-09-16,SEI,jfsrev,2100422254345789891,6098,20,
2026-09-16,SMTC,jfsrev,2100422254345789891,6098,20,
2026-09-16,SPCX,jfsrev,2100422254345789891,6098,20,
2026-09-16,SWKS,jfsrev,2100422254345789891,6098,20,
2026-09-16,TEM,jfsrev,2100422254345789891,6098,20,
2026-09-16,TENB,jfsrev,2100422254345789891,6098,20,
2026-09-16,TXG,jfsrev,2100422254345789891,6098,20,
2026-09-16,ZS,jfsrev,2100422254345789891,6098,20,
2026-09-16,BTC,Clement_Ang17,2100420596714922306,2373,3,
2026-09-16,DXY,Clement_Ang17,2100420596714922306,2373,3,
2026-09-16,ETH,Clement_Ang17,2100420596714922306,2373,3,
2026-09-16,SOL,Clement_Ang17,2100420596714922306,2373,3,
2026-09-16,SPY,AmeetRai,2100409654559842614,3928,4,
2026-09-16,SMTC,wey_how12640,2100402472917610882,938,2,long
2026-09-16,ANET,PrimeTrading_,2100401210507538644,1963,5,
2026-09-16,CDN,PrimeTrading_,2100401210507538644,1963,5,
2026-09-16,FOCUS,PrimeTrading_,2100401210507538644,1963,5,
2026-09-16,FSLY,PrimeTrading_,2100401210507538644,1963,5,
2026-09-16,GPU,PrimeTrading_,2100401210507538644,1963,5,
2026-09-16,HPC,PrimeTrading_,2100401210507538644,1963,5,
2026-09-16,HPE,PrimeTrading_,2100401210507538644,1963,5,
2026-09-16,IDEAS,PrimeTrading_,2100401210507538644,1963,5,
2026-09-16,INFQ,PrimeTrading_,2100401210507538644,1963,5,
2026-09-16,INTC,PrimeTrading_,2100401210507538644,1963,5,
2026-09-16,IREN,PrimeTrading_,2100401210507538644,1963,5,
2026-09-16,LIST,PrimeTrading_,2100401210507538644,1963,5,
2026-09-16,NTAP,PrimeTrading_,2100401210507538644,1963,5,
2026-09-16,PLTR,PrimeTrading_,2100401210507538644,1963,5,
2026-09-16,PURR,PrimeTrading_,2100401210507538644,1963,5,
2026-09-16,SKHY,PrimeTrading_,2100401210507538644,1963,5,
2026-09-16,SNOW,PrimeTrading_,2100401210507538644,1963,5,
2026-09-16,TOP,PrimeTrading_,2100401210507538644,1963,5,
2026-09-16,U,PrimeTrading_,2100401210507538644,1963,5,
2026-09-16,ANET,PrimeTrading_,2100400055337222265,1720,4,
2026-09-16,CD,PrimeTrading_,2100400055337222265,1720,4,
2026-09-16,CDW,PrimeTrading_,2100400055337222265,1720,4,
2026-09-16,CI,PrimeTrading_,2100400055337222265,1720,4,
2026-09-16,CRO,PrimeTrading_,2100400055337222265,1720,4,
2026-09-16,HPE,PrimeTrading_,2100400055337222265,1720,4,
2026-09-16,HPQ,PrimeTrading_,2100400055337222265,1720,4,
2026-09-16,NOW,PrimeTrading_,2100400055337222265,1720,4,
2026-09-16,SNOW,PrimeTrading_,2100400055337222265,1720,4,
2026-09-16,SPOT,PrimeTrading_,2100400055337222265,1720,4,
2026-09-16,TOP,PrimeTrading_,2100400055337222265,1720,4,
2026-09-16,TWLO,PrimeTrading_,2100400055337222265,1720,4,
2026-09-16,VEEV,PrimeTrading_,2100400055337222265,1720,4,
2026-09-16,AVT,PrimeTrading_,2100399839804563790,1715,3,
2026-09-16,AXTI,PrimeTrading_,2100399839804563790,1715,3,
2026-09-16,BBY,PrimeTrading_,2100399839804563790,1715,3,
2026-09-16,BOX,PrimeTrading_,2100399839804563790,1715,3,
2026-09-16,BRKR,PrimeTrading_,2100399839804563790,1715,3,
2026-09-16,CVE,PrimeTrading_,2100399839804563790,1715,3,
2026-09-16,FROG,PrimeTrading_,2100399839804563790,1715,3,
2026-09-16,FTNT,PrimeTrading_,2100399839804563790,1715,3,
2026-09-16,GH,PrimeTrading_,2100399839804563790,1715,3,
2026-09-16,HNGE,PrimeTrading_,2100399839804563790,1715,3,
2026-09-16,HPE,PrimeTrading_,2100399839804563790,1715,3,
2026-09-16,LITE,PrimeTrading_,2100399839804563790,1715,3,
2026-09-16,NET,PrimeTrading_,2100399839804563790,1715,3,
2026-09-16,NUE,PrimeTrading_,2100399839804563790,1715,3,
2026-09-16,OSCR,PrimeTrading_,2100399839804563790,1715,3,
2026-09-16,PANW,PrimeTrading_,2100399839804563790,1715,3,
2026-09-16,PBF,PrimeTrading_,2100399839804563790,1715,3,
2026-09-16,PR,PrimeTrading_,2100399839804563790,1715,3,
2026-09-16,SNOW,PrimeTrading_,2100399839804563790,1715,3,
2026-09-16,TWLO,PrimeTrading_,2100399839804563790,1715,3,
2026-09-16,ANET,PrimeTrading_,2100399634640150744,1693,4,
2026-09-16,AVT,PrimeTrading_,2100399634640150744,1693,4,
2026-09-16,BILL,PrimeTrading_,2100399634640150744,1693,4,
2026-09-16,BOX,PrimeTrading_,2100399634640150744,1693,4,
2026-09-16,CDW,PrimeTrading_,2100399634640150744,1693,4,
2026-09-16,DXCM,PrimeTrading_,2100399634640150744,1693,4,
2026-09-16,FROG,PrimeTrading_,2100399634640150744,1693,4,
2026-09-16,FSLY,PrimeTrading_,2100399634640150744,1693,4,
2026-09-16,HNGE,PrimeTrading_,2100399634640150744,1693,4,
2026-09-16,HPE,PrimeTrading_,2100399634640150744,1693,4,
2026-09-16,INFQ,PrimeTrading_,2100399634640150744,1693,4,
2026-09-16,IT,PrimeTrading_,2100399634640150744,1693,4,
2026-09-16,LITE,PrimeTrading_,2100399634640150744,1693,4,
2026-09-16,NTAP,PrimeTrading_,2100399634640150744,1693,4,
2026-09-16,OSCR,PrimeTrading_,2100399634640150744,1693,4,
2026-09-16,P,PrimeTrading_,2100399634640150744,1693,4,
2026-09-16,PLTR,PrimeTrading_,2100399634640150744,1693,4,
2026-09-16,SKHY,PrimeTrading_,2100399634640150744,1693,4,
2026-09-16,SNOW,PrimeTrading_,2100399634640150744,1693,4,
2026-09-16,TWLO,PrimeTrading_,2100399634640150744,1693,4,
2026-09-16,AMD,PrimeTrading_,2100399533666480346,1615,3,
2026-09-16,AXTI,PrimeTrading_,2100399533666480346,1615,3,
2026-09-16,CRWD,PrimeTrading_,2100399533666480346,1615,3,
2026-09-16,DBX,PrimeTrading_,2100399533666480346,1615,3,
2026-09-16,DELL,PrimeTrading_,2100399533666480346,1615,3,
2026-09-16,DT,PrimeTrading_,2100399533666480346,1615,3,
2026-09-16,FTNT,PrimeTrading_,2100399533666480346,1615,3,
2026-09-16,GH,PrimeTrading_,2100399533666480346,1615,3,
2026-09-16,HNGE,PrimeTrading_,2100399533666480346,1615,3,
2026-09-16,ILMN,PrimeTrading_,2100399533666480346,1615,3,
2026-09-16,LITE,PrimeTrading_,2100399533666480346,1615,3,
2026-09-16,MU,PrimeTrading_,2100399533666480346,1615,3,
2026-09-16,NTRA,PrimeTrading_,2100399533666480346,1615,3,
2026-09-16,OKTA,PrimeTrading_,2100399533666480346,1615,3,
2026-09-16,RNG,PrimeTrading_,2100399533666480346,1615,3,
2026-09-16,RVTY,PrimeTrading_,2100399533666480346,1615,3,
2026-09-16,SMTC,PrimeTrading_,2100399533666480346,1615,3,
2026-09-16,SNDK,PrimeTrading_,2100399533666480346,1615,3,
2026-09-16,TEAM,PrimeTrading_,2100399533666480346,1615,3,
2026-09-16,TEVA,PrimeTrading_,2100399533666480346,1615,3,
2026-09-16,PDH,wey_how12640,2100398827249467643,1217,2,
2026-09-16,SNOW,wey_how12640,2100398827249467643,1217,2,
2026-09-16,GAF,wey_how12640,2100397321376907608,1488,2,
2026-09-16,HL,wey_how12640,2100397321376907608,1488,2,
2026-09-16,LITE,wey_how12640,2100397321376907608,1488,2,long
2026-09-16,FLNC,ripster47,2100396257457922505,636,0,
2026-09-16,INTC,PrimeTrading_,2100391917011800317,1789,0,
2026-09-16,JBHT,PrimeTrading_,2100391917011800317,1789,0,
2026-09-16,LEN,PrimeTrading_,2100391917011800317,1789,0,
2026-09-16,SK,PrimeTrading_,2100391917011800317,1789,0,
2026-09-16,SPCX,PrimeTrading_,2100391917011800317,1789,0,
2026-09-16,TIPS,PrimeTrading_,2100391917011800317,1789,0,
2026-09-16,AMZN,ripster47,2100387214941130981,1384,0,
2026-09-16,GOOGL,ripster47,2100387214941130981,1384,0,
2026-09-16,BE,wey_how12640,2100385223100059758,896,5,
2026-09-16,CRWD,wey_how12640,2100385223100059758,896,5,
2026-09-16,DDOG,wey_how12640,2100385223100059758,896,5,
2026-09-16,DELL,wey_how12640,2100385223100059758,896,5,
2026-09-16,FTNT,wey_how12640,2100385223100059758,896,5,
2026-09-16,INTC,wey_how12640,2100385223100059758,896,5,
2026-09-16,LITE,wey_how12640,2100385223100059758,896,5,
2026-09-16,MRVL,wey_how12640,2100385223100059758,896,5,
2026-09-16,MU,wey_how12640,2100385223100059758,896,5,
2026-09-16,NBIS,wey_how12640,2100385223100059758,896,5,
2026-09-16,NET,wey_how12640,2100385223100059758,896,5,
2026-09-16,NOW,wey_how12640,2100385223100059758,896,5,
2026-09-16,NTAP,wey_how12640,2100385223100059758,896,5,
2026-09-16,PAYP,wey_how12640,2100385223100059758,896,5,
2026-09-16,PLTR,wey_how12640,2100385223100059758,896,5,
2026-09-16,SFTBY,wey_how12640,2100385223100059758,896,5,
2026-09-16,SMTC,wey_how12640,2100385223100059758,896,5,
2026-09-16,SNDK,wey_how12640,2100385223100059758,896,5,
2026-09-16,SNOW,wey_how12640,2100385223100059758,896,5,
2026-09-16,SPX,wey_how12640,2100385223100059758,896,5,
2026-09-16,BO,LindaRaschke,2100383073774760150,7481,1,
2026-09-16,AD,LindaRaschke,2100382724317987118,6976,4,
2026-09-16,ROC,LindaRaschke,2100382724317987118,6976,4,
2026-09-16,BO,LindaRaschke,2100382369400127494,8666,12,
2026-09-16,ROC,LindaRaschke,2100381671623151695,6882,8,
2026-09-16,AMZN,ripster47,2100380936684597298,980,0,
2026-09-16,GOOGL,ripster47,2100380936684597298,980,0,
2026-09-16,P,ConnorJBates_,2100380578562359312,5626,16,
2026-09-16,BE,ConnorJBates_,2100380461717430465,7114,41,watching
2026-09-16,LITE,ConnorJBates_,2100380461717430465,7114,41,watching
2026-09-16,MRVL,ConnorJBates_,2100380461717430465,7114,41,watching
2026-09-16,SMTC,ConnorJBates_,2100380461717430465,7114,41,watching
2026-09-16,GNRC,ZaStocks,2100379549666062388,1942,0,
2026-09-16,AMZN,ripster47,2100379435681681837,2243,1,
2026-09-16,BS,ripster47,2100379435681681837,2243,1,
2026-09-16,NBIS,ripster47,2100379435681681837,2243,1,recap
2026-09-16,PURR,ConnorJBates_,2100378028349980902,5801,13,
2026-09-16,SMTC,ConnorJBates_,2100377804990742965,5723,16,watching
2026-09-16,AMZN,ripster47,2100374675989667931,21067,12,
2026-09-16,BS,ripster47,2100374675989667931,21067,12,
2026-09-16,CBRS,ripster47,2100374675989667931,21067,12,
2026-09-16,CRDO,ripster47,2100374675989667931,21067,12,
2026-09-16,GOOGL,ripster47,2100374675989667931,21067,12,
2026-09-16,NBIS,ripster47,2100374675989667931,21067,12,
2026-09-16,QQQ,TheShortBear,2100373145781694672,51311,119,
2026-09-16,CPCE,ConnorJBates_,2100373066010247193,11169,12,
2026-09-16,NYSE,ConnorJBates_,2100372367805460544,5396,10,
2026-09-16,IRL,NickSchmidt,2100346727253316026,434,0,
2026-09-16,TSLA,Jake__Wujastyk,2100344503794344196,21385,9,
2026-09-16,TSLL,Jake__Wujastyk,2100344503794344196,21385,9,
2026-09-16,AH,Venu_7_,2100341313661231210,26360,11,
2026-09-16,GPU,Venu_7_,2100341313661231210,26360,11,
2026-09-16,NBIS,Venu_7_,2100341313661231210,26360,11,watching
2026-09-16,CRDO,Venu_7_,2100338762345832690,2995,3,mention
2026-09-16,CRDO,Venu_7_,2100337841234645012,15074,42,mention
2026-09-16,CIBR,RealSimpleAriel,2100332020148617218,14264,22,
2026-09-16,CRWD,RealSimpleAriel,2100332020148617218,14264,22,
2026-09-16,GLD,RealSimpleAriel,2100332020148617218,14264,22,
2026-09-16,MAGS,RealSimpleAriel,2100332020148617218,14264,22,
2026-09-16,OIH,RealSimpleAriel,2100332020148617218,14264,22,
2026-09-16,OKTA,RealSimpleAriel,2100332020148617218,14264,22,
2026-09-16,PANW,RealSimpleAriel,2100332020148617218,14264,22,
2026-09-16,QQQ,RealSimpleAriel,2100332020148617218,14264,22,
2026-09-16,RBRK,RealSimpleAriel,2100332020148617218,14264,22,
2026-09-16,SLV,RealSimpleAriel,2100332020148617218,14264,22,
2026-09-16,SPCX,RealSimpleAriel,2100332020148617218,14264,22,
2026-09-16,SPY,RealSimpleAriel,2100332020148617218,14264,22,
2026-09-16,XBI,RealSimpleAriel,2100332020148617218,14264,22,
2026-09-16,XLE,RealSimpleAriel,2100332020148617218,14264,22,
2026-09-16,XLF,RealSimpleAriel,2100332020148617218,14264,22,
2026-09-16,XOP,RealSimpleAriel,2100332020148617218,14264,22,
2026-09-16,BTC,Jake__Wujastyk,2100330307454898466,24125,7,
2026-09-16,HR,ripster47,2100325013198864763,21687,13,
2026-09-16,CF,cfromhertz,2100320889308881227,4396,1,
2026-09-16,MCO,PrimeTrading_,2100320296334970943,71,2,
2026-09-16,MCSI,PrimeTrading_,2100320296334970943,71,2,
2026-09-16,SAVE,RealJGBanks,2100319939152204264,27689,106,
2026-09-16,SOLD,RealJGBanks,2100319939152204264,27689,106,
2026-09-16,SPY,RealJGBanks,2100319939152204264,27689,106,
2026-09-16,TOLD,RealJGBanks,2100319939152204264,27689,106,
2026-09-16,WHAT,RealJGBanks,2100319939152204264,27689,106,
2026-09-16,WHEN,RealJGBanks,2100319939152204264,27689,106,
2026-09-16,YET,RealJGBanks,2100319939152204264,27689,106,
2026-09-16,YOU,RealJGBanks,2100319939152204264,27689,106,
2026-09-16,FLNC,ripster47,2100319423303135329,29184,2,
2026-09-16,VIX,ripster47,2100313087660179491,27070,6,
2026-09-16,CAN,LindaRaschke,2100312804716593456,12420,35,
2026-09-16,PDL,LindaRaschke,2100312804716593456,12420,35,
2026-09-16,SI,LindaRaschke,2100311920762834959,13159,13,
2026-09-16,GME,LindaRaschke,2100311311313719559,20958,24,
2026-09-16,VIX,ripster47,2100305076715766204,39525,2,
2026-09-16,QQQ,ripster47,2100302056577785961,18480,1,
2026-09-16,SPY,ripster47,2100302056577785961,18480,1,
2026-09-16,VIX,ripster47,2100302056577785961,18480,1,
2026-09-16,ZCSH,ConnorJBates_,2100295078384198082,9299,7,
2026-09-16,GEVV,LindaRaschke,2100294834686660835,9347,10,
2026-09-16,LITE,LindaRaschke,2100294834686660835,9347,10,recap
2026-09-16,GOING,cfromhertz,2100294277716648206,5708,2,
2026-09-16,WARSH,cfromhertz,2100294277716648206,5708,2,
2026-09-16,ABOVE,ripster47,2100292435049881916,23750,1,
2026-09-16,BASIS,ripster47,2100292435049881916,23750,1,
2026-09-16,BOTH,ripster47,2100292435049881916,23750,1,
2026-09-16,DATA,ripster47,2100292435049881916,23750,1,
2026-09-16,DOES,ripster47,2100292435049881916,23750,1,
2026-09-16,MANY,ripster47,2100292435049881916,23750,1,
2026-09-16,MONTH,ripster47,2100292435049881916,23750,1,
2026-09-16,TELL,ripster47,2100292435049881916,23750,1,
2026-09-16,TOO,ripster47,2100292435049881916,23750,1,
2026-09-16,WARSH,ripster47,2100292435049881916,23750,1,
2026-09-16,BANK,cfromhertz,2100290592043323668,4463,2,
2026-09-16,BASIS,cfromhertz,2100290592043323668,4463,2,
2026-09-16,BEEN,cfromhertz,2100290592043323668,4463,2,
2026-09-16,FICC,cfromhertz,2100290592043323668,4463,2,
2026-09-16,GS,cfromhertz,2100290592043323668,4463,2,
2026-09-16,SOME,cfromhertz,2100290592043323668,4463,2,
2026-09-16,TECH,cfromhertz,2100290592043323668,4463,2,
2026-09-16,VERY,cfromhertz,2100290592043323668,4463,2,
2026-09-16,BIG,ZaStocks,2100288612721979580,41700,8,
2026-09-16,HIKIN,ZaStocks,2100288612721979580,41700,8,
2026-09-16,KEVIN,ZaStocks,2100288612721979580,41700,8,
2026-09-16,RATE,ZaStocks,2100288612721979580,41700,8,
2026-09-16,MU,bluechipdaily,2100288178725019880,8460,8,
2026-09-16,FYI,AmeetRai,2100287690302267740,1967,0,
2026-09-16,DINO,cfromhertz,2100286879736180920,4965,2,recap
2026-09-16,PSX,cfromhertz,2100286879736180920,4965,2,recap
2026-09-16,VLO,cfromhertz,2100286879736180920,4965,2,recap
2026-09-16,BPS,ripster47,2100284442346451202,28093,0,
2026-09-16,RATES,ripster47,2100284442346451202,28093,0,
2026-09-16,BPS,TheProfInvestor,2100284324654506394,37418,6,
2026-09-16,BPS,cfromhertz,2100283697123463193,11826,2,
2026-09-16,HIKE,cfromhertz,2100283697123463193,11826,2,
2026-09-16,ONE,cfromhertz,2100283697123463193,11826,2,
2026-09-16,RANGE,cfromhertz,2100283697123463193,11826,2,
2026-09-16,RATE,cfromhertz,2100283697123463193,11826,2,
2026-09-16,SHOWS,cfromhertz,2100283697123463193,11826,2,
2026-09-16,WILL,cfromhertz,2100283697123463193,11826,2,
2026-09-16,ABOUT,cfromhertz,2100282152277401613,12244,1,
2026-09-16,ADJ,cfromhertz,2100282152277401613,12244,1,
2026-09-16,CAGR,cfromhertz,2100282152277401613,12244,1,
2026-09-16,CIEN,cfromhertz,2100282152277401613,12244,1,
2026-09-16,CIENA,cfromhertz,2100282152277401613,12244,1,
2026-09-16,FINL,cfromhertz,2100282152277401613,12244,1,
2026-09-16,FROM,cfromhertz,2100282152277401613,12244,1,
2026-09-16,FY,cfromhertz,2100282152277401613,12244,1,
2026-09-16,GROSS,cfromhertz,2100282152277401613,12244,1,
2026-09-16,THRU,cfromhertz,2100282152277401613,12244,1,
2026-09-16,BE,Venu_7_,2100281151281934438,3074,15,mention
2026-09-16,FORM,Venu_7_,2100281151281934438,3074,15,
2026-09-16,PANW,Venu_7_,2100281151281934438,3074,15,mention
2026-09-16,SMTC,Venu_7_,2100281151281934438,3074,15,mention
2026-09-16,NEM,Venu_7_,2100281148178043007,3087,5,
2026-09-16,U,Venu_7_,2100281145976135942,1401,2,
2026-09-16,DUOL,Venu_7_,2100281143744762236,1436,3,
2026-09-16,NTSK,Venu_7_,2100281141546942623,1431,3,
2026-09-16,CRM,Venu_7_,2100281139344904592,1494,2,
2026-09-16,HOOD,Venu_7_,2100281137017090301,1526,2,
2026-09-16,TEM,Venu_7_,2100281134169067933,1577,3,
2026-09-16,NOW,Venu_7_,2100281132000674221,1674,2,
2026-09-16,PLTR,Venu_7_,2100281129383465309,2178,5,
2026-09-16,MSFT,Venu_7_,2100281126921343174,2860,6,
2026-09-16,CIEN,cfromhertz,2100279829799068142,13351,3,
2026-09-16,CIENA,cfromhertz,2100279829799068142,13351,3,
2026-09-16,NEWS,cfromhertz,2100279829799068142,13351,3,
2026-09-16,VLO,1ChartMaster,2100275296234525181,6700,4,recap
2026-09-16,CRDO,ripster47,2100271230771409398,878,0,recap
2026-09-17,CBRS,Venu_7_,2100629920833790076,2210,3,
2026-09-17,AFTER,cfromhertz,2100628919481176263,1560,0,
2026-09-17,CRAK,cfromhertz,2100628919481176263,1560,0,
2026-09-17,DINO,cfromhertz,2100628919481176263,1560,0,
2026-09-17,HALTS,cfromhertz,2100628919481176263,1560,0,
2026-09-17,MPC,cfromhertz,2100628919481176263,1560,0,
2026-09-17,PBF,cfromhertz,2100628919481176263,1560,0,
2026-09-17,PSX,cfromhertz,2100628919481176263,1560,0,
2026-09-17,RTRS,cfromhertz,2100628919481176263,1560,0,
2026-09-17,VLO,cfromhertz,2100628919481176263,1560,0,
2026-09-17,SPX,TheProfInvestor,2100627915293773914,7611,5,
2026-09-17,SPY,TheProfInvestor,2100627915293773914,7611,5,
2026-09-17,AMD,Jake__Wujastyk,2100626336440013034,8241,1,recap
2026-09-17,AMDL,Jake__Wujastyk,2100626336440013034,8241,1,
2026-09-17,AEVA,Venu_7_,2100623154762899587,133,0,
2026-09-17,CGNX,Venu_7_,2100623154762899587,133,0,
2026-09-17,OUST,Venu_7_,2100623154762899587,133,0,
2026-09-17,PENG,Venu_7_,2100623154762899587,133,0,
2026-09-17,EWZ,LindaRaschke,2100623083514040376,4460,6,
2026-09-17,MU,Jake__Wujastyk,2100621557093793927,11377,4,watching
2026-09-17,NDX,bluechipdaily,2100621245255450661,2375,0,
2026-09-17,SPY,Jake__Wujastyk,2100619940734861807,11135,2,
2026-09-17,TNX,Jake__Wujastyk,2100619940734861807,11135,2,
2026-09-17,ARKG,cfromhertz,2100615955541819548,2477,1,
2026-09-17,GH,cfromhertz,2100615955541819548,2477,1,recap
2026-09-17,AMD,cfromhertz,2100614065877918078,3476,0,exited
2026-09-17,VPOC,cfromhertz,2100614065877918078,3476,0,
2026-09-17,SMTC,1ChartMaster,2100612446239048101,3822,3,recap
2026-09-17,AMD,Jake__Wujastyk,2100611741797511486,14193,1,
2026-09-17,CIFR,Jake__Wujastyk,2100611741797511486,14193,1,
2026-09-17,INTC,Jake__Wujastyk,2100611741797511486,14193,1,
2026-09-17,IREN,Jake__Wujastyk,2100611741797511486,14193,1,
2026-09-17,IWM,Jake__Wujastyk,2100611741797511486,14193,1,
2026-09-17,MU,Jake__Wujastyk,2100611741797511486,14193,1,
2026-09-17,NBIS,Jake__Wujastyk,2100611741797511486,14193,1,
2026-09-17,NVDA,Jake__Wujastyk,2100611741797511486,14193,1,
2026-09-17,ORCL,Jake__Wujastyk,2100611741797511486,14193,1,
2026-09-17,QQQ,Jake__Wujastyk,2100611741797511486,14193,1,
2026-09-17,RKLB,Jake__Wujastyk,2100611741797511486,14193,1,
2026-09-17,SNDK,Jake__Wujastyk,2100611741797511486,14193,1,
2026-09-17,SPY,Jake__Wujastyk,2100611741797511486,14193,1,
2026-09-17,TSLA,Jake__Wujastyk,2100611741797511486,14193,1,
2026-09-17,CFTC,TheShortBear,2100610802235375709,3633,0,
2026-09-17,SEC,TheShortBear,2100610802235375709,3633,0,
2026-09-17,CFTC,TheShortBear,2100609949902491781,10689,12,
2026-09-17,DOJ,TheShortBear,2100609949902491781,10689,12,
2026-09-17,SEC,TheShortBear,2100609949902491781,10689,12,
2026-09-17,AMZN,ripster47,2100609640266375228,15105,4,
2026-09-17,GNRC,ripster47,2100609640266375228,15105,4,
2026-09-17,ABCL,cfromhertz,2100608947249955169,3005,2,
2026-09-17,VPOC,cfromhertz,2100608947249955169,3005,2,
2026-09-17,ATM,ripster47,2100606773212110972,14952,2,
2026-09-17,DELL,ripster47,2100606773212110972,14952,2,recap
2026-09-17,HPE,ripster47,2100606773212110972,14952,2,
2026-09-17,SMCI,ripster47,2100606773212110972,14952,2,
2026-09-17,GEX,ripster47,2100605093661835421,18380,3,
2026-09-17,NBIS,ripster47,2100605093661835421,18380,3,recap
2026-09-17,AVGO,ripster47,2100604746662899909,14574,3,
2026-09-17,ATH,wey_how12640,2100604273071640846,1215,2,
2026-09-17,DELL,wey_how12640,2100604273071640846,1215,2,recap
2026-09-17,TXG,1ChartMaster,2100601806606729609,4190,3,recap
2026-09-17,AMD,TheProfInvestor,2100601780640117014,28197,26,recap
2026-09-17,DDOG,wey_how12640,2100601636062392449,1231,0,
2026-09-17,FBO,wey_how12640,2100601636062392449,1231,0,
2026-09-17,CELC,ripster47,2100600324666933370,15241,0,
2026-09-17,ARM,Venu_7_,2100600218261537067,8901,18,mention
2026-09-17,RBRK,Venu_7_,2100600218261537067,8901,18,recap
2026-09-17,DELL,1ChartMaster,2100599535915487448,4909,5,recap
2026-09-17,XBI,cfromhertz,2100599451899347047,3126,0,
2026-09-17,INTC,wey_how12640,2100598755313832235,1410,0,recap
2026-09-17,AVGO,TheProfInvestor,2100596000868180159,27967,36,
2026-09-17,AWAP,TheProfInvestor,2100596000868180159,27967,36,
2026-09-17,CRWD,LindaRaschke,2100595617424683141,7297,11,
2026-09-17,FTNT,LindaRaschke,2100595617424683141,7297,11,
2026-09-17,INTC,1ChartMaster,2100594147472167246,5603,9,recap
2026-09-17,HNGE,cfromhertz,2100593296724709683,3104,0,
2026-09-17,BE,jfsrev,2100592188115824657,6942,14,mention
2026-09-17,FAQ,jfsrev,2100592188115824657,6942,14,
2026-09-17,PURR,jfsrev,2100592188115824657,6942,14,
2026-09-17,FIRST,RealJGBanks,2100591953205248256,11962,59,
2026-09-17,INTC,RealJGBanks,2100591953205248256,11962,59,recap
2026-09-17,MONTH,RealJGBanks,2100591953205248256,11962,59,
2026-09-17,SWING,RealJGBanks,2100591953205248256,11962,59,
2026-09-17,YOUR,RealJGBanks,2100591953205248256,11962,59,
2026-09-17,NVDA,Venu_7_,2100590580049089002,1822,2,
2026-09-17,SPCX,cfromhertz,2100588983717675119,3373,2,long
2026-09-17,VPOC,cfromhertz,2100588983717675119,3373,2,
2026-09-17,TEM,Venu_7_,2100588048140603825,1948,3,recap
2026-09-17,SPCX,TheProfInvestor,2100587984471138339,20553,24,long
2026-09-17,NVDA,Venu_7_,2100587928678437184,6973,8,
2026-09-17,GPU,ripster47,2100586695049498993,18776,3,
2026-09-17,NBIS,ripster47,2100586695049498993,18776,3,recap
2026-09-17,SPY,jfsrev,2100585890221613320,7402,6,
2026-09-17,NOW,Venu_7_,2100584325406503020,7985,21,
2026-09-17,PLTR,Venu_7_,2100584325406503020,7985,21,
2026-09-17,RBRK,Venu_7_,2100584325406503020,7985,21,recap
2026-09-17,SNOW,Venu_7_,2100584325406503020,7985,21,
2026-09-17,MRVL,1ChartMaster,2100584241570427069,5586,1,recap
2026-09-17,ARKG,cfromhertz,2100583612265419053,3412,1,
2026-09-17,CRDO,ripster47,2100582780773994615,21154,9,
2026-09-17,GLW,ripster47,2100582780773994615,21154,9,
2026-09-17,OP,LindaRaschke,2100581559820583035,8007,7,
2026-09-17,SP,LindaRaschke,2100581559820583035,8007,7,
2026-09-17,AVGO,ripster47,2100581553197768728,17492,2,
2026-09-17,CFTC,TheShortBear,2100581196631589257,5158,2,
2026-09-17,SEC,TheShortBear,2100581196631589257,5158,2,
2026-09-17,NBIS,ripster47,2100580982386495521,17627,0,recap
2026-09-17,QQQ,ripster47,2100580982386495521,17627,0,
2026-09-17,SPY,ripster47,2100580982386495521,17627,0,
2026-09-17,BP,Venu_7_,2100580911075241999,346,0,
2026-09-17,AVWAP,Venu_7_,2100580492915646583,11040,9,
2026-09-17,TEM,Venu_7_,2100580492915646583,11040,9,recap
2026-09-17,HOOD,Venu_7_,2100578222983487688,8466,1,
2026-09-17,SEC,Venu_7_,2100578222983487688,8466,1,
2026-09-17,IMO,AmeetRai,2100577755913937312,81,0,
2026-09-17,QQQ,TheProfInvestor,2100576320464052363,22739,12,
2026-09-17,CRDO,ripster47,2100571077164306501,22202,3,
2026-09-17,P,ConnorJBates_,2100566272928809174,6252,2,
2026-09-17,GFS,ConnorJBates_,2100565432251957716,5098,1,mention
2026-09-17,MRVL,ConnorJBates_,2100565432251957716,5098,1,mention
2026-09-17,GFS,cfromhertz,2100564469667475496,3983,1,mention
2026-09-17,MRVL,cfromhertz,2100564469667475496,3983,1,mention
2026-09-17,PACT,cfromhertz,2100564469667475496,3983,1,
2026-09-17,SIGE,cfromhertz,2100564469667475496,3983,1,
2026-09-17,NYC,TheOneLanceB,2100562919604056499,10394,32,
2026-09-17,GOLD,LindaRaschke,2100562484054626781,9692,18,
2026-09-17,WRR,LindaRaschke,2100562484054626781,9692,18,
2026-09-17,GC,LindaRaschke,2100561771979219390,8576,6,
2026-09-17,PDH,LindaRaschke,2100561771979219390,8576,6,
2026-09-17,NBIS,cfromhertz,2100561422405059032,3713,0,mention
2026-09-17,PDH,LindaRaschke,2100561237192986956,1187,5,
2026-09-17,NOTE,LindaRaschke,2100560466070131087,16231,50,
2026-09-17,CAT,LindaRaschke,2100559517687640520,7297,2,
2026-09-17,CNBC,cfromhertz,2100559334820249754,3226,4,
2026-09-17,NQ,LindaRaschke,2100557693408649510,8478,5,
2026-09-17,PDH,LindaRaschke,2100557693408649510,8478,5,
2026-09-17,PDH,LindaRaschke,2100557519529574431,7906,0,
2026-09-17,SP,LindaRaschke,2100557519529574431,7906,0,
2026-09-17,AFTER,cfromhertz,2100557076913095023,4755,0,
2026-09-17,ASKS,cfromhertz,2100557076913095023,4755,0,
2026-09-17,CHINA,cfromhertz,2100557076913095023,4755,0,
2026-09-17,HELP,cfromhertz,2100557076913095023,4755,0,
2026-09-17,IRAN,cfromhertz,2100557076913095023,4755,0,
2026-09-17,REIN,cfromhertz,2100557076913095023,4755,0,
2026-09-17,RTRS,cfromhertz,2100557076913095023,4755,0,
2026-09-17,SAUDI,cfromhertz,2100557076913095023,4755,0,
2026-09-17,IEF,cfromhertz,2100555106072621118,3311,0,
2026-09-17,IEI,cfromhertz,2100555106072621118,3311,0,
2026-09-17,MAY,cfromhertz,2100555106072621118,3311,0,
2026-09-17,MOST,cfromhertz,2100555106072621118,3311,0,
2026-09-17,SHY,cfromhertz,2100555106072621118,3311,0,
2026-09-17,SINCE,cfromhertz,2100555106072621118,3311,0,
2026-09-17,TLT,cfromhertz,2100555106072621118,3311,0,
2026-09-17,UK,cfromhertz,2100555106072621118,3311,0,
2026-09-17,YEAR,cfromhertz,2100555106072621118,3311,0,
2026-09-17,YIELD,cfromhertz,2100555106072621118,3311,0,
2026-09-17,WTI,cfromhertz,2100554631227068547,6827,0,
2026-09-17,ASAP,TailThatWagsDog,2100552745291862113,203,0,
2026-09-17,OMG,TailThatWagsDog,2100552745291862113,203,0,
2026-09-17,HOUSE,Clement_Ang17,2100544915868688653,256,0,
2026-09-17,CT,TailThatWagsDog,2100543047071047765,1597,1,
2026-09-17,SPX,TailThatWagsDog,2100543047071047765,1597,1,
2026-09-17,CT,TailThatWagsDog,2100537693780295756,1607,4,
2026-09-17,SPX,TailThatWagsDog,2100537693780295756,1607,4,
2026-09-17,FYI,Signal_Sigma,2100535679235068094,596,1,
2026-09-17,UI,Signal_Sigma,2100535679235068094,596,1,
2026-09-17,TACO,thesetupfactory,2100534135626281181,706,0,
2026-09-17,CT,TailThatWagsDog,2100531605991288980,1313,1,
2026-09-17,SL,Gaurav_Cx10,2100530702726889642,3816,14,
2026-09-17,CT,TailThatWagsDog,2100526804729504107,1362,0,
2026-09-17,GNRC,1ChartMaster,2100524677076582606,5777,4,
2026-09-17,CT,TailThatWagsDog,2100521578375032958,1810,4,
2026-09-17,SPX,TailThatWagsDog,2100516030283932073,1380,2,
2026-09-17,CT,TailThatWagsDog,2100515815434985742,1340,1,
2026-09-17,SPX,TailThatWagsDog,2100515815434985742,1340,1,
2026-09-17,BE,1ChartMaster,2100509744242848183,7495,7,recap
2026-09-17,BE,oratnek_ill,2100505523611377878,1481,6,
2026-09-17,CRWD,oratnek_ill,2100505523611377878,1481,6,
2026-09-17,DELL,oratnek_ill,2100505523611377878,1481,6,
2026-09-17,LITE,oratnek_ill,2100505523611377878,1481,6,
2026-09-17,MU,oratnek_ill,2100505523611377878,1481,6,
2026-09-17,RNG,oratnek_ill,2100505523611377878,1481,6,
2026-09-17,SMTC,oratnek_ill,2100505523611377878,1481,6,
2026-09-17,SNDK,oratnek_ill,2100505523611377878,1481,6,
2026-09-17,SPCX,oratnek_ill,2100505523611377878,1481,6,
2026-09-17,ADPT,oratnek_ill,2100504563828789317,1398,1,
2026-09-17,AMC,oratnek_ill,2100504563828789317,1398,1,
2026-09-17,ARQT,oratnek_ill,2100504563828789317,1398,1,
2026-09-17,ASAN,oratnek_ill,2100504563828789317,1398,1,
2026-09-17,BRKR,oratnek_ill,2100504563828789317,1398,1,
2026-09-17,CLF,oratnek_ill,2100504563828789317,1398,1,
2026-09-17,DELL,oratnek_ill,2100504563828789317,1398,1,
2026-09-17,FIVN,oratnek_ill,2100504563828789317,1398,1,
2026-09-17,FTRE,oratnek_ill,2100504563828789317,1398,1,
2026-09-17,HL,oratnek_ill,2100504563828789317,1398,1,
2026-09-17,ILMN,oratnek_ill,2100504563828789317,1398,1,
2026-09-17,LITE,oratnek_ill,2100504563828789317,1398,1,
2026-09-17,LL,oratnek_ill,2100504563828789317,1398,1,
2026-09-17,LQDA,oratnek_ill,2100504563828789317,1398,1,
2026-09-17,NTAP,oratnek_ill,2100504563828789317,1398,1,
2026-09-17,OMER,oratnek_ill,2100504563828789317,1398,1,
2026-09-17,PBF,oratnek_ill,2100504563828789317,1398,1,
2026-09-17,PGEN,oratnek_ill,2100504563828789317,1398,1,
2026-09-17,PP,oratnek_ill,2100504563828789317,1398,1,
2026-09-17,SMTC,oratnek_ill,2100504563828789317,1398,1,
2026-09-17,TGTX,oratnek_ill,2100504563828789317,1398,1,
2026-09-17,TWST,oratnek_ill,2100504563828789317,1398,1,
2026-09-17,AAII,ArtofSpecuycky,2100497066476839016,13637,22,
2026-09-17,BOAT,oratnek_ill,2100484019477721315,1101,2,
2026-09-17,CIBR,oratnek_ill,2100484019477721315,1101,2,
2026-09-17,COPX,oratnek_ill,2100484019477721315,1101,2,
2026-09-17,FINX,oratnek_ill,2100484019477721315,1101,2,
2026-09-17,IAI,oratnek_ill,2100484019477721315,1101,2,
2026-09-17,IGV,oratnek_ill,2100484019477721315,1101,2,
2026-09-17,IPAY,oratnek_ill,2100484019477721315,1101,2,
2026-09-17,IYT,oratnek_ill,2100484019477721315,1101,2,
2026-09-17,KIE,oratnek_ill,2100484019477721315,1101,2,
2026-09-17,KRE,oratnek_ill,2100484019477721315,1101,2,
2026-09-17,KWEB,oratnek_ill,2100484019477721315,1101,2,
2026-09-17,MOO,oratnek_ill,2100484019477721315,1101,2,
2026-09-17,REMX,oratnek_ill,2100484019477721315,1101,2,
2026-09-17,SIL,oratnek_ill,2100484019477721315,1101,2,
2026-09-17,SMH,oratnek_ill,2100484019477721315,1101,2,
2026-09-17,TAN,oratnek_ill,2100484019477721315,1101,2,
2026-09-17,URA,oratnek_ill,2100484019477721315,1101,2,
2026-09-17,WGMI,oratnek_ill,2100484019477721315,1101,2,
2026-09-17,WQTM,oratnek_ill,2100484019477721315,1101,2,
2026-09-17,XRT,oratnek_ill,2100484019477721315,1101,2,
2026-09-17,BOAT,oratnek_ill,2100483492396347541,1039,0,
2026-09-17,CIBR,oratnek_ill,2100483492396347541,1039,0,
2026-09-17,COPX,oratnek_ill,2100483492396347541,1039,0,
2026-09-17,FINX,oratnek_ill,2100483492396347541,1039,0,
2026-09-17,IAI,oratnek_ill,2100483492396347541,1039,0,
2026-09-17,IGV,oratnek_ill,2100483492396347541,1039,0,
2026-09-17,IPO,oratnek_ill,2100483492396347541,1039,0,
2026-09-17,REMX,oratnek_ill,2100483492396347541,1039,0,
2026-09-17,SMH,oratnek_ill,2100483492396347541,1039,0,
2026-09-17,URA,oratnek_ill,2100483492396347541,1039,0,
2026-09-17,WGMI,oratnek_ill,2100483492396347541,1039,0,
2026-09-17,XOP,oratnek_ill,2100483492396347541,1039,0,
2026-09-17,SPY,thesetupfactory,2100451480587096517,2025,3,
2026-09-17,SPY,thesetupfactory,2100443382958973187,1107,0,
2026-09-17,AAOI,ArtofSpecuycky,2100438780532703738,11418,15,
2026-09-17,ADM,ArtofSpecuycky,2100438780532703738,11418,15,
2026-09-17,AMD,ArtofSpecuycky,2100438780532703738,11418,15,
2026-09-17,AVGO,ArtofSpecuycky,2100438780532703738,11418,15,
2026-09-17,BA,ArtofSpecuycky,2100438780532703738,11418,15,
2026-09-17,BG,ArtofSpecuycky,2100438780532703738,11418,15,
2026-09-17,COHR,ArtofSpecuycky,2100438780532703738,11418,15,
2026-09-17,DE,ArtofSpecuycky,2100438780532703738,11418,15,
2026-09-17,DELL,ArtofSpecuycky,2100438780532703738,11418,15,
2026-09-17,GPU,ArtofSpecuycky,2100438780532703738,11418,15,
2026-09-17,LITE,ArtofSpecuycky,2100438780532703738,11418,15,
2026-09-17,MOS,ArtofSpecuycky,2100438780532703738,11418,15,
2026-09-17,MRVL,ArtofSpecuycky,2100438780532703738,11418,15,
2026-09-17,NVDA,ArtofSpecuycky,2100438780532703738,11418,15,
2026-09-17,SMCI,ArtofSpecuycky,2100438780532703738,11418,15,
2026-09-17,AXTI,ripster47,2100437422320304540,44093,46,
2026-09-17,BE,ripster47,2100437422320304540,44093,46,
2026-09-17,CRDO,ripster47,2100437422320304540,44093,46,
2026-09-17,MRVL,ripster47,2100437422320304540,44093,46,
2026-09-17,MTF,ripster47,2100437422320304540,44093,46,
2026-09-17,NBIS,ripster47,2100437422320304540,44093,46,
2026-09-17,SPCX,ripster47,2100437422320304540,44093,46,
2026-09-17,AMA,Clement_Ang17,2100796059329143159,1608,1,
2026-09-17,GILD,cfromhertz,2100792123247194329,2010,2,
2026-09-17,PURR,cfromhertz,2100785649825554689,2616,4,
2026-09-17,LOCK,RealJGBanks,2100780647669235923,10616,11,
2026-09-17,OFF,RealJGBanks,2100780647669235923,10616,11,
2026-09-17,WITH,RealJGBanks,2100780647669235923,10616,11,
2026-09-17,YOUR,RealJGBanks,2100780647669235923,10616,11,
2026-09-17,AMD,RealSimpleAriel,2100774686166807036,209,1,
2026-09-17,FAR,RealSimpleAriel,2100774686166807036,209,1,
2026-09-17,GOOGL,RealSimpleAriel,2100774686166807036,209,1,
2026-09-17,MRNA,RealSimpleAriel,2100774686166807036,209,1,
2026-09-17,NOW,RealSimpleAriel,2100774686166807036,209,1,
2026-09-17,OKTA,RealSimpleAriel,2100774686166807036,209,1,
2026-09-17,PLTR,RealSimpleAriel,2100774686166807036,209,1,
2026-09-17,RBRK,RealSimpleAriel,2100774686166807036,209,1,
2026-09-17,TEM,RealSimpleAriel,2100774686166807036,209,1,
2026-09-17,TGTX,RealSimpleAriel,2100774686166807036,209,1,
2026-09-17,TWLO,RealSimpleAriel,2100774686166807036,209,1,
2026-09-17,FREE,PrimeTrading_,2100767945236308062,1836,3,
2026-09-17,IWM,PrimeTrading_,2100767945236308062,1836,3,
2026-09-17,MCO,PrimeTrading_,2100767945236308062,1836,3,
2026-09-17,MCSI,PrimeTrading_,2100767945236308062,1836,3,
2026-09-17,NYSE,PrimeTrading_,2100767945236308062,1836,3,
2026-09-17,QQQ,PrimeTrading_,2100767945236308062,1836,3,
2026-09-17,SPY,PrimeTrading_,2100767945236308062,1836,3,
2026-09-17,TLMM,PrimeTrading_,2100767945236308062,1836,3,
2026-09-17,MRVL,mindofzen_,2100767615916400827,26,0,
2026-09-17,ABOVE,wey_how12640,2100766697527681089,1426,3,
2026-09-17,BEST,wey_how12640,2100766697527681089,1426,3,
2026-09-17,BO,wey_how12640,2100766697527681089,1426,3,
2026-09-17,HK,wey_how12640,2100766697527681089,1426,3,
2026-09-17,SK,wey_how12640,2100766697527681089,1426,3,
2026-09-17,SKHY,wey_how12640,2100766697527681089,1426,3,
2026-09-17,UC,wey_how12640,2100766697527681089,1426,3,
2026-09-17,UTL,wey_how12640,2100766697527681089,1426,3,
2026-09-17,PLTR,ShakePryzby1,2100766272296468549,102,0,
2026-09-17,BUG,wey_how12640,2100761258488459389,634,3,
2026-09-17,IGV,wey_how12640,2100761258488459389,634,3,
2026-09-17,ARM,ShakePryzby1,2100755625559175527,297,0,
2026-09-17,RBRK,ShakePryzby1,2100755625559175527,297,0,
2026-09-17,AMD,mindofzen_,2100753710133436651,61,0,
2026-09-17,INTC,mindofzen_,2100753710133436651,61,0,
2026-09-17,ADDED,PrimeTrading_,2100751428138508348,2213,5,
2026-09-17,FSLY,PrimeTrading_,2100751428138508348,2213,5,
2026-09-17,FTD,PrimeTrading_,2100751428138508348,2213,5,
2026-09-17,IBIT,PrimeTrading_,2100751428138508348,2213,5,
2026-09-17,LITE,PrimeTrading_,2100751428138508348,2213,5,
2026-09-17,MCO,PrimeTrading_,2100751428138508348,2213,5,
2026-09-17,MCSI,PrimeTrading_,2100751428138508348,2213,5,
2026-09-17,MNQ,PrimeTrading_,2100751428138508348,2213,5,
2026-09-17,NER,PrimeTrading_,2100751428138508348,2213,5,
2026-09-17,NEW,PrimeTrading_,2100751428138508348,2213,5,
2026-09-17,OUT,PrimeTrading_,2100751428138508348,2213,5,
2026-09-17,PANW,PrimeTrading_,2100751428138508348,2213,5,
2026-09-17,PLTR,PrimeTrading_,2100751428138508348,2213,5,
2026-09-17,QQQE,PrimeTrading_,2100751428138508348,2213,5,
2026-09-17,SNDK,PrimeTrading_,2100751428138508348,2213,5,
2026-09-17,SNOW,PrimeTrading_,2100751428138508348,2213,5,
2026-09-17,RBRK,ConnorJBates_,2100749818083557880,932,2,watching
2026-09-17,AMD,RealSimpleAriel,2100749368701649091,9101,33,
2026-09-17,ARKG,RealSimpleAriel,2100749368701649091,9101,33,
2026-09-17,CRM,RealSimpleAriel,2100749368701649091,9101,33,
2026-09-17,CRWD,RealSimpleAriel,2100749368701649091,9101,33,
2026-09-17,DELL,RealSimpleAriel,2100749368701649091,9101,33,
2026-09-17,DINO,RealSimpleAriel,2100749368701649091,9101,33,
2026-09-17,ECO,RealSimpleAriel,2100749368701649091,9101,33,
2026-09-17,FRO,RealSimpleAriel,2100749368701649091,9101,33,
2026-09-17,HG,RealSimpleAriel,2100749368701649091,9101,33,
2026-09-17,HPE,RealSimpleAriel,2100749368701649091,9101,33,
2026-09-17,HPQ,RealSimpleAriel,2100749368701649091,9101,33,
2026-09-17,INSW,RealSimpleAriel,2100749368701649091,9101,33,
2026-09-17,INTC,RealSimpleAriel,2100749368701649091,9101,33,
2026-09-17,MAGS,RealSimpleAriel,2100749368701649091,9101,33,
2026-09-17,MPC,RealSimpleAriel,2100749368701649091,9101,33,
2026-09-17,MRNA,RealSimpleAriel,2100749368701649091,9101,33,
2026-09-17,MU,RealSimpleAriel,2100749368701649091,9101,33,
2026-09-17,NAAIM,RealSimpleAriel,2100749368701649091,9101,33,
2026-09-17,NET,RealSimpleAriel,2100749368701649091,9101,33,
2026-09-17,NOW,RealSimpleAriel,2100749368701649091,9101,33,
2026-09-17,OKTA,RealSimpleAriel,2100749368701649091,9101,33,
2026-09-17,PANW,RealSimpleAriel,2100749368701649091,9101,33,
2026-09-17,PLTR,RealSimpleAriel,2100749368701649091,9101,33,
2026-09-17,PSX,RealSimpleAriel,2100749368701649091,9101,33,
2026-09-17,QRVO,RealSimpleAriel,2100749368701649091,9101,33,
2026-09-17,RBRK,RealSimpleAriel,2100749368701649091,9101,33,
2026-09-17,SMTC,RealSimpleAriel,2100749368701649091,9101,33,
2026-09-17,SNDK,RealSimpleAriel,2100749368701649091,9101,33,
2026-09-17,STNG,RealSimpleAriel,2100749368701649091,9101,33,
2026-09-17,TEAM,RealSimpleAriel,2100749368701649091,9101,33,
2026-09-17,TEM,RealSimpleAriel,2100749368701649091,9101,33,
2026-09-17,TNK,RealSimpleAriel,2100749368701649091,9101,33,
2026-09-17,TWST,RealSimpleAriel,2100749368701649091,9101,33,
2026-09-17,TXG,RealSimpleAriel,2100749368701649091,9101,33,
2026-09-17,VLO,RealSimpleAriel,2100749368701649091,9101,33,
2026-09-17,ANET,PrimeTrading_,2100747283285307525,1887,4,
2026-09-17,AVT,PrimeTrading_,2100747283285307525,1887,4,
2026-09-17,AXTI,PrimeTrading_,2100747283285307525,1887,4,
2026-09-17,BRKR,PrimeTrading_,2100747283285307525,1887,4,
2026-09-17,CF,PrimeTrading_,2100747283285307525,1887,4,
2026-09-17,DOCN,PrimeTrading_,2100747283285307525,1887,4,
2026-09-17,FROG,PrimeTrading_,2100747283285307525,1887,4,
2026-09-17,FTNT,PrimeTrading_,2100747283285307525,1887,4,
2026-09-17,HNGE,PrimeTrading_,2100747283285307525,1887,4,
2026-09-17,KEYS,PrimeTrading_,2100747283285307525,1887,4,
2026-09-17,LITE,PrimeTrading_,2100747283285307525,1887,4,
2026-09-17,NTAP,PrimeTrading_,2100747283285307525,1887,4,
2026-09-17,NUE,PrimeTrading_,2100747283285307525,1887,4,
2026-09-17,OSCR,PrimeTrading_,2100747283285307525,1887,4,
2026-09-17,PANW,PrimeTrading_,2100747283285307525,1887,4,
2026-09-17,PBF,PrimeTrading_,2100747283285307525,1887,4,
2026-09-17,PR,PrimeTrading_,2100747283285307525,1887,4,
2026-09-17,SKHY,PrimeTrading_,2100747283285307525,1887,4,
2026-09-17,SM,PrimeTrading_,2100747283285307525,1887,4,
2026-09-17,SNOW,PrimeTrading_,2100747283285307525,1887,4,
2026-09-17,ANET,PrimeTrading_,2100747155703033993,1670,4,
2026-09-17,AXTI,PrimeTrading_,2100747155703033993,1670,4,
2026-09-17,CDW,PrimeTrading_,2100747155703033993,1670,4,
2026-09-17,ESTC,PrimeTrading_,2100747155703033993,1670,4,
2026-09-17,FROG,PrimeTrading_,2100747155703033993,1670,4,
2026-09-17,FSLY,PrimeTrading_,2100747155703033993,1670,4,
2026-09-17,KEYS,PrimeTrading_,2100747155703033993,1670,4,
2026-09-17,MDB,PrimeTrading_,2100747155703033993,1670,4,
2026-09-17,NTAP,PrimeTrading_,2100747155703033993,1670,4,
2026-09-17,PANW,PrimeTrading_,2100747155703033993,1670,4,
2026-09-17,SNOW,PrimeTrading_,2100747155703033993,1670,4,
2026-09-17,ANET,PrimeTrading_,2100746885900181876,1753,3,
2026-09-17,CD,PrimeTrading_,2100746885900181876,1753,3,
2026-09-17,CDW,PrimeTrading_,2100746885900181876,1753,3,
2026-09-17,CI,PrimeTrading_,2100746885900181876,1753,3,
2026-09-17,CRM,PrimeTrading_,2100746885900181876,1753,3,
2026-09-17,CRO,PrimeTrading_,2100746885900181876,1753,3,
2026-09-17,ESTC,PrimeTrading_,2100746885900181876,1753,3,
2026-09-17,MDB,PrimeTrading_,2100746885900181876,1753,3,
2026-09-17,NOW,PrimeTrading_,2100746885900181876,1753,3,
2026-09-17,SNOW,PrimeTrading_,2100746885900181876,1753,3,
2026-09-17,TOP,PrimeTrading_,2100746885900181876,1753,3,
2026-09-17,VEEV,PrimeTrading_,2100746885900181876,1753,3,
2026-09-17,WPM,PrimeTrading_,2100746885900181876,1753,3,
2026-09-17,ACVA,PrimeTrading_,2100745308489568594,1849,5,
2026-09-17,AMD,PrimeTrading_,2100745308489568594,1849,5,
2026-09-17,AXTI,PrimeTrading_,2100745308489568594,1849,5,
2026-09-17,CRWD,PrimeTrading_,2100745308489568594,1849,5,
2026-09-17,DBX,PrimeTrading_,2100745308489568594,1849,5,
2026-09-17,DELL,PrimeTrading_,2100745308489568594,1849,5,
2026-09-17,DT,PrimeTrading_,2100745308489568594,1849,5,
2026-09-17,FTNT,PrimeTrading_,2100745308489568594,1849,5,
2026-09-17,GTLB,PrimeTrading_,2100745308489568594,1849,5,
2026-09-17,HPE,PrimeTrading_,2100745308489568594,1849,5,
2026-09-17,LITE,PrimeTrading_,2100745308489568594,1849,5,
2026-09-17,MU,PrimeTrading_,2100745308489568594,1849,5,
2026-09-17,OKTA,PrimeTrading_,2100745308489568594,1849,5,
2026-09-17,QRVO,PrimeTrading_,2100745308489568594,1849,5,
2026-09-17,RBRK,PrimeTrading_,2100745308489568594,1849,5,
2026-09-17,RNG,PrimeTrading_,2100745308489568594,1849,5,
2026-09-17,SMTC,PrimeTrading_,2100745308489568594,1849,5,
2026-09-17,SNDK,PrimeTrading_,2100745308489568594,1849,5,
2026-09-17,TEAM,PrimeTrading_,2100745308489568594,1849,5,
2026-09-17,TWLO,PrimeTrading_,2100745308489568594,1849,5,
2026-09-17,SPX,TailThatWagsDog,2100741281919971618,1274,3,
2026-09-17,ARM,Venu_7_,2100740259340501323,3007,5,
2026-09-17,CRWD,Venu_7_,2100740259340501323,3007,5,
2026-09-17,OKTA,Venu_7_,2100740259340501323,3007,5,
2026-09-17,RBRK,Venu_7_,2100740259340501323,3007,5,
2026-09-17,SAIL,Venu_7_,2100740259340501323,3007,5,
2026-09-17,VRNS,Venu_7_,2100740259340501323,3007,5,
2026-09-17,AXTI,ripster47,2100739217819107672,17739,33,
2026-09-17,CRDO,ripster47,2100739217819107672,17739,33,
2026-09-17,HR,ripster47,2100739217819107672,17739,33,
2026-09-17,MRVL,ripster47,2100739217819107672,17739,33,
2026-09-17,MTF,ripster47,2100739217819107672,17739,33,
2026-09-17,SPCX,ripster47,2100739217819107672,17739,33,
2026-09-17,TL,AmeetRai,2100738823487422770,4089,4,
2026-09-17,CRWD,ShakePryzby1,2100737244860662087,9547,30,
2026-09-17,LOT,ShakePryzby1,2100737244860662087,9547,30,
2026-09-17,NVDA,ShakePryzby1,2100737244860662087,9547,30,
2026-09-17,SAY,ShakePryzby1,2100737244860662087,9547,30,
2026-09-17,SPX,TailThatWagsDog,2100737219254178076,1514,3,
2026-09-17,NBIS,Venu_7_,2100734096003772718,309,0,mention
2026-09-17,TEM,Venu_7_,2100734096003772718,309,0,recap
2026-09-17,ANET,wey_how12640,2100732075443970317,89,0,
2026-09-17,HOOD,wey_how12640,2100732075443970317,89,0,
2026-09-17,NBIS,wey_how12640,2100732075443970317,89,0,
2026-09-17,SPCX,wey_how12640,2100732075443970317,89,0,
2026-09-17,BE,wey_how12640,2100727755486990681,2298,6,
2026-09-17,CRWD,wey_how12640,2100727755486990681,2298,6,
2026-09-17,DDOG,wey_how12640,2100727755486990681,2298,6,
2026-09-17,DELL,wey_how12640,2100727755486990681,2298,6,
2026-09-17,FTNT,wey_how12640,2100727755486990681,2298,6,
2026-09-17,INTC,wey_how12640,2100727755486990681,2298,6,
2026-09-17,LITE,wey_how12640,2100727755486990681,2298,6,
2026-09-17,MRVL,wey_how12640,2100727755486990681,2298,6,
2026-09-17,MU,wey_how12640,2100727755486990681,2298,6,
2026-09-17,NBIS,wey_how12640,2100727755486990681,2298,6,
2026-09-17,NET,wey_how12640,2100727755486990681,2298,6,
2026-09-17,NOW,wey_how12640,2100727755486990681,2298,6,
2026-09-17,NTAP,wey_how12640,2100727755486990681,2298,6,
2026-09-17,PAYP,wey_how12640,2100727755486990681,2298,6,
2026-09-17,PLTR,wey_how12640,2100727755486990681,2298,6,
2026-09-17,SFTBY,wey_how12640,2100727755486990681,2298,6,
2026-09-17,SMTC,wey_how12640,2100727755486990681,2298,6,
2026-09-17,SNDK,wey_how12640,2100727755486990681,2298,6,
2026-09-17,SNOW,wey_how12640,2100727755486990681,2298,6,
2026-09-17,ARM,NickSchmidt,2100724285773943066,4577,10,watching
2026-09-17,SMCI,mindofzen_,2100723363572330678,1401,1,
2026-09-17,AMD,Jake__Wujastyk,2100722521410806183,21621,11,recap
2026-09-17,AMDL,Jake__Wujastyk,2100722521410806183,21621,11,
2026-09-17,CIFR,Jake__Wujastyk,2100721861089001833,18673,16,
2026-09-17,MU,1ChartMaster,2100721131648889049,5383,12,mention
2026-09-17,RKLB,Jake__Wujastyk,2100720901025304951,18458,12,
2026-09-17,TLT,Jake__Wujastyk,2100719937325334721,18798,6,
2026-09-17,AMD,TheProfInvestor,2100719915766583521,23739,139,
2026-09-17,DOCN,TheProfInvestor,2100719915766583521,23739,139,
2026-09-17,INTC,TheProfInvestor,2100719915766583521,23739,139,
2026-09-17,MRVL,TheProfInvestor,2100719915766583521,23739,139,
2026-09-17,MU,TheProfInvestor,2100719915766583521,23739,139,
2026-09-17,PANW,TheProfInvestor,2100719915766583521,23739,139,
2026-09-17,PLTR,TheProfInvestor,2100719915766583521,23739,139,
2026-09-17,SNDK,TheProfInvestor,2100719915766583521,23739,139,
2026-09-17,SNOW,TheProfInvestor,2100719915766583521,23739,139,
2026-09-17,SPCX,TheProfInvestor,2100719915766583521,23739,139,
2026-09-17,TWLO,TheProfInvestor,2100719915766583521,23739,139,
2026-09-17,SPX,Jake__Wujastyk,2100718871867167108,21925,13,
2026-09-17,SPY,Jake__Wujastyk,2100718871867167108,21925,13,
2026-09-17,HBO,ripster47,2100708545641541983,1438,0,
2026-09-17,EARLY,RealJGBanks,2100705425205170565,43619,338,
2026-09-17,FROM,RealJGBanks,2100705425205170565,43619,338,
2026-09-17,HOW,RealJGBanks,2100705425205170565,43619,338,
2026-09-17,INTC,RealJGBanks,2100705425205170565,43619,338,
2026-09-17,SPY,RealJGBanks,2100705425205170565,43619,338,
2026-09-17,TEM,RealJGBanks,2100705425205170565,43619,338,
2026-09-17,YOU,RealJGBanks,2100705425205170565,43619,338,
2026-09-17,DELL,cfromhertz,2100691562510303353,4363,3,recap
2026-09-17,AMD,cfromhertz,2100691167268471243,2055,2,
2026-09-17,ARKG,cfromhertz,2100691167268471243,2055,2,
2026-09-17,CF,cfromhertz,2100691167268471243,2055,2,
2026-09-17,CRWD,cfromhertz,2100691167268471243,2055,2,
2026-09-17,GH,cfromhertz,2100691167268471243,2055,2,
2026-09-17,INTC,cfromhertz,2100691167268471243,2055,2,
2026-09-17,MU,cfromhertz,2100691167268471243,2055,2,
2026-09-17,NTRA,cfromhertz,2100691167268471243,2055,2,
2026-09-17,OKTA,cfromhertz,2100691167268471243,2055,2,
2026-09-17,SMTC,cfromhertz,2100691167268471243,2055,2,
2026-09-17,TEM,cfromhertz,2100691167268471243,2055,2,
2026-09-17,TNX,cfromhertz,2100691167268471243,2055,2,
2026-09-17,TSM,cfromhertz,2100691167268471243,2055,2,
2026-09-17,TWST,cfromhertz,2100691167268471243,2055,2,
2026-09-17,ZS,cfromhertz,2100691167268471243,2055,2,
2026-09-17,ONDS,Jake__Wujastyk,2100691037459231214,7418,2,
2026-09-17,ONDS,Jake__Wujastyk,2100689904338690050,32549,34,
2026-09-17,INTC,NickSchmidt,2100687951164330495,7915,6,recap
2026-09-17,WAY,ohiain,2100683085377581426,7651,7,
2026-09-17,MAGS,cfromhertz,2100681428266582384,4181,5,
2026-09-17,QQQ,PrimeTrading_,2100678977555751277,2394,0,
2026-09-17,SPY,PrimeTrading_,2100678977555751277,2394,0,
2026-09-17,HOOD,Venu_7_,2100672568751730710,360,0,
2026-09-17,PLTR,Venu_7_,2100672568751730710,360,0,
2026-09-17,TEM,Venu_7_,2100672568751730710,360,0,recap
2026-09-17,ILMN,thesetupfactory,2100672045096837506,828,1,mention
2026-09-17,LL,RealJGBanks,2100669833016750470,15885,25,
2026-09-17,NEVER,RealJGBanks,2100669833016750470,15885,25,
2026-09-17,STOP,RealJGBanks,2100669833016750470,15885,25,
2026-09-17,THIS,RealJGBanks,2100669833016750470,15885,25,
2026-09-17,WHY,RealJGBanks,2100669833016750470,15885,25,
2026-09-17,INFQ,thesetupfactory,2100664962607657267,770,0,
2026-09-17,IGV,RealSimpleAriel,2100664333713776852,13242,11,
2026-09-17,NAAIM,RealSimpleAriel,2100664333713776852,13242,11,
2026-09-17,SMH,RealSimpleAriel,2100664333713776852,13242,11,
2026-09-17,RDW,thesetupfactory,2100663798029775151,826,2,
2026-09-17,SPCX,thesetupfactory,2100663798029775151,826,2,mention
2026-09-17,TXG,thesetupfactory,2100662162175733847,1646,0,watching
2026-09-17,OM,ripster47,2100661417644785819,1326,0,
2026-09-17,NAZ,LindaRaschke,2100661003730002163,8905,2,
2026-09-17,GC,LindaRaschke,2100659892625252717,8177,0,
2026-09-17,EST,LindaRaschke,2100659431058944420,11485,49,
2026-09-17,SI,LindaRaschke,2100659431058944420,11485,49,
2026-09-17,SP,LindaRaschke,2100659431058944420,11485,49,
2026-09-17,ICU,thesetupfactory,2100657354341863526,1058,1,
2026-09-17,TEM,thesetupfactory,2100654576030375962,994,2,recap
2026-09-17,TWST,thesetupfactory,2100653895005384957,1494,1,
2026-09-17,ECO,RealSimpleAriel,2100653539764645999,10386,4,
2026-09-17,FRO,RealSimpleAriel,2100653539764645999,10386,4,
2026-09-17,INSW,RealSimpleAriel,2100653539764645999,10386,4,
2026-09-17,NCLH,RealSimpleAriel,2100653539764645999,10386,4,
2026-09-17,TNK,RealSimpleAriel,2100653539764645999,10386,4,
2026-09-17,MANH,thesetupfactory,2100652727990956459,776,1,
2026-09-17,SKHY,thesetupfactory,2100652727990956459,776,1,
2026-09-17,AMD,Venu_7_,2100652225211285632,17683,40,
2026-09-17,ANET,Venu_7_,2100652225211285632,17683,40,
2026-09-17,BE,Venu_7_,2100652225211285632,17683,40,
2026-09-17,CBRS,Venu_7_,2100652225211285632,17683,40,
2026-09-17,COHU,Venu_7_,2100652225211285632,17683,40,
2026-09-17,CRCL,Venu_7_,2100652225211285632,17683,40,
2026-09-17,ETHA,Venu_7_,2100652225211285632,17683,40,
2026-09-17,FROG,Venu_7_,2100652225211285632,17683,40,
2026-09-17,GOOGL,Venu_7_,2100652225211285632,17683,40,
2026-09-17,HOOD,Venu_7_,2100652225211285632,17683,40,
2026-09-17,HPE,Venu_7_,2100652225211285632,17683,40,
2026-09-17,IBIT,Venu_7_,2100652225211285632,17683,40,
2026-09-17,INTC,Venu_7_,2100652225211285632,17683,40,
2026-09-17,MDB,Venu_7_,2100652225211285632,17683,40,
2026-09-17,META,Venu_7_,2100652225211285632,17683,40,
2026-09-17,MRVL,Venu_7_,2100652225211285632,17683,40,
2026-09-17,MSFT,Venu_7_,2100652225211285632,17683,40,
2026-09-17,MU,Venu_7_,2100652225211285632,17683,40,
2026-09-17,NBIS,Venu_7_,2100652225211285632,17683,40,
2026-09-17,NOW,Venu_7_,2100652225211285632,17683,40,
2026-09-17,NVDA,Venu_7_,2100652225211285632,17683,40,
2026-09-17,P,Venu_7_,2100652225211285632,17683,40,
2026-09-17,PLTR,Venu_7_,2100652225211285632,17683,40,
2026-09-17,QQQ,Venu_7_,2100652225211285632,17683,40,
2026-09-17,RBRK,Venu_7_,2100652225211285632,17683,40,
2026-09-17,SMTC,Venu_7_,2100652225211285632,17683,40,
2026-09-17,SNOW,Venu_7_,2100652225211285632,17683,40,
2026-09-17,SPCX,Venu_7_,2100652225211285632,17683,40,
2026-09-17,TEAM,Venu_7_,2100652225211285632,17683,40,
2026-09-17,TEM,Venu_7_,2100652225211285632,17683,40,
2026-09-17,TWLO,Venu_7_,2100652225211285632,17683,40,
2026-09-17,U,Venu_7_,2100652225211285632,17683,40,
2026-09-17,VICR,Venu_7_,2100652225211285632,17683,40,
2026-09-17,WDAY,Venu_7_,2100652225211285632,17683,40,
2026-09-17,ZS,Venu_7_,2100652225211285632,17683,40,
2026-09-17,OP,LindaRaschke,2100651587886522677,9312,0,
2026-09-17,RBRK,1ChartMaster,2100650816512127394,5769,3,recap
2026-09-17,SMH,thesetupfactory,2100650434998194203,957,0,
2026-09-17,APP,ripster47,2100648472617648598,22779,1,
2026-09-17,BS,ripster47,2100648472617648598,22779,1,
2026-09-17,MU,ripster47,2100648472617648598,22779,1,recap
2026-09-17,GH,1ChartMaster,2100648443802779816,588,3,watching
2026-09-17,NAAIM,ConnorJBates_,2100646304703471829,18794,32,
2026-09-17,ANET,PrimeTrading_,2100644790266196266,2569,6,
2026-09-17,AVT,PrimeTrading_,2100644790266196266,2569,6,
2026-09-17,AXTI,PrimeTrading_,2100644790266196266,2569,6,
2026-09-17,BILL,PrimeTrading_,2100644790266196266,2569,6,
2026-09-17,CDW,PrimeTrading_,2100644790266196266,2569,6,
2026-09-17,ESTC,PrimeTrading_,2100644790266196266,2569,6,
2026-09-17,FROG,PrimeTrading_,2100644790266196266,2569,6,
2026-09-17,FSLY,PrimeTrading_,2100644790266196266,2569,6,
2026-09-17,KEYS,PrimeTrading_,2100644790266196266,2569,6,
2026-09-17,MDB,PrimeTrading_,2100644790266196266,2569,6,
2026-09-17,NTAP,PrimeTrading_,2100644790266196266,2569,6,
2026-09-17,P,PrimeTrading_,2100644790266196266,2569,6,
2026-09-17,PANW,PrimeTrading_,2100644790266196266,2569,6,
2026-09-17,SNOW,PrimeTrading_,2100644790266196266,2569,6,
2026-09-17,WDAY,PrimeTrading_,2100644790266196266,2569,6,
2026-09-17,NAAIM,AmeetRai,2100644022112936110,13923,13,
2026-09-17,ILMN,1ChartMaster,2100643048216555759,6499,13,watching
2026-09-17,ILMN,PrimeTrading_,2100640004540190737,2574,0,
2026-09-17,SMR,PrimeTrading_,2100640004540190737,2574,0,
2026-09-17,AMD,cfromhertz,2100638508167651362,4223,1,
2026-09-17,ARKG,cfromhertz,2100638508167651362,4223,1,
2026-09-17,ARM,cfromhertz,2100638508167651362,4223,1,
2026-09-17,INTC,cfromhertz,2100638508167651362,4223,1,
2026-09-17,MU,cfromhertz,2100638508167651362,4223,1,
2026-09-17,SDGR,cfromhertz,2100638508167651362,4223,1,
2026-09-17,TEM,cfromhertz,2100638508167651362,4223,1,
2026-09-17,TTG,cfromhertz,2100638508167651362,4223,1,
2026-09-17,TWST,cfromhertz,2100638508167651362,4223,1,
2026-09-17,SOXX,mindofzen_,2100637168385270002,2093,0,
2026-09-17,VLO,1ChartMaster,2100634797311697139,5491,3,
2026-09-17,SLOW,LindaRaschke,2100633919762636923,17130,91,
2026-09-17,GOOG,Jake__Wujastyk,2100633363967279344,36351,11,
2026-09-17,GOOGL,Jake__Wujastyk,2100633363967279344,36351,11,
2026-09-17,THIS,LindaRaschke,2100633010018107620,8950,18,
2026-09-18,HOOD,wey_how12640,2100994365388943507,8,0,mention
2026-09-18,SNDK,1ChartMaster,2100992721598976238,1459,1,recap
2026-09-18,PLTR,wey_how12640,2100992654280634814,320,0,
2026-09-18,HTFL,cfromhertz,2100991856628690999,1372,0,
2026-09-18,FOMO,Venu_7_,2100990849786298741,2774,19,
2026-09-18,EST,ripster47,2100988250315800787,8818,4,
2026-09-18,FREE,ripster47,2100988250315800787,8818,4,
2026-09-18,HERE,ripster47,2100988250315800787,8818,4,
2026-09-18,FUD,wey_how12640,2100986963314819239,711,2,
2026-09-18,HOOD,wey_how12640,2100986963314819239,711,2,long
2026-09-18,UC,wey_how12640,2100986963314819239,711,2,
2026-09-18,SPX,cfromhertz,2100985393667576009,2286,4,
2026-09-18,BP,Venu_7_,2100984275688644995,283,0,
2026-09-18,BTC,ripster47,2100981512292159780,12338,5,recap
2026-09-18,COIN,ripster47,2100981512292159780,12338,5,recap
2026-09-18,CRCL,ripster47,2100981512292159780,12338,5,recap
2026-09-18,HOOD,ripster47,2100981512292159780,12338,5,recap
2026-09-18,MSTR,ripster47,2100981512292159780,12338,5,recap
2026-09-18,MXL,1ChartMaster,2100979716198932552,3682,4,
2026-09-18,FREE,PrimeTrading_,2100979038835675618,1943,5,
2026-09-18,IWM,cfromhertz,2100978059201442294,2304,1,
2026-09-18,VPOC,cfromhertz,2100978059201442294,2304,1,
2026-09-18,DAX,cfromhertz,2100976635927269791,2545,1,
2026-09-18,SPY,cfromhertz,2100976635927269791,2545,1,
2026-09-18,ARM,Venu_7_,2100975456170455185,6911,30,
2026-09-18,MRVL,Venu_7_,2100975456170455185,6911,30,
2026-09-18,MU,Venu_7_,2100975456170455185,6911,30,mention
2026-09-18,NBIS,ripster47,2100974610820759657,13984,2,recap
2026-09-18,AGI,TheShortBear,2100973619622920595,10526,11,
2026-09-18,SNDK,1ChartMaster,2100973374344224788,3904,3,recap
2026-09-18,SNDK,wey_how12640,2100973276512256040,1269,0,recap
2026-09-18,AAII,cfromhertz,2100971956342309081,4044,2,
2026-09-18,CRDO,ripster47,2100970073968001263,14123,1,
2026-09-18,SNDK,1ChartMaster,2100968568758075741,5290,6,watching
2026-09-18,VCP,1ChartMaster,2100968568758075741,5290,6,
2026-09-18,MORE,TheProfInvestor,2100968047989457239,559,0,
2026-09-18,ONDS,Venu_7_,2100967406093156845,6767,9,
2026-09-18,NOW,Venu_7_,2100965626663825512,10127,14,
2026-09-18,IBIT,1ChartMaster,2100964441604968929,3854,3,recap
2026-09-18,BMNR,TheProfInvestor,2100964227083292899,17537,16,
2026-09-18,MSTR,TheProfInvestor,2100964227083292899,17537,16,long
2026-09-18,IMO,Venu_7_,2100963560776159613,396,0,
2026-09-18,RGV,ripster47,2100961682872811951,365,0,
2026-09-18,SPCX,cfromhertz,2100959487540568121,7009,1,long
2026-09-18,BTC,ripster47,2100958094524088770,15980,1,recap
2026-09-18,COIN,ripster47,2100958094524088770,15980,1,recap
2026-09-18,CRCL,ripster47,2100958094524088770,15980,1,recap
2026-09-18,MSTR,ripster47,2100958094524088770,15980,1,recap
2026-09-18,GEX,ripster47,2100955079897501856,22992,1,
2026-09-18,NBIS,ripster47,2100955079897501856,22992,1,recap
2026-09-18,AFTER,RealJGBanks,2100951657341190587,12687,80,
2026-09-18,BEST,RealJGBanks,2100951657341190587,12687,80,
2026-09-18,HPE,RealJGBanks,2100951657341190587,12687,80,
2026-09-18,KEEP,RealJGBanks,2100951657341190587,12687,80,
2026-09-18,SETUP,RealJGBanks,2100951657341190587,12687,80,
2026-09-18,SMCI,RealJGBanks,2100951657341190587,12687,80,
2026-09-18,THIS,RealJGBanks,2100951657341190587,12687,80,
2026-09-18,USE,RealJGBanks,2100951657341190587,12687,80,
2026-09-18,YEARS,RealJGBanks,2100951657341190587,12687,80,
2026-09-18,CRCL,Venu_7_,2100951529239027874,11626,12,long
2026-09-18,HOOD,Venu_7_,2100951529239027874,11626,12,long
2026-09-18,GOOGL,cfromhertz,2100950896309850352,3534,2,watching
2026-09-18,IBIT,AmeetRai,2100950853725147209,3920,3,recap
2026-09-18,FOMO,thesetupfactory,2100949631022587931,595,5,
2026-09-18,GEX,Signal_Sigma,2100949604229374024,633,2,
2026-09-18,SMH,Signal_Sigma,2100949604229374024,633,2,
2026-09-18,STD,Signal_Sigma,2100949604229374024,633,2,
2026-09-18,NYSE,cfromhertz,2100949262309748843,8761,3,
2026-09-18,SNDK,TheProfInvestor,2100948881039302916,22564,21,watching
2026-09-18,AMD,1ChartMaster,2100948662020878839,5057,3,
2026-09-18,BE,1ChartMaster,2100948662020878839,5057,3,
2026-09-18,SNDK,1ChartMaster,2100948662020878839,5057,3,recap
2026-09-18,GEX,Signal_Sigma,2100948049493193065,843,0,
2026-09-18,SPY,Signal_Sigma,2100948049493193065,843,0,
2026-09-18,BMNR,TheProfInvestor,2100947937656541568,24928,51,
2026-09-18,AAOI,ArtofSpecuycky,2100947678633046159,7191,14,
2026-09-18,AAPL,ArtofSpecuycky,2100947678633046159,7191,14,
2026-09-18,ADM,ArtofSpecuycky,2100947678633046159,7191,14,
2026-09-18,ALB,ArtofSpecuycky,2100947678633046159,7191,14,
2026-09-18,AMD,ArtofSpecuycky,2100947678633046159,7191,14,
2026-09-18,ARM,ArtofSpecuycky,2100947678633046159,7191,14,
2026-09-18,AVGO,ArtofSpecuycky,2100947678633046159,7191,14,
2026-09-18,AXTI,ArtofSpecuycky,2100947678633046159,7191,14,
2026-09-18,BA,ArtofSpecuycky,2100947678633046159,7191,14,
2026-09-18,BG,ArtofSpecuycky,2100947678633046159,7191,14,
2026-09-18,BYD,ArtofSpecuycky,2100947678633046159,7191,14,
2026-09-18,CATL,ArtofSpecuycky,2100947678633046159,7191,14,
2026-09-18,COFCO,ArtofSpecuycky,2100947678633046159,7191,14,
2026-09-18,COHR,ArtofSpecuycky,2100947678633046159,7191,14,
2026-09-18,CVX,ArtofSpecuycky,2100947678633046159,7191,14,
2026-09-18,CXMT,ArtofSpecuycky,2100947678633046159,7191,14,
2026-09-18,DRAM,ArtofSpecuycky,2100947678633046159,7191,14,
2026-09-18,EV,ArtofSpecuycky,2100947678633046159,7191,14,
2026-09-18,GM,ArtofSpecuycky,2100947678633046159,7191,14,
2026-09-18,LITE,ArtofSpecuycky,2100947678633046159,7191,14,
2026-09-18,LNG,ArtofSpecuycky,2100947678633046159,7191,14,
2026-09-18,MRVL,ArtofSpecuycky,2100947678633046159,7191,14,
2026-09-18,MU,ArtofSpecuycky,2100947678633046159,7191,14,
2026-09-18,NAND,ArtofSpecuycky,2100947678633046159,7191,14,
2026-09-18,NVDA,ArtofSpecuycky,2100947678633046159,7191,14,
2026-09-18,QCOM,ArtofSpecuycky,2100947678633046159,7191,14,
2026-09-18,SNDK,ArtofSpecuycky,2100947678633046159,7191,14,
2026-09-18,TSLA,ArtofSpecuycky,2100947678633046159,7191,14,
2026-09-18,XOM,ArtofSpecuycky,2100947678633046159,7191,14,
2026-09-18,YMTC,ArtofSpecuycky,2100947678633046159,7191,14,
2026-09-18,AVGO,ripster47,2100944681060155434,21345,0,
2026-09-18,TLT,cfromhertz,2100944409386782973,3032,1,
2026-09-18,EST,ripster47,2100938244690972710,22752,5,
2026-09-18,WTI,cfromhertz,2100937799230714196,3645,2,
2026-09-18,IWM,Jake__Wujastyk,2100927565024358433,20837,0,
2026-09-18,QQQ,Jake__Wujastyk,2100927565024358433,20837,0,
2026-09-18,SPY,Jake__Wujastyk,2100927565024358433,20837,0,
2026-09-18,ETHA,cfromhertz,2100919336978321584,3721,2,mention
2026-09-18,IBIT,cfromhertz,2100919336978321584,3721,2,mention
2026-09-18,SEC,cfromhertz,2100919336978321584,3721,2,
2026-09-18,PURR,thesetupfactory,2100913736575844670,942,3,watching
2026-09-18,BOJ,TailThatWagsDog,2100904498629640644,1514,3,
2026-09-18,BTC,TailThatWagsDog,2100904498629640644,1514,3,
2026-09-18,ETH,TailThatWagsDog,2100904498629640644,1514,3,
2026-09-18,SPX,TailThatWagsDog,2100902133511909657,75,0,
2026-09-18,QQQ,mindofzen_,2100901783660838973,1564,0,
2026-09-18,IVW,jfsrev,2100897407840194650,12387,26,
2026-09-18,NQ,jfsrev,2100897407840194650,12387,26,
2026-09-18,QQQ,jfsrev,2100897407840194650,12387,26,
2026-09-18,TQQQ,jfsrev,2100897407840194650,12387,26,
2026-09-18,RTH,mindofzen_,2100879526515315005,2906,1,
2026-09-18,BE,oratnek_ill,2100863559597281530,1441,9,
2026-09-18,CRWD,oratnek_ill,2100863559597281530,1441,9,
2026-09-18,DELL,oratnek_ill,2100863559597281530,1441,9,
2026-09-18,INTC,oratnek_ill,2100863559597281530,1441,9,
2026-09-18,LITE,oratnek_ill,2100863559597281530,1441,9,
2026-09-18,MRNA,oratnek_ill,2100863559597281530,1441,9,
2026-09-18,MU,oratnek_ill,2100863559597281530,1441,9,
2026-09-18,RNG,oratnek_ill,2100863559597281530,1441,9,
2026-09-18,SMTC,oratnek_ill,2100863559597281530,1441,9,
2026-09-18,SNDK,oratnek_ill,2100863559597281530,1441,9,
2026-09-18,SPCX,oratnek_ill,2100863559597281530,1441,9,
2026-09-18,ABSI,oratnek_ill,2100862662230016094,1540,4,
2026-09-18,AI,oratnek_ill,2100862662230016094,1540,4,
2026-09-18,AMPL,oratnek_ill,2100862662230016094,1540,4,
2026-09-18,ARM,oratnek_ill,2100862662230016094,1540,4,
2026-09-18,ARQT,oratnek_ill,2100862662230016094,1540,4,
2026-09-18,ASAN,oratnek_ill,2100862662230016094,1540,4,
2026-09-18,CDE,oratnek_ill,2100862662230016094,1540,4,
2026-09-18,CLF,oratnek_ill,2100862662230016094,1540,4,
2026-09-18,COHU,oratnek_ill,2100862662230016094,1540,4,
2026-09-18,CRSP,oratnek_ill,2100862662230016094,1540,4,
2026-09-18,DOCN,oratnek_ill,2100862662230016094,1540,4,
2026-09-18,EWTX,oratnek_ill,2100862662230016094,1540,4,
2026-09-18,FTNT,oratnek_ill,2100862662230016094,1540,4,
2026-09-18,HL,oratnek_ill,2100862662230016094,1540,4,
2026-09-18,HNGE,oratnek_ill,2100862662230016094,1540,4,
2026-09-18,ILMN,oratnek_ill,2100862662230016094,1540,4,
2026-09-18,INFQ,oratnek_ill,2100862662230016094,1540,4,
2026-09-18,INTC,oratnek_ill,2100862662230016094,1540,4,
2026-09-18,LL,oratnek_ill,2100862662230016094,1540,4,
2026-09-18,MARA,oratnek_ill,2100862662230016094,1540,4,
2026-09-18,MOS,oratnek_ill,2100862662230016094,1540,4,
2026-09-18,MRVL,oratnek_ill,2100862662230016094,1540,4,
2026-09-18,MXL,oratnek_ill,2100862662230016094,1540,4,
2026-09-18,NVAX,oratnek_ill,2100862662230016094,1540,4,
2026-09-18,OMER,oratnek_ill,2100862662230016094,1540,4,
2026-09-18,P,oratnek_ill,2100862662230016094,1540,4,
2026-09-18,PGEN,oratnek_ill,2100862662230016094,1540,4,
2026-09-18,PP,oratnek_ill,2100862662230016094,1540,4,
2026-09-18,PURR,oratnek_ill,2100862662230016094,1540,4,
2026-09-18,QUBT,oratnek_ill,2100862662230016094,1540,4,
2026-09-18,RIOT,oratnek_ill,2100862662230016094,1540,4,
2026-09-18,RXRX,oratnek_ill,2100862662230016094,1540,4,
2026-09-18,SEI,oratnek_ill,2100862662230016094,1540,4,
2026-09-18,SMCI,oratnek_ill,2100862662230016094,1540,4,
2026-09-18,TSEM,oratnek_ill,2100862662230016094,1540,4,
2026-09-18,TWLO,oratnek_ill,2100862662230016094,1540,4,
2026-09-18,TWST,oratnek_ill,2100862662230016094,1540,4,
2026-09-18,WDAY,oratnek_ill,2100862662230016094,1540,4,
2026-09-18,XP,oratnek_ill,2100862662230016094,1540,4,
2026-09-18,BOAT,oratnek_ill,2100855964064993580,1058,0,
2026-09-18,CIBR,oratnek_ill,2100855964064993580,1058,0,
2026-09-18,FINX,oratnek_ill,2100855964064993580,1058,0,
2026-09-18,IAI,oratnek_ill,2100855964064993580,1058,0,
2026-09-18,ICLN,oratnek_ill,2100855964064993580,1058,0,
2026-09-18,IGV,oratnek_ill,2100855964064993580,1058,0,
2026-09-18,IPAY,oratnek_ill,2100855964064993580,1058,0,
2026-09-18,ITA,oratnek_ill,2100855964064993580,1058,0,
2026-09-18,ITB,oratnek_ill,2100855964064993580,1058,0,
2026-09-18,IYT,oratnek_ill,2100855964064993580,1058,0,
2026-09-18,KIE,oratnek_ill,2100855964064993580,1058,0,
2026-09-18,KRE,oratnek_ill,2100855964064993580,1058,0,
2026-09-18,KWEB,oratnek_ill,2100855964064993580,1058,0,
2026-09-18,PEJ,oratnek_ill,2100855964064993580,1058,0,
2026-09-18,SMH,oratnek_ill,2100855964064993580,1058,0,
2026-09-18,URA,oratnek_ill,2100855964064993580,1058,0,
2026-09-18,WOOD,oratnek_ill,2100855964064993580,1058,0,
2026-09-18,WQTM,oratnek_ill,2100855964064993580,1058,0,
2026-09-18,XOP,oratnek_ill,2100855964064993580,1058,0,
2026-09-18,XRT,oratnek_ill,2100855964064993580,1058,0,
2026-09-18,BOAT,oratnek_ill,2100855374383583588,1063,1,
2026-09-18,CIBR,oratnek_ill,2100855374383583588,1063,1,
2026-09-18,IAI,oratnek_ill,2100855374383583588,1063,1,
2026-09-18,IGV,oratnek_ill,2100855374383583588,1063,1,
2026-09-18,IHI,oratnek_ill,2100855374383583588,1063,1,
2026-09-18,ITA,oratnek_ill,2100855374383583588,1063,1,
2026-09-18,PEJ,oratnek_ill,2100855374383583588,1063,1,
2026-09-18,REMX,oratnek_ill,2100855374383583588,1063,1,
2026-09-18,SIL,oratnek_ill,2100855374383583588,1063,1,
2026-09-18,TAN,oratnek_ill,2100855374383583588,1063,1,
2026-09-18,URA,oratnek_ill,2100855374383583588,1063,1,
2026-09-18,WGMI,oratnek_ill,2100855374383583588,1063,1,
2026-09-18,SFTBY,wey_how12640,2100844763276771435,273,0,
2026-09-18,RBRK,thesetupfactory,2100839758410752118,1035,5,
2026-09-18,FOMO,thesetupfactory,2100831316535058605,1609,1,
2026-09-18,COIN,Venu_7_,2101155827306660086,684,4,
2026-09-18,CRCL,Venu_7_,2101155827306660086,684,4,
2026-09-18,ETHA,Venu_7_,2101155827306660086,684,4,
2026-09-18,HOOD,Venu_7_,2101155827306660086,684,4,
2026-09-18,IBIT,Venu_7_,2101155827306660086,684,4,
2026-09-18,MSTR,Venu_7_,2101155827306660086,684,4,
2026-09-18,DM,Venu_7_,2101155471818408032,125,0,
2026-09-18,TAO,Venu_7_,2101126880523116849,222,0,
2026-09-18,BABA,Jake__Wujastyk,2101118452421562575,756,0,
2026-09-18,GL,Jake__Wujastyk,2101118452421562575,756,0,
2026-09-18,AVAV,Venu_7_,2101118195990249747,290,0,
2026-09-18,KTOS,Venu_7_,2101118195990249747,290,0,
2026-09-18,ONDS,Venu_7_,2101118195990249747,290,0,
2026-09-18,IWM,Jake__Wujastyk,2101115622704984152,19944,1,
2026-09-18,QQQ,Jake__Wujastyk,2101115622704984152,19944,1,
2026-09-18,SPY,Jake__Wujastyk,2101115622704984152,19944,1,
2026-09-18,DP,Venu_7_,2101112718237605916,517,0,
2026-09-18,ATH,wey_how12640,2101102291021369764,1379,7,
2026-09-18,BE,wey_how12640,2101102291021369764,1379,7,
2026-09-18,BO,wey_how12640,2101102291021369764,1379,7,
2026-09-18,CRWD,wey_how12640,2101102291021369764,1379,7,
2026-09-18,DDOG,wey_how12640,2101102291021369764,1379,7,
2026-09-18,DELL,wey_how12640,2101102291021369764,1379,7,
2026-09-18,DTL,wey_how12640,2101102291021369764,1379,7,
2026-09-18,FTNT,wey_how12640,2101102291021369764,1379,7,
2026-09-18,HAGW,wey_how12640,2101102291021369764,1379,7,
2026-09-18,HOOD,wey_how12640,2101102291021369764,1379,7,
2026-09-18,INTC,wey_how12640,2101102291021369764,1379,7,
2026-09-18,KMA,wey_how12640,2101102291021369764,1379,7,
2026-09-18,LITE,wey_how12640,2101102291021369764,1379,7,
2026-09-18,MRVL,wey_how12640,2101102291021369764,1379,7,
2026-09-18,MU,wey_how12640,2101102291021369764,1379,7,
2026-09-18,NBIS,wey_how12640,2101102291021369764,1379,7,
2026-09-18,NET,wey_how12640,2101102291021369764,1379,7,
2026-09-18,NOW,wey_how12640,2101102291021369764,1379,7,
2026-09-18,NTAP,wey_how12640,2101102291021369764,1379,7,
2026-09-18,PAYP,wey_how12640,2101102291021369764,1379,7,
2026-09-18,PLTR,wey_how12640,2101102291021369764,1379,7,
2026-09-18,SFTBY,wey_how12640,2101102291021369764,1379,7,
2026-09-18,SMTC,wey_how12640,2101102291021369764,1379,7,
2026-09-18,SNDK,wey_how12640,2101102291021369764,1379,7,
2026-09-18,SNOW,wey_how12640,2101102291021369764,1379,7,
2026-09-18,SOX,wey_how12640,2101102291021369764,1379,7,
2026-09-18,UC,wey_how12640,2101102291021369764,1379,7,
2026-09-18,III,mindofzen_,2101097776499261609,1344,0,
2026-09-18,QQQ,Jake__Wujastyk,2101096699452383309,17877,1,
2026-09-18,DP,ohiain,2101096444719661471,374,0,
2026-09-18,ATH,Venu_7_,2101092602980487233,212,0,
2026-09-18,ETH,NickSchmidt,2101090885073281194,8099,8,
2026-09-18,SOL,NickSchmidt,2101090885073281194,8099,8,
2026-09-18,ZEC,NickSchmidt,2101090885073281194,8099,8,
2026-09-18,OM,ripster47,2101084762870018411,672,0,
2026-09-18,PPT,ripster47,2101083317298733432,3442,1,
2026-09-18,LITE,Jake__Wujastyk,2101078839883694304,16599,12,long
2026-09-18,BTC,Jake__Wujastyk,2101076652747055464,24793,11,recap
2026-09-18,HAGW,1ChartMaster,2101076406126194764,10884,23,
2026-09-18,AMZN,Jake__Wujastyk,2101075215283617832,37093,79,long
2026-09-18,AMZU,Jake__Wujastyk,2101075215283617832,37093,79,
2026-09-18,TSLA,Jake__Wujastyk,2101075215283617832,37093,79,
2026-09-18,ETHA,1ChartMaster,2101074531897184481,5217,4,watching
2026-09-18,AMD,1ChartMaster,2101072173544640739,6919,29,
2026-09-18,DELL,1ChartMaster,2101072173544640739,6919,29,
2026-09-18,USDE,TheShortBear,2101060060550164730,18787,11,
2026-09-18,AP,TheShortBear,2101058906071998880,4661,2,
2026-09-18,CNN,TheShortBear,2101058906071998880,4661,2,
2026-09-18,MS,TheShortBear,2101058906071998880,4661,2,
2026-09-18,NOW,TheShortBear,2101058906071998880,4661,2,
2026-09-18,OANN,TheShortBear,2101058906071998880,4661,2,
2026-09-18,OPEX,AmeetRai,2101057568462213460,386,0,
2026-09-18,CF,cfromhertz,2101056970350588195,3530,2,
2026-09-18,AMZN,Jake__Wujastyk,2101056820014096652,27533,18,long
2026-09-18,GOOG,Jake__Wujastyk,2101056820014096652,27533,18,
2026-09-18,GOOG,TheShortBear,2101056395068223574,23045,30,
2026-09-18,GOOGL,TheShortBear,2101056395068223574,23045,30,mention
2026-09-18,TOTAL,TheShortBear,2101056395068223574,23045,30,
2026-09-18,QQQ,ShakePryzby1,2101047719272026477,6078,5,
2026-09-18,EMS,PrimeTrading_,2101047661692354570,2558,1,
2026-09-18,AVWAP,thesetupfactory,2101046485223964696,1143,9,
2026-09-18,HVE,thesetupfactory,2101046485223964696,1143,9,
2026-09-18,INTC,thesetupfactory,2101046485223964696,1143,9,long
2026-09-18,SNDK,thesetupfactory,2101046485223964696,1143,9,recap
2026-09-18,HAGW,RyanPierpont,2101045741393506638,9803,33,
2026-09-18,ARKG,cfromhertz,2101043645809926499,3654,1,
2026-09-18,MU,thesetupfactory,2101042931452764436,1868,1,long
2026-09-18,SNDK,thesetupfactory,2101042931452764436,1868,1,long
2026-09-18,COIN,Venu_7_,2101040390203908254,668,2,long
2026-09-18,CRCL,Venu_7_,2101040390203908254,668,2,long
2026-09-18,HOOD,Venu_7_,2101040390203908254,668,2,long
2026-09-18,ADDED,PrimeTrading_,2101039944714129541,2953,6,
2026-09-18,ESTC,PrimeTrading_,2101039944714129541,2953,6,
2026-09-18,FSLY,PrimeTrading_,2101039944714129541,2953,6,
2026-09-18,HAGW,PrimeTrading_,2101039944714129541,2953,6,
2026-09-18,HYG,PrimeTrading_,2101039944714129541,2953,6,
2026-09-18,IBIT,PrimeTrading_,2101039944714129541,2953,6,
2026-09-18,LITE,PrimeTrading_,2101039944714129541,2953,6,
2026-09-18,MCO,PrimeTrading_,2101039944714129541,2953,6,
2026-09-18,MCSI,PrimeTrading_,2101039944714129541,2953,6,
2026-09-18,NBIS,PrimeTrading_,2101039944714129541,2953,6,
2026-09-18,NEW,PrimeTrading_,2101039944714129541,2953,6,
2026-09-18,OUT,PrimeTrading_,2101039944714129541,2953,6,
2026-09-18,PANW,PrimeTrading_,2101039944714129541,2953,6,
2026-09-18,PLTR,PrimeTrading_,2101039944714129541,2953,6,
2026-09-18,QQQE,PrimeTrading_,2101039944714129541,2953,6,
2026-09-18,SHY,PrimeTrading_,2101039944714129541,2953,6,
2026-09-18,SNDK,PrimeTrading_,2101039944714129541,2953,6,
2026-09-18,SNOW,PrimeTrading_,2101039944714129541,2953,6,
2026-09-18,SOXL,PrimeTrading_,2101039944714129541,2953,6,
2026-09-18,VIX,PrimeTrading_,2101039944714129541,2953,6,
2026-09-18,TWST,cfromhertz,2101038664692236299,4261,1,
2026-09-18,AMD,1ChartMaster,2101038144862761222,14984,18,
2026-09-18,NBIS,Venu_7_,2101038133517439146,32977,55,long
2026-09-18,VERY,Venu_7_,2101038133517439146,32977,55,
2026-09-18,BMNR,TheProfInvestor,2101037078905827737,22573,143,
2026-09-18,COIN,TheProfInvestor,2101037078905827737,22573,143,
2026-09-18,CRWD,TheProfInvestor,2101037078905827737,22573,143,
2026-09-18,ETHA,TheProfInvestor,2101037078905827737,22573,143,
2026-09-18,IBIT,TheProfInvestor,2101037078905827737,22573,143,
2026-09-18,MPC,TheProfInvestor,2101037078905827737,22573,143,
2026-09-18,MSFT,TheProfInvestor,2101037078905827737,22573,143,
2026-09-18,MSTR,TheProfInvestor,2101037078905827737,22573,143,
2026-09-18,MU,TheProfInvestor,2101037078905827737,22573,143,
2026-09-18,NET,TheProfInvestor,2101037078905827737,22573,143,
2026-09-18,PLTR,TheProfInvestor,2101037078905827737,22573,143,
2026-09-18,RIG,TheProfInvestor,2101037078905827737,22573,143,
2026-09-18,SNDK,TheProfInvestor,2101037078905827737,22573,143,
2026-09-18,SNOW,TheProfInvestor,2101037078905827737,22573,143,
2026-09-18,TWLO,TheProfInvestor,2101037078905827737,22573,143,
2026-09-18,XLE,TheProfInvestor,2101037078905827737,22573,143,
2026-09-18,GNRC,ripster47,2101036404528542104,23153,4,
2026-09-18,PURR,cfromhertz,2101033746724012197,5590,5,watching
2026-09-18,SKHY,thesetupfactory,2101032874338058304,794,2,
2026-09-18,FSLY,Venu_7_,2101032256643190840,309,0,
2026-09-18,SPX,cfromhertz,2101032224086765601,4995,2,
2026-09-18,BTC,RealSimpleAriel,2101028904982966621,10127,0,mention
2026-09-18,MSTR,RealSimpleAriel,2101028904982966621,10127,0,mention
2026-09-18,USO,RealSimpleAriel,2101028904982966621,10127,0,
2026-09-18,MCSI,PrimeTrading_,2101028530322547032,2157,3,
2026-09-18,PF,PrimeTrading_,2101028530322547032,2157,3,
2026-09-18,QQQE,PrimeTrading_,2101028530322547032,2157,3,
2026-09-18,SPX,ripster47,2101026463923183706,21454,22,
2026-09-18,SPY,ripster47,2101026463923183706,21454,22,
2026-09-18,TOS,ripster47,2101026463923183706,21454,22,
2026-09-18,MU,1ChartMaster,2101019809253150821,10827,10,recap
2026-09-18,MARA,thesetupfactory,2101017898173022468,591,1,
2026-09-18,BS,ripster47,2101016823189704848,22107,5,
2026-09-18,MU,ripster47,2101016823189704848,22107,5,recap
2026-09-18,TSF,thesetupfactory,2101012944515367086,879,2,
2026-09-18,CT,TailThatWagsDog,2101008415904403537,1862,5,
2026-09-18,COIN,Venu_7_,2101006097696072051,297,0,
2026-09-18,CRCL,Venu_7_,2101006097696072051,297,0,
2026-09-18,HOOD,Venu_7_,2101006097696072051,297,0,mention
2026-09-18,MSTR,Venu_7_,2101006097696072051,297,0,
2026-09-18,PURR,NickSchmidt,2100997326529576990,173,0,mention
2026-09-18,HVE,1ChartMaster,2100996910844711385,7369,12,
2026-09-18,PURR,1ChartMaster,2100996910844711385,7369,12,long
2026-09-18,BTC,Venu_7_,2100996629432340835,19254,14,
2026-09-18,COIN,Venu_7_,2100996629432340835,19254,14,
2026-09-18,CRCL,Venu_7_,2100996629432340835,19254,14,
2026-09-18,ETH,Venu_7_,2100996629432340835,19254,14,
2026-09-18,HOOD,Venu_7_,2100996629432340835,19254,14,
2026-09-18,MSTR,Venu_7_,2100996629432340835,19254,14,
2026-09-19,MRVL,Venu_7_,2101352704916471903,2381,10,watching
2026-09-19,SOXX,mindofzen_,2101345847543841222,419,1,watching
2026-09-19,QUBT,RealSimpleAriel,2101339328156733882,321,0,mention
2026-09-19,META,Jake__Wujastyk,2101337521510600833,11430,7,watching
2026-09-19,NYSI,cfromhertz,2101334854939951156,2396,5,mention
2026-09-19,MU,TheProfInvestor,2101332098938458152,19896,71,long
2026-09-19,ARM,oratnek_ill,2101331060592410660,550,2,watching
2026-09-19,BRKR,oratnek_ill,2101331060592410660,550,2,watching
2026-09-19,CERT,oratnek_ill,2101331060592410660,550,2,watching
2026-09-19,CMPS,oratnek_ill,2101331060592410660,550,2,watching
2026-09-19,CRWD,oratnek_ill,2101331060592410660,550,2,watching
2026-09-19,FTRE,oratnek_ill,2101331060592410660,550,2,watching
2026-09-19,GENB,oratnek_ill,2101331060592410660,550,2,watching
2026-09-19,HL,oratnek_ill,2101331060592410660,550,2,watching
2026-09-19,INTC,oratnek_ill,2101331060592410660,550,2,watching
2026-09-19,LL,oratnek_ill,2101331060592410660,550,2,watching
2026-09-19,OPK,oratnek_ill,2101331060592410660,550,2,watching
2026-09-19,PURR,oratnek_ill,2101331060592410660,550,2,watching
2026-09-19,RBRK,oratnek_ill,2101331060592410660,550,2,watching
2026-09-19,RUM,oratnek_ill,2101331060592410660,550,2,watching
2026-09-19,RXRX,oratnek_ill,2101331060592410660,550,2,watching
2026-09-19,TGTX,oratnek_ill,2101331060592410660,550,2,watching
2026-09-19,TH,oratnek_ill,2101331060592410660,550,2,watching
2026-09-19,TWLO,oratnek_ill,2101331060592410660,550,2,watching
2026-09-19,VRNS,oratnek_ill,2101331060592410660,550,2,watching
2026-09-19,ZS,oratnek_ill,2101331060592410660,550,2,watching
2026-09-19,HIGHS,cfromhertz,2101330275552608456,3382,3,mention
2026-09-19,LOWS,cfromhertz,2101330275552608456,3382,3,mention
2026-09-19,SPX,cfromhertz,2101330275552608456,3382,3,mention
2026-09-19,RKLB,Jake__Wujastyk,2101319903169085875,13933,5,watching
2026-09-19,WSJ,MisterLowRisk,2101319805009633439,45,0,mention
2026-09-19,HOW,TheOneLanceB,2101311723365896574,15634,18,mention
2026-09-19,LIKE,TheOneLanceB,2101311723365896574,15634,18,mention
2026-09-19,YOU,TheOneLanceB,2101311723365896574,15634,18,mention
2026-09-19,NYSE,bluechipdaily,2101310684961132896,155,0,mention
2026-09-19,TNX,bluechipdaily,2101310684961132896,155,0,mention
2026-09-19,NDX,Jake__Wujastyk,2101310126934376951,17725,8,watching
2026-09-19,QQQ,Jake__Wujastyk,2101310126934376951,17725,8,watching
2026-09-19,SOFI,Jake__Wujastyk,2101308830219149437,15446,10,watching
2026-09-19,SOXX,bluechipdaily,2101307387038539858,3671,6,watching
2026-09-19,AMZN,Jake__Wujastyk,2101306924679737713,9433,7,watching
2026-09-19,AMZU,Jake__Wujastyk,2101306924679737713,9433,7,watching
2026-09-19,AAPL,Jake__Wujastyk,2101306792458477569,16717,9,watching
2026-09-19,AMZN,Jake__Wujastyk,2101306792458477569,16717,9,watching
2026-09-19,GOOG,Jake__Wujastyk,2101306792458477569,16717,9,watching
2026-09-19,MAGS,Jake__Wujastyk,2101306792458477569,16717,9,watching
2026-09-19,META,Jake__Wujastyk,2101306792458477569,16717,9,watching
2026-09-19,MSFT,Jake__Wujastyk,2101306792458477569,16717,9,watching
2026-09-19,NVDA,Jake__Wujastyk,2101306792458477569,16717,9,watching
2026-09-19,TSLA,Jake__Wujastyk,2101306792458477569,16717,9,watching
2026-09-19,GOOG,Jake__Wujastyk,2101304587743637813,20148,10,watching
2026-09-19,GOOGL,Jake__Wujastyk,2101304587743637813,20148,10,watching
2026-09-19,ATM,1ChartMaster,2101303903924977850,9407,24,mention
2026-09-19,IYKYK,1ChartMaster,2101303903924977850,9407,24,mention
2026-09-19,MU,1ChartMaster,2101303903924977850,9407,24,recap
2026-09-19,SPY,bluechipdaily,2101301794957639798,5867,7,recap
2026-09-19,TNX,bluechipdaily,2101301794957639798,5867,7,mention
2026-09-19,SECZ,thesetupfactory,2101293847305146828,1146,1,mention
2026-09-19,NASI,ConnorJBates_,2101293355866915177,6418,19,watching
2026-09-19,NYSI,ConnorJBates_,2101293355866915177,6418,19,watching
2026-09-19,AAOI,ConnorJBates_,2101283712377778472,8553,66,watching
2026-09-19,ADI,ConnorJBates_,2101283712377778472,8553,66,watching
2026-09-19,ALAB,ConnorJBates_,2101283712377778472,8553,66,watching
2026-09-19,AMD,ConnorJBates_,2101283712377778472,8553,66,watching
2026-09-19,APH,ConnorJBates_,2101283712377778472,8553,66,watching
2026-09-19,ARM,ConnorJBates_,2101283712377778472,8553,66,watching
2026-09-19,ASX,ConnorJBates_,2101283712377778472,8553,66,watching
2026-09-19,AVGO,ConnorJBates_,2101283712377778472,8553,66,watching
2026-09-19,BHYP,ConnorJBates_,2101283712377778472,8553,66,watching
2026-09-19,BMNR,ConnorJBates_,2101283712377778472,8553,66,watching
2026-09-19,CAT,ConnorJBates_,2101283712377778472,8553,66,watching
2026-09-19,CBRS,ConnorJBates_,2101283712377778472,8553,66,watching
2026-09-19,CEG,ConnorJBates_,2101283712377778472,8553,66,watching
2026-09-19,CIEN,ConnorJBates_,2101283712377778472,8553,66,watching
2026-09-19,COHR,ConnorJBates_,2101283712377778472,8553,66,watching
2026-09-19,COIN,ConnorJBates_,2101283712377778472,8553,66,watching
2026-09-19,CRCL,ConnorJBates_,2101283712377778472,8553,66,watching
2026-09-19,CRM,ConnorJBates_,2101283712377778472,8553,66,watching
2026-09-19,CRWD,ConnorJBates_,2101283712377778472,8553,66,watching
2026-09-19,DDOG,ConnorJBates_,2101283712377778472,8553,66,watching
2026-09-19,DE,ConnorJBates_,2101283712377778472,8553,66,watching
2026-09-19,DELL,ConnorJBates_,2101283712377778472,8553,66,watching
2026-09-19,ETHA,ConnorJBates_,2101283712377778472,8553,66,watching
2026-09-19,FTNT,ConnorJBates_,2101283712377778472,8553,66,watching
2026-09-19,GEN,ConnorJBates_,2101283712377778472,8553,66,watching
2026-09-19,GEV,ConnorJBates_,2101283712377778472,8553,66,watching
2026-09-19,IBIT,ConnorJBates_,2101283712377778472,8553,66,watching
2026-09-19,INTC,ConnorJBates_,2101283712377778472,8553,66,watching
2026-09-19,MRVL,ConnorJBates_,2101283712377778472,8553,66,watching
2026-09-19,MSFT,ConnorJBates_,2101283712377778472,8553,66,watching
2026-09-19,MSTR,ConnorJBates_,2101283712377778472,8553,66,watching
2026-09-19,MU,ConnorJBates_,2101283712377778472,8553,66,watching
2026-09-19,NET,ConnorJBates_,2101283712377778472,8553,66,watching
2026-09-19,NOW,ConnorJBates_,2101283712377778472,8553,66,watching
2026-09-19,NTAP,ConnorJBates_,2101283712377778472,8553,66,watching
2026-09-19,NVDA,ConnorJBates_,2101283712377778472,8553,66,watching
2026-09-19,NXPI,ConnorJBates_,2101283712377778472,8553,66,watching
2026-09-19,OKTA,ConnorJBates_,2101283712377778472,8553,66,watching
2026-09-19,P,ConnorJBates_,2101283712377778472,8553,66,watching
2026-09-19,PANW,ConnorJBates_,2101283712377778472,8553,66,watching
2026-09-19,PLTR,ConnorJBates_,2101283712377778472,8553,66,watching
2026-09-19,PURR,ConnorJBates_,2101283712377778472,8553,66,watching
2026-09-19,RBRK,ConnorJBates_,2101283712377778472,8553,66,watching
2026-09-19,SHOP,ConnorJBates_,2101283712377778472,8553,66,watching
2026-09-19,SKHY,ConnorJBates_,2101283712377778472,8553,66,watching
2026-09-19,SNDK,ConnorJBates_,2101283712377778472,8553,66,watching
2026-09-19,SNOW,ConnorJBates_,2101283712377778472,8553,66,watching
2026-09-19,SOLD,ConnorJBates_,2101283712377778472,8553,66,watching
2026-09-19,TSEM,ConnorJBates_,2101283712377778472,8553,66,watching
2026-09-19,TSM,ConnorJBates_,2101283712377778472,8553,66,watching
2026-09-19,TXN,ConnorJBates_,2101283712377778472,8553,66,watching
2026-09-19,UMC,ConnorJBates_,2101283712377778472,8553,66,watching
2026-09-19,WDC,ConnorJBates_,2101283712377778472,8553,66,watching
2026-09-19,XXRP,ConnorJBates_,2101283712377778472,8553,66,watching
2026-09-19,ZS,ConnorJBates_,2101283712377778472,8553,66,watching
2026-09-19,HAGW,ConnorJBates_,2101276780384428228,656,1,mention
2026-09-19,RANGE,thesetupfactory,2101252667431354607,1167,5,mention
2026-09-19,TWST,thesetupfactory,2101230145159766212,676,0,recap
2026-09-19,CRCL,thesetupfactory,2101222612999278643,907,5,watching
2026-09-19,MXL,thesetupfactory,2101221730714792138,656,1,watching
2026-09-19,FPS,thesetupfactory,2101221129520140369,717,0,recap
2026-09-19,SMTC,thesetupfactory,2101215591767965785,724,2,recap
2026-09-19,EACH,MisterLowRisk,2101209417156841767,3626,34,mention
2026-09-19,MOST,MisterLowRisk,2101209417156841767,3626,34,mention
2026-09-19,BMNR,jfsrev,2101205540366061569,20261,106,recap
2026-09-19,BRKR,jfsrev,2101205540366061569,20261,106,recap
2026-09-19,COHR,jfsrev,2101205540366061569,20261,106,recap
2026-09-19,COIN,jfsrev,2101205540366061569,20261,106,recap
2026-09-19,CRCL,jfsrev,2101205540366061569,20261,106,recap
2026-09-19,CRWD,jfsrev,2101205540366061569,20261,106,recap
2026-09-19,DINO,jfsrev,2101205540366061569,20261,106,recap
2026-09-19,DOCN,jfsrev,2101205540366061569,20261,106,recap
2026-09-19,FPS,jfsrev,2101205540366061569,20261,106,recap
2026-09-19,FROG,jfsrev,2101205540366061569,20261,106,recap
2026-09-19,HOOD,jfsrev,2101205540366061569,20261,106,recap
2026-09-19,HPE,jfsrev,2101205540366061569,20261,106,recap
2026-09-19,HUT,jfsrev,2101205540366061569,20261,106,recap
2026-09-19,IREN,jfsrev,2101205540366061569,20261,106,recap
2026-09-19,LITE,jfsrev,2101205540366061569,20261,106,recap
2026-09-19,MARA,jfsrev,2101205540366061569,20261,106,recap
2026-09-19,MSTR,jfsrev,2101205540366061569,20261,106,recap
2026-09-19,MXL,jfsrev,2101205540366061569,20261,106,recap
2026-09-19,NBIS,jfsrev,2101205540366061569,20261,106,recap
2026-09-19,NET,jfsrev,2101205540366061569,20261,106,recap
2026-09-19,NTSK,jfsrev,2101205540366061569,20261,106,recap
2026-09-19,OKTA,jfsrev,2101205540366061569,20261,106,recap
2026-09-19,PANW,jfsrev,2101205540366061569,20261,106,recap
2026-09-19,PBF,jfsrev,2101205540366061569,20261,106,recap
2026-09-19,RBRK,jfsrev,2101205540366061569,20261,106,recap
2026-09-19,RIOT,jfsrev,2101205540366061569,20261,106,recap
2026-09-19,S,jfsrev,2101205540366061569,20261,106,recap
2026-09-19,SAIL,jfsrev,2101205540366061569,20261,106,recap
2026-09-19,SMCI,jfsrev,2101205540366061569,20261,106,recap
2026-09-19,SMTC,jfsrev,2101205540366061569,20261,106,recap
2026-09-19,SNDK,jfsrev,2101205540366061569,20261,106,recap
2026-09-19,SWKS,jfsrev,2101205540366061569,20261,106,recap
2026-09-19,TEM,jfsrev,2101205540366061569,20261,106,recap
2026-09-19,TXG,jfsrev,2101205540366061569,20261,106,recap
2026-09-19,W,jfsrev,2101205540366061569,20261,106,recap
2026-09-19,ZS,jfsrev,2101205540366061569,20261,106,recap
2026-09-19,EP,Gaurav_Cx10,2101199816235643139,101,0,mention
2026-09-19,OPEX,thesetupfactory,2101187735595647302,1185,0,mention
2026-09-19,IMF,wey_how12640,2101161304761549132,441,0,mention
2026-09-19,CAPEX,wey_how12640,2101482702029647880,1235,3,mention
2026-09-19,TAM,wey_how12640,2101482702029647880,1235,3,mention
2026-09-19,DDOI,TailThatWagsDog,2101457941530362175,3832,93,mention
2026-09-19,GEX,TailThatWagsDog,2101457941530362175,3832,93,mention
2026-09-19,SPX,TailThatWagsDog,2101457941530362175,3832,93,mention
2026-09-19,VEX,TailThatWagsDog,2101457941530362175,3832,93,mention
2026-09-19,SMS,Venu_7_,2101444079502708803,9196,2,mention
2026-09-19,DTE,Muninn,2101439556675633313,85,1,mention
2026-09-19,META,Muninn,2101439556675633313,85,1,mention
2026-09-19,MSFT,Muninn,2101439556675633313,85,1,mention
2026-09-19,ORCL,Muninn,2101439556675633313,85,1,mention
2026-09-19,TSLA,Muninn,2101439556675633313,85,1,mention
2026-09-19,PW,TheOneLanceB,2101426599971492149,20465,12,mention
2026-09-19,META,Muninn,2101422608084267409,398,0,mention
2026-09-19,MSFT,Muninn,2101422608084267409,398,0,mention
2026-09-19,TTG,cfromhertz,2101415348356432297,3891,2,mention
2026-09-19,TSF,thesetupfactory,2101412174707187987,600,0,mention
2026-09-19,AMD,RealSimpleAriel,2101409990548537545,13387,76,watching
2026-09-19,ARKG,RealSimpleAriel,2101409990548537545,13387,76,watching
2026-09-19,ARM,RealSimpleAriel,2101409990548537545,13387,76,watching
2026-09-19,ASX,RealSimpleAriel,2101409990548537545,13387,76,watching
2026-09-19,BMNR,RealSimpleAriel,2101409990548537545,13387,76,watching
2026-09-19,BTC,RealSimpleAriel,2101409990548537545,13387,76,watching
2026-09-19,COIN,RealSimpleAriel,2101409990548537545,13387,76,watching
2026-09-19,DINO,RealSimpleAriel,2101409990548537545,13387,76,watching
2026-09-19,ETH,RealSimpleAriel,2101409990548537545,13387,76,watching
2026-09-19,HOOD,RealSimpleAriel,2101409990548537545,13387,76,watching
2026-09-19,INTC,RealSimpleAriel,2101409990548537545,13387,76,watching
2026-09-19,MAGS,RealSimpleAriel,2101409990548537545,13387,76,watching
2026-09-19,MPC,RealSimpleAriel,2101409990548537545,13387,76,watching
2026-09-19,MSTR,RealSimpleAriel,2101409990548537545,13387,76,watching
2026-09-19,MU,RealSimpleAriel,2101409990548537545,13387,76,watching
2026-09-19,NTRA,RealSimpleAriel,2101409990548537545,13387,76,watching
2026-09-19,PSX,RealSimpleAriel,2101409990548537545,13387,76,watching
2026-09-19,SIMO,RealSimpleAriel,2101409990548537545,13387,76,watching
2026-09-19,SKHY,RealSimpleAriel,2101409990548537545,13387,76,watching
2026-09-19,SMH,RealSimpleAriel,2101409990548537545,13387,76,watching
2026-09-19,SMTC,RealSimpleAriel,2101409990548537545,13387,76,watching
2026-09-19,SNDK,RealSimpleAriel,2101409990548537545,13387,76,watching
2026-09-19,TWST,RealSimpleAriel,2101409990548537545,13387,76,watching
2026-09-19,TXG,RealSimpleAriel,2101409990548537545,13387,76,watching
2026-09-19,VLO,RealSimpleAriel,2101409990548537545,13387,76,watching
2026-09-19,XLK,RealSimpleAriel,2101409990548537545,13387,76,watching
2026-09-19,HOOD,thesetupfactory,2101403541533495646,656,6,long
2026-09-19,PTJ,Gaurav_Cx10,2101401902088921549,2152,31,mention
2026-09-19,PLTR,ohiain,2101401717791236595,6306,15,long
2026-09-19,ARM,ohiain,2101394996209254429,7965,25,watching
2026-09-19,INTC,ZaStocks,2101394168991842340,1034,0,mention
2026-09-19,SPY,thesetupfactory,2101388647400390828,463,2,mention
2026-09-19,AVGO,Venu_7_,2101384507849117828,588,0,watching
2026-09-19,NVDA,Venu_7_,2101384507849117828,588,0,long
2026-09-19,AVGO,Venu_7_,2101377470020943898,12160,25,long
2026-09-19,NDX,cfromhertz,2101372609107517515,23119,14,mention
2026-09-19,SNDK,cfromhertz,2101372609107517515,23119,14,mention
2026-09-19,SPX,cfromhertz,2101372609107517515,23119,14,mention
2026-09-19,CAGR,Venu_7_,2101368797949198762,15012,37,mention
2026-09-19,PLTR,Venu_7_,2101368797949198762,15012,37,long
2026-09-19,ARKF,RealJGBanks,2101368669649687010,17964,200,mention
2026-09-19,ARKX,RealJGBanks,2101368669649687010,17964,200,mention
2026-09-19,BOTZ,RealJGBanks,2101368669649687010,17964,200,mention
2026-09-19,CIBR,RealJGBanks,2101368669649687010,17964,200,mention
2026-09-19,COPX,RealJGBanks,2101368669649687010,17964,200,mention
2026-09-19,DELL,RealJGBanks,2101368669649687010,17964,200,mention
2026-09-19,DRAM,RealJGBanks,2101368669649687010,17964,200,mention
2026-09-19,DTCR,RealJGBanks,2101368669649687010,17964,200,mention
2026-09-19,EXACT,RealJGBanks,2101368669649687010,17964,200,mention
2026-09-19,GEN,RealJGBanks,2101368669649687010,17964,200,mention
2026-09-19,GLD,RealJGBanks,2101368669649687010,17964,200,mention
2026-09-19,GRID,RealJGBanks,2101368669649687010,17964,200,mention
2026-09-19,IGV,RealJGBanks,2101368669649687010,17964,200,mention
2026-09-19,INTC,RealJGBanks,2101368669649687010,17964,200,mention
2026-09-19,IWM,RealJGBanks,2101368669649687010,17964,200,mention
2026-09-19,JETS,RealJGBanks,2101368669649687010,17964,200,mention
2026-09-19,MU,RealJGBanks,2101368669649687010,17964,200,mention
2026-09-19,NEXT,RealJGBanks,2101368669649687010,17964,200,mention
2026-09-19,NLR,RealJGBanks,2101368669649687010,17964,200,mention
2026-09-19,NVDA,RealJGBanks,2101368669649687010,17964,200,mention
2026-09-19,POWER,RealJGBanks,2101368669649687010,17964,200,mention
2026-09-19,QQQ,RealJGBanks,2101368669649687010,17964,200,mention
2026-09-19,QTUM,RealJGBanks,2101368669649687010,17964,200,mention
2026-09-19,REAL,RealJGBanks,2101368669649687010,17964,200,mention
2026-09-19,REMX,RealJGBanks,2101368669649687010,17964,200,mention
2026-09-19,RISK,RealJGBanks,2101368669649687010,17964,200,mention
2026-09-19,SLV,RealJGBanks,2101368669649687010,17964,200,mention
2026-09-19,SMH,RealJGBanks,2101368669649687010,17964,200,mention
2026-09-19,SNDK,RealJGBanks,2101368669649687010,17964,200,mention
2026-09-19,SPY,RealJGBanks,2101368669649687010,17964,200,mention
2026-09-19,TECH,RealJGBanks,2101368669649687010,17964,200,mention
2026-09-19,WGMI,RealJGBanks,2101368669649687010,17964,200,mention
2026-09-19,XBI,RealJGBanks,2101368669649687010,17964,200,mention
2026-09-19,XLE,RealJGBanks,2101368669649687010,17964,200,mention
2026-09-19,XLF,RealJGBanks,2101368669649687010,17964,200,mention
2026-09-19,XLI,RealJGBanks,2101368669649687010,17964,200,mention
2026-09-19,XLV,RealJGBanks,2101368669649687010,17964,200,mention
2026-09-19,MSTR,TheProfInvestor,2101366822889259370,28935,99,long
2026-09-19,IMO,thesetupfactory,2101362418605543911,22,0,mention
2026-09-19,LOT,ohiain,2101360355993612694,3269,3,mention
2026-09-19,LOVE,ohiain,2101360355993612694,3269,3,mention
2026-09-19,WAY,ohiain,2101360355993612694,3269,3,mention
2026-09-19,ATH,Venu_7_,2101360058894610575,486,0,mention
2026-09-19,COHU,Venu_7_,2101359227470303611,19103,71,watching
2026-09-19,NBIS,Venu_7_,2101359227470303611,19103,71,watching
2026-09-19,NVDA,Venu_7_,2101359227470303611,19103,71,watching
2026-09-19,SMTC,Venu_7_,2101359227470303611,19103,71,watching
2026-09-19,EOQ,mindofzen_,2101358954391466090,886,0,mention
2026-09-20,DLXY,MisterLowRisk,2101711182914568330,388,3,recap
2026-09-20,ENJOY,MisterLowRisk,2101711182914568330,388,3,mention
2026-09-20,SHORT,MisterLowRisk,2101711182914568330,388,3,mention
2026-09-20,WAIT,MisterLowRisk,2101711182914568330,388,3,mention
2026-09-20,WEEKS,MisterLowRisk,2101711182914568330,388,3,mention
2026-09-20,BTC,PrimeTrading_,2101699082746008044,1554,2,watching
2026-09-20,DTL,PrimeTrading_,2101699082746008044,1554,2,mention
2026-09-20,HOOD,NickSchmidt,2101684974789218615,200,0,watching
2026-09-20,INTC,ZaStocks,2101678881048580475,3211,6,mention
2026-09-20,AMD,NickSchmidt,2101677888852365525,7075,48,long
2026-09-20,ARM,NickSchmidt,2101677888852365525,7075,48,long
2026-09-20,INTC,NickSchmidt,2101677888852365525,7075,48,long
2026-09-20,SNDK,NickSchmidt,2101677888852365525,7075,48,long
2026-09-20,MAGS,Jake__Wujastyk,2101671469910769989,16971,12,long
2026-09-20,PEG,PrimeTrading_,2101665664482119737,2336,2,mention
2026-09-20,PLTR,PrimeTrading_,2101665664482119737,2336,2,long
2026-09-20,SNDK,PrimeTrading_,2101664702891786276,2039,2,watching
2026-09-20,AMZN,Jake__Wujastyk,2101664675058631045,18917,14,long
2026-09-20,AMZU,Jake__Wujastyk,2101664675058631045,18917,14,long
2026-09-20,DTL,ConnorJBates_,2101663628214636739,6266,14,mention
2026-09-20,SOXX,ConnorJBates_,2101663628214636739,6266,14,watching
2026-09-20,SPX,ConnorJBates_,2101663628214636739,6266,14,watching
2026-09-20,DELL,ConnorJBates_,2101662693010632730,5836,16,watching
2026-09-20,HPE,ConnorJBates_,2101662693010632730,5836,16,watching
2026-09-20,MU,ConnorJBates_,2101662693010632730,5836,16,watching
2026-09-20,NTAP,ConnorJBates_,2101662693010632730,5836,16,watching
2026-09-20,P,ConnorJBates_,2101662693010632730,5836,16,watching
2026-09-20,SIMO,ConnorJBates_,2101662693010632730,5836,16,watching
2026-09-20,SNDK,ConnorJBates_,2101662693010632730,5836,16,watching
2026-09-20,QQQ,ConnorJBates_,2101662191581565097,6869,11,watching
2026-09-20,SPX,ConnorJBates_,2101662191581565097,6869,11,watching
2026-09-20,AMD,mindofzen_,2101659948291658116,1127,6,long
2026-09-20,CPU,mindofzen_,2101659948291658116,1127,6,mention
2026-09-20,INTC,mindofzen_,2101659948291658116,1127,6,long
2026-09-20,SOXL,mindofzen_,2101659948291658116,1127,6,long
2026-09-20,INTC,ZaStocks,2101658563307319611,19467,39,long
2026-09-20,FREE,PrimeTrading_,2101645046152138991,2484,9,mention
2026-09-20,IWM,PrimeTrading_,2101645046152138991,2484,9,mention
2026-09-20,NYSE,PrimeTrading_,2101645046152138991,2484,9,mention
2026-09-20,QQQ,PrimeTrading_,2101645046152138991,2484,9,mention
2026-09-20,SPY,PrimeTrading_,2101645046152138991,2484,9,mention
2026-09-20,TLMM,PrimeTrading_,2101645046152138991,2484,9,mention
2026-09-20,AEHR,PrimeTrading_,2101643463225671874,2120,3,recap
2026-09-20,ALAB,PrimeTrading_,2101643463225671874,2120,3,recap
2026-09-20,AMD,PrimeTrading_,2101643463225671874,2120,3,recap
2026-09-20,APLD,PrimeTrading_,2101643463225671874,2120,3,recap
2026-09-20,ARM,PrimeTrading_,2101643463225671874,2120,3,recap
2026-09-20,AXTI,PrimeTrading_,2101643463225671874,2120,3,recap
2026-09-20,CIFR,PrimeTrading_,2101643463225671874,2120,3,recap
2026-09-20,COHR,PrimeTrading_,2101643463225671874,2120,3,recap
2026-09-20,CRDO,PrimeTrading_,2101643463225671874,2120,3,recap
2026-09-20,FORM,PrimeTrading_,2101643463225671874,2120,3,recap
2026-09-20,INTC,PrimeTrading_,2101643463225671874,2120,3,recap
2026-09-20,MRVL,PrimeTrading_,2101643463225671874,2120,3,recap
2026-09-20,MSTR,PrimeTrading_,2101643463225671874,2120,3,recap
2026-09-20,MTSI,PrimeTrading_,2101643463225671874,2120,3,recap
2026-09-20,MXL,PrimeTrading_,2101643463225671874,2120,3,recap
2026-09-20,SMTC,PrimeTrading_,2101643463225671874,2120,3,recap
2026-09-20,SNDK,PrimeTrading_,2101643463225671874,2120,3,recap
2026-09-20,SWKS,PrimeTrading_,2101643463225671874,2120,3,recap
2026-09-20,TER,PrimeTrading_,2101643463225671874,2120,3,recap
2026-09-20,TOP,PrimeTrading_,2101643463225671874,2120,3,mention
2026-09-20,TSEM,PrimeTrading_,2101643463225671874,2120,3,recap
2026-09-20,AEHR,PrimeTrading_,2101642889012953162,1965,7,watching
2026-09-20,ANET,PrimeTrading_,2101642889012953162,1965,7,watching
2026-09-20,AVT,PrimeTrading_,2101642889012953162,1965,7,watching
2026-09-20,AXTI,PrimeTrading_,2101642889012953162,1965,7,watching
2026-09-20,BBY,PrimeTrading_,2101642889012953162,1965,7,watching
2026-09-20,BRKR,PrimeTrading_,2101642889012953162,1965,7,watching
2026-09-20,FROG,PrimeTrading_,2101642889012953162,1965,7,watching
2026-09-20,FTNT,PrimeTrading_,2101642889012953162,1965,7,watching
2026-09-20,HNGE,PrimeTrading_,2101642889012953162,1965,7,watching
2026-09-20,KEYS,PrimeTrading_,2101642889012953162,1965,7,watching
2026-09-20,LITE,PrimeTrading_,2101642889012953162,1965,7,watching
2026-09-20,NET,PrimeTrading_,2101642889012953162,1965,7,watching
2026-09-20,NTAP,PrimeTrading_,2101642889012953162,1965,7,watching
2026-09-20,OSCR,PrimeTrading_,2101642889012953162,1965,7,watching
2026-09-20,PANW,PrimeTrading_,2101642889012953162,1965,7,watching
2026-09-20,PBF,PrimeTrading_,2101642889012953162,1965,7,watching
2026-09-20,S,PrimeTrading_,2101642889012953162,1965,7,watching
2026-09-20,SNOW,PrimeTrading_,2101642889012953162,1965,7,watching
2026-09-20,TWLO,PrimeTrading_,2101642889012953162,1965,7,watching
2026-09-20,VSAT,PrimeTrading_,2101642889012953162,1965,7,watching
2026-09-20,EMS,PrimeTrading_,2101642235750080855,1845,1,mention
2026-09-20,PF,PrimeTrading_,2101642235750080855,1845,1,mention
2026-09-20,WL,PrimeTrading_,2101642235750080855,1845,1,mention
2026-09-20,CTA,thesetupfactory,2101638313744470427,704,0,mention
2026-09-20,MAGS,thesetupfactory,2101638313744470427,704,0,mention
2026-09-20,TSF,thesetupfactory,2101638313744470427,704,0,mention
2026-09-20,VIX,thesetupfactory,2101638313744470427,704,0,mention
2026-09-20,BTC,TailThatWagsDog,2101630766085972284,2309,7,mention
2026-09-20,HL,wey_how12640,2101595100715618533,2315,4,mention
2026-09-20,MU,wey_how12640,2101595100715618533,2315,4,long
2026-09-20,SNDK,wey_how12640,2101595100715618533,2315,4,long
2026-09-20,CTA,thesetupfactory,2101573713141408070,1032,1,mention
2026-09-20,MAGS,thesetupfactory,2101573713141408070,1032,1,mention
2026-09-20,TSF,thesetupfactory,2101573713141408070,1032,1,mention
2026-09-20,VIX,thesetupfactory,2101573713141408070,1032,1,mention
2026-09-20,STX,thesetupfactory,2101543696218849717,1021,4,long
2026-09-20,SNDK,Jake__Wujastyk,2101883488601518206,7958,6,watching
2026-09-20,ARM,ZaStocks,2101864007338459217,12811,34,long
2026-09-20,HEART,wey_how12640,2101862287862820952,1012,1,mention
2026-09-20,LA,wey_how12640,2101862287862820952,1012,1,mention
2026-09-20,MU,wey_how12640,2101862287862820952,1012,1,mention
2026-09-20,PART,wey_how12640,2101862287862820952,1012,1,mention
2026-09-20,SKHY,wey_how12640,2101862287862820952,1012,1,mention
2026-09-20,SNDK,wey_how12640,2101862287862820952,1012,1,mention
2026-09-20,MTF,ripster47,2101860788885455039,20528,8,mention
2026-09-20,QQQ,ripster47,2101860788885455039,20528,8,watching
2026-09-20,SPY,ripster47,2101860788885455039,20528,8,watching
2026-09-20,ALAB,ohiain,2101858678957593054,6806,72,watching
2026-09-20,HPE,ohiain,2101858678957593054,6806,72,watching
2026-09-20,HUT,ohiain,2101858678957593054,6806,72,watching
2026-09-20,INTC,ohiain,2101858678957593054,6806,72,watching
2026-09-20,LOD,ohiain,2101858678957593054,6806,72,mention
2026-09-20,MRNA,ohiain,2101858678957593054,6806,72,watching
2026-09-20,MU,ohiain,2101858678957593054,6806,72,watching
2026-09-20,NBIS,ohiain,2101858678957593054,6806,72,watching
2026-09-20,PLTR,ohiain,2101858678957593054,6806,72,watching
2026-09-20,SMCI,ohiain,2101858678957593054,6806,72,watching
2026-09-20,SNDK,ohiain,2101858678957593054,6806,72,watching
2026-09-20,ARM,Venu_7_,2101858118103883903,3523,2,recap
2026-09-20,MRVL,Venu_7_,2101858118103883903,3523,2,recap
2026-09-20,MU,Venu_7_,2101858118103883903,3523,2,recap
2026-09-20,CBRS,Venu_7_,2101858115578892715,1347,3,watching
2026-09-20,INTC,Venu_7_,2101858113049756122,1373,0,watching
2026-09-20,COHU,Venu_7_,2101858110419898510,1293,2,watching
2026-09-20,HBM,Venu_7_,2101858108045918486,1382,0,mention
2026-09-20,MU,Venu_7_,2101858108045918486,1382,0,watching
2026-09-20,NVDA,Venu_7_,2101858105332240575,1364,0,watching
2026-09-20,HPE,Venu_7_,2101858102832427355,1392,0,watching
2026-09-20,AMD,Venu_7_,2101858100135530908,1423,0,watching
2026-09-20,ASE,Venu_7_,2101858097925075238,1642,1,mention
2026-09-20,ASX,Venu_7_,2101858097925075238,1642,1,watching
2026-09-20,ASIC,Venu_7_,2101858095425347745,1863,2,mention
2026-09-20,MRVL,Venu_7_,2101858095425347745,1863,2,watching
2026-09-20,NBIS,Venu_7_,2101858093017735406,13538,54,watching
2026-09-20,FLNC,ripster47,2101848908200554970,1350,0,mention
2026-09-20,LCID,ripster47,2101848908200554970,1350,0,mention
2026-09-20,NIO,ripster47,2101848908200554970,1350,0,mention
2026-09-20,CBRS,ripster47,2101847502454448273,19902,3,recap
2026-09-20,CRDO,ripster47,2101847502454448273,19902,3,recap
2026-09-20,GNRC,ripster47,2101847502454448273,19902,3,recap
2026-09-20,MU,ripster47,2101847502454448273,19902,3,recap
2026-09-20,NBIS,ripster47,2101847502454448273,19902,3,recap
2026-09-20,GOAT,wey_how12640,2101846979445928405,1505,2,mention
2026-09-20,MU,wey_how12640,2101846979445928405,1505,2,mention
2026-09-20,SNDK,wey_how12640,2101846979445928405,1505,2,mention
2026-09-20,TNX,bluechipdaily,2101843115623530656,5366,8,mention
2026-09-20,UST,bluechipdaily,2101843115623530656,5366,8,mention
2026-09-20,SOXX,bluechipdaily,2101841307140268137,5729,5,watching
2026-09-20,ARM,Venu_7_,2101839671710175312,268,0,mention
2026-09-20,AVGO,Venu_7_,2101839671710175312,268,0,mention
2026-09-20,MSTR,bluechipdaily,2101838802687779324,6509,2,recap
2026-09-20,SPX,bluechipdaily,2101838047050408066,4610,5,mention
2026-09-20,XLK,bluechipdaily,2101838047050408066,4610,5,long
2026-09-20,AEHR,PrimeTrading_,2101836696908100050,1860,1,watching
2026-09-20,ANET,PrimeTrading_,2101836696908100050,1860,1,watching
2026-09-20,AVT,PrimeTrading_,2101836696908100050,1860,1,watching
2026-09-20,AXTI,PrimeTrading_,2101836696908100050,1860,1,watching
2026-09-20,FROG,PrimeTrading_,2101836696908100050,1860,1,watching
2026-09-20,FSLY,PrimeTrading_,2101836696908100050,1860,1,watching
2026-09-20,FTNT,PrimeTrading_,2101836696908100050,1860,1,watching
2026-09-20,KEYS,PrimeTrading_,2101836696908100050,1860,1,watching
2026-09-20,LITE,PrimeTrading_,2101836696908100050,1860,1,watching
2026-09-20,NBIS,PrimeTrading_,2101836696908100050,1860,1,watching
2026-09-20,NET,PrimeTrading_,2101836696908100050,1860,1,watching
2026-09-20,NTAP,PrimeTrading_,2101836696908100050,1860,1,watching
2026-09-20,P,PrimeTrading_,2101836696908100050,1860,1,watching
2026-09-20,PANW,PrimeTrading_,2101836696908100050,1860,1,watching
2026-09-20,S,PrimeTrading_,2101836696908100050,1860,1,watching
2026-09-20,SMCI,PrimeTrading_,2101836696908100050,1860,1,watching
2026-09-20,TER,PrimeTrading_,2101836696908100050,1860,1,watching
2026-09-20,TWLO,PrimeTrading_,2101836696908100050,1860,1,watching
2026-09-20,VSAT,PrimeTrading_,2101836696908100050,1860,1,watching
2026-09-20,W,PrimeTrading_,2101836696908100050,1860,1,watching
2026-09-20,AMD,PrimeTrading_,2101836584521781654,1743,1,watching
2026-09-20,AVT,PrimeTrading_,2101836584521781654,1743,1,watching
2026-09-20,AXTI,PrimeTrading_,2101836584521781654,1743,1,watching
2026-09-20,CRWD,PrimeTrading_,2101836584521781654,1743,1,watching
2026-09-20,DELL,PrimeTrading_,2101836584521781654,1743,1,watching
2026-09-20,DT,PrimeTrading_,2101836584521781654,1743,1,watching
2026-09-20,FTNT,PrimeTrading_,2101836584521781654,1743,1,watching
2026-09-20,GTLB,PrimeTrading_,2101836584521781654,1743,1,watching
2026-09-20,HPE,PrimeTrading_,2101836584521781654,1743,1,watching
2026-09-20,INTC,PrimeTrading_,2101836584521781654,1743,1,watching
2026-09-20,LITE,PrimeTrading_,2101836584521781654,1743,1,watching
2026-09-20,MU,PrimeTrading_,2101836584521781654,1743,1,watching
2026-09-20,MXL,PrimeTrading_,2101836584521781654,1743,1,watching
2026-09-20,OKTA,PrimeTrading_,2101836584521781654,1743,1,watching
2026-09-20,QRVO,PrimeTrading_,2101836584521781654,1743,1,watching
2026-09-20,RBRK,PrimeTrading_,2101836584521781654,1743,1,watching
2026-09-20,RNG,PrimeTrading_,2101836584521781654,1743,1,watching
2026-09-20,SMTC,PrimeTrading_,2101836584521781654,1743,1,watching
2026-09-20,SNDK,PrimeTrading_,2101836584521781654,1743,1,watching
2026-09-20,TWLO,PrimeTrading_,2101836584521781654,1743,1,watching
2026-09-20,QQQ,TheProfInvestor,2101836310101340198,24658,62,long
2026-09-20,ANET,PrimeTrading_,2101835524533014540,1827,3,mention
2026-09-20,CD,PrimeTrading_,2101835524533014540,1827,3,mention
2026-09-20,CI,PrimeTrading_,2101835524533014540,1827,3,mention
2026-09-20,CRO,PrimeTrading_,2101835524533014540,1827,3,mention
2026-09-20,DOCN,PrimeTrading_,2101835524533014540,1827,3,mention
2026-09-20,GPU,PrimeTrading_,2101835524533014540,1827,3,mention
2026-09-20,HPC,PrimeTrading_,2101835524533014540,1827,3,mention
2026-09-20,NBIS,PrimeTrading_,2101835524533014540,1827,3,mention
2026-09-20,NOW,PrimeTrading_,2101835524533014540,1827,3,mention
2026-09-20,NTAP,PrimeTrading_,2101835524533014540,1827,3,mention
2026-09-20,P,PrimeTrading_,2101835524533014540,1827,3,mention
2026-09-20,PANW,PrimeTrading_,2101835524533014540,1827,3,mention
2026-09-20,RF,PrimeTrading_,2101835524533014540,1827,3,mention
2026-09-20,SMCI,PrimeTrading_,2101835524533014540,1827,3,mention
2026-09-20,SNOW,PrimeTrading_,2101835524533014540,1827,3,mention
2026-09-20,TOP,PrimeTrading_,2101835524533014540,1827,3,mention
2026-09-20,TWLO,PrimeTrading_,2101835524533014540,1827,3,mention
2026-09-20,VEEV,PrimeTrading_,2101835524533014540,1827,3,mention
2026-09-20,HYG,PrimeTrading_,2101834205646708791,1837,2,mention
2026-09-20,IWM,PrimeTrading_,2101834205646708791,1837,2,mention
2026-09-20,LQD,PrimeTrading_,2101834205646708791,1837,2,mention
2026-09-20,MACRO,PrimeTrading_,2101834205646708791,1837,2,mention
2026-09-20,NEXT,PrimeTrading_,2101834205646708791,1837,2,mention
2026-09-20,RISK,PrimeTrading_,2101834205646708791,1837,2,mention
2026-09-20,SMH,PrimeTrading_,2101834205646708791,1837,2,mention
2026-09-20,SPY,PrimeTrading_,2101834205646708791,1837,2,mention
2026-09-20,STAND,PrimeTrading_,2101834205646708791,1837,2,mention
2026-09-20,VIX,PrimeTrading_,2101834205646708791,1837,2,mention
2026-09-20,WATCH,PrimeTrading_,2101834205646708791,1837,2,mention
2026-09-20,WHAT,PrimeTrading_,2101834205646708791,1837,2,mention
2026-09-20,WHERE,PrimeTrading_,2101834205646708791,1837,2,mention
2026-09-20,WTI,PrimeTrading_,2101834205646708791,1837,2,mention
2026-09-20,ETH,cfromhertz,2101826487175295135,3898,4,watching
2026-09-20,ETHA,cfromhertz,2101826487175295135,3898,4,watching
2026-09-20,EOY,ohiain,2101820953499992400,197,0,mention
2026-09-20,NOAA,1ChartMaster,2101818592950181909,1133,0,mention
2026-09-20,IREN,ohiain,2101817837983576283,447,0,mention
2026-09-20,HPE,ohiain,2101817639597162510,5203,16,watching
2026-09-20,AXTI,GnT_Trades,2101817316753158516,151,0,mention
2026-09-20,LITE,GnT_Trades,2101817316753158516,151,0,mention
2026-09-20,ALAB,ohiain,2101815652768002357,9867,101,watching
2026-09-20,AMD,ohiain,2101815652768002357,9867,101,watching
2026-09-20,AMZN,ohiain,2101815652768002357,9867,101,watching
2026-09-20,APLD,ohiain,2101815652768002357,9867,101,watching
2026-09-20,ARM,ohiain,2101815652768002357,9867,101,watching
2026-09-20,BE,ohiain,2101815652768002357,9867,101,watching
2026-09-20,COIN,ohiain,2101815652768002357,9867,101,watching
2026-09-20,ETHA,ohiain,2101815652768002357,9867,101,watching
2026-09-20,HOOD,ohiain,2101815652768002357,9867,101,watching
2026-09-20,HUT,ohiain,2101815652768002357,9867,101,watching
2026-09-20,INTC,ohiain,2101815652768002357,9867,101,watching
2026-09-20,LITE,ohiain,2101815652768002357,9867,101,watching
2026-09-20,LOT,ohiain,2101815652768002357,9867,101,mention
2026-09-20,MRNA,ohiain,2101815652768002357,9867,101,watching
2026-09-20,MSTR,ohiain,2101815652768002357,9867,101,watching
2026-09-20,MU,ohiain,2101815652768002357,9867,101,watching
2026-09-20,NBIS,ohiain,2101815652768002357,9867,101,watching
2026-09-20,OKTA,ohiain,2101815652768002357,9867,101,watching
2026-09-20,PLTR,ohiain,2101815652768002357,9867,101,watching
2026-09-20,SKHY,ohiain,2101815652768002357,9867,101,watching
2026-09-20,SMCI,ohiain,2101815652768002357,9867,101,watching
2026-09-20,SNDK,ohiain,2101815652768002357,9867,101,watching
2026-09-20,HL,ohiain,2101811438574567859,207,1,mention
2026-09-20,ALAB,ohiain,2101810343974416866,5183,13,watching
2026-09-20,AVWAP,ohiain,2101810343974416866,5183,13,mention
2026-09-20,EOM,ohiain,2101810343974416866,5183,13,mention
2026-09-20,WL,ohiain,2101810343974416866,5183,13,mention
2026-09-20,HOOD,TheProfInvestor,2101809612643246149,23212,52,long
2026-09-20,AAOI,GnT_Trades,2101807772983505066,3788,7,watching
2026-09-20,COHR,GnT_Trades,2101807772983505066,3788,7,watching
2026-09-20,GLW,GnT_Trades,2101807772983505066,3788,7,watching
2026-09-20,VSH,GnT_Trades,2101807772983505066,3788,7,watching
2026-09-20,BTDR,mindofzen_,2101806719210860894,82,0,mention
2026-09-20,IREN,mindofzen_,2101806284148191635,184,0,mention
2026-09-20,SPX,cfromhertz,2101805607229546665,6612,2,mention
2026-09-20,ETH,1ChartMaster,2101805114155471170,5650,3,mention
2026-09-20,AMAT,GnT_Trades,2101805024741326974,3907,19,watching
2026-09-20,KLIC,GnT_Trades,2101805024741326974,3907,19,watching
2026-09-20,LRCX,GnT_Trades,2101805024741326974,3907,19,watching
2026-09-20,SMH,GnT_Trades,2101805024741326974,3907,19,watching
2026-09-20,UCTT,GnT_Trades,2101805024741326974,3907,19,watching
2026-09-20,HUT,GnT_Trades,2101803940681576512,4422,3,watching
2026-09-20,NBIS,GnT_Trades,2101803940681576512,4422,3,watching
2026-09-20,WGMI,GnT_Trades,2101803940681576512,4422,3,watching
2026-09-20,DRAM,GnT_Trades,2101802597334110494,3880,3,watching
2026-09-20,MU,GnT_Trades,2101802597334110494,3880,3,long
2026-09-20,SMH,GnT_Trades,2101802597334110494,3880,3,watching
2026-09-20,ZEC,NickSchmidt,2101801309619773481,225,0,mention
2026-09-20,AMD,1ChartMaster,2101799160198381574,8290,34,recap
2026-09-20,DELL,1ChartMaster,2101799160198381574,8290,34,recap
2026-09-20,LITE,1ChartMaster,2101799160198381574,8290,34,recap
2026-09-20,MU,1ChartMaster,2101799160198381574,8290,34,recap
2026-09-20,SNDK,1ChartMaster,2101799160198381574,8290,34,recap
2026-09-20,NVDA,ZaStocks,2101797937651064886,14475,11,long
2026-09-20,MOU,TheShortBear,2101790356362690862,23229,31,mention
2026-09-20,TACO,TheShortBear,2101789523537801724,50968,106,mention
2026-09-20,DRAM,bluechipdaily,2101787886899057096,104,0,mention
2026-09-20,EWY,bluechipdaily,2101787886899057096,104,0,mention
2026-09-20,SOXX,bluechipdaily,2101787886899057096,104,0,mention
2026-09-20,TSF,thesetupfactory,2101783416932819035,628,3,mention
2026-09-20,BTC,TheShortBear,2101774274352554132,21834,76,mention
2026-09-20,CBO,TheShortBear,2101774274352554132,21834,76,mention
2026-09-20,SKHY,TheProfInvestor,2101763653498478673,1465,0,mention
2026-09-20,MU,TheProfInvestor,2101762768353554606,38606,86,long
2026-09-20,SNDK,TheProfInvestor,2101762768353554606,38606,86,long
2026-09-20,LETS,Venu_7_,2101760981873664354,506,0,mention
2026-09-20,PFP,Venu_7_,2101760326928933339,395,0,mention
2026-09-20,NY,Venu_7_,2101760106212077817,270,0,mention
2026-09-20,MRVL,Venu_7_,2101757618360643978,787,1,mention
2026-09-20,ARM,Venu_7_,2101757298326880274,294,0,mention
2026-09-20,AVGO,Venu_7_,2101757298326880274,294,0,mention
2026-09-20,QQQ,ohiain,2101753649240158591,6197,7,mention
2026-09-20,SKHY,ZaStocks,2101751429257924832,525,0,mention
2026-09-20,TGBTG,ohiain,2101750204533776483,416,0,mention
2026-09-20,MU,ZaStocks,2101746023689248835,22677,42,long
2026-09-20,AAOI,RealJGBanks,2101744753419407396,50217,953,long
2026-09-20,ACHR,RealJGBanks,2101744753419407396,50217,953,long
2026-09-20,ALAB,RealJGBanks,2101744753419407396,50217,953,long
2026-09-20,ALB,RealJGBanks,2101744753419407396,50217,953,long
2026-09-20,AMAT,RealJGBanks,2101744753419407396,50217,953,long
2026-09-20,AMD,RealJGBanks,2101744753419407396,50217,953,long
2026-09-20,ARM,RealJGBanks,2101744753419407396,50217,953,long
2026-09-20,ASML,RealJGBanks,2101744753419407396,50217,953,long
2026-09-20,ASTS,RealJGBanks,2101744753419407396,50217,953,long
2026-09-20,AVAV,RealJGBanks,2101744753419407396,50217,953,long
2026-09-20,BE,RealJGBanks,2101744753419407396,50217,953,long
2026-09-20,CCJ,RealJGBanks,2101744753419407396,50217,953,long
2026-09-20,CIFR,RealJGBanks,2101744753419407396,50217,953,long
2026-09-20,CRDO,RealJGBanks,2101744753419407396,50217,953,long
2026-09-20,CRWD,RealJGBanks,2101744753419407396,50217,953,long
2026-09-20,CRWV,RealJGBanks,2101744753419407396,50217,953,long
2026-09-20,CYCLE,RealJGBanks,2101744753419407396,50217,953,mention
2026-09-20,DE,RealJGBanks,2101744753419407396,50217,953,long
2026-09-20,DELL,RealJGBanks,2101744753419407396,50217,953,long
2026-09-20,EARLY,RealJGBanks,2101744753419407396,50217,953,mention
2026-09-20,EOSE,RealJGBanks,2101744753419407396,50217,953,long
2026-09-20,EQIX,RealJGBanks,2101744753419407396,50217,953,long
2026-09-20,FCX,RealJGBanks,2101744753419407396,50217,953,long
2026-09-20,FROM,RealJGBanks,2101744753419407396,50217,953,mention
2026-09-20,FTNT,RealJGBanks,2101744753419407396,50217,953,long
2026-09-20,GEV,RealJGBanks,2101744753419407396,50217,953,long
2026-09-20,GPU,RealJGBanks,2101744753419407396,50217,953,mention
2026-09-20,HBM,RealJGBanks,2101744753419407396,50217,953,mention
2026-09-20,HOW,RealJGBanks,2101744753419407396,50217,953,mention
2026-09-20,HPE,RealJGBanks,2101744753419407396,50217,953,long
2026-09-20,IONQ,RealJGBanks,2101744753419407396,50217,953,long
2026-09-20,IREN,RealJGBanks,2101744753419407396,50217,953,long
2026-09-20,JOBY,RealJGBanks,2101744753419407396,50217,953,long
2026-09-20,KEEP,RealJGBanks,2101744753419407396,50217,953,mention
2026-09-20,KTOS,RealJGBanks,2101744753419407396,50217,953,long
2026-09-20,LITE,RealJGBanks,2101744753419407396,50217,953,long
2026-09-20,MP,RealJGBanks,2101744753419407396,50217,953,long
2026-09-20,MU,RealJGBanks,2101744753419407396,50217,953,long
2026-09-20,NBIS,RealJGBanks,2101744753419407396,50217,953,long
2026-09-20,NEE,RealJGBanks,2101744753419407396,50217,953,long
2026-09-20,NOW,RealJGBanks,2101744753419407396,50217,953,long
2026-09-20,NVDA,RealJGBanks,2101744753419407396,50217,953,long
2026-09-20,NVT,RealJGBanks,2101744753419407396,50217,953,long
2026-09-20,OKLO,RealJGBanks,2101744753419407396,50217,953,long
2026-09-20,ONDS,RealJGBanks,2101744753419407396,50217,953,long
2026-09-20,OWN,RealJGBanks,2101744753419407396,50217,953,mention
2026-09-20,PLAN,RealJGBanks,2101744753419407396,50217,953,mention
2026-09-20,PLTR,RealJGBanks,2101744753419407396,50217,953,long
2026-09-20,POWER,RealJGBanks,2101744753419407396,50217,953,mention
2026-09-20,PSTG,RealJGBanks,2101744753419407396,50217,953,long
2026-09-20,PWR,RealJGBanks,2101744753419407396,50217,953,long
2026-09-20,QCOM,RealJGBanks,2101744753419407396,50217,953,long
2026-09-20,RAW,RealJGBanks,2101744753419407396,50217,953,mention
2026-09-20,RKLB,RealJGBanks,2101744753419407396,50217,953,long
2026-09-20,SMCI,RealJGBanks,2101744753419407396,50217,953,long
2026-09-20,SNDK,RealJGBanks,2101744753419407396,50217,953,long
2026-09-20,SYM,RealJGBanks,2101744753419407396,50217,953,long
2026-09-20,TEM,RealJGBanks,2101744753419407396,50217,953,long
2026-09-20,TSLA,RealJGBanks,2101744753419407396,50217,953,long
2026-09-20,UUUU,RealJGBanks,2101744753419407396,50217,953,long
2026-09-20,VRT,RealJGBanks,2101744753419407396,50217,953,long
2026-09-20,YEARS,RealJGBanks,2101744753419407396,50217,953,mention
2026-09-20,SPX,cfromhertz,2101732740626260106,7253,5,mention
2026-09-20,RBRK,NickSchmidt,2101728905098825773,788,3,mention
2026-09-20,SPX,TailThatWagsDog,2101728632070971542,99,0,mention
2026-09-20,SPY,TailThatWagsDog,2101728632070971542,99,0,mention
2026-09-20,HPC,ohiain,2101725852119474316,8550,34,mention
2026-09-20,HUT,ohiain,2101725852119474316,8550,34,watching
2026-09-20,IREN,ohiain,2101725852119474316,8550,34,watching
2026-09-20,PA,ohiain,2101725852119474316,8550,34,mention
2026-09-21,LFG,Venu_7_,2102081218787561829,71,0,mention
2026-09-21,SP,LindaRaschke,2102080271478649027,1972,5,mention
2026-09-21,BEST,RealJGBanks,2102079960911343918,3350,11,mention
2026-09-21,COIN,RealJGBanks,2102079960911343918,3350,11,recap
2026-09-21,HPE,RealJGBanks,2102079960911343918,3350,11,recap
2026-09-21,INTC,RealJGBanks,2102079960911343918,3350,11,recap
2026-09-21,SMCI,RealJGBanks,2102079960911343918,3350,11,recap
2026-09-21,ITS,ripster47,2102079549873729606,134,0,mention
2026-09-21,ORCL,Jake__Wujastyk,2102078993591865553,6608,1,long
2026-09-21,AAII,LindaRaschke,2102078746878435347,160,0,mention
2026-09-21,NAAIM,LindaRaschke,2102078746878435347,160,0,mention
2026-09-21,BABA,Jake__Wujastyk,2102078657087074703,6377,1,watching
2026-09-21,FOMO,TheProfInvestor,2102078544021229977,6709,10,mention
2026-09-21,SOXX,ArtofSpecuycky,2102078080139575406,1507,2,recap
2026-09-21,DAY,ripster47,2102077065189016050,8741,2,mention
2026-09-21,HOLD,ripster47,2102077065189016050,8741,2,mention
2026-09-21,TREND,ripster47,2102077065189016050,8741,2,mention
2026-09-21,SP,LindaRaschke,2102077015159345419,3691,4,mention
2026-09-21,SPX,cfromhertz,2102076023063875643,1956,1,mention
2026-09-21,TECH,cfromhertz,2102076023063875643,1956,1,mention
2026-09-21,IGV,RealSimpleAriel,2102075877550907823,4851,2,recap
2026-09-21,MAGS,RealSimpleAriel,2102075877550907823,4851,2,recap
2026-09-21,SMH,RealSimpleAriel,2102075877550907823,4851,2,recap
2026-09-21,BMNR,Venu_7_,2102074591057453419,5689,5,long
2026-09-21,BTC,Venu_7_,2102074591057453419,5689,5,long
2026-09-21,COIN,Venu_7_,2102074591057453419,5689,5,long
2026-09-21,CRCL,Venu_7_,2102074591057453419,5689,5,long
2026-09-21,ETHA,Venu_7_,2102074591057453419,5689,5,long
2026-09-21,HOOD,Venu_7_,2102074591057453419,5689,5,long
2026-09-21,IBIT,Venu_7_,2102074591057453419,5689,5,long
2026-09-21,MSTR,Venu_7_,2102074591057453419,5689,5,long
2026-09-21,PURR,Venu_7_,2102074591057453419,5689,5,long
2026-09-21,MAGS,ConnorJBates_,2102073668129980464,2977,1,recap
2026-09-21,AMD,RealJGBanks,2102073562840396238,6244,1,recap
2026-09-21,INTC,RealJGBanks,2102073562840396238,6244,1,recap
2026-09-21,MU,RealJGBanks,2102073562840396238,6244,1,recap
2026-09-21,QQQ,RealJGBanks,2102073562840396238,6244,1,recap
2026-09-21,SNDK,RealJGBanks,2102073562840396238,6244,1,recap
2026-09-21,SPY,RealJGBanks,2102073562840396238,6244,1,recap
2026-09-21,PR,mindofzen_,2102073323219821030,538,1,mention
2026-09-21,FSLY,thesetupfactory,2102071818618097761,285,0,recap
2026-09-21,MU,TheProfInvestor,2102070878381150493,453,0,mention
2026-09-21,AMZN,Jake__Wujastyk,2102070571089661977,12730,5,watching
2026-09-21,AMZU,Jake__Wujastyk,2102070571089661977,12730,5,watching
2026-09-21,BTC,ArtofSpecuycky,2102068691844395207,4596,22,long
2026-09-21,ST,PrimeTrading_,2102068643530002766,31,0,mention
2026-09-21,VCP,MisterLowRisk,2102067693729775669,1362,4,mention
2026-09-21,MAGS,RealSimpleAriel,2102066088674533443,7105,2,recap
2026-09-21,SMH,RealSimpleAriel,2102066088674533443,7105,2,recap
2026-09-21,USO,RealSimpleAriel,2102066088674533443,7105,2,recap
2026-09-21,XLK,RealSimpleAriel,2102066088674533443,7105,2,recap
2026-09-21,VERY,ohiain,2102065951533363321,4064,20,mention
2026-09-21,LONG,ripster47,2102063651456790980,13573,0,mention
2026-09-21,QCOM,ripster47,2102063651456790980,13573,0,long
2026-09-21,AMD,TheProfInvestor,2102063080125710398,26652,18,recap
2026-09-21,FOMO,TheProfInvestor,2102063080125710398,26652,18,mention
2026-09-21,META,TheProfInvestor,2102063080125710398,26652,18,recap
2026-09-21,NET,bluechipdaily,2102057153729057124,3052,2,long
2026-09-21,ARM,1ChartMaster,2102054984011464842,5189,6,mention
2026-09-21,BS,TheOneLanceB,2102054897353183595,10144,13,mention
2026-09-21,DYOD,TheOneLanceB,2102054897353183595,10144,13,mention
2026-09-21,ICT,TheOneLanceB,2102054897353183595,10144,13,mention
2026-09-21,PNL,TheOneLanceB,2102054897353183595,10144,13,mention
2026-09-21,PW,TheOneLanceB,2102054897353183595,10144,13,mention
2026-09-21,DLC,oratnek_ill,2102053303702208932,672,0,mention
2026-09-21,CRDO,ripster47,2102053083081494998,18607,0,recap
2026-09-21,GLW,ripster47,2102053083081494998,18607,0,recap
2026-09-21,AMD,NickSchmidt,2102051871934271552,605,0,mention
2026-09-21,MRVL,cfromhertz,2102051665071280251,3481,1,watching
2026-09-21,VPOC,cfromhertz,2102051665071280251,3481,1,mention
2026-09-21,META,ArtofSpecuycky,2102051378017579394,7201,1,recap
2026-09-21,ASX,Venu_7_,2102048568165175460,11619,6,watching
2026-09-21,COHU,Venu_7_,2102048568165175460,11619,6,watching
2026-09-21,NBIS,Venu_7_,2102048568165175460,11619,6,watching
2026-09-21,NVDA,Venu_7_,2102048568165175460,11619,6,watching
2026-09-21,INTC,bluechipdaily,2102048246403068318,4595,3,long
2026-09-21,MU,bluechipdaily,2102048246403068318,4595,3,long
2026-09-21,NVDA,bluechipdaily,2102048246403068318,4595,3,long
2026-09-21,SOXX,bluechipdaily,2102048246403068318,4595,3,long
2026-09-21,TSM,bluechipdaily,2102048246403068318,4595,3,long
2026-09-21,ATH,TheProfInvestor,2102047535212945867,14913,7,mention
2026-09-21,AWAP,TheProfInvestor,2102047535212945867,14913,7,mention
2026-09-21,OKTA,cfromhertz,2102047290391208067,3000,0,watching
2026-09-21,VPOC,cfromhertz,2102047290391208067,3000,0,mention
2026-09-21,AMD,TheProfInvestor,2102044252440318298,15200,0,recap
2026-09-21,MC,TheProfInvestor,2102044252440318298,15200,0,mention
2026-09-21,META,ripster47,2102042924250730709,19549,6,long
2026-09-21,MUSE,ripster47,2102042924250730709,19549,6,mention
2026-09-21,LITE,TheProfInvestor,2102042602107175017,19905,34,long
2026-09-21,INTC,thesetupfactory,2102042356576846181,877,0,recap
2026-09-21,VICR,wey_how12640,2102042063806353594,142,0,mention
2026-09-21,EMS,PrimeTrading_,2102041693491003707,1972,1,mention
2026-09-21,FLAGS,ripster47,2102041645726224404,18697,2,mention
2026-09-21,QQQ,ripster47,2102041645726224404,18697,2,recap
2026-09-21,SPY,ripster47,2102041645726224404,18697,2,recap
2026-09-21,OKTA,AmeetRai,2102041428440260715,3110,3,watching
2026-09-21,SPCX,TheProfInvestor,2102041404893769978,604,0,recap
2026-09-21,HV,AmeetRai,2102041289545982198,3071,4,mention
2026-09-21,NIQ,AmeetRai,2102041289545982198,3071,4,watching
2026-09-21,GRAL,cfromhertz,2102041271049085200,3168,0,recap
2026-09-21,INTC,1ChartMaster,2102041189901820192,5940,5,long
2026-09-21,HVE,AmeetRai,2102040762049253638,3475,1,mention
2026-09-21,MRNA,AmeetRai,2102040762049253638,3475,1,recap
2026-09-21,HV,AmeetRai,2102040638711529801,3366,9,mention
2026-09-21,SDGR,AmeetRai,2102040638711529801,3366,9,watching
2026-09-21,ARM,Venu_7_,2102040037315781011,10386,9,mention
2026-09-21,ARR,Venu_7_,2102040037315781011,10386,9,mention
2026-09-21,RBRK,Venu_7_,2102040037315781011,10386,9,long
2026-09-21,SPCX,AmeetRai,2102039165831368779,3575,0,long
2026-09-21,AMD,RealSimpleAriel,2102038816030597604,11070,1,long
2026-09-21,ARM,cfromhertz,2102038741648920632,3581,1,recap
2026-09-21,IBIT,AmeetRai,2102038483577524683,2906,0,recap
2026-09-21,MRNA,cfromhertz,2102037795355197474,3260,2,mention
2026-09-21,ATH,ripster47,2102037782038286608,15512,2,mention
2026-09-21,META,ripster47,2102037782038286608,15512,2,long
2026-09-21,INTC,bluechipdaily,2102037610600243447,1381,1,recap
2026-09-21,INTC,bluechipdaily,2102037608108814538,5349,1,recap
2026-09-21,MON,TailThatWagsDog,2102037523182547038,1242,1,mention
2026-09-21,SEP,TailThatWagsDog,2102037523182547038,1242,1,mention
2026-09-21,YOLO,1ChartMaster,2102036981345632517,193,0,mention
2026-09-21,AMD,RealSimpleAriel,2102036951457022114,15617,2,recap
2026-09-21,COP,RealSimpleAriel,2102036951457022114,15617,2,mention
2026-09-21,FANG,RealSimpleAriel,2102036951457022114,15617,2,mention
2026-09-21,OXY,RealSimpleAriel,2102036951457022114,15617,2,mention
2026-09-21,NET,1ChartMaster,2102035780910690700,4442,1,recap
2026-09-21,OP,LindaRaschke,2102035775609041168,9193,49,mention
2026-09-21,SP,LindaRaschke,2102035775609041168,9193,49,mention
2026-09-21,CBRS,Venu_7_,2102035368598274243,9117,2,long
2026-09-21,CBRS,ripster47,2102035019313127812,16451,1,recap
2026-09-21,CRDO,ripster47,2102035019313127812,16451,1,recap
2026-09-21,DELL,ripster47,2102035019313127812,16451,1,recap
2026-09-21,DOOM,ripster47,2102035019313127812,16451,1,mention
2026-09-21,GLOOM,ripster47,2102035019313127812,16451,1,mention
2026-09-21,MU,ripster47,2102035019313127812,16451,1,recap
2026-09-21,CORT,LindaRaschke,2102034732473094646,7793,4,long
2026-09-21,CRWD,LindaRaschke,2102034732473094646,7793,4,long
2026-09-21,OP,LindaRaschke,2102034732473094646,7793,4,mention
2026-09-21,RNG,LindaRaschke,2102034732473094646,7793,4,long
2026-09-21,QQQ,1ChartMaster,2102034628131410058,4987,2,watching
2026-09-21,QQQ,ripster47,2102033911756849523,17990,0,recap
2026-09-21,SOXL,ripster47,2102033911756849523,17990,0,recap
2026-09-21,AMD,TheProfInvestor,2102033046816141777,29768,7,recap
2026-09-21,NET,1ChartMaster,2102031932376691124,4642,4,recap
2026-09-21,GC,LindaRaschke,2102031137275052132,8027,6,mention
2026-09-21,ROC,LindaRaschke,2102031137275052132,8027,6,mention
2026-09-21,SI,LindaRaschke,2102031137275052132,8027,6,mention
2026-09-21,CRML,ripster47,2102030247780651495,16549,2,long
2026-09-21,MP,ripster47,2102030247780651495,16549,2,watching
2026-09-21,AMD,cfromhertz,2102030237160599757,3248,1,recap
2026-09-21,SMTC,cfromhertz,2102030237160599757,3248,1,recap
2026-09-21,ORB,ohiain,2102027532631523784,338,0,mention
2026-09-21,GNRC,ripster47,2102025747477024941,20651,2,recap
2026-09-21,BMNR,TheProfInvestor,2102025226494316593,20666,3,recap
2026-09-21,COIN,TheProfInvestor,2102025226494316593,20666,3,recap
2026-09-21,HUGE,TheProfInvestor,2102025226494316593,20666,3,mention
2026-09-21,MSTR,TheProfInvestor,2102025226494316593,20666,3,recap
2026-09-21,CRDO,ripster47,2102024027501899942,21108,0,recap
2026-09-21,TTG,cfromhertz,2102023190922879021,3416,1,mention
2026-09-21,IYKYK,1ChartMaster,2102021197969887499,6002,4,mention
2026-09-21,LOD,ohiain,2102020665280799036,11182,56,mention
2026-09-21,YEARS,ohiain,2102020665280799036,11182,56,mention
2026-09-21,SPX,TailThatWagsDog,2102020268675805568,1458,4,mention
2026-09-21,VIX,ConnorJBates_,2102019854165213407,10595,3,mention
2026-09-21,GS,ConnorJBates_,2102018670281069002,8505,5,mention
2026-09-21,TMT,ConnorJBates_,2102018670281069002,8505,5,mention
2026-09-21,PDH,LindaRaschke,2102018252767375692,8617,7,mention
2026-09-21,SP,LindaRaschke,2102018252767375692,8617,7,mention
2026-09-21,EV,LindaRaschke,2102014655094722605,8886,1,mention
2026-09-21,SEXY,LindaRaschke,2102014655094722605,8886,1,mention
2026-09-21,DOW,LindaRaschke,2102011487401161017,10465,1,mention
2026-09-21,REAL,LindaRaschke,2102009663428473025,10353,14,mention
2026-09-21,ROC,LindaRaschke,2102009663428473025,10353,14,mention
2026-09-21,CAT,LindaRaschke,2102008950207995934,7108,3,mention
2026-09-21,DE,LindaRaschke,2102008950207995934,7108,3,watching
2026-09-21,CAT,LindaRaschke,2102008724424479048,7436,6,watching
2026-09-21,INTC,1ChartMaster,2102002294279619054,10387,8,long
2026-09-21,INTC,thesetupfactory,2101971489750688081,65,0,recap
2026-09-21,ARM,oratnek_ill,2101967229751554143,1462,2,watching
2026-09-21,BLSH,oratnek_ill,2101967229751554143,1462,2,watching
2026-09-21,BTDR,oratnek_ill,2101967229751554143,1462,2,watching
2026-09-21,CLSK,oratnek_ill,2101967229751554143,1462,2,watching
2026-09-21,CMPS,oratnek_ill,2101967229751554143,1462,2,watching
2026-09-21,COHR,oratnek_ill,2101967229751554143,1462,2,watching
2026-09-21,COIN,oratnek_ill,2101967229751554143,1462,2,watching
2026-09-21,FORM,oratnek_ill,2101967229751554143,1462,2,watching
2026-09-21,HL,oratnek_ill,2101967229751554143,1462,2,watching
2026-09-21,HOOD,oratnek_ill,2101967229751554143,1462,2,watching
2026-09-21,HUT,oratnek_ill,2101967229751554143,1462,2,watching
2026-09-21,IREN,oratnek_ill,2101967229751554143,1462,2,watching
2026-09-21,KEEL,oratnek_ill,2101967229751554143,1462,2,watching
2026-09-21,LITE,oratnek_ill,2101967229751554143,1462,2,watching
2026-09-21,LL,oratnek_ill,2101967229751554143,1462,2,watching
2026-09-21,MARA,oratnek_ill,2101967229751554143,1462,2,watching
2026-09-21,MRVL,oratnek_ill,2101967229751554143,1462,2,watching
2026-09-21,MXL,oratnek_ill,2101967229751554143,1462,2,watching
2026-09-21,NTSK,oratnek_ill,2101967229751554143,1462,2,watching
2026-09-21,NVAX,oratnek_ill,2101967229751554143,1462,2,watching
2026-09-21,OPK,oratnek_ill,2101967229751554143,1462,2,watching
2026-09-21,PLTR,oratnek_ill,2101967229751554143,1462,2,watching
2026-09-21,PP,oratnek_ill,2101967229751554143,1462,2,watching
2026-09-21,RIOT,oratnek_ill,2101967229751554143,1462,2,watching
2026-09-21,RXRX,oratnek_ill,2101967229751554143,1462,2,watching
2026-09-21,SBET,oratnek_ill,2101967229751554143,1462,2,watching
2026-09-21,SIMO,oratnek_ill,2101967229751554143,1462,2,watching
2026-09-21,SMTC,oratnek_ill,2101967229751554143,1462,2,watching
2026-09-21,SNDK,oratnek_ill,2101967229751554143,1462,2,watching
2026-09-21,TER,oratnek_ill,2101967229751554143,1462,2,watching
2026-09-21,VSAT,oratnek_ill,2101967229751554143,1462,2,watching
2026-09-21,BLOK,oratnek_ill,2101966694340305023,1074,0,mention
2026-09-21,BOAT,oratnek_ill,2101966694340305023,1074,0,mention
2026-09-21,CIBR,oratnek_ill,2101966694340305023,1074,0,mention
2026-09-21,ICLN,oratnek_ill,2101966694340305023,1074,0,mention
2026-09-21,IGV,oratnek_ill,2101966694340305023,1074,0,mention
2026-09-21,IPAY,oratnek_ill,2101966694340305023,1074,0,mention
2026-09-21,ITB,oratnek_ill,2101966694340305023,1074,0,mention
2026-09-21,IYT,oratnek_ill,2101966694340305023,1074,0,mention
2026-09-21,KARS,oratnek_ill,2101966694340305023,1074,0,mention
2026-09-21,KIE,oratnek_ill,2101966694340305023,1074,0,mention
2026-09-21,KWEB,oratnek_ill,2101966694340305023,1074,0,mention
2026-09-21,MOO,oratnek_ill,2101966694340305023,1074,0,mention
2026-09-21,PEJ,oratnek_ill,2101966694340305023,1074,0,mention
2026-09-21,SLX,oratnek_ill,2101966694340305023,1074,0,mention
2026-09-21,SMH,oratnek_ill,2101966694340305023,1074,0,mention
2026-09-21,URA,oratnek_ill,2101966694340305023,1074,0,mention
2026-09-21,WGMI,oratnek_ill,2101966694340305023,1074,0,mention
2026-09-21,WOOD,oratnek_ill,2101966694340305023,1074,0,mention
2026-09-21,XOP,oratnek_ill,2101966694340305023,1074,0,mention
2026-09-21,XRT,oratnek_ill,2101966694340305023,1074,0,mention
2026-09-21,BLOK,oratnek_ill,2101965961616306479,1017,0,mention
2026-09-21,CIBR,oratnek_ill,2101965961616306479,1017,0,mention
2026-09-21,IGV,oratnek_ill,2101965961616306479,1017,0,mention
2026-09-21,MOO,oratnek_ill,2101965961616306479,1017,0,mention
2026-09-21,POWR,oratnek_ill,2101965961616306479,1017,0,mention
2026-09-21,SLX,oratnek_ill,2101965961616306479,1017,0,mention
2026-09-21,SMH,oratnek_ill,2101965961616306479,1017,0,mention
2026-09-21,URA,oratnek_ill,2101965961616306479,1017,0,mention
2026-09-21,WGMI,oratnek_ill,2101965961616306479,1017,0,mention
2026-09-21,XRT,oratnek_ill,2101965961616306479,1017,0,mention
2026-09-21,BE,oratnek_ill,2101950700649632074,2631,4,long
2026-09-21,CRWD,oratnek_ill,2101950700649632074,2631,4,long
2026-09-21,DELL,oratnek_ill,2101950700649632074,2631,4,long
2026-09-21,HOOD,oratnek_ill,2101950700649632074,2631,4,long
2026-09-21,INTC,oratnek_ill,2101950700649632074,2631,4,long
2026-09-21,LITE,oratnek_ill,2101950700649632074,2631,4,long
2026-09-21,MRNA,oratnek_ill,2101950700649632074,2631,4,long
2026-09-21,MU,oratnek_ill,2101950700649632074,2631,4,long
2026-09-21,RNG,oratnek_ill,2101950700649632074,2631,4,long
2026-09-21,SMTC,oratnek_ill,2101950700649632074,2631,4,long
2026-09-21,SNDK,oratnek_ill,2101950700649632074,2631,4,long
2026-09-21,SPCX,oratnek_ill,2101950700649632074,2631,4,long
2026-09-21,VICR,wey_how12640,2101944451962900538,1922,3,watching
2026-09-21,INTC,wey_how12640,2101937867413139470,2426,2,recap
2026-09-21,NBIS,wey_how12640,2101931841947373896,2242,0,long
2026-09-21,IWM,ArtofSpecuycky,2101918456765616497,15692,31,mention
2026-09-21,ROIC,ArtofSpecuycky,2101918456765616497,15692,31,mention
2026-09-21,RSP,ArtofSpecuycky,2101918456765616497,15692,31,mention
2026-09-21,FPS,Venu_7_,2101907882069671966,3646,4,mention
2026-09-21,FPS,Venu_7_,2101907879817363917,15242,49,watching
2026-09-21,COIN,Venu_7_,2101904912577876196,12110,30,long
2026-09-21,USDC,Venu_7_,2101904912577876196,12110,30,long
2026-09-21,IREN,Venu_7_,2101903556743950556,14662,28,long
2026-09-21,ORCL,Jake__Wujastyk,2102245025086386679,9570,13,long
2026-09-21,ATH,ripster47,2102243640072401295,9754,10,mention
2026-09-21,NQ,ripster47,2102243640072401295,9754,10,long
2026-09-21,QQQ,ripster47,2102243640072401295,9754,10,long
2026-09-21,BTC,Jake__Wujastyk,2102241199096770879,11814,5,recap
2026-09-21,FINAL,RealJGBanks,2102240931332104366,6221,3,mention
2026-09-21,GET,RealJGBanks,2102240931332104366,6221,3,mention
2026-09-21,NEVER,RealJGBanks,2102240931332104366,6221,3,mention
2026-09-21,OFF,RealJGBanks,2102240931332104366,6221,3,mention
2026-09-21,OLD,RealJGBanks,2102240931332104366,6221,3,mention
2026-09-21,THESE,RealJGBanks,2102240931332104366,6221,3,mention
2026-09-21,WEEK,RealJGBanks,2102240931332104366,6221,3,mention
2026-09-21,YES,RealJGBanks,2102240931332104366,6221,3,mention
2026-09-21,AMD,Jake__Wujastyk,2102240832816611468,9020,2,recap
2026-09-21,MU,Jake__Wujastyk,2102240832816611468,9020,2,recap
2026-09-21,NVDA,Jake__Wujastyk,2102240832816611468,9020,2,recap
2026-09-21,QQQ,Jake__Wujastyk,2102240832816611468,9020,2,recap
2026-09-21,SPY,Jake__Wujastyk,2102240832816611468,9020,2,recap
2026-09-21,ORCL,Jake__Wujastyk,2102240580483101080,1023,0,long
2026-09-21,EXIT,ripster47,2102239328193609932,10866,3,mention
2026-09-21,META,ripster47,2102239328193609932,10866,3,recap
2026-09-21,METU,ripster47,2102239328193609932,10866,3,recap
2026-09-21,RECAP,ripster47,2102239328193609932,10866,3,mention
2026-09-21,PFP,Jake__Wujastyk,2102237708198547687,491,0,mention
2026-09-21,META,Jake__Wujastyk,2102237318459625671,17377,16,mention
2026-09-21,ORCL,Jake__Wujastyk,2102237318459625671,17377,16,long
2026-09-21,LITE,wey_how12640,2102233505346601428,998,2,long
2026-09-21,SK,wey_how12640,2102229183435092343,228,0,mention
2026-09-21,DOCN,cfromhertz,2102229079726723513,3121,5,watching
2026-09-21,MRVL,wey_how12640,2102228307425333385,1118,1,long
2026-09-21,META,1ChartMaster,2102228250453827912,3716,2,recap
2026-09-21,ORCL,Jake__Wujastyk,2102226715879829791,16567,6,watching
2026-09-21,NEVER,wey_how12640,2102223707112718702,757,1,mention
2026-09-21,MU,ShakePryzby1,2102223515852402897,4288,8,long
2026-09-21,SKHY,ShakePryzby1,2102223515852402897,4288,8,long
2026-09-21,SNDK,ShakePryzby1,2102223515852402897,4288,8,long
2026-09-21,CRWD,1ChartMaster,2102222387278225430,3749,5,recap
2026-09-21,ONDS,Jake__Wujastyk,2102214959900049639,24049,6,short
2026-09-21,SNOW,1ChartMaster,2102213696483144034,4784,13,watching
2026-09-21,AHEAD,PrimeTrading_,2102210085443231862,1772,1,mention
2026-09-21,DEEP,PrimeTrading_,2102210085443231862,1772,1,mention
2026-09-21,EARLY,PrimeTrading_,2102210085443231862,1772,1,mention
2026-09-21,ESTC,PrimeTrading_,2102210085443231862,1772,1,watching
2026-09-21,FOCUS,PrimeTrading_,2102210085443231862,1772,1,mention
2026-09-21,GEAR,PrimeTrading_,2102210085443231862,1772,1,mention
2026-09-21,GPU,PrimeTrading_,2102210085443231862,1772,1,mention
2026-09-21,HPC,PrimeTrading_,2102210085443231862,1772,1,mention
2026-09-21,IDEAS,PrimeTrading_,2102210085443231862,1772,1,mention
2026-09-21,INFQ,PrimeTrading_,2102210085443231862,1772,1,watching
2026-09-21,LIST,PrimeTrading_,2102210085443231862,1772,1,mention
2026-09-21,LIVE,PrimeTrading_,2102210085443231862,1772,1,mention
2026-09-21,MDB,PrimeTrading_,2102210085443231862,1772,1,watching
2026-09-21,NBIS,PrimeTrading_,2102210085443231862,1772,1,watching
2026-09-21,PIVOT,PrimeTrading_,2102210085443231862,1772,1,mention
2026-09-21,SNOW,PrimeTrading_,2102210085443231862,1772,1,watching
2026-09-21,THEME,PrimeTrading_,2102210085443231862,1772,1,mention
2026-09-21,TOP,PrimeTrading_,2102210085443231862,1772,1,mention
2026-09-21,U,PrimeTrading_,2102210085443231862,1772,1,watching
2026-09-21,VEEV,PrimeTrading_,2102210085443231862,1772,1,watching
2026-09-21,VSAT,PrimeTrading_,2102210085443231862,1772,1,watching
2026-09-21,C,PrimeTrading_,2102209770656608675,1612,5,mention
2026-09-21,CRO,PrimeTrading_,2102209770656608675,1612,5,mention
2026-09-21,ESTC,PrimeTrading_,2102209770656608675,1612,5,mention
2026-09-21,GPU,PrimeTrading_,2102209770656608675,1612,5,mention
2026-09-21,HPC,PrimeTrading_,2102209770656608675,1612,5,mention
2026-09-21,HPQ,PrimeTrading_,2102209770656608675,1612,5,mention
2026-09-21,JPM,PrimeTrading_,2102209770656608675,1612,5,mention
2026-09-21,NOW,PrimeTrading_,2102209770656608675,1612,5,mention
2026-09-21,NTAP,PrimeTrading_,2102209770656608675,1612,5,mention
2026-09-21,PANW,PrimeTrading_,2102209770656608675,1612,5,mention
2026-09-21,RF,PrimeTrading_,2102209770656608675,1612,5,mention
2026-09-21,SHOP,PrimeTrading_,2102209770656608675,1612,5,mention
2026-09-21,SNOW,PrimeTrading_,2102209770656608675,1612,5,mention
2026-09-21,TOP,PrimeTrading_,2102209770656608675,1612,5,mention
2026-09-21,VEEV,PrimeTrading_,2102209770656608675,1612,5,mention
2026-09-21,FIVN,1ChartMaster,2102206162565484968,4442,5,long
2026-09-21,ANET,PrimeTrading_,2102198880955711919,2009,7,watching
2026-09-21,AVT,PrimeTrading_,2102198880955711919,2009,7,watching
2026-09-21,AVTR,PrimeTrading_,2102198880955711919,2009,7,watching
2026-09-21,AXTI,PrimeTrading_,2102198880955711919,2009,7,watching
2026-09-21,BBY,PrimeTrading_,2102198880955711919,2009,7,watching
2026-09-21,BRKR,PrimeTrading_,2102198880955711919,2009,7,watching
2026-09-21,CORT,PrimeTrading_,2102198880955711919,2009,7,watching
2026-09-21,DK,PrimeTrading_,2102198880955711919,2009,7,watching
2026-09-21,FTNT,PrimeTrading_,2102198880955711919,2009,7,watching
2026-09-21,GH,PrimeTrading_,2102198880955711919,2009,7,watching
2026-09-21,HNGE,PrimeTrading_,2102198880955711919,2009,7,watching
2026-09-21,HPE,PrimeTrading_,2102198880955711919,2009,7,watching
2026-09-21,KEYS,PrimeTrading_,2102198880955711919,2009,7,watching
2026-09-21,LITE,PrimeTrading_,2102198880955711919,2009,7,watching
2026-09-21,NTAP,PrimeTrading_,2102198880955711919,2009,7,watching
2026-09-21,OSCR,PrimeTrading_,2102198880955711919,2009,7,watching
2026-09-21,PANW,PrimeTrading_,2102198880955711919,2009,7,watching
2026-09-21,SNDK,PrimeTrading_,2102198880955711919,2009,7,watching
2026-09-21,SNOW,PrimeTrading_,2102198880955711919,2009,7,watching
2026-09-21,STX,PrimeTrading_,2102198880955711919,2009,7,watching
2026-09-21,APH,PrimeTrading_,2102198717000405069,1737,3,watching
2026-09-21,ASO,PrimeTrading_,2102198717000405069,1737,3,watching
2026-09-21,AVT,PrimeTrading_,2102198717000405069,1737,3,watching
2026-09-21,DBX,PrimeTrading_,2102198717000405069,1737,3,watching
2026-09-21,ENTG,PrimeTrading_,2102198717000405069,1737,3,watching
2026-09-21,ESTC,PrimeTrading_,2102198717000405069,1737,3,watching
2026-09-21,INFQ,PrimeTrading_,2102198717000405069,1737,3,watching
2026-09-21,LITE,PrimeTrading_,2102198717000405069,1737,3,watching
2026-09-21,MDB,PrimeTrading_,2102198717000405069,1737,3,watching
2026-09-21,MTSI,PrimeTrading_,2102198717000405069,1737,3,watching
2026-09-21,NBIS,PrimeTrading_,2102198717000405069,1737,3,watching
2026-09-21,NOW,PrimeTrading_,2102198717000405069,1737,3,watching
2026-09-21,NTAP,PrimeTrading_,2102198717000405069,1737,3,watching
2026-09-21,PANW,PrimeTrading_,2102198717000405069,1737,3,watching
2026-09-21,SNOW,PrimeTrading_,2102198717000405069,1737,3,watching
2026-09-21,STX,PrimeTrading_,2102198717000405069,1737,3,watching
2026-09-21,TER,PrimeTrading_,2102198717000405069,1737,3,watching
2026-09-21,U,PrimeTrading_,2102198717000405069,1737,3,watching
2026-09-21,VEEV,PrimeTrading_,2102198717000405069,1737,3,watching
2026-09-21,W,PrimeTrading_,2102198717000405069,1737,3,watching
2026-09-21,AMD,bluechipdaily,2102198715972714816,4390,1,recap
2026-09-21,SPX,bluechipdaily,2102198715972714816,4390,1,recap
2026-09-21,ACVA,PrimeTrading_,2102198628248871100,1809,3,watching
2026-09-21,AMD,PrimeTrading_,2102198628248871100,1809,3,watching
2026-09-21,AXTI,PrimeTrading_,2102198628248871100,1809,3,watching
2026-09-21,CRWD,PrimeTrading_,2102198628248871100,1809,3,watching
2026-09-21,DELL,PrimeTrading_,2102198628248871100,1809,3,watching
2026-09-21,DT,PrimeTrading_,2102198628248871100,1809,3,watching
2026-09-21,FTNT,PrimeTrading_,2102198628248871100,1809,3,watching
2026-09-21,HPE,PrimeTrading_,2102198628248871100,1809,3,watching
2026-09-21,INTC,PrimeTrading_,2102198628248871100,1809,3,watching
2026-09-21,LITE,PrimeTrading_,2102198628248871100,1809,3,watching
2026-09-21,MU,PrimeTrading_,2102198628248871100,1809,3,watching
2026-09-21,MXL,PrimeTrading_,2102198628248871100,1809,3,watching
2026-09-21,NET,PrimeTrading_,2102198628248871100,1809,3,watching
2026-09-21,OKTA,PrimeTrading_,2102198628248871100,1809,3,watching
2026-09-21,RBRK,PrimeTrading_,2102198628248871100,1809,3,watching
2026-09-21,RNG,PrimeTrading_,2102198628248871100,1809,3,watching
2026-09-21,SMTC,PrimeTrading_,2102198628248871100,1809,3,watching
2026-09-21,SNDK,PrimeTrading_,2102198628248871100,1809,3,watching
2026-09-21,TEAM,PrimeTrading_,2102198628248871100,1809,3,watching
2026-09-21,TWLO,PrimeTrading_,2102198628248871100,1809,3,watching
2026-09-21,ATH,RealSimpleAriel,2102193314346778633,1005,0,mention
2026-09-21,MAGS,RealSimpleAriel,2102193314346778633,1005,0,mention
2026-09-21,BE,wey_how12640,2102191320496529478,2133,7,long
2026-09-21,CRWD,wey_how12640,2102191320496529478,2133,7,long
2026-09-21,DDOG,wey_how12640,2102191320496529478,2133,7,long
2026-09-21,DELL,wey_how12640,2102191320496529478,2133,7,long
2026-09-21,FOMO,wey_how12640,2102191320496529478,2133,7,mention
2026-09-21,FTNT,wey_how12640,2102191320496529478,2133,7,long
2026-09-21,HOOD,wey_how12640,2102191320496529478,2133,7,long
2026-09-21,INTC,wey_how12640,2102191320496529478,2133,7,long
2026-09-21,LITE,wey_how12640,2102191320496529478,2133,7,long
2026-09-21,MRVL,wey_how12640,2102191320496529478,2133,7,long
2026-09-21,MU,wey_how12640,2102191320496529478,2133,7,long
2026-09-21,NBIS,wey_how12640,2102191320496529478,2133,7,long
2026-09-21,NTAP,wey_how12640,2102191320496529478,2133,7,long
2026-09-21,PLTR,wey_how12640,2102191320496529478,2133,7,long
2026-09-21,SMTC,wey_how12640,2102191320496529478,2133,7,long
2026-09-21,SNDK,wey_how12640,2102191320496529478,2133,7,long
2026-09-21,SNOW,wey_how12640,2102191320496529478,2133,7,long
2026-09-21,VICR,wey_how12640,2102191320496529478,2133,7,long
2026-09-21,NGL,TheProfInvestor,2102191235607974387,25486,20,mention
2026-09-21,QQQ,TheProfInvestor,2102191235607974387,25486,20,mention
2026-09-21,BTC,Clement_Ang17,2102186533109584312,3889,14,mention
2026-09-21,DXY,Clement_Ang17,2102186533109584312,3889,14,mention
2026-09-21,ETH,Clement_Ang17,2102186533109584312,3889,14,mention
2026-09-21,NAAIM,Clement_Ang17,2102186533109584312,3889,14,mention
2026-09-21,SOL,Clement_Ang17,2102186533109584312,3889,14,mention
2026-09-21,VICR,wey_how12640,2102183256137642226,1731,1,long
2026-09-21,VPD,wey_how12640,2102183256137642226,1731,1,mention
2026-09-21,AMD,ripster47,2102181879914938431,20411,10,recap
2026-09-21,APP,ripster47,2102181879914938431,20411,10,recap
2026-09-21,ARM,ripster47,2102181879914938431,20411,10,recap
2026-09-21,CPU,ripster47,2102181879914938431,20411,10,mention
2026-09-21,INTC,ripster47,2102181879914938431,20411,10,recap
2026-09-21,META,ripster47,2102181879914938431,20411,10,recap
2026-09-21,NFLX,ripster47,2102181879914938431,20411,10,recap
2026-09-21,QCOM,ripster47,2102181879914938431,20411,10,recap
2026-09-21,QQQ,ripster47,2102181879914938431,20411,10,recap
2026-09-21,SPCX,ripster47,2102181879914938431,20411,10,recap
2026-09-21,SPY,ripster47,2102181879914938431,20411,10,recap
2026-09-21,COIN,Venu_7_,2102176880648654944,14186,13,long
2026-09-21,CRCL,Venu_7_,2102176880648654944,14186,13,long
2026-09-21,HOOD,Venu_7_,2102176880648654944,14186,13,long
2026-09-21,MSTR,Venu_7_,2102176880648654944,14186,13,long
2026-09-21,HPE,Venu_7_,2102174881429569975,8143,18,long
2026-09-21,AMZN,Jake__Wujastyk,2102171831927226724,564,0,mention
2026-09-21,HPE,ConnorJBates_,2102171622652174679,7632,21,watching
2026-09-21,HUGE,ConnorJBates_,2102170647233196459,6889,11,mention
2026-09-21,CBRS,ConnorJBates_,2102170391661724099,5564,17,watching
2026-09-21,DTL,ConnorJBates_,2102170391661724099,5564,17,mention
2026-09-21,CRWD,ConnorJBates_,2102161437153992913,5556,4,watching
2026-09-21,MRVL,ConnorJBates_,2102161316504862865,8517,27,long
2026-09-21,P,ConnorJBates_,2102161077840535733,4910,5,long
2026-09-21,AMD,ConnorJBates_,2102160883984023753,5700,5,recap
2026-09-21,ARM,ConnorJBates_,2102160883984023753,5700,5,recap
2026-09-21,CPU,ConnorJBates_,2102160883984023753,5700,5,mention
2026-09-21,INTC,ConnorJBates_,2102160883984023753,5700,5,recap
2026-09-21,AKAM,ConnorJBates_,2102160755181191558,4960,4,recap
2026-09-21,DOCN,ConnorJBates_,2102160755181191558,4960,4,recap
2026-09-21,FSLY,ConnorJBates_,2102160755181191558,4960,4,recap
2026-09-21,NET,ConnorJBates_,2102160755181191558,4960,4,recap
2026-09-21,AMZN,Jake__Wujastyk,2102158832290209988,24638,7,long
2026-09-21,AAPL,RealSimpleAriel,2102152593392767137,12554,40,recap
2026-09-21,ALAB,RealSimpleAriel,2102152593392767137,12554,40,recap
2026-09-21,AMD,RealSimpleAriel,2102152593392767137,12554,40,recap
2026-09-21,AMZN,RealSimpleAriel,2102152593392767137,12554,40,recap
2026-09-21,ARM,RealSimpleAriel,2102152593392767137,12554,40,recap
2026-09-21,BTC,RealSimpleAriel,2102152593392767137,12554,40,recap
2026-09-21,CLOU,RealSimpleAriel,2102152593392767137,12554,40,recap
2026-09-21,CRWD,RealSimpleAriel,2102152593392767137,12554,40,recap
2026-09-21,CVX,RealSimpleAriel,2102152593392767137,12554,40,recap
2026-09-21,DOCN,RealSimpleAriel,2102152593392767137,12554,40,recap
2026-09-21,ETH,RealSimpleAriel,2102152593392767137,12554,40,recap
2026-09-21,GOOGL,RealSimpleAriel,2102152593392767137,12554,40,recap
2026-09-21,INTC,RealSimpleAriel,2102152593392767137,12554,40,recap
2026-09-21,MAGS,RealSimpleAriel,2102152593392767137,12554,40,recap
2026-09-21,META,RealSimpleAriel,2102152593392767137,12554,40,recap
2026-09-21,MPC,RealSimpleAriel,2102152593392767137,12554,40,recap
2026-09-21,NET,RealSimpleAriel,2102152593392767137,12554,40,recap
2026-09-21,NVDA,RealSimpleAriel,2102152593392767137,12554,40,recap
2026-09-21,OKTA,RealSimpleAriel,2102152593392767137,12554,40,recap
2026-09-21,PANW,RealSimpleAriel,2102152593392767137,12554,40,recap
2026-09-21,PSX,RealSimpleAriel,2102152593392767137,12554,40,recap
2026-09-21,QQQ,RealSimpleAriel,2102152593392767137,12554,40,recap
2026-09-21,RBRK,RealSimpleAriel,2102152593392767137,12554,40,recap
2026-09-21,SMH,RealSimpleAriel,2102152593392767137,12554,40,recap
2026-09-21,SPY,RealSimpleAriel,2102152593392767137,12554,40,recap
2026-09-21,VLO,RealSimpleAriel,2102152593392767137,12554,40,recap
2026-09-21,XLE,RealSimpleAriel,2102152593392767137,12554,40,recap
2026-09-21,XOM,RealSimpleAriel,2102152593392767137,12554,40,recap
2026-09-21,ARM,GnT_Trades,2102151020532949057,7340,6,recap
2026-09-21,META,GnT_Trades,2102151020532949057,7340,6,recap
2026-09-21,MU,GnT_Trades,2102151020532949057,7340,6,recap
2026-09-21,GOAT,ShakePryzby1,2102147616721322016,180,0,mention
2026-09-21,ADR,mindofzen_,2102146412796350820,161,0,mention
2026-09-21,AMD,mindofzen_,2102146412796350820,161,0,recap
2026-09-21,CF,cfromhertz,2102144676765610157,5732,1,mention
2026-09-21,MAGS,cfromhertz,2102144676765610157,5732,1,recap
2026-09-21,TSM,cfromhertz,2102144676765610157,5732,1,recap
2026-09-21,INTC,thesetupfactory,2102138184360452484,736,2,long
2026-09-21,BTC,NickSchmidt,2102131598275592434,5715,5,recap
2026-09-21,ETH,NickSchmidt,2102131598275592434,5715,5,recap
2026-09-21,SOL,NickSchmidt,2102131598275592434,5715,5,recap
2026-09-21,META,TheProfInvestor,2102131324022825231,32715,11,recap
2026-09-21,QC,PrimeTrading_,2102129373969010779,2377,0,mention
2026-09-21,ADDED,PrimeTrading_,2102127818037678475,3426,8,mention
2026-09-21,EC,PrimeTrading_,2102127818037678475,3426,8,mention
2026-09-21,ESTC,PrimeTrading_,2102127818037678475,3426,8,mention
2026-09-21,FSLY,PrimeTrading_,2102127818037678475,3426,8,long
2026-09-21,FTD,PrimeTrading_,2102127818037678475,3426,8,mention
2026-09-21,GDB,PrimeTrading_,2102127818037678475,3426,8,mention
2026-09-21,IBIT,PrimeTrading_,2102127818037678475,3426,8,long
2026-09-21,LITE,PrimeTrading_,2102127818037678475,3426,8,long
2026-09-21,MCO,PrimeTrading_,2102127818037678475,3426,8,mention
2026-09-21,MCSI,PrimeTrading_,2102127818037678475,3426,8,mention
2026-09-21,NBIS,PrimeTrading_,2102127818037678475,3426,8,long
2026-09-21,NEW,PrimeTrading_,2102127818037678475,3426,8,mention
2026-09-21,NOW,PrimeTrading_,2102127818037678475,3426,8,mention
2026-09-21,NTAP,PrimeTrading_,2102127818037678475,3426,8,mention
2026-09-21,OUT,PrimeTrading_,2102127818037678475,3426,8,mention
2026-09-21,PANW,PrimeTrading_,2102127818037678475,3426,8,long
2026-09-21,PLTR,PrimeTrading_,2102127818037678475,3426,8,long
2026-09-21,QQQE,PrimeTrading_,2102127818037678475,3426,8,mention
2026-09-21,SNDK,PrimeTrading_,2102127818037678475,3426,8,long
2026-09-21,SNOW,PrimeTrading_,2102127818037678475,3426,8,long
2026-09-21,SOXL,PrimeTrading_,2102127818037678475,3426,8,long
2026-09-21,ST,PrimeTrading_,2102127818037678475,3426,8,mention
2026-09-21,WDAY,PrimeTrading_,2102127818037678475,3426,8,mention
2026-09-21,AMD,ShakePryzby1,2102127534964146299,8535,61,mention
2026-09-21,BEST,ShakePryzby1,2102127534964146299,8535,61,mention
2026-09-21,BIG,ShakePryzby1,2102127534964146299,8535,61,mention
2026-09-21,DELL,ShakePryzby1,2102127534964146299,8535,61,mention
2026-09-21,GOT,ShakePryzby1,2102127534964146299,8535,61,mention
2026-09-21,HOLD,ShakePryzby1,2102127534964146299,8535,61,mention
2026-09-21,MORE,ShakePryzby1,2102127534964146299,8535,61,mention
2026-09-21,MOST,ShakePryzby1,2102127534964146299,8535,61,mention
2026-09-21,NAMES,ShakePryzby1,2102127534964146299,8535,61,mention
2026-09-21,ONE,ShakePryzby1,2102127534964146299,8535,61,mention
2026-09-21,THAT,ShakePryzby1,2102127534964146299,8535,61,mention
2026-09-21,THIS,ShakePryzby1,2102127534964146299,8535,61,mention
2026-09-21,WAIT,ShakePryzby1,2102127534964146299,8535,61,mention
2026-09-21,YEAR,ShakePryzby1,2102127534964146299,8535,61,mention
2026-09-21,YOUR,ShakePryzby1,2102127534964146299,8535,61,mention
2026-09-21,SPR,RealSimpleAriel,2102127395452989623,975,0,mention
2026-09-21,APRIL,cfromhertz,2102126865368412544,4508,0,mention
2026-09-21,DAY,cfromhertz,2102126865368412544,4508,0,mention
2026-09-21,GAIN,cfromhertz,2102126865368412544,4508,0,mention
2026-09-21,JUMP,cfromhertz,2102126865368412544,4508,0,mention
2026-09-21,META,cfromhertz,2102126865368412544,4508,0,recap
2026-09-21,ONE,cfromhertz,2102126865368412544,4508,0,mention
2026-09-21,SINCE,cfromhertz,2102126865368412544,4508,0,mention
2026-09-21,AMD,cfromhertz,2102122686860169409,15060,5,recap
2026-09-21,META,GnT_Trades,2102120994391359708,9617,11,mention
2026-09-21,GAIN,cfromhertz,2102120630648795238,4629,0,mention
2026-09-21,QQQ,cfromhertz,2102120630648795238,4629,0,recap
2026-09-21,RISES,cfromhertz,2102120630648795238,4629,0,mention
2026-09-21,QQQ,PrimeTrading_,2102120113864339692,2138,1,recap
2026-09-21,HUGE,ripster47,2102118165241053297,23822,29,mention
2026-09-21,ECO,RealSimpleAriel,2102114174595645823,16919,7,mention
2026-09-21,MPC,RealSimpleAriel,2102114174595645823,16919,7,mention
2026-09-21,USO,RealSimpleAriel,2102114174595645823,16919,7,mention
2026-09-21,VLO,RealSimpleAriel,2102114174595645823,16919,7,mention
2026-09-21,AMD,ripster47,2102113374985175492,22171,11,mention
2026-09-21,ARM,ripster47,2102113374985175492,22171,11,mention
2026-09-21,INTC,ripster47,2102113374985175492,22171,11,mention
2026-09-21,AMD,NickSchmidt,2102109236163412288,8752,3,recap
2026-09-21,MU,NickSchmidt,2102109236163412288,8752,3,recap
2026-09-21,MRVL,1ChartMaster,2102103967144509523,7334,8,recap
2026-09-21,MAGS,cfromhertz,2102102753023541515,5414,0,recap
2026-09-21,EWT,cfromhertz,2102102179624423822,3769,1,recap
2026-09-21,SPX,TheProfInvestor,2102099609040658567,33434,10,recap
2026-09-21,SPY,TheProfInvestor,2102099609040658567,33434,10,recap
2026-09-21,SPX,ArtofSpecuycky,2102099130801946816,8501,3,watching
2026-09-21,SPCX,RealSimpleAriel,2102098921912774729,20337,3,mention
2026-09-21,MUSE,ripster47,2102097600216211469,931,0,mention
2026-09-21,LLM,TailThatWagsDog,2102097449615491434,1926,14,mention
2026-09-21,SPY,thesetupfactory,2102097232136679667,733,1,watching
2026-09-21,U,mindofzen_,2102096432933097496,1767,5,mention
2026-09-21,NET,AmeetRai,2102095238298792034,5013,3,long
2026-09-21,LOD,RealSimpleAriel,2102092245469892922,318,0,mention
2026-09-21,META,ripster47,2102090722878931176,20983,0,recap
2026-09-21,QQQ,PrimeTrading_,2102088814713766010,2419,1,watching
2026-09-21,ARM,thesetupfactory,2102087728502358381,1474,0,recap
2026-09-21,INTC,thesetupfactory,2102087728502358381,1474,0,long
2026-09-21,AEHR,PrimeTrading_,2102086154317169011,2455,9,watching
2026-09-21,ASO,PrimeTrading_,2102086154317169011,2455,9,watching
2026-09-21,LITE,PrimeTrading_,2102086154317169011,2455,9,watching
2026-09-21,MDB,PrimeTrading_,2102086154317169011,2455,9,watching
2026-09-21,NBIS,PrimeTrading_,2102086154317169011,2455,9,watching
2026-09-21,NTAP,PrimeTrading_,2102086154317169011,2455,9,watching
2026-09-21,PANW,PrimeTrading_,2102086154317169011,2455,9,watching
2026-09-21,SNOW,PrimeTrading_,2102086154317169011,2455,9,watching
2026-09-21,TER,PrimeTrading_,2102086154317169011,2455,9,watching
2026-09-21,VSAT,PrimeTrading_,2102086154317169011,2455,9,watching
2026-09-21,WDAY,PrimeTrading_,2102086154317169011,2455,9,watching
2026-09-21,FREE,PrimeTrading_,2102085632302477398,3168,10,mention
2026-09-21,GDB,PrimeTrading_,2102085632302477398,3168,10,mention
2026-09-21,IWM,PrimeTrading_,2102085632302477398,3168,10,mention
2026-09-21,MCO,PrimeTrading_,2102085632302477398,3168,10,mention
2026-09-21,MCSI,PrimeTrading_,2102085632302477398,3168,10,mention
2026-09-21,NYSE,PrimeTrading_,2102085632302477398,3168,10,mention
2026-09-21,QQQ,PrimeTrading_,2102085632302477398,3168,10,mention
2026-09-21,QQQE,PrimeTrading_,2102085632302477398,3168,10,mention
2026-09-21,RALLY,PrimeTrading_,2102085632302477398,3168,10,mention
2026-09-21,SPY,PrimeTrading_,2102085632302477398,3168,10,mention
2026-09-21,ST,PrimeTrading_,2102085632302477398,3168,10,mention
2026-09-21,TLMM,PrimeTrading_,2102085632302477398,3168,10,mention
2026-09-21,ARM,ohiain,2102085374625325361,8568,14,recap
2026-09-21,TTG,cfromhertz,2102084808763474269,3928,0,mention
2026-09-21,META,ripster47,2102082629952512222,20890,13,recap
2026-09-21,AMZN,Jake__Wujastyk,2102081861451432421,26034,6,watching
2026-09-21,INTC,Jake__Wujastyk,2102081861451432421,26034,6,watching
2026-09-21,MSFT,Jake__Wujastyk,2102081861451432421,26034,6,watching
2026-09-21,NVDA,Jake__Wujastyk,2102081861451432421,26034,6,watching
2026-09-21,ORCL,Jake__Wujastyk,2102081861451432421,26034,6,watching
2026-09-21,SPY,Jake__Wujastyk,2102081861451432421,26034,6,mention
